entity,model,h0,h1,h2,h3,h4,h5,h6,h7,h8,h9,h10,h11,h12,h13,h14,h15,h16,h17,h18,h19,h20,h21,h22,h23,h24,h25,h26,h27,h28,h29,h30,h31,h32,h33,h34,h35,h36,h37,h38,h39,h40,h41,h42,h43,h44,h45,h46,h47,h48,h49,h50,h51,h52,h53,h54,h55,h56,h57,h58,h59,h60,h61,h62,h63,h64,h65,h66,h67,h68,h69,h70,h71,h72,h73,h74,h75,h76,h77,h78,h79,h80,h81,h82,h83,h84,h85,h86,h87,h88,h89,h90,h91,h92,h93,h94,h95,h96,h97,h98,h99,h100,h101,h102,h103,h104,h105,h106,h107,h108,h109,h110,h111,h112,h113,h114,h115,h116,h117,h118,h119,h120,h121,h122,h123,h124,h125,h126,h127,h128,h129,h130,h131,h132,h133,h134,h135,h136,h137,h138,h139,h140,h141,h142,h143,h144,h145,h146,h147,h148,h149,h150,h151,h152,h153,h154,h155,h156,h157,h158,h159,h160,h161,h162,h163,h164,h165,h166,h167,h168,h169,h170,h171,h172,h173,h174,h175,h176,h177,h178,h179,h180,h181,h182,h183,h184,h185,h186,h187,h188,h189,h190,h191,h192,h193,h194,h195,h196,h197,h198,h199,h200,h201,h202,h203,h204,h205,h206,h207,h208,h209,h210,h211,h212,h213,h214,h215,h216,h217,h218,h219,h220,h221,h222,h223,h224,h225,h226,h227,h228,h229,h230,h231,h232,h233,h234,h235,h236,h237,h238,h239,h240,h241,h242,h243,h244,h245,h246,h247,h248,h249,h250,h251,h252,h253,h254,h255,h256,h257,h258,h259,h260,h261,h262,h263,h264,h265,h266,h267,h268,h269,h270,h271,h272,h273,h274,h275,h276,h277,h278,h279,h280,h281,h282,h283,h284,h285,h286,h287,h288,h289,h290,h291,h292,h293,h294,h295,h296,h297,h298,h299,h300,h301,h302,h303,h304,h305,h306,h307,h308,h309,h310,h311,h312,h313,h314,h315,h316,h317,h318,h319,h320,h321,h322,h323,h324,h325,h326,h327,h328,h329,h330,h331,h332,h333,h334,h335,h336,h337,h338,h339,h340,h341,h342,h343,h344,h345,h346,h347,h348,h349,h350,h351,h352,h353,h354,h355,h356,h357,h358,h359,h360,h361,h362,h363,h364,h365,h366,h367,h368,h369,h370,h371,h372,h373,h374,h375,h376,h377,h378,h379,h380,h381,h382,h383,h384,h385,h386,h387,h388,h389,h390,h391,h392,h393,h394,h395,h396,h397,h398,h399,h400,h401,h402,h403,h404,h405,h406,h407,h408,h409,h410,h411,h412,h413,h414,h415,h416,h417,h418,h419,h420,h421,h422,h423,h424,h425,h426,h427,h428,h429,h430,h431,h432,h433,h434,h435,h436,h437,h438,h439,h440,h441,h442,h443,h444,h445,h446,h447,h448,h449,h450,h451,h452,h453,h454,h455,h456,h457,h458,h459,h460,h461,h462,h463,h464,h465,h466,h467,h468,h469,h470,h471,h472,h473,h474,h475,h476,h477,h478,h479,h480,h481,h482,h483,h484,h485,h486,h487,h488,h489,h490,h491,h492,h493,h494,h495,h496,h497,h498,h499,h500,h501,h502,h503,h504,h505,h506,h507,h508,h509,h510,h511,h512,h513,h514,h515,h516,h517,h518,h519,h520,h521,h522,h523,h524,h525,h526,h527,h528,h529,h530,h531,h532,h533,h534,h535,h536,h537,h538,h539,h540,h541,h542,h543,h544,h545,h546,h547,h548,h549,h550,h551,h552,h553,h554,h555,h556,h557,h558,h559,h560,h561,h562,h563,h564,h565,h566,h567,h568,h569,h570,h571,h572,h573,h574,h575,h576,h577,h578,h579,h580,h581,h582,h583,h584,h585,h586,h587,h588,h589,h590,h591,h592,h593,h594,h595,h596,h597,h598,h599,h600,h601,h602,h603,h604,h605,h606,h607,h608,h609,h610,h611,h612,h613,h614,h615,h616,h617,h618,h619,h620,h621,h622,h623,h624,h625,h626,h627,h628,h629,h630,h631,h632,h633,h634,h635,h636,h637,h638,h639,h640,h641,h642,h643,h644,h645,h646,h647,h648,h649,h650,h651,h652,h653,h654,h655,h656,h657,h658,h659,h660,h661,h662,h663,h664,h665,h666,h667,h668,h669,h670,h671,h672,h673,h674,h675,h676,h677,h678,h679,h680,h681,h682,h683,h684,h685,h686,h687,h688,h689,h690,h691,h692,h693,h694,h695,h696,h697,h698,h699,h700,h701,h702,h703,h704,h705,h706,h707,h708,h709,h710,h711,h712,h713,h714,h715,h716,h717,h718,h719,h720,h721,h722,h723,h724,h725,h726,h727,h728,h729,h730,h731,h732,h733,h734,h735,h736,h737,h738,h739,h740,h741,h742,h743,h744,h745,h746,h747,h748,h749,h750,h751,h752,h753,h754,h755,h756,h757,h758,h759,h760,h761,h762,h763,h764,h765,h766,h767,h768,h769,h770,h771,h772,h773,h774,h775,h776,h777,h778,h779,h780,h781,h782,h783
Wizard,base,1.0,1.0,1.0,1.0,1.0,1.0,1.0,1.0,1.0,1.0,1.0,1.0,1.0,1.0,1.0,1.0,1.0,1.0,1.0,1.0,1.0,1.0,1.0,1.0,1.0,1.0,1.0,1.0,1.0,1.0,1.0,1.0,1.0,1.0,1.0,1.0,1.0,1.0,1.0,1.0,1.0,1.0,1.0,1.0,1.0,1.0,1.0,1.0,1.0,1.0,1.0,1.0,1.0,1.0,1.0,1.0,1.0,1.0,1.0,1.0,1.0,1.0,1.0,1.0,1.0,1.0,1.0,1.0,1.0,1.0,1.0,1.0,1.0,1.0,1.0,1.0,1.0,1.0,1.0,1.0,1.0,1.0,1.0,1.0,1.0,1.0,1.0,1.0,1.0,1.0,1.0,1.0,1.0,1.0,1.0,1.0,1.0,1.0,1.0,1.0,1.0,1.0,1.0,1.0,1.0,1.0,1.0,1.0,1.0,1.0,1.0,1.0,1.0,1.0,1.0,1.0,1.0,1.0,1.0,1.0,1.0,1.0,1.0,1.0,1.0,1.0,1.0,1.0,1.0,1.0,1.0,1.0,1.0,1.0,1.0,1.0,1.0,1.0,1.0,1.0,1.0,1.0,1.0,1.0,1.0,1.0,1.0,1.0,1.0,1.0,1.0,1.0,1.0,1.0,1.0,1.0,1.0,1.0,1.0,1.0,1.0,1.0,1.0,1.0,1.0,1.0,1.0,1.0,1.0,1.0,1.0,1.0,1.0,1.0,1.0,1.0,1.0,1.0,1.0,1.0,1.0,1.0,1.0,1.0,1.0,1.0,1.0,1.0,1.0,1.0,1.0,1.0,1.0,1.0,1.0,1.0,1.0,1.0,1.0,1.0,1.0,1.0,1.0,1.0,1.0,1.0,1.0,1.0,1.0,1.0,1.0,1.0,1.0,1.0,1.0,1.0,1.0,1.0,1.0,1.0,1.0,1.0,1.0,1.0,1.0,1.0,1.0,1.0,1.0,1.0,1.0,1.0,1.0,1.0,1.0,1.0,1.0,1.0,1.0,1.0,1.0,1.0,1.0,1.0,1.0,1.0,1.0,1.0,1.0,1.0,1.0,1.0,1.0,1.0,1.0,1.0,1.0,1.0,1.0,1.0,1.0,1.0,1.0,1.0,1.0,1.0,1.0,1.0,1.0,1.0,1.0,1.0,1.0,1.0,1.0,1.0,1.0,1.0,1.0,1.0,1.0,1.0,1.0,1.0,1.0,1.0,1.0,1.0,1.0,1.0,1.0,1.0,1.0,1.0,1.0,1.0,1.0,1.0,1.0,1.0,1.0,1.0,1.0,1.0,1.0,1.0,1.0,1.0,1.0,1.0,1.0,1.0,1.0,1.0,1.0,1.0,1.0,1.0,1.0,1.0,1.0,1.0,1.0,1.0,1.0,1.0,1.0,1.0,1.0,1.0,1.0,1.0,1.0,1.0,1.0,1.0,1.0,1.0,1.0,1.0,1.0,1.0,1.0,1.0,1.0,1.0,1.0,1.0,1.0,1.0,1.0,1.0,1.0,1.0,1.0,1.0,1.0,1.0,1.0,1.0,1.0,1.0,1.0,1.0,1.0,1.0,1.0,1.0,1.0,1.0,1.0,1.0,1.0,1.0,1.0,1.0,1.0,1.0,1.0,1.0,1.0,1.0,1.0,1.0,1.0,1.0,1.0,1.0,1.0,1.0,1.0,1.0,1.0,1.0,1.0,1.0,1.0,1.0,1.0,1.0,1.0,1.0,1.0,1.0,1.0,1.0,1.0,1.0,1.0,1.0,1.0,1.0,1.0,1.0,1.0,1.0,1.0,1.0,1.0,1.0,1.0,1.0,1.0,1.0,1.0,1.0,1.0,1.0,1.0,1.0,1.0,1.0,1.0,1.0,1.0,1.0,1.0,1.0,1.0,1.0,1.0,1.0,1.0,1.0,1.0,1.0,1.0,1.0,1.0,1.0,1.0,1.0,1.0,1.0,1.0,1.0,1.0,1.0,1.0,1.0,1.0,1.0,1.0,1.0,1.0,1.0,1.0,1.0,1.0,1.0,1.0,1.0,1.0,1.0,1.0,1.0,1.0,1.0,1.0,1.0,1.0,1.0,1.0,1.0,1.0,1.0,1.0,1.0,1.0,1.0,1.0,1.0,1.0,1.0,1.0,1.0,1.0,1.0,1.0,1.0,1.0,1.0,1.0,1.0,1.0,1.0,1.0,1.0,1.0,1.0,1.0,1.0,1.0,1.0,1.0,1.0,1.0,1.0,1.0,1.0,1.0,1.0,1.0,1.0,1.0,1.0,1.0,1.0,1.0,1.0,1.0,1.0,1.0,1.0,1.0,1.0,1.0,1.0,1.0,1.0,1.0,1.0,1.0,1.0,1.0,1.0,1.0,1.0,1.0,1.0,1.0,1.0,1.0,1.0,1.0,1.0,1.0,1.0,1.0,1.0,1.0,1.0,1.0,1.0,1.0,1.0,1.0,1.0,1.0,1.0,1.0,1.0,1.0,1.0,1.0,1.0,1.0,1.0,1.0,1.0,1.0,1.0,1.0,1.0,1.0,1.0,1.0,1.0,1.0,1.0,1.0,1.0,1.0,1.0,1.0,1.0,1.0,1.0,1.0,1.0,1.0,1.0,1.0,1.0,1.0,1.0,1.0,1.0,1.0,1.0,1.0,1.0,1.0,1.0,1.0,1.0,1.0,1.0,1.0,1.0,1.0,1.0,1.0,1.0,1.0,1.0,1.0,1.0,1.0,1.0,1.0,1.0,1.0,1.0,1.0,1.0,1.0,1.0,1.0,1.0,1.0,1.0,1.0,1.0,1.0,1.0,1.0,1.0,1.0,1.0,1.0,1.0,1.0,1.0,1.0,1.0,1.0,1.0,1.0,1.0,1.0,1.0,1.0,1.0,1.0,1.0,1.0,1.0,1.0,1.0,1.0,1.0,1.0,1.0,1.0,1.0,1.0,1.0,1.0,1.0,1.0,1.0,1.0,1.0,1.0,1.0,1.0,1.0,1.0,1.0,1.0,1.0,1.0,1.0,1.0,1.0,1.0,1.0,1.0,1.0,1.0,1.0,1.0,1.0,1.0,1.0,1.0,1.0,1.0,1.0,1.0,1.0,1.0,1.0,1.0,1.0,1.0,1.0,1.0,1.0,1.0,1.0,1.0,1.0,1.0,1.0,1.0,1.0,1.0,1.0,1.0,1.0,1.0,1.0,1.0,1.0,1.0,1.0,1.0,1.0,1.0,1.0,1.0,1.0,1.0,1.0,1.0,1.0,1.0,1.0,1.0,1.0,1.0,1.0,1.0,1.0,1.0,1.0,1.0,1.0,1.0,1.0,1.0,1.0,1.0,1.0,1.0,1.0,1.0,1.0,1.0,1.0,1.0,1.0,1.0,1.0,1.0,1.0,1.0,1.0,1.0,1.0,1.0,1.0
Counter,base,1.0,1.0,1.0,1.0,1.0,1.0,1.0,1.0,1.0,1.0,1.0,1.0,1.0,1.0,1.0,1.0,1.0,1.0,1.0,1.0,1.0,1.0,1.0,1.0,1.0,1.0,1.0,1.0,1.0,1.0,1.0,1.0,1.0,1.0,1.0,1.0,1.0,1.0,1.0,1.0,1.0,1.0,1.0,1.0,1.0,1.0,1.0,1.0,1.0,1.0,1.0,1.0,1.0,1.0,1.0,1.0,1.0,1.0,1.0,1.0,1.0,1.0,1.0,1.0,1.0,1.0,1.0,1.0,1.0,1.0,1.0,1.0,1.0,1.0,1.0,1.0,1.0,1.0,1.0,1.0,1.0,1.0,1.0,1.0,1.0,1.0,1.0,1.0,1.0,1.0,1.0,1.0,1.0,1.0,1.0,1.0,1.0,1.0,1.0,1.0,1.0,1.0,1.0,1.0,1.0,1.0,1.0,1.0,1.0,1.0,1.0,1.0,1.0,1.0,1.0,1.0,1.0,1.0,1.0,1.0,1.0,1.0,1.0,1.0,1.0,1.0,1.0,1.0,1.0,1.0,1.0,1.0,1.0,1.0,1.0,1.0,1.0,1.0,1.0,1.0,1.0,1.0,1.0,1.0,1.0,1.0,1.0,1.0,1.0,1.0,1.0,1.0,1.0,1.0,1.0,1.0,1.0,1.0,1.0,1.0,1.0,1.0,1.0,1.0,1.0,1.0,1.0,1.0,1.0,1.0,1.0,1.0,1.0,1.0,1.0,1.0,1.0,1.0,1.0,1.0,1.0,1.0,1.0,1.0,1.0,1.0,1.0,1.0,1.0,1.0,1.0,1.0,1.0,1.0,1.0,1.0,1.0,1.0,1.0,1.0,1.0,1.0,1.0,1.0,1.0,1.0,1.0,1.0,1.0,1.0,1.0,1.0,1.0,1.0,1.0,1.0,1.0,1.0,1.0,1.0,1.0,1.0,1.0,1.0,1.0,1.0,1.0,1.0,1.0,1.0,1.0,1.0,1.0,1.0,1.0,1.0,1.0,1.0,1.0,1.0,1.0,1.0,1.0,1.0,1.0,1.0,1.0,1.0,1.0,1.0,1.0,1.0,1.0,1.0,1.0,1.0,1.0,1.0,1.0,1.0,1.0,1.0,1.0,1.0,1.0,1.0,1.0,1.0,1.0,1.0,1.0,1.0,1.0,1.0,1.0,1.0,1.0,1.0,1.0,1.0,1.0,1.0,1.0,1.0,1.0,1.0,1.0,1.0,1.0,1.0,1.0,1.0,1.0,1.0,1.0,1.0,1.0,1.0,1.0,1.0,1.0,1.0,1.0,1.0,1.0,1.0,1.0,1.0,1.0,1.0,1.0,1.0,1.0,1.0,1.0,1.0,1.0,1.0,1.0,1.0,1.0,1.0,1.0,1.0,1.0,1.0,1.0,1.0,1.0,1.0,1.0,1.0,1.0,1.0,1.0,1.0,1.0,1.0,1.0,1.0,1.0,1.0,1.0,1.0,1.0,1.0,1.0,1.0,1.0,1.0,1.0,1.0,1.0,1.0,1.0,1.0,1.0,1.0,1.0,1.0,1.0,1.0,1.0,1.0,1.0,1.0,1.0,1.0,1.0,1.0,1.0,1.0,1.0,1.0,1.0,1.0,1.0,1.0,1.0,1.0,1.0,1.0,1.0,1.0,1.0,1.0,1.0,1.0,1.0,1.0,1.0,1.0,1.0,1.0,1.0,1.0,1.0,1.0,1.0,1.0,1.0,1.0,1.0,1.0,1.0,1.0,1.0,1.0,1.0,1.0,1.0,1.0,1.0,1.0,1.0,1.0,1.0,1.0,1.0,1.0,1.0,1.0,1.0,1.0,1.0,1.0,1.0,1.0,1.0,1.0,1.0,1.0,1.0,1.0,1.0,1.0,1.0,1.0,1.0,1.0,1.0,1.0,1.0,1.0,1.0,1.0,1.0,1.0,1.0,1.0,1.0,1.0,1.0,1.0,1.0,1.0,1.0,1.0,1.0,1.0,1.0,1.0,1.0,1.0,1.0,1.0,1.0,1.0,1.0,1.0,1.0,1.0,1.0,1.0,1.0,1.0,1.0,1.0,1.0,1.0,1.0,1.0,1.0,1.0,1.0,1.0,1.0,1.0,1.0,1.0,1.0,1.0,1.0,1.0,1.0,1.0,1.0,1.0,1.0,1.0,1.0,1.0,1.0,1.0,1.0,1.0,1.0,1.0,1.0,1.0,1.0,1.0,1.0,1.0,1.0,1.0,1.0,1.0,1.0,1.0,1.0,1.0,1.0,1.0,1.0,1.0,1.0,1.0,1.0,1.0,1.0,1.0,1.0,1.0,1.0,1.0,1.0,1.0,1.0,1.0,1.0,1.0,1.0,1.0,1.0,1.0,1.0,1.0,1.0,1.0,1.0,1.0,1.0,1.0,1.0,1.0,1.0,1.0,1.0,1.0,1.0,1.0,1.0,1.0,1.0,1.0,1.0,1.0,1.0,1.0,1.0,1.0,1.0,1.0,1.0,1.0,1.0,1.0,1.0,1.0,1.0,1.0,1.0,1.0,1.0,1.0,1.0,1.0,1.0,1.0,1.0,1.0,1.0,1.0,1.0,1.0,1.0,1.0,1.0,1.0,1.0,1.0,1.0,1.0,1.0,1.0,1.0,1.0,1.0,1.0,1.0,1.0,1.0,1.0,1.0,1.0,1.0,1.0,1.0,1.0,1.0,1.0,1.0,1.0,1.0,1.0,1.0,1.0,1.0,1.0,1.0,1.0,1.0,1.0,1.0,1.0,1.0,1.0,1.0,1.0,1.0,1.0,1.0,1.0,1.0,1.0,1.0,1.0,1.0,1.0,1.0,1.0,1.0,1.0,1.0,1.0,1.0,1.0,1.0,1.0,1.0,1.0,1.0,1.0,1.0,1.0,1.0,1.0,1.0,1.0,1.0,1.0,1.0,1.0,1.0,1.0,1.0,1.0,1.0,1.0,1.0,1.0,1.0,1.0,1.0,1.0,1.0,1.0,1.0,1.0,1.0,1.0,1.0,1.0,1.0,1.0,1.0,1.0,1.0,1.0,1.0,1.0,1.0,1.0,1.0,1.0,1.0,1.0,1.0,1.0,1.0,1.0,1.0,1.0,1.0,1.0,1.0,1.0,1.0,1.0,1.0,1.0,1.0,1.0,1.0,1.0,1.0,1.0,1.0,1.0,1.0,1.0,1.0,1.0,1.0,1.0,1.0,1.0,1.0,1.0,1.0,1.0,1.0,1.0,1.0,1.0,1.0,1.0,1.0,1.0,1.0,1.0,1.0,1.0,1.0,1.0,1.0,1.0,1.0,1.0,1.0,1.0,1.0,1.0,1.0,1.0,1.0,1.0,1.0,1.0,1.0,1.0,1.0,1.0,1.0,1.0,1.0,1.0,1.0,1.0,1.0,1.0,1.0,1.0
Ownership,base,1.0,1.0,1.0,1.0,1.0,1.0,1.0,1.0,1.0,1.0,1.0,1.0,1.0,1.0,1.0,1.0,1.0,1.0,1.0,1.0,1.0,1.0,1.0,1.0,1.0,1.0,1.0,1.0,1.0,1.0,1.0,1.0,1.0,1.0,1.0,1.0,1.0,1.0,1.0,1.0,1.0,1.0,1.0,1.0,1.0,1.0,1.0,1.0,1.0,1.0,1.0,1.0,1.0,1.0,1.0,1.0,1.0,1.0,1.0,1.0,1.0,1.0,1.0,1.0,1.0,1.0,1.0,1.0,1.0,1.0,1.0,1.0,1.0,1.0,1.0,1.0,1.0,1.0,1.0,1.0,1.0,1.0,1.0,1.0,1.0,1.0,1.0,1.0,1.0,1.0,1.0,1.0,1.0,1.0,1.0,1.0,1.0,1.0,1.0,1.0,1.0,1.0,1.0,1.0,1.0,1.0,1.0,1.0,1.0,1.0,1.0,1.0,1.0,1.0,1.0,1.0,1.0,1.0,1.0,1.0,1.0,1.0,1.0,1.0,1.0,1.0,1.0,1.0,1.0,1.0,1.0,1.0,1.0,1.0,1.0,1.0,1.0,1.0,1.0,1.0,1.0,1.0,1.0,1.0,1.0,1.0,1.0,1.0,1.0,1.0,1.0,1.0,1.0,1.0,1.0,1.0,1.0,1.0,1.0,1.0,1.0,1.0,1.0,1.0,1.0,1.0,1.0,1.0,1.0,1.0,1.0,1.0,1.0,1.0,1.0,1.0,1.0,1.0,1.0,1.0,1.0,1.0,1.0,1.0,1.0,1.0,1.0,1.0,1.0,1.0,1.0,1.0,1.0,1.0,1.0,1.0,1.0,1.0,1.0,1.0,1.0,1.0,1.0,1.0,1.0,1.0,1.0,1.0,1.0,1.0,1.0,1.0,1.0,1.0,1.0,1.0,1.0,1.0,1.0,1.0,1.0,1.0,1.0,1.0,1.0,1.0,1.0,1.0,1.0,1.0,1.0,1.0,1.0,1.0,1.0,1.0,1.0,1.0,1.0,1.0,1.0,1.0,1.0,1.0,1.0,1.0,1.0,1.0,1.0,1.0,1.0,1.0,1.0,1.0,1.0,1.0,1.0,1.0,1.0,1.0,1.0,1.0,1.0,1.0,1.0,1.0,1.0,1.0,1.0,1.0,1.0,1.0,1.0,1.0,1.0,1.0,1.0,1.0,1.0,1.0,1.0,1.0,1.0,1.0,1.0,1.0,1.0,1.0,1.0,1.0,1.0,1.0,1.0,1.0,1.0,1.0,1.0,1.0,1.0,1.0,1.0,1.0,1.0,1.0,1.0,1.0,1.0,1.0,1.0,1.0,1.0,1.0,1.0,1.0,1.0,1.0,1.0,1.0,1.0,1.0,1.0,1.0,1.0,1.0,1.0,1.0,1.0,1.0,1.0,1.0,1.0,1.0,1.0,1.0,1.0,1.0,1.0,1.0,1.0,1.0,1.0,1.0,1.0,1.0,1.0,1.0,1.0,1.0,1.0,1.0,1.0,1.0,1.0,1.0,1.0,1.0,1.0,1.0,1.0,1.0,1.0,1.0,1.0,1.0,1.0,1.0,1.0,1.0,1.0,1.0,1.0,1.0,1.0,1.0,1.0,1.0,1.0,1.0,1.0,1.0,1.0,1.0,1.0,1.0,1.0,1.0,1.0,1.0,1.0,1.0,1.0,1.0,1.0,1.0,1.0,1.0,1.0,1.0,1.0,1.0,1.0,1.0,1.0,1.0,1.0,1.0,1.0,1.0,1.0,1.0,1.0,1.0,1.0,1.0,1.0,1.0,1.0,1.0,1.0,1.0,1.0,1.0,1.0,1.0,1.0,1.0,1.0,1.0,1.0,1.0,1.0,1.0,1.0,1.0,1.0,1.0,1.0,1.0,1.0,1.0,1.0,1.0,1.0,1.0,1.0,1.0,1.0,1.0,1.0,1.0,1.0,1.0,1.0,1.0,1.0,1.0,1.0,1.0,1.0,1.0,1.0,1.0,1.0,1.0,1.0,1.0,1.0,1.0,1.0,1.0,1.0,1.0,1.0,1.0,1.0,1.0,1.0,1.0,1.0,1.0,1.0,1.0,1.0,1.0,1.0,1.0,1.0,1.0,1.0,1.0,1.0,1.0,1.0,1.0,1.0,1.0,1.0,1.0,1.0,1.0,1.0,1.0,1.0,1.0,1.0,1.0,1.0,1.0,1.0,1.0,1.0,1.0,1.0,1.0,1.0,1.0,1.0,1.0,1.0,1.0,1.0,1.0,1.0,1.0,1.0,1.0,1.0,1.0,1.0,1.0,1.0,1.0,1.0,1.0,1.0,1.0,1.0,1.0,1.0,1.0,1.0,1.0,1.0,1.0,1.0,1.0,1.0,1.0,1.0,1.0,1.0,1.0,1.0,1.0,1.0,1.0,1.0,1.0,1.0,1.0,1.0,1.0,1.0,1.0,1.0,1.0,1.0,1.0,1.0,1.0,1.0,1.0,1.0,1.0,1.0,1.0,1.0,1.0,1.0,1.0,1.0,1.0,1.0,1.0,1.0,1.0,1.0,1.0,1.0,1.0,1.0,1.0,1.0,1.0,1.0,1.0,1.0,1.0,1.0,1.0,1.0,1.0,1.0,1.0,1.0,1.0,1.0,1.0,1.0,1.0,1.0,1.0,1.0,1.0,1.0,1.0,1.0,1.0,1.0,1.0,1.0,1.0,1.0,1.0,1.0,1.0,1.0,1.0,1.0,1.0,1.0,1.0,1.0,1.0,1.0,1.0,1.0,1.0,1.0,1.0,1.0,1.0,1.0,1.0,1.0,1.0,1.0,1.0,1.0,1.0,1.0,1.0,1.0,1.0,1.0,1.0,1.0,1.0,1.0,1.0,1.0,1.0,1.0,1.0,1.0,1.0,1.0,1.0,1.0,1.0,1.0,1.0,1.0,1.0,1.0,1.0,1.0,1.0,1.0,1.0,1.0,1.0,1.0,1.0,1.0,1.0,1.0,1.0,1.0,1.0,1.0,1.0,1.0,1.0,1.0,1.0,1.0,1.0,1.0,1.0,1.0,1.0,1.0,1.0,1.0,1.0,1.0,1.0,1.0,1.0,1.0,1.0,1.0,1.0,1.0,1.0,1.0,1.0,1.0,1.0,1.0,1.0,1.0,1.0,1.0,1.0,1.0,1.0,1.0,1.0,1.0,1.0,1.0,1.0,1.0,1.0,1.0,1.0,1.0,1.0,1.0,1.0,1.0,1.0,1.0,1.0,1.0,1.0,1.0,1.0,1.0,1.0,1.0,1.0,1.0,1.0,1.0,1.0,1.0,1.0,1.0,1.0,1.0,1.0,1.0,1.0,1.0,1.0,1.0,1.0,1.0,1.0,1.0,1.0,1.0,1.0,1.0,1.0,1.0,1.0,1.0,1.0,1.0,1.0
Serial,base,1.0,1.0,1.0,1.0,1.0,1.0,1.0,1.0,1.0,1.0,1.0,1.0,1.0,1.0,1.0,1.0,1.0,1.0,1.0,1.0,1.0,1.0,1.0,1.0,1.0,1.0,1.0,1.0,1.0,1.0,1.0,1.0,1.0,1.0,1.0,1.0,1.0,1.0,1.0,1.0,1.0,1.0,1.0,1.0,1.0,1.0,1.0,1.0,1.0,1.0,1.0,1.0,1.0,1.0,1.0,1.0,1.0,1.0,1.0,1.0,1.0,1.0,1.0,1.0,1.0,1.0,1.0,1.0,1.0,1.0,1.0,1.0,1.0,1.0,1.0,1.0,1.0,1.0,1.0,1.0,1.0,1.0,1.0,1.0,1.0,1.0,1.0,1.0,1.0,1.0,1.0,1.0,1.0,1.0,1.0,1.0,1.0,1.0,1.0,1.0,1.0,1.0,1.0,1.0,1.0,1.0,1.0,1.0,1.0,1.0,1.0,1.0,1.0,1.0,1.0,1.0,1.0,1.0,1.0,1.0,1.0,1.0,1.0,1.0,1.0,1.0,1.0,1.0,1.0,1.0,1.0,1.0,1.0,1.0,1.0,1.0,1.0,1.0,1.0,1.0,1.0,1.0,1.0,1.0,1.0,1.0,1.0,1.0,1.0,1.0,1.0,1.0,1.0,1.0,1.0,1.0,1.0,1.0,1.0,1.0,1.0,1.0,1.0,1.0,1.0,1.0,1.0,1.0,1.0,1.0,1.0,1.0,1.0,1.0,1.0,1.0,1.0,1.0,1.0,1.0,1.0,1.0,1.0,1.0,1.0,1.0,1.0,1.0,1.0,1.0,1.0,1.0,1.0,1.0,1.0,1.0,1.0,1.0,1.0,1.0,1.0,1.0,1.0,1.0,1.0,1.0,1.0,1.0,1.0,1.0,1.0,1.0,1.0,1.0,1.0,1.0,1.0,1.0,1.0,1.0,1.0,1.0,1.0,1.0,1.0,1.0,1.0,1.0,1.0,1.0,1.0,1.0,1.0,1.0,1.0,1.0,1.0,1.0,1.0,1.0,1.0,1.0,1.0,1.0,1.0,1.0,1.0,1.0,1.0,1.0,1.0,1.0,1.0,1.0,1.0,1.0,1.0,1.0,1.0,1.0,1.0,1.0,1.0,1.0,1.0,1.0,1.0,1.0,1.0,1.0,1.0,1.0,1.0,1.0,1.0,1.0,1.0,1.0,1.0,1.0,1.0,1.0,1.0,1.0,1.0,1.0,1.0,1.0,1.0,1.0,1.0,1.0,1.0,1.0,1.0,1.0,1.0,1.0,1.0,1.0,1.0,1.0,1.0,1.0,1.0,1.0,1.0,1.0,1.0,1.0,1.0,1.0,1.0,1.0,1.0,1.0,1.0,1.0,1.0,1.0,1.0,1.0,1.0,1.0,1.0,1.0,1.0,1.0,1.0,1.0,1.0,1.0,1.0,1.0,1.0,1.0,1.0,1.0,1.0,1.0,1.0,1.0,1.0,1.0,1.0,1.0,1.0,1.0,1.0,1.0,1.0,1.0,1.0,1.0,1.0,1.0,1.0,1.0,1.0,1.0,1.0,1.0,1.0,1.0,1.0,1.0,1.0,1.0,1.0,1.0,1.0,1.0,1.0,1.0,1.0,1.0,1.0,1.0,1.0,1.0,1.0,1.0,1.0,1.0,1.0,1.0,1.0,1.0,1.0,1.0,1.0,1.0,1.0,1.0,1.0,1.0,1.0,1.0,1.0,1.0,1.0,1.0,1.0,1.0,1.0,1.0,1.0,1.0,1.0,1.0,1.0,1.0,1.0,1.0,1.0,1.0,1.0,1.0,1.0,1.0,1.0,1.0,1.0,1.0,1.0,1.0,1.0,1.0,1.0,1.0,1.0,1.0,1.0,1.0,1.0,1.0,1.0,1.0,1.0,1.0,1.0,1.0,1.0,1.0,1.0,1.0,1.0,1.0,1.0,1.0,1.0,1.0,1.0,1.0,1.0,1.0,1.0,1.0,1.0,1.0,1.0,1.0,1.0,1.0,1.0,1.0,1.0,1.0,1.0,1.0,1.0,1.0,1.0,1.0,1.0,1.0,1.0,1.0,1.0,1.0,1.0,1.0,1.0,1.0,1.0,1.0,1.0,1.0,1.0,1.0,1.0,1.0,1.0,1.0,1.0,1.0,1.0,1.0,1.0,1.0,1.0,1.0,1.0,1.0,1.0,1.0,1.0,1.0,1.0,1.0,1.0,1.0,1.0,1.0,1.0,1.0,1.0,1.0,1.0,1.0,1.0,1.0,1.0,1.0,1.0,1.0,1.0,1.0,1.0,1.0,1.0,1.0,1.0,1.0,1.0,1.0,1.0,1.0,1.0,1.0,1.0,1.0,1.0,1.0,1.0,1.0,1.0,1.0,1.0,1.0,1.0,1.0,1.0,1.0,1.0,1.0,1.0,1.0,1.0,1.0,1.0,1.0,1.0,1.0,1.0,1.0,1.0,1.0,1.0,1.0,1.0,1.0,1.0,1.0,1.0,1.0,1.0,1.0,1.0,1.0,1.0,1.0,1.0,1.0,1.0,1.0,1.0,1.0,1.0,1.0,1.0,1.0,1.0,1.0,1.0,1.0,1.0,1.0,1.0,1.0,1.0,1.0,1.0,1.0,1.0,1.0,1.0,1.0,1.0,1.0,1.0,1.0,1.0,1.0,1.0,1.0,1.0,1.0,1.0,1.0,1.0,1.0,1.0,1.0,1.0,1.0,1.0,1.0,1.0,1.0,1.0,1.0,1.0,1.0,1.0,1.0,1.0,1.0,1.0,1.0,1.0,1.0,1.0,1.0,1.0,1.0,1.0,1.0,1.0,1.0,1.0,1.0,1.0,1.0,1.0,1.0,1.0,1.0,1.0,1.0,1.0,1.0,1.0,1.0,1.0,1.0,1.0,1.0,1.0,1.0,1.0,1.0,1.0,1.0,1.0,1.0,1.0,1.0,1.0,1.0,1.0,1.0,1.0,1.0,1.0,1.0,1.0,1.0,1.0,1.0,1.0,1.0,1.0,1.0,1.0,1.0,1.0,1.0,1.0,1.0,1.0,1.0,1.0,1.0,1.0,1.0,1.0,1.0,1.0,1.0,1.0,1.0,1.0,1.0,1.0,1.0,1.0,1.0,1.0,1.0,1.0,1.0,1.0,1.0,1.0,1.0,1.0,1.0,1.0,1.0,1.0,1.0,1.0,1.0,1.0,1.0,1.0,1.0,1.0,1.0,1.0,1.0,1.0,1.0,1.0,1.0,1.0,1.0,1.0,1.0,1.0,1.0,1.0,1.0,1.0,1.0,1.0,1.0,1.0,1.0,1.0,1.0,1.0,1.0,1.0,1.0,1.0,1.0,1.0,1.0,1.0,1.0,1.0,1.0,1.0,1.0,1.0,1.0,1.0,1.0,1.0,1.0,1.0,1.0
American,base,1.0,1.0,1.0,1.0,1.0,1.0,1.0,1.0,1.0,1.0,1.0,1.0,1.0,1.0,1.0,1.0,1.0,1.0,1.0,1.0,1.0,1.0,1.0,1.0,1.0,1.0,1.0,1.0,1.0,1.0,1.0,1.0,1.0,1.0,1.0,1.0,1.0,1.0,1.0,1.0,1.0,1.0,1.0,1.0,1.0,1.0,1.0,1.0,1.0,1.0,1.0,1.0,1.0,1.0,1.0,1.0,1.0,1.0,1.0,1.0,1.0,1.0,1.0,1.0,1.0,1.0,1.0,1.0,1.0,1.0,1.0,1.0,1.0,1.0,1.0,1.0,1.0,1.0,1.0,1.0,1.0,1.0,1.0,1.0,1.0,1.0,1.0,1.0,1.0,1.0,1.0,1.0,1.0,1.0,1.0,1.0,1.0,1.0,1.0,1.0,1.0,1.0,1.0,1.0,1.0,1.0,1.0,1.0,1.0,1.0,1.0,1.0,1.0,1.0,1.0,1.0,1.0,1.0,1.0,1.0,1.0,1.0,1.0,1.0,1.0,1.0,1.0,1.0,1.0,1.0,1.0,1.0,1.0,1.0,1.0,1.0,1.0,1.0,1.0,1.0,1.0,1.0,1.0,1.0,1.0,1.0,1.0,1.0,1.0,1.0,1.0,1.0,1.0,1.0,1.0,1.0,1.0,1.0,1.0,1.0,1.0,1.0,1.0,1.0,1.0,1.0,1.0,1.0,1.0,1.0,1.0,1.0,1.0,1.0,1.0,1.0,1.0,1.0,1.0,1.0,1.0,1.0,1.0,1.0,1.0,1.0,1.0,1.0,1.0,1.0,1.0,1.0,1.0,1.0,1.0,1.0,1.0,1.0,1.0,1.0,1.0,1.0,1.0,1.0,1.0,1.0,1.0,1.0,1.0,1.0,1.0,1.0,1.0,1.0,1.0,1.0,1.0,1.0,1.0,1.0,1.0,1.0,1.0,1.0,1.0,1.0,1.0,1.0,1.0,1.0,1.0,1.0,1.0,1.0,1.0,1.0,1.0,1.0,1.0,1.0,1.0,1.0,1.0,1.0,1.0,1.0,1.0,1.0,1.0,1.0,1.0,1.0,1.0,1.0,1.0,1.0,1.0,1.0,1.0,1.0,1.0,1.0,1.0,1.0,1.0,1.0,1.0,1.0,1.0,1.0,1.0,1.0,1.0,1.0,1.0,1.0,1.0,1.0,1.0,1.0,1.0,1.0,1.0,1.0,1.0,1.0,1.0,1.0,1.0,1.0,1.0,1.0,1.0,1.0,1.0,1.0,1.0,1.0,1.0,1.0,1.0,1.0,1.0,1.0,1.0,1.0,1.0,1.0,1.0,1.0,1.0,1.0,1.0,1.0,1.0,1.0,1.0,1.0,1.0,1.0,1.0,1.0,1.0,1.0,1.0,1.0,1.0,1.0,1.0,1.0,1.0,1.0,1.0,1.0,1.0,1.0,1.0,1.0,1.0,1.0,1.0,1.0,1.0,1.0,1.0,1.0,1.0,1.0,1.0,1.0,1.0,1.0,1.0,1.0,1.0,1.0,1.0,1.0,1.0,1.0,1.0,1.0,1.0,1.0,1.0,1.0,1.0,1.0,1.0,1.0,1.0,1.0,1.0,1.0,1.0,1.0,1.0,1.0,1.0,1.0,1.0,1.0,1.0,1.0,1.0,1.0,1.0,1.0,1.0,1.0,1.0,1.0,1.0,1.0,1.0,1.0,1.0,1.0,1.0,1.0,1.0,1.0,1.0,1.0,1.0,1.0,1.0,1.0,1.0,1.0,1.0,1.0,1.0,1.0,1.0,1.0,1.0,1.0,1.0,1.0,1.0,1.0,1.0,1.0,1.0,1.0,1.0,1.0,1.0,1.0,1.0,1.0,1.0,1.0,1.0,1.0,1.0,1.0,1.0,1.0,1.0,1.0,1.0,1.0,1.0,1.0,1.0,1.0,1.0,1.0,1.0,1.0,1.0,1.0,1.0,1.0,1.0,1.0,1.0,1.0,1.0,1.0,1.0,1.0,1.0,1.0,1.0,1.0,1.0,1.0,1.0,1.0,1.0,1.0,1.0,1.0,1.0,1.0,1.0,1.0,1.0,1.0,1.0,1.0,1.0,1.0,1.0,1.0,1.0,1.0,1.0,1.0,1.0,1.0,1.0,1.0,1.0,1.0,1.0,1.0,1.0,1.0,1.0,1.0,1.0,1.0,1.0,1.0,1.0,1.0,1.0,1.0,1.0,1.0,1.0,1.0,1.0,1.0,1.0,1.0,1.0,1.0,1.0,1.0,1.0,1.0,1.0,1.0,1.0,1.0,1.0,1.0,1.0,1.0,1.0,1.0,1.0,1.0,1.0,1.0,1.0,1.0,1.0,1.0,1.0,1.0,1.0,1.0,1.0,1.0,1.0,1.0,1.0,1.0,1.0,1.0,1.0,1.0,1.0,1.0,1.0,1.0,1.0,1.0,1.0,1.0,1.0,1.0,1.0,1.0,1.0,1.0,1.0,1.0,1.0,1.0,1.0,1.0,1.0,1.0,1.0,1.0,1.0,1.0,1.0,1.0,1.0,1.0,1.0,1.0,1.0,1.0,1.0,1.0,1.0,1.0,1.0,1.0,1.0,1.0,1.0,1.0,1.0,1.0,1.0,1.0,1.0,1.0,1.0,1.0,1.0,1.0,1.0,1.0,1.0,1.0,1.0,1.0,1.0,1.0,1.0,1.0,1.0,1.0,1.0,1.0,1.0,1.0,1.0,1.0,1.0,1.0,1.0,1.0,1.0,1.0,1.0,1.0,1.0,1.0,1.0,1.0,1.0,1.0,1.0,1.0,1.0,1.0,1.0,1.0,1.0,1.0,1.0,1.0,1.0,1.0,1.0,1.0,1.0,1.0,1.0,1.0,1.0,1.0,1.0,1.0,1.0,1.0,1.0,1.0,1.0,1.0,1.0,1.0,1.0,1.0,1.0,1.0,1.0,1.0,1.0,1.0,1.0,1.0,1.0,1.0,1.0,1.0,1.0,1.0,1.0,1.0,1.0,1.0,1.0,1.0,1.0,1.0,1.0,1.0,1.0,1.0,1.0,1.0,1.0,1.0,1.0,1.0,1.0,1.0,1.0,1.0,1.0,1.0,1.0,1.0,1.0,1.0,1.0,1.0,1.0,1.0,1.0,1.0,1.0,1.0,1.0,1.0,1.0,1.0,1.0,1.0,1.0,1.0,1.0,1.0,1.0,1.0,1.0,1.0,1.0,1.0,1.0,1.0,1.0,1.0,1.0,1.0,1.0,1.0,1.0,1.0,1.0,1.0,1.0,1.0,1.0,1.0,1.0,1.0,1.0,1.0,1.0,1.0,1.0,1.0,1.0,1.0,1.0,1.0,1.0,1.0,1.0,1.0,1.0,1.0,1.0,1.0,1.0,1.0,1.0,1.0,1.0,1.0
Because,base,1.0,1.0,1.0,1.0,1.0,1.0,1.0,1.0,1.0,1.0,1.0,1.0,1.0,1.0,1.0,1.0,1.0,1.0,1.0,1.0,1.0,1.0,1.0,1.0,1.0,1.0,1.0,1.0,1.0,1.0,1.0,1.0,1.0,1.0,1.0,1.0,1.0,1.0,1.0,1.0,1.0,1.0,1.0,1.0,1.0,1.0,1.0,1.0,1.0,1.0,1.0,1.0,1.0,1.0,1.0,1.0,1.0,1.0,1.0,1.0,1.0,1.0,1.0,1.0,1.0,1.0,1.0,1.0,1.0,1.0,1.0,1.0,1.0,1.0,1.0,1.0,1.0,1.0,1.0,1.0,1.0,1.0,1.0,1.0,1.0,1.0,1.0,1.0,1.0,1.0,1.0,1.0,1.0,1.0,1.0,1.0,1.0,1.0,1.0,1.0,1.0,1.0,1.0,1.0,1.0,1.0,1.0,1.0,1.0,1.0,1.0,1.0,1.0,1.0,1.0,1.0,1.0,1.0,1.0,1.0,1.0,1.0,1.0,1.0,1.0,1.0,1.0,1.0,1.0,1.0,1.0,1.0,1.0,1.0,1.0,1.0,1.0,1.0,1.0,1.0,1.0,1.0,1.0,1.0,1.0,1.0,1.0,1.0,1.0,1.0,1.0,1.0,1.0,1.0,1.0,1.0,1.0,1.0,1.0,1.0,1.0,1.0,1.0,1.0,1.0,1.0,1.0,1.0,1.0,1.0,1.0,1.0,1.0,1.0,1.0,1.0,1.0,1.0,1.0,1.0,1.0,1.0,1.0,1.0,1.0,1.0,1.0,1.0,1.0,1.0,1.0,1.0,1.0,1.0,1.0,1.0,1.0,1.0,1.0,1.0,1.0,1.0,1.0,1.0,1.0,1.0,1.0,1.0,1.0,1.0,1.0,1.0,1.0,1.0,1.0,1.0,1.0,1.0,1.0,1.0,1.0,1.0,1.0,1.0,1.0,1.0,1.0,1.0,1.0,1.0,1.0,1.0,1.0,1.0,1.0,1.0,1.0,1.0,1.0,1.0,1.0,1.0,1.0,1.0,1.0,1.0,1.0,1.0,1.0,1.0,1.0,1.0,1.0,1.0,1.0,1.0,1.0,1.0,1.0,1.0,1.0,1.0,1.0,1.0,1.0,1.0,1.0,1.0,1.0,1.0,1.0,1.0,1.0,1.0,1.0,1.0,1.0,1.0,1.0,1.0,1.0,1.0,1.0,1.0,1.0,1.0,1.0,1.0,1.0,1.0,1.0,1.0,1.0,1.0,1.0,1.0,1.0,1.0,1.0,1.0,1.0,1.0,1.0,1.0,1.0,1.0,1.0,1.0,1.0,1.0,1.0,1.0,1.0,1.0,1.0,1.0,1.0,1.0,1.0,1.0,1.0,1.0,1.0,1.0,1.0,1.0,1.0,1.0,1.0,1.0,1.0,1.0,1.0,1.0,1.0,1.0,1.0,1.0,1.0,1.0,1.0,1.0,1.0,1.0,1.0,1.0,1.0,1.0,1.0,1.0,1.0,1.0,1.0,1.0,1.0,1.0,1.0,1.0,1.0,1.0,1.0,1.0,1.0,1.0,1.0,1.0,1.0,1.0,1.0,1.0,1.0,1.0,1.0,1.0,1.0,1.0,1.0,1.0,1.0,1.0,1.0,1.0,1.0,1.0,1.0,1.0,1.0,1.0,1.0,1.0,1.0,1.0,1.0,1.0,1.0,1.0,1.0,1.0,1.0,1.0,1.0,1.0,1.0,1.0,1.0,1.0,1.0,1.0,1.0,1.0,1.0,1.0,1.0,1.0,1.0,1.0,1.0,1.0,1.0,1.0,1.0,1.0,1.0,1.0,1.0,1.0,1.0,1.0,1.0,1.0,1.0,1.0,1.0,1.0,1.0,1.0,1.0,1.0,1.0,1.0,1.0,1.0,1.0,1.0,1.0,1.0,1.0,1.0,1.0,1.0,1.0,1.0,1.0,1.0,1.0,1.0,1.0,1.0,1.0,1.0,1.0,1.0,1.0,1.0,1.0,1.0,1.0,1.0,1.0,1.0,1.0,1.0,1.0,1.0,1.0,1.0,1.0,1.0,1.0,1.0,1.0,1.0,1.0,1.0,1.0,1.0,1.0,1.0,1.0,1.0,1.0,1.0,1.0,1.0,1.0,1.0,1.0,1.0,1.0,1.0,1.0,1.0,1.0,1.0,1.0,1.0,1.0,1.0,1.0,1.0,1.0,1.0,1.0,1.0,1.0,1.0,1.0,1.0,1.0,1.0,1.0,1.0,1.0,1.0,1.0,1.0,1.0,1.0,1.0,1.0,1.0,1.0,1.0,1.0,1.0,1.0,1.0,1.0,1.0,1.0,1.0,1.0,1.0,1.0,1.0,1.0,1.0,1.0,1.0,1.0,1.0,1.0,1.0,1.0,1.0,1.0,1.0,1.0,1.0,1.0,1.0,1.0,1.0,1.0,1.0,1.0,1.0,1.0,1.0,1.0,1.0,1.0,1.0,1.0,1.0,1.0,1.0,1.0,1.0,1.0,1.0,1.0,1.0,1.0,1.0,1.0,1.0,1.0,1.0,1.0,1.0,1.0,1.0,1.0,1.0,1.0,1.0,1.0,1.0,1.0,1.0,1.0,1.0,1.0,1.0,1.0,1.0,1.0,1.0,1.0,1.0,1.0,1.0,1.0,1.0,1.0,1.0,1.0,1.0,1.0,1.0,1.0,1.0,1.0,1.0,1.0,1.0,1.0,1.0,1.0,1.0,1.0,1.0,1.0,1.0,1.0,1.0,1.0,1.0,1.0,1.0,1.0,1.0,1.0,1.0,1.0,1.0,1.0,1.0,1.0,1.0,1.0,1.0,1.0,1.0,1.0,1.0,1.0,1.0,1.0,1.0,1.0,1.0,1.0,1.0,1.0,1.0,1.0,1.0,1.0,1.0,1.0,1.0,1.0,1.0,1.0,1.0,1.0,1.0,1.0,1.0,1.0,1.0,1.0,1.0,1.0,1.0,1.0,1.0,1.0,1.0,1.0,1.0,1.0,1.0,1.0,1.0,1.0,1.0,1.0,1.0,1.0,1.0,1.0,1.0,1.0,1.0,1.0,1.0,1.0,1.0,1.0,1.0,1.0,1.0,1.0,1.0,1.0,1.0,1.0,1.0,1.0,1.0,1.0,1.0,1.0,1.0,1.0,1.0,1.0,1.0,1.0,1.0,1.0,1.0,1.0,1.0,1.0,1.0,1.0,1.0,1.0,1.0,1.0,1.0,1.0,1.0,1.0,1.0,1.0,1.0,1.0,1.0,1.0,1.0,1.0,1.0,1.0,1.0,1.0,1.0,1.0,1.0,1.0,1.0,1.0,1.0,1.0,1.0,1.0,1.0,1.0,1.0,1.0,1.0,1.0,1.0,1.0,1.0,1.0,1.0,1.0,1.0,1.0
Outdoor,base,1.0,1.0,1.0,1.0,1.0,1.0,1.0,1.0,1.0,1.0,1.0,1.0,1.0,1.0,1.0,1.0,1.0,1.0,1.0,1.0,1.0,1.0,1.0,1.0,1.0,1.0,1.0,1.0,1.0,1.0,1.0,1.0,1.0,1.0,1.0,1.0,1.0,1.0,1.0,1.0,1.0,1.0,1.0,1.0,1.0,1.0,1.0,1.0,1.0,1.0,1.0,1.0,1.0,1.0,1.0,1.0,1.0,1.0,1.0,1.0,1.0,1.0,1.0,1.0,1.0,1.0,1.0,1.0,1.0,1.0,1.0,1.0,1.0,1.0,1.0,1.0,1.0,1.0,1.0,1.0,1.0,1.0,1.0,1.0,1.0,1.0,1.0,1.0,1.0,1.0,1.0,1.0,1.0,1.0,1.0,1.0,1.0,1.0,1.0,1.0,1.0,1.0,1.0,1.0,1.0,1.0,1.0,1.0,1.0,1.0,1.0,1.0,1.0,1.0,1.0,1.0,1.0,1.0,1.0,1.0,1.0,1.0,1.0,1.0,1.0,1.0,1.0,1.0,1.0,1.0,1.0,1.0,1.0,1.0,1.0,1.0,1.0,1.0,1.0,1.0,1.0,1.0,1.0,1.0,1.0,1.0,1.0,1.0,1.0,1.0,1.0,1.0,1.0,1.0,1.0,1.0,1.0,1.0,1.0,1.0,1.0,1.0,1.0,1.0,1.0,1.0,1.0,1.0,1.0,1.0,1.0,1.0,1.0,1.0,1.0,1.0,1.0,1.0,1.0,1.0,1.0,1.0,1.0,1.0,1.0,1.0,1.0,1.0,1.0,1.0,1.0,1.0,1.0,1.0,1.0,1.0,1.0,1.0,1.0,1.0,1.0,1.0,1.0,1.0,1.0,1.0,1.0,1.0,1.0,1.0,1.0,1.0,1.0,1.0,1.0,1.0,1.0,1.0,1.0,1.0,1.0,1.0,1.0,1.0,1.0,1.0,1.0,1.0,1.0,1.0,1.0,1.0,1.0,1.0,1.0,1.0,1.0,1.0,1.0,1.0,1.0,1.0,1.0,1.0,1.0,1.0,1.0,1.0,1.0,1.0,1.0,1.0,1.0,1.0,1.0,1.0,1.0,1.0,1.0,1.0,1.0,1.0,1.0,1.0,1.0,1.0,1.0,1.0,1.0,1.0,1.0,1.0,1.0,1.0,1.0,1.0,1.0,1.0,1.0,1.0,1.0,1.0,1.0,1.0,1.0,1.0,1.0,1.0,1.0,1.0,1.0,1.0,1.0,1.0,1.0,1.0,1.0,1.0,1.0,1.0,1.0,1.0,1.0,1.0,1.0,1.0,1.0,1.0,1.0,1.0,1.0,1.0,1.0,1.0,1.0,1.0,1.0,1.0,1.0,1.0,1.0,1.0,1.0,1.0,1.0,1.0,1.0,1.0,1.0,1.0,1.0,1.0,1.0,1.0,1.0,1.0,1.0,1.0,1.0,1.0,1.0,1.0,1.0,1.0,1.0,1.0,1.0,1.0,1.0,1.0,1.0,1.0,1.0,1.0,1.0,1.0,1.0,1.0,1.0,1.0,1.0,1.0,1.0,1.0,1.0,1.0,1.0,1.0,1.0,1.0,1.0,1.0,1.0,1.0,1.0,1.0,1.0,1.0,1.0,1.0,1.0,1.0,1.0,1.0,1.0,1.0,1.0,1.0,1.0,1.0,1.0,1.0,1.0,1.0,1.0,1.0,1.0,1.0,1.0,1.0,1.0,1.0,1.0,1.0,1.0,1.0,1.0,1.0,1.0,1.0,1.0,1.0,1.0,1.0,1.0,1.0,1.0,1.0,1.0,1.0,1.0,1.0,1.0,1.0,1.0,1.0,1.0,1.0,1.0,1.0,1.0,1.0,1.0,1.0,1.0,1.0,1.0,1.0,1.0,1.0,1.0,1.0,1.0,1.0,1.0,1.0,1.0,1.0,1.0,1.0,1.0,1.0,1.0,1.0,1.0,1.0,1.0,1.0,1.0,1.0,1.0,1.0,1.0,1.0,1.0,1.0,1.0,1.0,1.0,1.0,1.0,1.0,1.0,1.0,1.0,1.0,1.0,1.0,1.0,1.0,1.0,1.0,1.0,1.0,1.0,1.0,1.0,1.0,1.0,1.0,1.0,1.0,1.0,1.0,1.0,1.0,1.0,1.0,1.0,1.0,1.0,1.0,1.0,1.0,1.0,1.0,1.0,1.0,1.0,1.0,1.0,1.0,1.0,1.0,1.0,1.0,1.0,1.0,1.0,1.0,1.0,1.0,1.0,1.0,1.0,1.0,1.0,1.0,1.0,1.0,1.0,1.0,1.0,1.0,1.0,1.0,1.0,1.0,1.0,1.0,1.0,1.0,1.0,1.0,1.0,1.0,1.0,1.0,1.0,1.0,1.0,1.0,1.0,1.0,1.0,1.0,1.0,1.0,1.0,1.0,1.0,1.0,1.0,1.0,1.0,1.0,1.0,1.0,1.0,1.0,1.0,1.0,1.0,1.0,1.0,1.0,1.0,1.0,1.0,1.0,1.0,1.0,1.0,1.0,1.0,1.0,1.0,1.0,1.0,1.0,1.0,1.0,1.0,1.0,1.0,1.0,1.0,1.0,1.0,1.0,1.0,1.0,1.0,1.0,1.0,1.0,1.0,1.0,1.0,1.0,1.0,1.0,1.0,1.0,1.0,1.0,1.0,1.0,1.0,1.0,1.0,1.0,1.0,1.0,1.0,1.0,1.0,1.0,1.0,1.0,1.0,1.0,1.0,1.0,1.0,1.0,1.0,1.0,1.0,1.0,1.0,1.0,1.0,1.0,1.0,1.0,1.0,1.0,1.0,1.0,1.0,1.0,1.0,1.0,1.0,1.0,1.0,1.0,1.0,1.0,1.0,1.0,1.0,1.0,1.0,1.0,1.0,1.0,1.0,1.0,1.0,1.0,1.0,1.0,1.0,1.0,1.0,1.0,1.0,1.0,1.0,1.0,1.0,1.0,1.0,1.0,1.0,1.0,1.0,1.0,1.0,1.0,1.0,1.0,1.0,1.0,1.0,1.0,1.0,1.0,1.0,1.0,1.0,1.0,1.0,1.0,1.0,1.0,1.0,1.0,1.0,1.0,1.0,1.0,1.0,1.0,1.0,1.0,1.0,1.0,1.0,1.0,1.0,1.0,1.0,1.0,1.0,1.0,1.0,1.0,1.0,1.0,1.0,1.0,1.0,1.0,1.0,1.0,1.0,1.0,1.0,1.0,1.0,1.0,1.0,1.0,1.0,1.0,1.0,1.0,1.0,1.0,1.0,1.0,1.0,1.0,1.0,1.0,1.0,1.0,1.0,1.0,1.0,1.0,1.0,1.0,1.0,1.0,1.0,1.0,1.0,1.0,1.0,1.0,1.0,1.0,1.0,1.0,1.0,1.0,1.0,1.0,1.0,1.0
Instantiate,base,1.0,1.0,1.0,1.0,1.0,1.0,1.0,1.0,1.0,1.0,1.0,1.0,1.0,1.0,1.0,1.0,1.0,1.0,1.0,1.0,1.0,1.0,1.0,1.0,1.0,1.0,1.0,1.0,1.0,1.0,1.0,1.0,1.0,1.0,1.0,1.0,1.0,1.0,1.0,1.0,1.0,1.0,1.0,1.0,1.0,1.0,1.0,1.0,1.0,1.0,1.0,1.0,1.0,1.0,1.0,1.0,1.0,1.0,1.0,1.0,1.0,1.0,1.0,1.0,1.0,1.0,1.0,1.0,1.0,1.0,1.0,1.0,1.0,1.0,1.0,1.0,1.0,1.0,1.0,1.0,1.0,1.0,1.0,1.0,1.0,1.0,1.0,1.0,1.0,1.0,1.0,1.0,1.0,1.0,1.0,1.0,1.0,1.0,1.0,1.0,1.0,1.0,1.0,1.0,1.0,1.0,1.0,1.0,1.0,1.0,1.0,1.0,1.0,1.0,1.0,1.0,1.0,1.0,1.0,1.0,1.0,1.0,1.0,1.0,1.0,1.0,1.0,1.0,1.0,1.0,1.0,1.0,1.0,1.0,1.0,1.0,1.0,1.0,1.0,1.0,1.0,1.0,1.0,1.0,1.0,1.0,1.0,1.0,1.0,1.0,1.0,1.0,1.0,1.0,1.0,1.0,1.0,1.0,1.0,1.0,1.0,1.0,1.0,1.0,1.0,1.0,1.0,1.0,1.0,1.0,1.0,1.0,1.0,1.0,1.0,1.0,1.0,1.0,1.0,1.0,1.0,1.0,1.0,1.0,1.0,1.0,1.0,1.0,1.0,1.0,1.0,1.0,1.0,1.0,1.0,1.0,1.0,1.0,1.0,1.0,1.0,1.0,1.0,1.0,1.0,1.0,1.0,1.0,1.0,1.0,1.0,1.0,1.0,1.0,1.0,1.0,1.0,1.0,1.0,1.0,1.0,1.0,1.0,1.0,1.0,1.0,1.0,1.0,1.0,1.0,1.0,1.0,1.0,1.0,1.0,1.0,1.0,1.0,1.0,1.0,1.0,1.0,1.0,1.0,1.0,1.0,1.0,1.0,1.0,1.0,1.0,1.0,1.0,1.0,1.0,1.0,1.0,1.0,1.0,1.0,1.0,1.0,1.0,1.0,1.0,1.0,1.0,1.0,1.0,1.0,1.0,1.0,1.0,1.0,1.0,1.0,1.0,1.0,1.0,1.0,1.0,1.0,1.0,1.0,1.0,1.0,1.0,1.0,1.0,1.0,1.0,1.0,1.0,1.0,1.0,1.0,1.0,1.0,1.0,1.0,1.0,1.0,1.0,1.0,1.0,1.0,1.0,1.0,1.0,1.0,1.0,1.0,1.0,1.0,1.0,1.0,1.0,1.0,1.0,1.0,1.0,1.0,1.0,1.0,1.0,1.0,1.0,1.0,1.0,1.0,1.0,1.0,1.0,1.0,1.0,1.0,1.0,1.0,1.0,1.0,1.0,1.0,1.0,1.0,1.0,1.0,1.0,1.0,1.0,1.0,1.0,1.0,1.0,1.0,1.0,1.0,1.0,1.0,1.0,1.0,1.0,1.0,1.0,1.0,1.0,1.0,1.0,1.0,1.0,1.0,1.0,1.0,1.0,1.0,1.0,1.0,1.0,1.0,1.0,1.0,1.0,1.0,1.0,1.0,1.0,1.0,1.0,1.0,1.0,1.0,1.0,1.0,1.0,1.0,1.0,1.0,1.0,1.0,1.0,1.0,1.0,1.0,1.0,1.0,1.0,1.0,1.0,1.0,1.0,1.0,1.0,1.0,1.0,1.0,1.0,1.0,1.0,1.0,1.0,1.0,1.0,1.0,1.0,1.0,1.0,1.0,1.0,1.0,1.0,1.0,1.0,1.0,1.0,1.0,1.0,1.0,1.0,1.0,1.0,1.0,1.0,1.0,1.0,1.0,1.0,1.0,1.0,1.0,1.0,1.0,1.0,1.0,1.0,1.0,1.0,1.0,1.0,1.0,1.0,1.0,1.0,1.0,1.0,1.0,1.0,1.0,1.0,1.0,1.0,1.0,1.0,1.0,1.0,1.0,1.0,1.0,1.0,1.0,1.0,1.0,1.0,1.0,1.0,1.0,1.0,1.0,1.0,1.0,1.0,1.0,1.0,1.0,1.0,1.0,1.0,1.0,1.0,1.0,1.0,1.0,1.0,1.0,1.0,1.0,1.0,1.0,1.0,1.0,1.0,1.0,1.0,1.0,1.0,1.0,1.0,1.0,1.0,1.0,1.0,1.0,1.0,1.0,1.0,1.0,1.0,1.0,1.0,1.0,1.0,1.0,1.0,1.0,1.0,1.0,1.0,1.0,1.0,1.0,1.0,1.0,1.0,1.0,1.0,1.0,1.0,1.0,1.0,1.0,1.0,1.0,1.0,1.0,1.0,1.0,1.0,1.0,1.0,1.0,1.0,1.0,1.0,1.0,1.0,1.0,1.0,1.0,1.0,1.0,1.0,1.0,1.0,1.0,1.0,1.0,1.0,1.0,1.0,1.0,1.0,1.0,1.0,1.0,1.0,1.0,1.0,1.0,1.0,1.0,1.0,1.0,1.0,1.0,1.0,1.0,1.0,1.0,1.0,1.0,1.0,1.0,1.0,1.0,1.0,1.0,1.0,1.0,1.0,1.0,1.0,1.0,1.0,1.0,1.0,1.0,1.0,1.0,1.0,1.0,1.0,1.0,1.0,1.0,1.0,1.0,1.0,1.0,1.0,1.0,1.0,1.0,1.0,1.0,1.0,1.0,1.0,1.0,1.0,1.0,1.0,1.0,1.0,1.0,1.0,1.0,1.0,1.0,1.0,1.0,1.0,1.0,1.0,1.0,1.0,1.0,1.0,1.0,1.0,1.0,1.0,1.0,1.0,1.0,1.0,1.0,1.0,1.0,1.0,1.0,1.0,1.0,1.0,1.0,1.0,1.0,1.0,1.0,1.0,1.0,1.0,1.0,1.0,1.0,1.0,1.0,1.0,1.0,1.0,1.0,1.0,1.0,1.0,1.0,1.0,1.0,1.0,1.0,1.0,1.0,1.0,1.0,1.0,1.0,1.0,1.0,1.0,1.0,1.0,1.0,1.0,1.0,1.0,1.0,1.0,1.0,1.0,1.0,1.0,1.0,1.0,1.0,1.0,1.0,1.0,1.0,1.0,1.0,1.0,1.0,1.0,1.0,1.0,1.0,1.0,1.0,1.0,1.0,1.0,1.0,1.0,1.0,1.0,1.0,1.0,1.0,1.0,1.0,1.0,1.0,1.0,1.0,1.0,1.0,1.0,1.0,1.0,1.0,1.0,1.0,1.0,1.0,1.0,1.0,1.0,1.0,1.0,1.0,1.0,1.0,1.0,1.0,1.0,1.0,1.0,1.0,1.0,1.0,1.0,1.0,1.0,1.0,1.0,1.0,1.0,1.0
Textures,base,1.0,1.0,1.0,1.0,1.0,1.0,1.0,1.0,1.0,1.0,1.0,1.0,1.0,1.0,1.0,1.0,1.0,1.0,1.0,1.0,1.0,1.0,1.0,1.0,1.0,1.0,1.0,1.0,1.0,1.0,1.0,1.0,1.0,1.0,1.0,1.0,1.0,1.0,1.0,1.0,1.0,1.0,1.0,1.0,1.0,1.0,1.0,1.0,1.0,1.0,1.0,1.0,1.0,1.0,1.0,1.0,1.0,1.0,1.0,1.0,1.0,1.0,1.0,1.0,1.0,1.0,1.0,1.0,1.0,1.0,1.0,1.0,1.0,1.0,1.0,1.0,1.0,1.0,1.0,1.0,1.0,1.0,1.0,1.0,1.0,1.0,1.0,1.0,1.0,1.0,1.0,1.0,1.0,1.0,1.0,1.0,1.0,1.0,1.0,1.0,1.0,1.0,1.0,1.0,1.0,1.0,1.0,1.0,1.0,1.0,1.0,1.0,1.0,1.0,1.0,1.0,1.0,1.0,1.0,1.0,1.0,1.0,1.0,1.0,1.0,1.0,1.0,1.0,1.0,1.0,1.0,1.0,1.0,1.0,1.0,1.0,1.0,1.0,1.0,1.0,1.0,1.0,1.0,1.0,1.0,1.0,1.0,1.0,1.0,1.0,1.0,1.0,1.0,1.0,1.0,1.0,1.0,1.0,1.0,1.0,1.0,1.0,1.0,1.0,1.0,1.0,1.0,1.0,1.0,1.0,1.0,1.0,1.0,1.0,1.0,1.0,1.0,1.0,1.0,1.0,1.0,1.0,1.0,1.0,1.0,1.0,1.0,1.0,1.0,1.0,1.0,1.0,1.0,1.0,1.0,1.0,1.0,1.0,1.0,1.0,1.0,1.0,1.0,1.0,1.0,1.0,1.0,1.0,1.0,1.0,1.0,1.0,1.0,1.0,1.0,1.0,1.0,1.0,1.0,1.0,1.0,1.0,1.0,1.0,1.0,1.0,1.0,1.0,1.0,1.0,1.0,1.0,1.0,1.0,1.0,1.0,1.0,1.0,1.0,1.0,1.0,1.0,1.0,1.0,1.0,1.0,1.0,1.0,1.0,1.0,1.0,1.0,1.0,1.0,1.0,1.0,1.0,1.0,1.0,1.0,1.0,1.0,1.0,1.0,1.0,1.0,1.0,1.0,1.0,1.0,1.0,1.0,1.0,1.0,1.0,1.0,1.0,1.0,1.0,1.0,1.0,1.0,1.0,1.0,1.0,1.0,1.0,1.0,1.0,1.0,1.0,1.0,1.0,1.0,1.0,1.0,1.0,1.0,1.0,1.0,1.0,1.0,1.0,1.0,1.0,1.0,1.0,1.0,1.0,1.0,1.0,1.0,1.0,1.0,1.0,1.0,1.0,1.0,1.0,1.0,1.0,1.0,1.0,1.0,1.0,1.0,1.0,1.0,1.0,1.0,1.0,1.0,1.0,1.0,1.0,1.0,1.0,1.0,1.0,1.0,1.0,1.0,1.0,1.0,1.0,1.0,1.0,1.0,1.0,1.0,1.0,1.0,1.0,1.0,1.0,1.0,1.0,1.0,1.0,1.0,1.0,1.0,1.0,1.0,1.0,1.0,1.0,1.0,1.0,1.0,1.0,1.0,1.0,1.0,1.0,1.0,1.0,1.0,1.0,1.0,1.0,1.0,1.0,1.0,1.0,1.0,1.0,1.0,1.0,1.0,1.0,1.0,1.0,1.0,1.0,1.0,1.0,1.0,1.0,1.0,1.0,1.0,1.0,1.0,1.0,1.0,1.0,1.0,1.0,1.0,1.0,1.0,1.0,1.0,1.0,1.0,1.0,1.0,1.0,1.0,1.0,1.0,1.0,1.0,1.0,1.0,1.0,1.0,1.0,1.0,1.0,1.0,1.0,1.0,1.0,1.0,1.0,1.0,1.0,1.0,1.0,1.0,1.0,1.0,1.0,1.0,1.0,1.0,1.0,1.0,1.0,1.0,1.0,1.0,1.0,1.0,1.0,1.0,1.0,1.0,1.0,1.0,1.0,1.0,1.0,1.0,1.0,1.0,1.0,1.0,1.0,1.0,1.0,1.0,1.0,1.0,1.0,1.0,1.0,1.0,1.0,1.0,1.0,1.0,1.0,1.0,1.0,1.0,1.0,1.0,1.0,1.0,1.0,1.0,1.0,1.0,1.0,1.0,1.0,1.0,1.0,1.0,1.0,1.0,1.0,1.0,1.0,1.0,1.0,1.0,1.0,1.0,1.0,1.0,1.0,1.0,1.0,1.0,1.0,1.0,1.0,1.0,1.0,1.0,1.0,1.0,1.0,1.0,1.0,1.0,1.0,1.0,1.0,1.0,1.0,1.0,1.0,1.0,1.0,1.0,1.0,1.0,1.0,1.0,1.0,1.0,1.0,1.0,1.0,1.0,1.0,1.0,1.0,1.0,1.0,1.0,1.0,1.0,1.0,1.0,1.0,1.0,1.0,1.0,1.0,1.0,1.0,1.0,1.0,1.0,1.0,1.0,1.0,1.0,1.0,1.0,1.0,1.0,1.0,1.0,1.0,1.0,1.0,1.0,1.0,1.0,1.0,1.0,1.0,1.0,1.0,1.0,1.0,1.0,1.0,1.0,1.0,1.0,1.0,1.0,1.0,1.0,1.0,1.0,1.0,1.0,1.0,1.0,1.0,1.0,1.0,1.0,1.0,1.0,1.0,1.0,1.0,1.0,1.0,1.0,1.0,1.0,1.0,1.0,1.0,1.0,1.0,1.0,1.0,1.0,1.0,1.0,1.0,1.0,1.0,1.0,1.0,1.0,1.0,1.0,1.0,1.0,1.0,1.0,1.0,1.0,1.0,1.0,1.0,1.0,1.0,1.0,1.0,1.0,1.0,1.0,1.0,1.0,1.0,1.0,1.0,1.0,1.0,1.0,1.0,1.0,1.0,1.0,1.0,1.0,1.0,1.0,1.0,1.0,1.0,1.0,1.0,1.0,1.0,1.0,1.0,1.0,1.0,1.0,1.0,1.0,1.0,1.0,1.0,1.0,1.0,1.0,1.0,1.0,1.0,1.0,1.0,1.0,1.0,1.0,1.0,1.0,1.0,1.0,1.0,1.0,1.0,1.0,1.0,1.0,1.0,1.0,1.0,1.0,1.0,1.0,1.0,1.0,1.0,1.0,1.0,1.0,1.0,1.0,1.0,1.0,1.0,1.0,1.0,1.0,1.0,1.0,1.0,1.0,1.0,1.0,1.0,1.0,1.0,1.0,1.0,1.0,1.0,1.0,1.0,1.0,1.0,1.0,1.0,1.0,1.0,1.0,1.0,1.0,1.0,1.0,1.0,1.0,1.0,1.0,1.0,1.0,1.0,1.0,1.0,1.0,1.0,1.0,1.0,1.0,1.0,1.0,1.0,1.0,1.0,1.0,1.0,1.0,1.0,1.0,1.0,1.0,1.0,1.0
Duplicate,base,1.0,1.0,1.0,1.0,1.0,1.0,1.0,1.0,1.0,1.0,1.0,1.0,1.0,1.0,1.0,1.0,1.0,1.0,1.0,1.0,1.0,1.0,1.0,1.0,1.0,1.0,1.0,1.0,1.0,1.0,1.0,1.0,1.0,1.0,1.0,1.0,1.0,1.0,1.0,1.0,1.0,1.0,1.0,1.0,1.0,1.0,1.0,1.0,1.0,1.0,1.0,1.0,1.0,1.0,1.0,1.0,1.0,1.0,1.0,1.0,1.0,1.0,1.0,1.0,1.0,1.0,1.0,1.0,1.0,1.0,1.0,1.0,1.0,1.0,1.0,1.0,1.0,1.0,1.0,1.0,1.0,1.0,1.0,1.0,1.0,1.0,1.0,1.0,1.0,1.0,1.0,1.0,1.0,1.0,1.0,1.0,1.0,1.0,1.0,1.0,1.0,1.0,1.0,1.0,1.0,1.0,1.0,1.0,1.0,1.0,1.0,1.0,1.0,1.0,1.0,1.0,1.0,1.0,1.0,1.0,1.0,1.0,1.0,1.0,1.0,1.0,1.0,1.0,1.0,1.0,1.0,1.0,1.0,1.0,1.0,1.0,1.0,1.0,1.0,1.0,1.0,1.0,1.0,1.0,1.0,1.0,1.0,1.0,1.0,1.0,1.0,1.0,1.0,1.0,1.0,1.0,1.0,1.0,1.0,1.0,1.0,1.0,1.0,1.0,1.0,1.0,1.0,1.0,1.0,1.0,1.0,1.0,1.0,1.0,1.0,1.0,1.0,1.0,1.0,1.0,1.0,1.0,1.0,1.0,1.0,1.0,1.0,1.0,1.0,1.0,1.0,1.0,1.0,1.0,1.0,1.0,1.0,1.0,1.0,1.0,1.0,1.0,1.0,1.0,1.0,1.0,1.0,1.0,1.0,1.0,1.0,1.0,1.0,1.0,1.0,1.0,1.0,1.0,1.0,1.0,1.0,1.0,1.0,1.0,1.0,1.0,1.0,1.0,1.0,1.0,1.0,1.0,1.0,1.0,1.0,1.0,1.0,1.0,1.0,1.0,1.0,1.0,1.0,1.0,1.0,1.0,1.0,1.0,1.0,1.0,1.0,1.0,1.0,1.0,1.0,1.0,1.0,1.0,1.0,1.0,1.0,1.0,1.0,1.0,1.0,1.0,1.0,1.0,1.0,1.0,1.0,1.0,1.0,1.0,1.0,1.0,1.0,1.0,1.0,1.0,1.0,1.0,1.0,1.0,1.0,1.0,1.0,1.0,1.0,1.0,1.0,1.0,1.0,1.0,1.0,1.0,1.0,1.0,1.0,1.0,1.0,1.0,1.0,1.0,1.0,1.0,1.0,1.0,1.0,1.0,1.0,1.0,1.0,1.0,1.0,1.0,1.0,1.0,1.0,1.0,1.0,1.0,1.0,1.0,1.0,1.0,1.0,1.0,1.0,1.0,1.0,1.0,1.0,1.0,1.0,1.0,1.0,1.0,1.0,1.0,1.0,1.0,1.0,1.0,1.0,1.0,1.0,1.0,1.0,1.0,1.0,1.0,1.0,1.0,1.0,1.0,1.0,1.0,1.0,1.0,1.0,1.0,1.0,1.0,1.0,1.0,1.0,1.0,1.0,1.0,1.0,1.0,1.0,1.0,1.0,1.0,1.0,1.0,1.0,1.0,1.0,1.0,1.0,1.0,1.0,1.0,1.0,1.0,1.0,1.0,1.0,1.0,1.0,1.0,1.0,1.0,1.0,1.0,1.0,1.0,1.0,1.0,1.0,1.0,1.0,1.0,1.0,1.0,1.0,1.0,1.0,1.0,1.0,1.0,1.0,1.0,1.0,1.0,1.0,1.0,1.0,1.0,1.0,1.0,1.0,1.0,1.0,1.0,1.0,1.0,1.0,1.0,1.0,1.0,1.0,1.0,1.0,1.0,1.0,1.0,1.0,1.0,1.0,1.0,1.0,1.0,1.0,1.0,1.0,1.0,1.0,1.0,1.0,1.0,1.0,1.0,1.0,1.0,1.0,1.0,1.0,1.0,1.0,1.0,1.0,1.0,1.0,1.0,1.0,1.0,1.0,1.0,1.0,1.0,1.0,1.0,1.0,1.0,1.0,1.0,1.0,1.0,1.0,1.0,1.0,1.0,1.0,1.0,1.0,1.0,1.0,1.0,1.0,1.0,1.0,1.0,1.0,1.0,1.0,1.0,1.0,1.0,1.0,1.0,1.0,1.0,1.0,1.0,1.0,1.0,1.0,1.0,1.0,1.0,1.0,1.0,1.0,1.0,1.0,1.0,1.0,1.0,1.0,1.0,1.0,1.0,1.0,1.0,1.0,1.0,1.0,1.0,1.0,1.0,1.0,1.0,1.0,1.0,1.0,1.0,1.0,1.0,1.0,1.0,1.0,1.0,1.0,1.0,1.0,1.0,1.0,1.0,1.0,1.0,1.0,1.0,1.0,1.0,1.0,1.0,1.0,1.0,1.0,1.0,1.0,1.0,1.0,1.0,1.0,1.0,1.0,1.0,1.0,1.0,1.0,1.0,1.0,1.0,1.0,1.0,1.0,1.0,1.0,1.0,1.0,1.0,1.0,1.0,1.0,1.0,1.0,1.0,1.0,1.0,1.0,1.0,1.0,1.0,1.0,1.0,1.0,1.0,1.0,1.0,1.0,1.0,1.0,1.0,1.0,1.0,1.0,1.0,1.0,1.0,1.0,1.0,1.0,1.0,1.0,1.0,1.0,1.0,1.0,1.0,1.0,1.0,1.0,1.0,1.0,1.0,1.0,1.0,1.0,1.0,1.0,1.0,1.0,1.0,1.0,1.0,1.0,1.0,1.0,1.0,1.0,1.0,1.0,1.0,1.0,1.0,1.0,1.0,1.0,1.0,1.0,1.0,1.0,1.0,1.0,1.0,1.0,1.0,1.0,1.0,1.0,1.0,1.0,1.0,1.0,1.0,1.0,1.0,1.0,1.0,1.0,1.0,1.0,1.0,1.0,1.0,1.0,1.0,1.0,1.0,1.0,1.0,1.0,1.0,1.0,1.0,1.0,1.0,1.0,1.0,1.0,1.0,1.0,1.0,1.0,1.0,1.0,1.0,1.0,1.0,1.0,1.0,1.0,1.0,1.0,1.0,1.0,1.0,1.0,1.0,1.0,1.0,1.0,1.0,1.0,1.0,1.0,1.0,1.0,1.0,1.0,1.0,1.0,1.0,1.0,1.0,1.0,1.0,1.0,1.0,1.0,1.0,1.0,1.0,1.0,1.0,1.0,1.0,1.0,1.0,1.0,1.0,1.0,1.0,1.0,1.0,1.0,1.0,1.0,1.0,1.0,1.0,1.0,1.0,1.0,1.0,1.0,1.0,1.0,1.0,1.0,1.0,1.0,1.0,1.0,1.0,1.0,1.0,1.0,1.0,1.0,1.0,1.0,1.0,1.0,1.0,1.0,1.0,1.0,1.0
Canister,base,0.5,0.49951171875,0.5009765625,0.5,0.5,0.4990234375,0.49920654296875,0.500732421875,0.4990234375,0.5,0.5,0.5,0.5,0.5009765625,0.5,0.5,0.5,0.4990234375,0.4990234375,0.5,0.5,0.5,0.4994354248046875,0.4990234375,0.500732421875,0.5,0.500732421875,0.500732421875,0.5,0.5,0.5,0.4990234375,0.500244140625,0.5,0.5,0.50048828125,0.5,0.5,0.500732421875,0.5,0.50048828125,0.5,0.49951171875,0.5,0.5,0.4990234375,0.500244140625,0.4990234375,0.5,0.4990234375,0.5,0.5,0.5,0.5009765625,0.5,0.500732421875,0.5009765625,0.4990234375,0.4990234375,0.5,0.5,0.5,0.5,0.49951171875,0.5,0.49951171875,0.49951171875,0.49951171875,0.5,0.5,0.4990234375,0.5,0.5,0.5,0.4990234375,0.5,0.5,0.49951171875,0.49951171875,0.5,0.4990234375,0.5,0.4990234375,0.5,0.5000762939453125,0.50048828125,0.4992828369140625,0.5,0.50048828125,0.499267578125,0.500762939453125,0.5,0.5001392364501953,0.49908447265625,0.5,0.5003662109375,0.4990234375,0.4990234375,0.5000194311141968,0.5009765625,0.4995880126953125,0.5,0.5002346038818359,0.5001220703125,0.4996490478515625,0.5003089904785156,0.49951171875,0.49969482421875,0.5003662109375,0.4990997314453125,0.49918365478515625,0.500579833984375,0.49951171875,0.4996337890625,0.5000762939453125,0.500001072883606,0.5,0.5000000596046448,0.50048828125,0.5000565052032471,0.5002241134643555,0.5000762939453125,0.5002880096435547,0.5008697509765625,0.5000472068786621,0.5000265836715698,0.5,0.50048828125,0.500701904296875,0.5000084638595581,0.499755859375,0.500274658203125,0.4991455078125,0.5,0.499267578125,0.500244140625,0.5003509521484375,0.500244140625,0.4993438720703125,0.500732421875,0.5000087022781372,0.5000782012939453,0.5,0.49951171875,0.50054931640625,0.5000226497650146,0.5006866455078125,0.49951171875,0.5003776550292969,0.5000001788139343,0.4993896484375,0.499053955078125,0.49932861328125,0.5000705718994141,0.49941253662109375,0.5008964538574219,0.4990692138671875,0.5003890991210938,0.49969482421875,0.5008506774902344,0.5000667572021484,0.5000011920928955,0.500335693359375,0.50079345703125,0.5001611709594727,0.5000126957893372,0.5000004768371582,0.49945068359375,0.500732421875,0.499267578125,0.50048828125,0.5002288818359375,0.49951171875,0.49981689453125,0.5009765625,0.5,0.50048828125,0.4998779296875,0.5000041127204895,0.5,0.5000295639038086,0.50006103515625,0.5001220703125,0.5009765625,0.499053955078125,0.500244140625,0.499755859375,0.5000762939453125,0.5,0.5,0.499359130859375,0.5,0.5000762939453125,0.50048828125,0.5,0.5,0.50054931640625,0.499359130859375,0.5001220703125,0.49951171875,0.49951171875,0.499755859375,0.5002994537353516,0.500244140625,0.4994964599609375,0.5001373291015625,0.5005416870117188,0.4996337890625,0.49920654296875,0.5003662109375,0.499267578125,0.49930572509765625,0.5,0.5000152587890625,0.49903106689453125,0.499603271484375,0.5,0.5001220703125,0.5001220703125,0.5008697509765625,0.50048828125,0.5001220703125,0.500946044921875,0.5,0.5003509521484375,0.499755859375,0.49908447265625,0.50042724609375,0.49945068359375,0.5006103515625,0.49942779541015625,0.4992218017578125,0.5009765625,0.49999237060546875,0.4990234375,0.5007781982421875,0.5,0.5006103515625,0.4993896484375,0.49953460693359375,0.5,0.49993896484375,0.499267578125,0.49951171875,0.4991302490234375,0.5000228881835938,0.5000044703483582,0.5000015497207642,0.5000013113021851,0.5004138946533203,0.5000280141830444,0.5000036358833313,0.4991912841796875,0.50048828125,0.5000920295715332,0.5,0.50048828125,0.5,0.5008468627929688,0.4991912841796875,0.5000119805335999,0.5003490447998047,0.5001554489135742,0.5000543594360352,0.4990234375,0.500732421875,0.49922943115234375,0.50054931640625,0.500732421875,0.5009651184082031,0.49930572509765625,0.500244140625,0.5003662109375,0.49920654296875,0.500274658203125,0.49924468994140625,0.500213623046875,0.5002861022949219,0.5,0.4996337890625,0.499481201171875,0.500732421875,0.500023365020752,0.500946044921875,0.49951171875,0.4990234375,0.5007743835449219,0.5000457763671875,0.4990234375,0.5000391006469727,0.500274658203125,0.500732421875,0.5008392333984375,0.49942779541015625,0.49973297119140625,0.5000170469284058,0.49951171875,0.500213623046875,0.5003662109375,0.5000016689300537,0.500885009765625,0.5003814697265625,0.5008163452148438,0.5005455017089844,0.5000019669532776,0.5004692077636719,0.4996337890625,0.499755859375,0.5001335144042969,0.4995880126953125,0.5002422332763672,0.4990234375,0.4998016357421875,0.49977874755859375,0.5008354187011719,0.5000531673431396,0.5000089406967163,0.5006217956542969,0.5003147125244141,0.5000395774841309,0.5008468627929688,0.5009193420410156,0.5004177093505859,0.5000152587890625,0.49993896484375,0.500126838684082,0.4993438720703125,0.499755859375,0.49920654296875,0.5008049011230469,0.49976348876953125,0.49908447265625,0.5000090599060059,0.5003204345703125,0.5002288818359375,0.49912261962890625,0.5005836486816406,0.5000249147415161,0.5007514953613281,0.499359130859375,0.5000615119934082,0.5000495910644531,0.5001115798950195,0.500218391418457,0.5005035400390625,0.5005149841308594,0.499237060546875,0.4997711181640625,0.5007438659667969,0.5009040832519531,0.5006141662597656,0.5006141662597656,0.5004348754882812,0.5007858276367188,0.5006980895996094,0.49924468994140625,0.500037431716919,0.49913787841796875,0.500396728515625,0.5001039505004883,0.5000170469284058,0.5001745223999023,0.499267578125,0.5002555847167969,0.5009040832519531,0.49932098388671875,0.5002593994140625,0.5000720024108887,0.5002593994140625,0.5001153945922852,0.500244140625,0.5006256103515625,0.5008163452148438,0.5005950927734375,0.5006103515625,0.5003280639648438,0.500213623046875,0.5001220703125,0.5003433227539062,0.4992828369140625,0.5004997253417969,0.500208854675293,0.5009040832519531,0.5008506774902344,0.5002937316894531,0.5003089904785156,0.5009498596191406,0.500274658203125,0.5006027221679688,0.49945068359375,0.5005836486816406,0.500213623046875,0.5000088214874268,0.5000438690185547,0.5002107620239258,0.500147819519043,0.5000001192092896,0.5000003576278687,0.5000243186950684,0.50003981590271,0.5000481605529785,0.5000481605529785,0.5001306533813477,0.5004024505615234,0.5009651184082031,0.500037431716919,0.5000925064086914,0.5001306533813477,0.5001392364501953,0.5002937316894531,0.500396728515625,0.5002956390380859,0.4991912841796875,0.5003032684326172,0.5002288818359375,0.5000495910644531,0.5001015663146973,0.5002479553222656,0.5002593994140625,0.5001897811889648,0.50054931640625,0.5009536743164062,0.5007972717285156,0.4997100830078125,0.4994659423828125,0.49945068359375,0.5007171630859375,0.5002498626708984,0.50054931640625,0.499755859375,0.49908447265625,0.49969482421875,0.5005340576171875,0.500946044921875,0.5008163452148438,0.4995574951171875,0.5002479553222656,0.5002937316894531,0.500018835067749,0.5000619888305664,0.4992828369140625,0.5005836486816406,0.5005836486816406,0.5008506774902344,0.5004558563232422,0.50042724609375,0.5005035400390625,0.50003981590271,0.5006637573242188,0.500157356262207,0.500213623046875,0.5006637573242188,0.5006637573242188,0.5009651184082031,0.5005836486816406,0.5001440048217773,0.5003471374511719,0.5005073547363281,0.5000801086425781,0.5000295639038086,0.5001583099365234,0.5003395080566406,0.5004844665527344,0.4994354248046875,0.49953460693359375,0.5003509521484375,0.5004405975341797,0.4994354248046875,0.5004692077636719,0.499359130859375,0.5004024505615234,0.5003032684326172,0.5005340576171875,0.5007057189941406,0.499053955078125,0.5004558563232422,0.5000896453857422,0.5001306533813477,0.5009651184082031,0.5009651184082031,0.5004558563232422,0.49920654296875,0.5004844665527344,0.5003280639648438,0.5002460479736328,0.5006103515625,0.5000705718994141,0.500152587890625,0.5002040863037109,0.4990386962890625,0.5001964569091797,0.5001153945922852,0.5001015663146973,0.5001840591430664,0.5001306533813477,0.5000791549682617,0.5006637573242188,0.4995880126953125,0.500732421875,0.50018310546875,0.4994659423828125,0.49993896484375,0.49910736083984375,0.5007743835449219,0.500244140625,0.500885009765625,0.49932861328125,0.500579833984375,0.5000796318054199,0.5009498596191406,0.4993896484375,0.5,0.49951171875,0.5003662109375,0.5001034736633301,0.500457763671875,0.5001325607299805,0.5005035400390625,0.5005950927734375,0.5002899169921875,0.5002555847167969,0.5001802444458008,0.5008354187011719,0.499847412109375,0.4998779296875,0.5006561279296875,0.5005950927734375,0.5005569458007812,0.5003662109375,0.4996337890625,0.49921417236328125,0.49968719482421875,0.5,0.49951171875,0.500732421875,0.500701904296875,0.5,0.5004653930664062,0.49951171875,0.4997711181640625,0.50048828125,0.5,0.5009765625,0.4990234375,0.5,0.50067138671875,0.5004024505615234,0.500147819519043,0.5007972717285156,0.5001964569091797,0.5007743835449219,0.49920654296875,0.5001344680786133,0.5000579357147217,0.500157356262207,0.50042724609375,0.5005836486816406,0.5001082420349121,0.499053955078125,0.4992828369140625,0.5,0.5,0.49993896484375,0.50006103515625,0.50067138671875,0.500518798828125,0.50079345703125,0.5006103515625,0.5005950927734375,0.5006523132324219,0.5006332397460938,0.499176025390625,0.5006942749023438,0.4990234375,0.50018310546875,0.499725341796875,0.49959564208984375,0.4993743896484375,0.499237060546875,0.4992523193359375,0.5008544921875,0.5006065368652344,0.499542236328125,0.500762939453125,0.49948883056640625,0.500579833984375,0.4991912841796875,0.49906158447265625,0.49977874755859375,0.49977874755859375,0.49939727783203125,0.499755859375,0.49954986572265625,0.5004386901855469,0.49981689453125,0.49990081787109375,0.49997711181640625,0.49922943115234375,0.499725341796875,0.500946044921875,0.500274658203125,0.5000700950622559,0.5000824928283691,0.499267578125,0.5000872611999512,0.4996337890625,0.5009765625,0.500152587890625,0.4993896484375,0.49932861328125,0.5005264282226562,0.49932861328125,0.5009613037109375,0.49906158447265625,0.499420166015625,0.5004043579101562,0.4990234375,0.5001115798950195,0.500885009765625,0.5000182390213013,0.500006914138794,0.5000357627868652,0.5000438690185547,0.5000834465026855,0.5000302791595459,0.4993896484375,0.5000503063201904,0.5000588893890381,0.5000302791595459,0.5002117156982422,0.499267578125,0.50018310546875,0.49951171875,0.5008964538574219,0.50048828125,0.4991455078125,0.49970245361328125,0.50042724609375,0.5002727508544922,0.50048828125,0.5002460479736328,0.5000553131103516,0.49921417236328125,0.5001506805419922,0.5003204345703125,0.500274658203125,0.5009651184082031,0.49990081787109375,0.500732421875,0.49951171875,0.5009765625,0.499267578125,0.500732421875,0.500244140625,0.5004844665527344,0.5001964569091797,0.5001163482666016,0.5000174045562744,0.500823974609375,0.5001802444458008,0.50091552734375,0.5000132322311401,0.5000251531600952,0.4992828369140625,0.5003337860107422,0.49951171875,0.5,0.4990234375,0.500244140625,0.5,0.5001220703125,0.5,0.5,0.5,0.5000007748603821,0.49951171875,0.500244140625,0.5008392333984375,0.49951171875,0.49999237060546875,0.50006103515625,0.49981689453125,0.5008087158203125,0.49993896484375,0.5009765625,0.499176025390625,0.5009765625,0.5,0.4990234375,0.5009765625,0.5005302429199219,0.5009765625,0.5009765625,0.5003890991210938,0.500457763671875,0.5003662109375,0.499481201171875,0.5000340938568115,0.4991912841796875,0.49951171875,0.499237060546875,0.5009765625,0.5007514953613281,0.4990234375,0.500823974609375,0.500244140625,0.4990234375,0.5001206398010254,0.49990081787109375,0.500178337097168,0.500946044921875,0.500640869140625,0.49910736083984375,0.50067138671875,0.499755859375,0.499755859375,0.5,0.499267578125,0.5009765625,0.50048828125,0.49971771240234375,0.5004119873046875,0.5007057189941406,0.5001168251037598,0.50079345703125,0.4998779296875,0.500762939453125,0.4998931884765625,0.5006828308105469,0.500218391418457,0.5004081726074219,0.5002174377441406,0.5004920959472656,0.5002260208129883,0.5005950927734375,0.5000000596046448,0.49993896484375,0.50048828125,0.5,0.499664306640625,0.5001220703125,0.499755859375,0.5001983642578125,0.5001926422119141,0.4990997314453125,0.5006332397460938,0.500208854675293,0.5004024505615234,0.49915313720703125,0.500823974609375,0.4990997314453125,0.5000705718994141,0.5000483989715576,0.500000536441803,0.5,0.500119686126709,0.500147819519043,0.5,0.5003547668457031,0.5,0.5000457763671875,0.49957275390625,0.5006637573242188,0.5000030994415283,0.5001678466796875,0.4992828369140625,0.5,0.5,0.5000030994415283,0.5,0.49912261962890625,0.50091552734375,0.499267578125,0.499542236328125,0.4996490478515625,0.499267578125,0.50048828125,0.4990386962890625,0.5004768371582031,0.5001068115234375,0.49981689453125,0.50030517578125,0.49967193603515625,0.5001220703125
Vestries,base,0.333984375,0.3336588740348816,0.3333333432674408,0.3333333432674408,0.3336588740348816,0.3332926630973816,0.3326823115348816,0.3330078125,0.333984375,0.333984375,0.3333333730697632,0.3328450620174408,0.3331705927848816,0.3336588740348816,0.3326823115348816,0.3333333730697632,0.3330078125,0.333984375,0.333984375,0.3326823115348816,0.3330078125,0.33251953125,0.333984375,0.3330078125,0.33349609375,0.334228515625,0.333984375,0.333740234375,0.3336588740348816,0.3336588740348816,0.3334147334098816,0.3330078125,0.3339742124080658,0.3326823115348816,0.3337605893611908,0.3336588740348816,0.333740234375,0.3338216245174408,0.3329264521598816,0.33294677734375,0.3326823115348816,0.3328450620174408,0.3338216245174408,0.3333333432674408,0.3331705927848816,0.3336588740348816,0.3328654170036316,0.3333333432674408,0.33349609375,0.333984375,0.3333333432674408,0.3333333432674408,0.3338216245174408,0.3336588740348816,0.3328450620174408,0.33282470703125,0.3332112729549408,0.333984375,0.332763671875,0.3336995542049408,0.33357590436935425,0.3336588740348816,0.3331705927848816,0.333251953125,0.3328450620174408,0.3330078125,0.333251953125,0.3336588740348816,0.3335368037223816,0.3329264521598816,0.33251953125,0.3330078125,0.3336588740348816,0.333984375,0.3333333432674408,0.3326823115348816,0.3336588740348816,0.3328450620174408,0.3330078125,0.3338216245174408,0.3329264521598816,0.3328450620174408,0.3333333432674408,0.3331298828125,0.3333333432674408,0.333251953125,0.3334757685661316,0.3333333432674408,0.3333333432674408,0.3328857421875,0.3331705927848816,0.3333333432674408,0.3336995542049408,0.3338216245174408,0.3330078125,0.33349609375,0.3331705927848816,0.333984375,0.3339030146598816,0.3330078125,0.33349609375,0.333984375,0.3334147334098816,0.3331705927848816,0.333984375,0.3326823115348816,0.3333333432674408,0.3333333432674408,0.3336588740348816,0.3333333432674408,0.333984375,0.333984375,0.3328857421875,0.33355712890625,0.33349609375,0.333740234375,0.3332774043083191,0.3329060971736908,0.3335978388786316,0.33334171772003174,0.33344125747680664,0.33354470133781433,0.33381956815719604,0.33338356018066406,0.3339576721191406,0.33359259366989136,0.3337809443473816,0.3335164487361908,0.33340710401535034,0.3329264521598816,0.3328857421875,0.3330345153808594,0.3327891230583191,0.3327433466911316,0.3333384394645691,0.3330078125,0.3336823880672455,0.333648681640625,0.33395132422447205,0.33309048414230347,0.3337211012840271,0.3331197202205658,0.333251953125,0.3338216245174408,0.3334197998046875,0.3329404294490814,0.3337605893611908,0.33357399702072144,0.3329264521598816,0.3331095576286316,0.3339182734489441,0.3330167233943939,0.3336385190486908,0.3336181640625,0.3331807553768158,0.33356842398643494,0.3336944580078125,0.3338235318660736,0.33345288038253784,0.33353862166404724,0.3336431384086609,0.3334110677242279,0.33275097608566284,0.333251953125,0.33373260498046875,0.33274078369140625,0.33276718854904175,0.3329722285270691,0.3333638608455658,0.3334554135799408,0.33331298828125,0.3333333432674408,0.3326823115348816,0.3328908383846283,0.3331095576286316,0.3339640498161316,0.3329264521598816,0.3332316279411316,0.3336588740348816,0.33319091796875,0.3337554931640625,0.3328450620174408,0.3338826596736908,0.3329671323299408,0.3329264521598816,0.33310192823410034,0.3329417109489441,0.33334407210350037,0.33339211344718933,0.3336995542049408,0.3330485224723816,0.3335164487361908,0.3332011103630066,0.3330078125,0.3337554931640625,0.3329264521598816,0.3328145444393158,0.33327358961105347,0.3339436948299408,0.3334757685661316,0.3339436948299408,0.3330078125,0.33356285095214844,0.3330078125,0.3328450620174408,0.3329264521598816,0.33363980054855347,0.3332316279411316,0.33282470703125,0.3330078125,0.3338623046875,0.3336130976676941,0.3330078125,0.3331197202205658,0.3336080014705658,0.3328908383846283,0.33319091796875,0.3334147334098816,0.3333282470703125,0.3326823115348816,0.3330078125,0.3326823115348816,0.3338623046875,0.3336588740348816,0.333740234375,0.33349609375,0.3330485224723816,0.333740234375,0.3331298828125,0.3329671323299408,0.33331298828125,0.3338623046875,0.3333333432674408,0.3336588740348816,0.3331705927848816,0.3337809443473816,0.333740234375,0.3332417905330658,0.33270263671875,0.3332112729549408,0.333221435546875,0.3328806757926941,0.3330892026424408,0.3331705927848816,0.3335774838924408,0.3331044614315033,0.33265432715415955,0.33351752161979675,0.3327980041503906,0.33319091796875,0.33389028906822205,0.3330129086971283,0.3328450620174408,0.33358001708984375,0.3334770202636719,0.3330078125,0.333251953125,0.3332926630973816,0.3333333432674408,0.333740234375,0.3334197998046875,0.3328450620174408,0.33355712890625,0.3335062861442566,0.3328450620174408,0.33319091796875,0.3330078125,0.3328450620174408,0.3335774838924408,0.3336385190486908,0.3332723081111908,0.3331197202205658,0.3331705927848816,0.3338216245174408,0.3336893916130066,0.3334147334098816,0.333404541015625,0.3330892026424408,0.332763671875,0.3328450620174408,0.3329264521598816,0.3337809443473816,0.3338826596736908,0.3332011103630066,0.3336588740348816,0.3335368037223816,0.332763671875,0.3331400752067566,0.3328857421875,0.3330078125,0.3331502377986908,0.3331705927848816,0.3331095576286316,0.3336588740348816,0.3330078125,0.3336588740348816,0.3340657651424408,0.3334452509880066,0.3330485224723816,0.3337809443473816,0.3334554135799408,0.33392333984375,0.3328450620174408,0.3328043818473816,0.3329671323299408,0.3326009213924408,0.3333180844783783,0.3336588740348816,0.3327554166316986,0.3330078125,0.3334276080131531,0.333740234375,0.3329947888851166,0.3337758481502533,0.3334617614746094,0.3332926630973816,0.3336731791496277,0.3337199091911316,0.3338623046875,0.3336080014705658,0.3330078125,0.3336995542049408,0.3330078125,0.332763671875,0.333984375,0.3334554135799408,0.3329264521598816,0.3329264521598816,0.33367919921875,0.3334147334098816,0.3337605893611908,0.3338419795036316,0.3338737487792969,0.3337199091911316,0.33349609375,0.3330841064453125,0.3338623046875,0.3338114619255066,0.3330078125,0.3333333432674408,0.3330892026424408,0.33306884765625,0.3333333432674408,0.3336714208126068,0.3335774838924408,0.3335368037223816,0.3338419795036316,0.3330485224723816,0.3338216245174408,0.3338216245174408,0.3334147334098816,0.3336181640625,0.333648681640625,0.33349609375,0.3338419795036316,0.332763671875,0.3339131772518158,0.3330078125,0.333587646484375,0.333526611328125,0.333770751953125,0.333251953125,0.3338826596736908,0.3330790400505066,0.3336588740348816,0.3331705927848816,0.3338216245174408,0.3330485224723816,0.3339030146598816,0.33349609375,0.3326823115348816,0.3330485224723816,0.3329264521598816,0.3328857421875,0.3336588740348816,0.3333333432674408,0.3326823115348816,0.3336588740348816,0.3331705927848816,0.33349609375,0.333251953125,0.33380126953125,0.3336588740348816,0.3328298032283783,0.332763671875,0.3336995542049408,0.332763671875,0.333251953125,0.3326009213924408,0.3329264521598816,0.3330892026424408,0.3328450620174408,0.33344969153404236,0.33386993408203125,0.3335164487361908,0.3336080014705658,0.3333408236503601,0.33333370089530945,0.3329010009765625,0.3336453437805176,0.33278021216392517,0.3327738642692566,0.33355712890625,0.3337199091911316,0.3338521420955658,0.33310192823410034,0.3331400752067566,0.3333333432674408,0.33319091796875,0.3330078125,0.3336995542049408,0.333740234375,0.3336588740348816,0.3338216245174408,0.3333333432674408,0.33349609375,0.3336588740348816,0.3340047299861908,0.3330078125,0.3338216245174408,0.3330892026424408,0.3336753845214844,0.333038330078125,0.3332112729549408,0.33270901441574097,0.3339030146598816,0.3336588740348816,0.3331197202205658,0.3330078125,0.3327229917049408,0.3326568603515625,0.3336588740348816,0.3333333432674408,0.33349609375,0.3339182734489441,0.3331400752067566,0.3335774838924408,0.3326823115348816,0.33382177352905273,0.3330129086971283,0.33289003372192383,0.3330078125,0.3339030146598816,0.333984375,0.3336181640625,0.3339030146598816,0.333251953125,0.333984375,0.3339080810546875,0.3329671323299408,0.33392333984375,0.3334554135799408,0.3335368037223816,0.33349609375,0.3329264521598816,0.3327535092830658,0.3333333432674408,0.33276113867759705,0.3338521420955658,0.3334401547908783,0.3330942988395691,0.3335927426815033,0.3328857421875,0.3331807553768158,0.3331705927848816,0.3327229917049408,0.3336995542049408,0.3326823115348816,0.3339640498161316,0.3331705927848816,0.3326823115348816,0.3326823115348816,0.33349609375,0.33349609375,0.3334147334098816,0.3329060971736908,0.3330892026424408,0.3331705927848816,0.333984375,0.3331705927848816,0.3332316279411316,0.33349609375,0.3330485224723816,0.333251953125,0.33270835876464844,0.3333333432674408,0.3338890075683594,0.3326823115348816,0.3330586850643158,0.3327891230583191,0.3330485224723816,0.3333740234375,0.33343505859375,0.3335774838924408,0.3330065608024597,0.33273762464523315,0.3329976499080658,0.3330078125,0.3332723081111908,0.3338623046875,0.3331705927848816,0.3333333432674408,0.3331502377986908,0.333740234375,0.3332926630973816,0.333740234375,0.3336588740348816,0.3330892026424408,0.3336588740348816,0.3336995542049408,0.3330078125,0.33333539962768555,0.3331705927848816,0.3326823115348816,0.333465576171875,0.33349609375,0.3330078125,0.3326823115348816,0.333740234375,0.3331705927848816,0.3328450620174408,0.3337809443473816,0.3330892026424408,0.3326823115348816,0.333984375,0.3328450620174408,0.3339030146598816,0.3337911069393158,0.3328043818473816,0.3336181640625,0.3331095576286316,0.3333333432674408,0.3333336114883423,0.3330078125,0.3332316279411316,0.3337809443473816,0.3333333432674408,0.3327840268611908,0.33349609375,0.3326823115348816,0.3339030146598816,0.3330078125,0.3334147334098816,0.3336588740348816,0.332763671875,0.3333333432674408,0.3333536982536316,0.33332061767578125,0.3339436948299408,0.33294677734375,0.3338674008846283,0.3338216245174408,0.33282470703125,0.3327840268611908,0.3333333432674408,0.3339436948299408,0.3326823115348816,0.3338419795036316,0.3330078125,0.3335164487361908,0.3329264521598816,0.3333333432674408,0.3338216245174408,0.3330892026424408,0.3336588740348816,0.3330078125,0.3331705927848816,0.3326416015625,0.3329060971736908,0.3332316279411316,0.33380126953125,0.332763671875,0.3329264521598816,0.333251953125,0.332763671875,0.3333333432674408,0.3330078125,0.3333333432674408,0.3331298828125,0.3329264521598816,0.3340657651424408,0.3334147334098816,0.333251953125,0.3333536982536316,0.33349609375,0.3335774838924408,0.3331756591796875,0.3336588740348816,0.3328450620174408,0.332763671875,0.3331298828125,0.333740234375,0.3329264521598816,0.3339436948299408,0.3336588740348816,0.3328450620174408,0.3335368037223816,0.3338216245174408,0.333251953125,0.3334554135799408,0.3333333432674408,0.333251953125,0.3331705927848816,0.3336588740348816,0.333984375,0.333984375,0.3336588740348816,0.3330078125,0.3331705927848816,0.3330892026424408,0.33349609375,0.3336588740348816,0.3333333432674408,0.3339436948299408,0.3337809443473816,0.333251953125,0.3331705927848816,0.3332417905330658,0.3339436948299408,0.3339567184448242,0.33365821838378906,0.3337637782096863,0.33349451422691345,0.333221435546875,0.333740234375,0.3332112729549408,0.3328450620174408,0.333740234375,0.33380126953125,0.333984375,0.3334554135799408,0.3336588740348816,0.3328857421875,0.3328857421875,0.333740234375,0.3333333432674408,0.3339131772518158,0.3328704833984375,0.3333231806755066,0.3330892026424408,0.333740234375,0.3329264521598816,0.3328043818473816,0.3329264521598816,0.3333333432674408,0.333984375,0.3336588740348816,0.3338724970817566,0.3334147334098816,0.3328043818473816,0.3336995542049408,0.33331298828125,0.3332926630973816,0.3332265317440033,0.3333333432674408,0.3339640498161316,0.33283743262290955,0.33341726660728455,0.3332926630973816,0.333892822265625,0.3334808349609375,0.3331705927848816,0.3329417109489441,0.3330637812614441,0.3334554135799408,0.3333333432674408,0.3337809443473816,0.33349609375,0.3333333432674408,0.3334147334098816,0.333251953125,0.3336588740348816,0.3331705927848816,0.333740234375,0.333251953125,0.3336995542049408,0.3328857421875,0.3331705927848816,0.3336588740348816,0.33284759521484375,0.3330218195915222,0.3331349790096283,0.3338724970817566,0.33282470703125,0.3331044614315033,0.3339182734489441,0.3333333432674408,0.3328043818473816,0.3326009213924408,0.33349609375,0.3329671323299408,0.3332112729549408,0.3337605893611908,0.3326924741268158,0.333709716796875,0.3333333432674408,0.3334757685661316,0.333984375,0.3329060971736908,0.3331502377986908,0.3327840268611908,0.3328450620174408,0.3330892026424408,0.3330078125,0.3326823115348816,0.3333536982536316,0.3330892026424408,0.33329519629478455,0.33306884765625,0.33342742919921875,0.3332316279411316,0.33336639404296875,0.333587646484375,0.3335164487361908,0.333251953125,0.3339030146598816,0.3336588740348816,0.33331298828125,0.3338216245174408,0.3333333432674408,0.3331705927848816,0.3335113525390625,0.3337453305721283,0.33331045508384705,0.3337300717830658,0.3331044614315033,0.3328450620174408,0.3331807553768158,0.33349609375,0.3330078125,0.3336283564567566,0.33359527587890625,0.3334757685661316,0.3337790369987488,0.3326924741268158,0.33278149366378784,0.333251953125,0.3332316279411316,0.33385467529296875,0.3338419795036316,0.3332011103630066,0.33393096923828125,0.3328908383846283,0.3330892026424408,0.3327840268611908,0.3332252502441406,0.3328819274902344,0.3335863947868347,0.33377012610435486,0.3337809443473816,0.3326823115348816,0.3333333432674408,0.3331705927848816,0.3339436948299408,0.3336181640625,0.3338216245174408,0.3330892026424408,0.3337605893611908,0.333984375,0.33380126953125,0.3339691162109375,0.332855224609375,0.3334248960018158,0.3333333432674408,0.332733154296875,0.33351048827171326,0.3333333432674408,0.333445280790329,0.3333333432674408,0.3333333432674408,0.3337962031364441,0.3329823911190033,0.3330078125,0.333099365234375,0.3327128291130066,0.3330892026424408,0.3338216245174408,0.3329060971736908,0.3333028256893158,0.33313626050949097,0.3335520625114441,0.3334503173828125,0.3338623046875,0.3330180048942566
Apparentements,base,0.3336588740348816,0.3336588740348816,0.3333333432674408,0.33333539962768555,0.3330078125,0.3331705927848816,0.33349609375,0.3330078125,0.3328043818473816,0.3330078125,0.3333892822265625,0.3336588740348816,0.333984375,0.3330078125,0.333984375,0.3333333730697632,0.333984375,0.333984375,0.333984375,0.333984375,0.3336588740348816,0.3334147334098816,0.3330892026424408,0.333740234375,0.332763671875,0.3333333432674408,0.3331705927848816,0.3330078125,0.3333333432674408,0.3326823115348816,0.3326823115348816,0.3330078125,0.3330892026424408,0.3326823115348816,0.3336588740348816,0.3336588740348816,0.3326823115348816,0.3333333432674408,0.3326823115348816,0.3329264521598816,0.3333333432674408,0.3333333432674408,0.3328450620174408,0.3336588740348816,0.3326823115348816,0.3333333432674408,0.3340657651424408,0.3330078125,0.3333333432674408,0.3326823115348816,0.3330078125,0.333251953125,0.3336588740348816,0.33349609375,0.3333333432674408,0.3328450620174408,0.3338216245174408,0.3326823115348816,0.3330892026424408,0.33349609375,0.3336588740348816,0.333984375,0.3330078125,0.3326823115348816,0.3330078125,0.3331705927848816,0.3331705927848816,0.3336588740348816,0.3333333432674408,0.3336588740348816,0.3330078125,0.3333333432674408,0.3333333432674408,0.333984375,0.3330078125,0.3336588740348816,0.3336588740348816,0.3338216245174408,0.3334147334098816,0.33349609375,0.3338216245174408,0.3331705927848816,0.3336181640625,0.3336588740348816,0.3338216245174408,0.3333333432674408,0.3333333432674408,0.3330892026424408,0.3336588740348816,0.3328450620174408,0.3336588740348816,0.3333333432674408,0.3326823115348816,0.3333333432674408,0.3330078125,0.3338216245174408,0.3333333432674408,0.3336588740348816,0.3338216245174408,0.3331705927848816,0.3341471552848816,0.3326823115348816,0.3333333432674408,0.3330078125,0.3336588740348816,0.3338216245174408,0.3333333432674408,0.3333333432674408,0.3338216245174408,0.333984375,0.333984375,0.3330078125,0.3330892026424408,0.3337809443473816,0.3333333432674408,0.333709716796875,0.3339436948299408,0.33349609375,0.3328654170036316,0.3333336114883423,0.3327368199825287,0.3334476351737976,0.333473265171051,0.3339500427246094,0.33365392684936523,0.3333699107170105,0.3331705927848816,0.3338521420955658,0.33353298902511597,0.3334147334098816,0.3330892026424408,0.3334503173828125,0.3329213559627533,0.3334147334098816,0.33277639746665955,0.3333740234375,0.333160400390625,0.3331502377986908,0.3328501582145691,0.33334988355636597,0.3328535556793213,0.33276113867759705,0.3332926630973816,0.3338216245174408,0.3337300717830658,0.33315786719322205,0.3338915705680847,0.33303070068359375,0.3335774838924408,0.3336588740348816,0.3332316279411316,0.3337860107421875,0.33355712890625,0.3334859311580658,0.3334605097770691,0.33317822217941284,0.3331502377986908,0.3335215449333191,0.33396658301353455,0.3338252007961273,0.3331693112850189,0.33364424109458923,0.3338419795036316,0.333587646484375,0.3326943814754486,0.3338356018066406,0.332955539226532,0.33315277099609375,0.3331705927848816,0.3333842158317566,0.3338775634765625,0.3336588740348816,0.33349609375,0.3333943784236908,0.333251953125,0.3335368037223816,0.3335978388786316,0.3338114619255066,0.3336588740348816,0.3329671323299408,0.33392333984375,0.3338216245174408,0.3339030146598816,0.333984375,0.333526611328125,0.3333231806755066,0.3339030146598816,0.3333760201931,0.33356475830078125,0.3335774838924408,0.3338216245174408,0.3329264521598816,0.33290863037109375,0.3337199091911316,0.3338623046875,0.332672119140625,0.333740234375,0.33275097608566284,0.3330892026424408,0.333740234375,0.3333333432674408,0.3331705927848816,0.3333625793457031,0.3328450620174408,0.3332926630973816,0.3327840268611908,0.3328946530818939,0.3331807553768158,0.333984375,0.3334147334098816,0.33380126953125,0.33283233642578125,0.33282470703125,0.3339385986328125,0.3330892026424408,0.3337809443473816,0.3328857421875,0.3330078125,0.3338419795036316,0.3327433466911316,0.3336588740348816,0.333984375,0.3329264521598816,0.3338419795036316,0.333251953125,0.3336588740348816,0.3335164487361908,0.3334147334098816,0.33392333984375,0.3333740234375,0.3333943784236908,0.3326924741268158,0.33349609375,0.333404541015625,0.3329874873161316,0.3330485224723816,0.3338216245174408,0.3333943784236908,0.332855224609375,0.3336283564567566,0.3328857421875,0.33306884765625,0.3335927426815033,0.33276495337486267,0.3329264521598816,0.33304405212402344,0.3338507115840912,0.33354759216308594,0.3336711823940277,0.3338530957698822,0.33366522192955017,0.3329842984676361,0.3339030146598816,0.3332723081111908,0.3335609436035156,0.3330892026424408,0.33331298828125,0.333251953125,0.3330078125,0.332855224609375,0.3329703211784363,0.33308666944503784,0.3338356018066406,0.3332265317440033,0.333984375,0.3331705927848816,0.3333333432674408,0.3336588740348816,0.3330892026424408,0.3330180048942566,0.333648681640625,0.3337809443473816,0.3339030146598816,0.3335368037223816,0.3339436948299408,0.333984375,0.3338216245174408,0.3343099057674408,0.333709716796875,0.3331705927848816,0.3335368037223816,0.3332011103630066,0.3338216245174408,0.3333333432674408,0.3330078125,0.3336588740348816,0.33349609375,0.3329060971736908,0.3339436948299408,0.333648681640625,0.333404541015625,0.33349609375,0.3338419795036316,0.3334147334098816,0.332916259765625,0.3339640498161316,0.3326823115348816,0.3329823911190033,0.3335723876953125,0.3329874873161316,0.3334757685661316,0.3331248164176941,0.3334554135799408,0.3328094482421875,0.3333536982536316,0.3336181640625,0.3327738642692566,0.3330892026424408,0.33307546377182007,0.3336588740348816,0.33389538526535034,0.3333740234375,0.3333587646484375,0.3334554135799408,0.3337554931640625,0.3329060971736908,0.3329133987426758,0.33355712890625,0.3333943784236908,0.33303579688072205,0.3330485224723816,0.3328450620174408,0.3338623046875,0.3331298828125,0.3338216245174408,0.3330078125,0.3333333432674408,0.332733154296875,0.3336893916130066,0.33282470703125,0.3339030146598816,0.3338216245174408,0.3336080014705658,0.3337809443473816,0.33277130126953125,0.33394116163253784,0.3330078125,0.3337351679801941,0.3338623046875,0.3330892026424408,0.3328857421875,0.3332316279411316,0.3338419795036316,0.3337300717830658,0.3338419795036316,0.3331298828125,0.3327433466911316,0.332763671875,0.3338216245174408,0.33349609375,0.3335978388786316,0.33306884765625,0.3334554135799408,0.3336588740348816,0.3333740234375,0.3338521420955658,0.33370718359947205,0.3331705927848816,0.33367919921875,0.3339589536190033,0.3329944610595703,0.3338826596736908,0.3334554135799408,0.3332316279411316,0.33355712890625,0.3331705927848816,0.3326823115348816,0.3329060971736908,0.3337809443473816,0.333160400390625,0.333984375,0.3326823115348816,0.33270263671875,0.3338623046875,0.3338216245174408,0.333984375,0.3328450620174408,0.3331705927848816,0.332855224609375,0.3331705927848816,0.333740234375,0.33282470703125,0.3336588740348816,0.3336537778377533,0.3339030146598816,0.3326823115348816,0.3332316279411316,0.33306884765625,0.3329264521598816,0.3329366147518158,0.333984375,0.3333333432674408,0.3336835503578186,0.33302944898605347,0.3329620361328125,0.3331298828125,0.3333682417869568,0.33333346247673035,0.33353614807128906,0.3334014117717743,0.3334176540374756,0.33286285400390625,0.3339080810546875,0.3336811065673828,0.33349609375,0.33321380615234375,0.3326823115348816,0.3333740234375,0.3333028256893158,0.3331298828125,0.333221435546875,0.33343505859375,0.3336588740348816,0.3334554135799408,0.3330078125,0.3335774838924408,0.3334554135799408,0.3329976499080658,0.3330078125,0.3329264521598816,0.3330892026424408,0.3332163691520691,0.3329264521598816,0.3338826596736908,0.3327268064022064,0.3335368037223816,0.3331705927848816,0.3335418701171875,0.3333333432674408,0.3332926630973816,0.3333842158317566,0.3333333432674408,0.3331705927848816,0.33349609375,0.332855224609375,0.3337554931640625,0.3335774838924408,0.3336995542049408,0.3330287039279938,0.3338623046875,0.33319348096847534,0.3329264521598816,0.3335368037223816,0.333984375,0.3332112729549408,0.3332723081111908,0.3331705927848816,0.3338216245174408,0.3338419795036316,0.3330790400505066,0.33349609375,0.3333231806755066,0.3333943784236908,0.3339640498161316,0.3326823115348816,0.3327992856502533,0.3330078125,0.3336588740348816,0.332763671875,0.332977294921875,0.333587646484375,0.3335774838924408,0.3333740234375,0.3333384394645691,0.3333943784236908,0.3339030146598816,0.333404541015625,0.3336588740348816,0.33349609375,0.3331705927848816,0.3333333432674408,0.3336588740348816,0.3338216245174408,0.3329264521598816,0.333984375,0.3337809443473816,0.3331298828125,0.3331298828125,0.3333333432674408,0.3330078125,0.3326212763786316,0.3336588740348816,0.3338216245174408,0.3339436948299408,0.332763671875,0.3326823115348816,0.3330637812614441,0.3329671323299408,0.3329366147518158,0.3332723081111908,0.33380126953125,0.3334554135799408,0.3326823115348816,0.3327433466911316,0.33369192481040955,0.33340200781822205,0.3330180048942566,0.3328043818473816,0.333587646484375,0.332763671875,0.3339030146598816,0.3331095576286316,0.3331705927848816,0.33349609375,0.333984375,0.3332926630973816,0.3328450620174408,0.333984375,0.33343505859375,0.3333536982536316,0.3335774838924408,0.33333420753479004,0.3329264521598816,0.333984375,0.3334554135799408,0.3329264521598816,0.333740234375,0.33349609375,0.3331705927848816,0.3333536982536316,0.3336181640625,0.3332316279411316,0.333740234375,0.3339436948299408,0.3328450620174408,0.33349609375,0.3334147334098816,0.3339030146598816,0.3330485224723816,0.33349609375,0.3330485224723816,0.3331705927848816,0.33333343267440796,0.333251953125,0.333038330078125,0.3336181640625,0.3330078125,0.3330078125,0.3333333432674408,0.3339640498161316,0.3331705927848816,0.3338419795036316,0.3336029052734375,0.3330892026424408,0.3332723081111908,0.3333333432674408,0.3331502377986908,0.3327840268611908,0.3330485224723816,0.33355712890625,0.3332011103630066,0.33270263671875,0.3339030146598816,0.3331298828125,0.3331705927848816,0.3339030146598816,0.3326823115348816,0.3339030146598816,0.3332926630973816,0.3339742124080658,0.332763671875,0.3336588740348816,0.3334147334098816,0.333251953125,0.3327229917049408,0.3333333432674408,0.3328450620174408,0.3328857421875,0.3327789306640625,0.332733154296875,0.3327229917049408,0.3330230712890625,0.3336995542049408,0.3329874873161316,0.3333333432674408,0.333587646484375,0.3330892026424408,0.3337605893611908,0.3330078125,0.3333333432674408,0.33282470703125,0.3326823115348816,0.3337809443473816,0.3338114619255066,0.3327229917049408,0.3339030146598816,0.33294424414634705,0.33380126953125,0.333740234375,0.3333740234375,0.3333333432674408,0.333251953125,0.3328857421875,0.3330078125,0.3326823115348816,0.3338521420955658,0.33294677734375,0.3335774838924408,0.3338216245174408,0.3336588740348816,0.3330078125,0.3328043818473816,0.33270263671875,0.3336588740348816,0.3331705927848816,0.3326823115348816,0.333740234375,0.3334147334098816,0.3335774838924408,0.3336588740348816,0.3337809443473816,0.3330485224723816,0.333251953125,0.3329874873161316,0.3336588740348816,0.3338368833065033,0.3330485224723816,0.3333943784236908,0.3336995542049408,0.3327840268611908,0.33276939392089844,0.33304470777511597,0.3335239291191101,0.3330892026424408,0.332916259765625,0.33331298828125,0.3331298828125,0.33355712890625,0.33282470703125,0.3329671323299408,0.3333333432674408,0.3334147334098816,0.33319091796875,0.333251953125,0.3333333432674408,0.3332112729549408,0.3327229917049408,0.33303260803222656,0.33369287848472595,0.3335774838924408,0.3335978388786316,0.333160400390625,0.33315786719322205,0.3336385190486908,0.3338216245174408,0.3326823115348816,0.3328450620174408,0.3331502377986908,0.3332112729549408,0.3337911069393158,0.3328857421875,0.3331553339958191,0.333648681640625,0.333209365606308,0.3337504267692566,0.3336995542049408,0.3333638608455658,0.3331553339958191,0.3335164487361908,0.3334757685661316,0.3326670527458191,0.33349609375,0.3333524167537689,0.3338216245174408,0.3324381709098816,0.3328857421875,0.3339436948299408,0.3332366943359375,0.3330892026424408,0.33349609375,0.333740234375,0.333251953125,0.3335774838924408,0.3326823115348816,0.333251953125,0.333984375,0.3336385190486908,0.33306884765625,0.3328654170036316,0.3327280879020691,0.33389538526535034,0.3335418701171875,0.33356666564941406,0.3331705927848816,0.333526611328125,0.33321255445480347,0.3336588740348816,0.33343505859375,0.3333333432674408,0.3326823115348816,0.3328857421875,0.3334147334098816,0.3337809443473816,0.3330078125,0.33382290601730347,0.333953857421875,0.3331705927848816,0.3337809443473816,0.3335215449333191,0.333251953125,0.3335164487361908,0.3329264521598816,0.3329264521598816,0.3333333432674408,0.33349609375,0.33349609375,0.3333740234375,0.3327128291130066,0.33385467529296875,0.33314770460128784,0.3338114619255066,0.33282470703125,0.33360737562179565,0.3334605097770691,0.3334147334098816,0.33343505859375,0.3330078125,0.3331298828125,0.333984375,0.3331705927848816,0.3326823115348816,0.3335469663143158,0.3335368037223816,0.33306822180747986,0.3331553339958191,0.33359336853027344,0.3334554135799408,0.3332926630973816,0.3335603177547455,0.33397167921066284,0.33388519287109375,0.33373260498046875,0.3337389826774597,0.3329010009765625,0.33375805616378784,0.33368366956710815,0.3328857421875,0.3336639404296875,0.33383306860923767,0.3334147334098816,0.3327789306640625,0.3328043818473816,0.33329519629478455,0.33282727003097534,0.3333892822265625,0.3329264521598816,0.33396023511886597,0.3338470458984375,0.33383816480636597,0.3332774043083191,0.3334554135799408,0.3336436152458191,0.3329264521598816,0.3333740234375,0.3330078125,0.3330078125,0.33294677734375,0.33363914489746094,0.333770751953125,0.3333761692047119,0.3338451385498047,0.3338216245174408,0.33305105566978455,0.3333333432674408,0.3338419795036316,0.33341535925865173,0.3333333432674408,0.3333333730697632,0.3333333432674408,0.3333333432674408,0.3339436948299408,0.3328539729118347,0.333038330078125,0.3339805603027344,0.33274969458580017,0.332916259765625,0.3328348994255066,0.3331095576286316,0.3326911926269531,0.33388394117355347,0.33295950293540955,0.3332417905330658,0.3328654170036316,0.3334212303161621
Gorgio,base,0.3330078125,0.3326823115348816,0.3336588740348816,0.3333333730697632,0.3333333432674408,0.3331705927848816,0.3326823115348816,0.333984375,0.3331298828125,0.3331705927848816,0.333984375,0.3333333432674408,0.3326823115348816,0.3331705927848816,0.3330078125,0.3333333432674408,0.3336588740348816,0.3326823115348816,0.333984375,0.333984375,0.3326823115348816,0.3333333432674408,0.333984375,0.3326823115348816,0.3331705927848816,0.33349609375,0.3336588740348816,0.3328450620174408,0.3336588740348816,0.3333333432674408,0.3330078125,0.3331705927848816,0.3329264521598816,0.333984375,0.333984375,0.33349609375,0.3333333432674408,0.3330078125,0.3329264521598816,0.3335368037223816,0.333251953125,0.3333333432674408,0.333251953125,0.3326823115348816,0.3333333432674408,0.333740234375,0.3333740234375,0.3333333432674408,0.3333333432674408,0.3331705927848816,0.333984375,0.3336588740348816,0.3333333432674408,0.3323567807674408,0.333984375,0.3335368037223816,0.3327229917049408,0.3336588740348816,0.3328654170036316,0.3326823115348816,0.3333180844783783,0.3329264521598816,0.3336588740348816,0.3326823115348816,0.3326823115348816,0.333984375,0.3338216245174408,0.3338216245174408,0.3333333432674408,0.3330078125,0.3333333432674408,0.3330078125,0.333984375,0.3333333432674408,0.3326823115348816,0.3336588740348816,0.3336588740348816,0.3330078125,0.3330078125,0.3328450620174408,0.3338216245174408,0.333984375,0.333984375,0.3331705927848816,0.333984375,0.3329264521598816,0.3340657651424408,0.3326823115348816,0.3328450620174408,0.333984375,0.33349609375,0.3338216245174408,0.3332723081111908,0.3336588740348816,0.3330078125,0.3336588740348816,0.3326823115348816,0.3331705927848816,0.3330078125,0.333984375,0.3330078125,0.3336588740348816,0.3333333432674408,0.3330078125,0.3341471552848816,0.333984375,0.3330078125,0.3333333432674408,0.3333333432674408,0.3331705927848816,0.3336588740348816,0.3330078125,0.3328450620174408,0.3337809443473816,0.3326823115348816,0.3327840268611908,0.3331502377986908,0.3331298828125,0.3329264521598816,0.33334285020828247,0.33318838477134705,0.3330027461051941,0.3339030146598816,0.3335673213005066,0.3328603208065033,0.33295950293540955,0.33349609375,0.333251953125,0.3339284360408783,0.3335774838924408,0.3328857421875,0.3335469663143158,0.3333791196346283,0.3332316279411316,0.3331298828125,0.333251953125,0.3338826596736908,0.3339030146598816,0.3338114619255066,0.33305615186691284,0.3335711359977722,0.3338419795036316,0.3331705927848816,0.332672119140625,0.3337949216365814,0.3335062861442566,0.33386868238449097,0.33372434973716736,0.3334147334098816,0.3333333432674408,0.3332112729549408,0.333251953125,0.3335062861442566,0.3331497609615326,0.33306121826171875,0.3330180048942566,0.333819717168808,0.3335673213005066,0.33329010009765625,0.33357542753219604,0.33356285095214844,0.3330955505371094,0.33288320899009705,0.3332621455192566,0.3338305354118347,0.333251953125,0.3334693908691406,0.3328145444393158,0.33279547095298767,0.3328806757926941,0.33306884765625,0.333740234375,0.3330892026424408,0.33274078369140625,0.3334757685661316,0.3331095576286316,0.3328654170036316,0.3326009213924408,0.3326823115348816,0.3332112729549408,0.3331623077392578,0.33294677734375,0.3341471552848816,0.3337605893611908,0.3330841064453125,0.3328450620174408,0.3330790400505066,0.3333602547645569,0.33335989713668823,0.3330027461051941,0.3328450620174408,0.33286795020103455,0.3333231806755066,0.333831787109375,0.33397674560546875,0.3337605893611908,0.3333740234375,0.3336537778377533,0.3332112729549408,0.3328857421875,0.3333333432674408,0.333740234375,0.3330078125,0.3328450620174408,0.3331705927848816,0.3333333432674408,0.3327738642692566,0.3336588740348816,0.3331298828125,0.3333333432674408,0.333984375,0.3333028256893158,0.3326823115348816,0.3331705927848816,0.3337199091911316,0.3337249755859375,0.3330281674861908,0.333251953125,0.3338470458984375,0.3328043818473816,0.3333333432674408,0.3338216245174408,0.3336181640625,0.3327229917049408,0.3338623046875,0.3329264521598816,0.3331705927848816,0.3334554135799408,0.3330485224723816,0.3332112729549408,0.3333333432674408,0.33392333984375,0.3329671323299408,0.3338623046875,0.3332316279411316,0.33349609375,0.33349609375,0.333282470703125,0.3329671323299408,0.3336588740348816,0.3336232602596283,0.3328094482421875,0.333038330078125,0.3331095576286316,0.3336588740348816,0.3333231806755066,0.3330955505371094,0.3331288695335388,0.3336601257324219,0.3338724970817566,0.333770751953125,0.3336561620235443,0.3330078125,0.3328450620174408,0.3335469663143158,0.33282470703125,0.3330078125,0.3329264521598816,0.3330078125,0.3339436948299408,0.33368176221847534,0.3333333432674408,0.3326823115348816,0.33343505859375,0.3336995542049408,0.3332316279411316,0.3336588740348816,0.3326823115348816,0.3336181640625,0.3335673213005066,0.3339030146598816,0.3329620361328125,0.3330078125,0.33355712890625,0.3335774838924408,0.3336588740348816,0.3339436948299408,0.3338216245174408,0.3334147334098816,0.3336181640625,0.3333740234375,0.33287811279296875,0.333526611328125,0.3330586850643158,0.3331298828125,0.3335774838924408,0.3328450620174408,0.333282470703125,0.3331095576286316,0.3329264521598816,0.3332875669002533,0.3330892026424408,0.3338216245174408,0.3333333432674408,0.33343505859375,0.3335622251033783,0.33349609375,0.3330790400505066,0.3334147334098816,0.3338216245174408,0.3338216245174408,0.3335774838924408,0.3328450620174408,0.33270263671875,0.3335774838924408,0.3340657651424408,0.3334147334098816,0.3338216245174408,0.3327840268611908,0.333251953125,0.3333536982536316,0.332763671875,0.3330281674861908,0.3339030146598816,0.3326009213924408,0.3334554135799408,0.3329366147518158,0.3331298828125,0.3333740234375,0.3326823115348816,0.33338165283203125,0.3339030146598816,0.3333333432674408,0.3330892026424408,0.3330078125,0.3333333432674408,0.3328450620174408,0.3334147334098816,0.3333333432674408,0.3333333432674408,0.3326823115348816,0.3330078125,0.33251953125,0.3339030146598816,0.3336588740348816,0.3336181640625,0.333740234375,0.3335774838924408,0.3338216245174408,0.33349609375,0.33349609375,0.3332112729549408,0.3337809443473816,0.3333689570426941,0.3335774838924408,0.3333333432674408,0.332763671875,0.3330892026424408,0.3330078125,0.33349609375,0.3330078125,0.3336181640625,0.3338623046875,0.3330892026424408,0.3328654170036316,0.3330078125,0.3331705927848816,0.3329264521598816,0.3331502377986908,0.33331298828125,0.3336588740348816,0.3330078125,0.3328450620174408,0.333984375,0.33349609375,0.3329264521598816,0.3338216245174408,0.3331705927848816,0.3330892026424408,0.333984375,0.3338216245174408,0.3327229917049408,0.3337809443473816,0.3330078125,0.33349609375,0.3326823115348816,0.3328450620174408,0.3326823115348816,0.3338216245174408,0.3334147334098816,0.33349609375,0.3329264521598816,0.3326823115348816,0.3329671323299408,0.332763671875,0.3331705927848816,0.3329264521598816,0.3336588740348816,0.3326823115348816,0.3339030146598816,0.3329264521598816,0.3334147334098816,0.33311718702316284,0.3339487910270691,0.3336995542049408,0.3331298828125,0.3334004282951355,0.3333357572555542,0.33282470703125,0.3337135314941406,0.3337605893611908,0.3339436948299408,0.3336029052734375,0.3334554135799408,0.3334147334098816,0.33306884765625,0.3326823115348816,0.3328450620174408,0.3330485224723816,0.3338216245174408,0.3328450620174408,0.3338216245174408,0.3336588740348816,0.3330892026424408,0.3333333432674408,0.333984375,0.3326823115348816,0.3327229917049408,0.333984375,0.3331705927848816,0.3332926630973816,0.3328755795955658,0.33343505859375,0.3338216245174408,0.33271026611328125,0.3330078125,0.3331705927848816,0.3333333432674408,0.333984375,0.3333333432674408,0.333160400390625,0.3331705927848816,0.3334147334098816,0.33349609375,0.33270263671875,0.3330078125,0.3330078125,0.3336588740348816,0.3338724970817566,0.3334147334098816,0.3330281674861908,0.333251953125,0.3336588740348816,0.3333333432674408,0.33349609375,0.3334147334098816,0.3333333432674408,0.3328450620174408,0.3334757685661316,0.3334147334098816,0.3339030146598816,0.33374279737472534,0.3337199091911316,0.3328857421875,0.3333740234375,0.3336588740348816,0.33349609375,0.33349609375,0.3329060971736908,0.3329620361328125,0.3329060971736908,0.3335673213005066,0.3329264521598816,0.3330078125,0.3330281674861908,0.332763671875,0.3335368037223816,0.3333333432674408,0.3334147334098816,0.3341878354549408,0.3334147334098816,0.33349609375,0.3334554135799408,0.333984375,0.333984375,0.3330892026424408,0.3328450620174408,0.3332926630973816,0.3326823115348816,0.3330078125,0.3340861201286316,0.3333333432674408,0.3334757685661316,0.33306884765625,0.3327178955078125,0.3330078125,0.3327960968017578,0.3335774838924408,0.33270263671875,0.3334554135799408,0.3328959345817566,0.3328348994255066,0.33343505859375,0.3335368037223816,0.3328043818473816,0.3333282470703125,0.3329060971736908,0.3339030146598816,0.3333536982536316,0.3329366147518158,0.3329264521598816,0.3336588740348816,0.3333740234375,0.33349609375,0.3337809443473816,0.3331705927848816,0.3338216245174408,0.3326823115348816,0.3336130976676941,0.3331298828125,0.333251953125,0.333337664604187,0.3337809443473816,0.3336588740348816,0.3339030146598816,0.33349609375,0.3332112729549408,0.3333333432674408,0.3326823115348816,0.33349609375,0.33331298828125,0.333740234375,0.3338216245174408,0.3330078125,0.3329264521598816,0.3331705927848816,0.3331705927848816,0.3338216245174408,0.333740234375,0.3333740234375,0.3328043818473816,0.3340657651424408,0.3333333730697632,0.3329264521598816,0.3330485224723816,0.333648681640625,0.333251953125,0.3337809443473816,0.333984375,0.332763671875,0.3333740234375,0.3333943784236908,0.3336588740348816,0.3326009213924408,0.333740234375,0.3338216245174408,0.333984375,0.3328857421875,0.3336588740348816,0.3327840268611908,0.3330281674861908,0.3326823115348816,0.332763671875,0.3336588740348816,0.3330078125,0.3333943784236908,0.3329671323299408,0.3335368037223816,0.3335774838924408,0.3335368037223816,0.3329264521598816,0.3333333432674408,0.3333333432674408,0.3332926630973816,0.3334147334098816,0.3330078125,0.3336588740348816,0.3330892026424408,0.33344778418540955,0.3337962031364441,0.3335978388786316,0.33349609375,0.3329264521598816,0.3334147334098816,0.3338216245174408,0.3338216245174408,0.3334147334098816,0.3328857421875,0.3335368037223816,0.3333740234375,0.3330078125,0.33349609375,0.33349609375,0.3336588740348816,0.3329264521598816,0.3338216245174408,0.333282470703125,0.3338216245174408,0.33331298828125,0.3337605893611908,0.3332112729549408,0.333740234375,0.3338216245174408,0.3333333432674408,0.332763671875,0.3338826596736908,0.333984375,0.3337809443473816,0.3336385190486908,0.333740234375,0.3330892026424408,0.3330790400505066,0.3333333432674408,0.3330078125,0.3328450620174408,0.3333333432674408,0.3328857421875,0.33349609375,0.3335774838924408,0.3326823115348816,0.3331298828125,0.3330078125,0.3336588740348816,0.3330078125,0.3336181640625,0.332763671875,0.3329874873161316,0.3327382504940033,0.33375295996665955,0.33374151587486267,0.3327891230583191,0.3336779475212097,0.33341455459594727,0.3330332636833191,0.3334922790527344,0.3329671323299408,0.3327229917049408,0.3331807553768158,0.333984375,0.33367919921875,0.3332112729549408,0.3338216245174408,0.333251953125,0.3333333432674408,0.3331705927848816,0.3328450620174408,0.3329264521598816,0.3339131772518158,0.3327980041503906,0.3330892026424408,0.3332112729549408,0.3327229917049408,0.3330078125,0.33355712890625,0.3342692255973816,0.3332112729549408,0.3330485224723816,0.333984375,0.3331298828125,0.33392333984375,0.3328450620174408,0.3330078125,0.3330942988395691,0.33377140760421753,0.3333333432674408,0.3326873779296875,0.3334706723690033,0.3331298828125,0.33349609375,0.333251953125,0.3334554135799408,0.3333333432674408,0.3333842158317566,0.3335723876953125,0.3331095576286316,0.3336588740348816,0.3336588740348816,0.3340250849723816,0.333984375,0.3330485224723816,0.3329874873161316,0.333984375,0.3331705927848816,0.3338623046875,0.3334554135799408,0.3329264521598816,0.3327433466911316,0.3336588740348816,0.3338216245174408,0.33289337158203125,0.33316802978515625,0.3332252502441406,0.33274778723716736,0.33346813917160034,0.3335418701171875,0.3332112729549408,0.3330892026424408,0.3330078125,0.3339030146598816,0.333740234375,0.3328450620174408,0.3338216245174408,0.33380126953125,0.33301544189453125,0.3326823115348816,0.333587646484375,0.3330129086971283,0.3327840268611908,0.33306884765625,0.3329264521598816,0.333740234375,0.3335774838924408,0.3331705927848816,0.332763671875,0.3330078125,0.3338419795036316,0.3340657651424408,0.33306884765625,0.33343762159347534,0.33272045850753784,0.33345794677734375,0.33356255292892456,0.33339962363243103,0.33343505859375,0.3336181640625,0.3330078125,0.3338216245174408,0.3328450620174408,0.3333333432674408,0.3330078125,0.3338216245174408,0.3338000178337097,0.3331095576286316,0.33324307203292847,0.3332926630973816,0.3328908383846283,0.3327433466911316,0.3334248960018158,0.3329671323299408,0.3339061737060547,0.3327178955078125,0.33275604248046875,0.33348339796066284,0.33395642042160034,0.3334554135799408,0.3331184387207031,0.333251953125,0.3326861262321472,0.33384960889816284,0.3337434232234955,0.3336537778377533,0.33317822217941284,0.3329620361328125,0.33349609375,0.33362579345703125,0.332733154296875,0.33373770117759705,0.33365124464035034,0.33346304297447205,0.3338419795036316,0.3326823115348816,0.3331502377986908,0.3331705927848816,0.3338623046875,0.3333333432674408,0.3326619565486908,0.3338368833065033,0.3335825800895691,0.33349609375,0.333160400390625,0.33349609375,0.33381909132003784,0.3329060971736908,0.3333892822265625,0.3333028256893158,0.3333671987056732,0.3333333432674408,0.33333438634872437,0.33344730734825134,0.3333333730697632,0.33380126953125,0.332763671875,0.332763671875,0.3331095576286316,0.33337658643722534,0.33367919921875,0.33390554785728455,0.3327433466911316,0.3339436948299408,0.3331298828125,0.3335368037223816,0.3330586850643158,0.3329060971736908,0.3336995542049408
Nepouite,base,0.2501220703125,0.25,0.2498779296875,0.2500000298023224,0.250244140625,0.249755859375,0.25007086992263794,0.250244140625,0.250457763671875,0.249755859375,0.2500000298023224,0.249755859375,0.250244140625,0.2498779296875,0.2498779296875,0.2500000298023224,0.2501220703125,0.25,0.2498779296875,0.25,0.249755859375,0.249755859375,0.2499532699584961,0.249755859375,0.2498779296875,0.2501220703125,0.2498779296875,0.250244140625,0.2498779296875,0.249755859375,0.2501678466796875,0.25,0.249664306640625,0.2496337890625,0.2502899169921875,0.249786376953125,0.250091552734375,0.2501220703125,0.249755859375,0.24969482421875,0.2501983642578125,0.2501220703125,0.24996185302734375,0.250244140625,0.24969482421875,0.2498931884765625,0.2504425048828125,0.2498779296875,0.2501220703125,0.25048828125,0.25,0.250274658203125,0.2503662109375,0.2503662109375,0.249542236328125,0.250213623046875,0.24957275390625,0.24993896484375,0.24981689453125,0.24951171875,0.24994921684265137,0.24957275390625,0.250213623046875,0.2501220703125,0.25018310546875,0.2496337890625,0.250244140625,0.2498779296875,0.2501220703125,0.2498779296875,0.25018310546875,0.250244140625,0.2501220703125,0.24951171875,0.24951171875,0.2496337890625,0.24951171875,0.250213623046875,0.2496337890625,0.25030517578125,0.249725341796875,0.250213623046875,0.2498779296875,0.25030517578125,0.25030517578125,0.249664306640625,0.25018310546875,0.249664306640625,0.250244140625,0.2503662109375,0.25054931640625,0.25,0.25047779083251953,0.25,0.250244140625,0.2504425048828125,0.24957275390625,0.249969482421875,0.24981689453125,0.249755859375,0.25,0.25,0.2496337890625,0.25,0.24981689453125,0.2503662109375,0.249755859375,0.2503662109375,0.250244140625,0.249755859375,0.250244140625,0.24951171875,0.24993896484375,0.250335693359375,0.25030517578125,0.2498931884765625,0.24991226196289062,0.25029945373535156,0.2498626708984375,0.25,0.2496732771396637,0.24969437718391418,0.2502812147140503,0.24991512298583984,0.24980700016021729,0.2500728666782379,0.25,0.2504425048828125,0.2503471374511719,0.2496337890625,0.2502288818359375,0.2501335144042969,0.24982643127441406,0.249969482421875,0.2501220703125,0.25018310546875,0.2500724792480469,0.249725341796875,0.24980926513671875,0.24999237060546875,0.24962282180786133,0.2501678466796875,0.249542236328125,0.250244140625,0.25008392333984375,0.24959564208984375,0.2502479553222656,0.2501487731933594,0.249755859375,0.24992942810058594,0.2503318786621094,0.2500038146972656,0.24957275390625,0.2501697540283203,0.2503509521484375,0.24973487854003906,0.2495288848876953,0.249586820602417,0.24951791763305664,0.2500241994857788,0.2498278021812439,0.25043582916259766,0.2495555877685547,0.249725341796875,0.24996566772460938,0.24993896484375,0.2497692108154297,0.2503700256347656,0.24973297119140625,0.2501983642578125,0.2497406005859375,0.25030517578125,0.24969482421875,0.2501220703125,0.2499542236328125,0.24988555908203125,0.2501678466796875,0.2502288818359375,0.25014495849609375,0.249847412109375,0.2504425048828125,0.249969482421875,0.250091552734375,0.2498321533203125,0.25018310546875,0.2501850128173828,0.2495269775390625,0.25006985664367676,0.25017213821411133,0.2504119873046875,0.2495880126953125,0.24965858459472656,0.25,0.2496337890625,0.25,0.2503204345703125,0.25042724609375,0.250274658203125,0.249664306640625,0.24957275390625,0.2503662109375,0.249969482421875,0.2501382827758789,0.249725341796875,0.249755859375,0.24962234497070312,0.2503776550292969,0.24965286254882812,0.250030517578125,0.25,0.25018310546875,0.249786376953125,0.250244140625,0.24956512451171875,0.24945068359375,0.2503814697265625,0.2498779296875,0.25,0.2498607635498047,0.250244140625,0.249786376953125,0.250335693359375,0.249664306640625,0.25011444091796875,0.24945068359375,0.2498779296875,0.249847412109375,0.249725341796875,0.250091552734375,0.2503662109375,0.250213623046875,0.250396728515625,0.250152587890625,0.25005340576171875,0.2501373291015625,0.2498779296875,0.2496337890625,0.249725341796875,0.24998092651367188,0.2500762939453125,0.24993896484375,0.2499408721923828,0.25018310546875,0.24982452392578125,0.250152587890625,0.2497084140777588,0.24965330958366394,0.25030016899108887,0.24982908368110657,0.249755859375,0.2504405975341797,0.24995696544647217,0.24977493286132812,0.24954986572265625,0.2504005432128906,0.2502937316894531,0.249755859375,0.2503395080566406,0.2493896484375,0.25018310546875,0.2499399185180664,0.24957275390625,0.2502899169921875,0.25006103515625,0.250244140625,0.24962806701660156,0.249755859375,0.2501220703125,0.24978256225585938,0.25,0.25023651123046875,0.2503509521484375,0.25030517578125,0.25031280517578125,0.249786376953125,0.25,0.249847412109375,0.249755859375,0.24945068359375,0.250213623046875,0.24994659423828125,0.2500882148742676,0.24967670440673828,0.24999237060546875,0.249755859375,0.25012969970703125,0.2506103515625,0.25016212463378906,0.249603271484375,0.25,0.24969863891601562,0.249725341796875,0.25032806396484375,0.25,0.2498016357421875,0.2500457763671875,0.24969482421875,0.249755859375,0.250091552734375,0.249755859375,0.249603271484375,0.250244140625,0.24981689453125,0.24993896484375,0.25,0.250244140625,0.25042724609375,0.25018310546875,0.25015735626220703,0.250091552734375,0.2501258850097656,0.2501220703125,0.2502555847167969,0.2503509521484375,0.24963951110839844,0.250457763671875,0.24958133697509766,0.2496337890625,0.250152587890625,0.24993896484375,0.24979782104492188,0.249969482421875,0.24951171875,0.2501373291015625,0.249755859375,0.25030517578125,0.24969482421875,0.2503509521484375,0.2502593994140625,0.25018310546875,0.25018310546875,0.24969482421875,0.2502288818359375,0.25042724609375,0.24981689453125,0.25030517578125,0.250244140625,0.250091552734375,0.25042724609375,0.25,0.2503662109375,0.250244140625,0.249847412109375,0.25000762939453125,0.2503662109375,0.249542236328125,0.25006103515625,0.25006866455078125,0.2500762939453125,0.25042724609375,0.249847412109375,0.25031280517578125,0.2496337890625,0.250244140625,0.2496337890625,0.25006103515625,0.24957275390625,0.2501220703125,0.2501220703125,0.249786376953125,0.249755859375,0.249969482421875,0.2499237060546875,0.2500152587890625,0.250244140625,0.24969482421875,0.25018310546875,0.2498779296875,0.25018310546875,0.24945068359375,0.2503662109375,0.25,0.2503662109375,0.2503662109375,0.25054931640625,0.249755859375,0.24951171875,0.249755859375,0.2498779296875,0.24957275390625,0.2496337890625,0.25030517578125,0.25,0.2498779296875,0.2501220703125,0.24981689453125,0.2503662109375,0.249908447265625,0.24957275390625,0.2501220703125,0.2501220703125,0.249755859375,0.2500086724758148,0.2495274543762207,0.25030517578125,0.24994277954101562,0.2500000596046448,0.25,0.2500349283218384,0.25009655952453613,0.24954605102539062,0.25045013427734375,0.2503509521484375,0.2498779296875,0.2495880126953125,0.2504119873046875,0.2498016357421875,0.25006103515625,0.24969482421875,0.25,0.25030517578125,0.2496795654296875,0.2501220703125,0.2498779296875,0.2501220703125,0.250213623046875,0.2498779296875,0.24982452392578125,0.2503662109375,0.250244140625,0.2504425048828125,0.2503852844238281,0.2500457763671875,0.2496185302734375,0.249847412109375,0.24981689453125,0.24969482421875,0.249542236328125,0.250244140625,0.2498931884765625,0.2494678497314453,0.250152587890625,0.250244140625,0.2498779296875,0.250274658203125,0.25003695487976074,0.249969482421875,0.2495269775390625,0.2495436817407608,0.2500934600830078,0.2501220107078552,0.24957275390625,0.2503662109375,0.24951171875,0.24951171875,0.250335693359375,0.249755859375,0.25,0.249755859375,0.25030517578125,0.2501220703125,0.2501068115234375,0.25,0.24969482421875,0.249603271484375,0.2500743865966797,0.24993896484375,0.250396728515625,0.2501068115234375,0.24954986572265625,0.24994468688964844,0.24981331825256348,0.249725341796875,0.24981689453125,0.24981689453125,0.25030517578125,0.25006103515625,0.2496337890625,0.250244140625,0.250244140625,0.2503662109375,0.2501220703125,0.25,0.24993896484375,0.25018310546875,0.250396728515625,0.25006103515625,0.24993896484375,0.2503662109375,0.24993896484375,0.25052452087402344,0.2498779296875,0.250030517578125,0.250091552734375,0.25035524368286133,0.2496337890625,0.24956020712852478,0.2498779296875,0.24990463256835938,0.2503662109375,0.25006103515625,0.25034332275390625,0.24959564208984375,0.24981689453125,0.25026607513427734,0.24989032745361328,0.2503700256347656,0.249786376953125,0.250457763671875,0.25,0.2498626708984375,0.25,0.249755859375,0.24969482421875,0.2498626708984375,0.250152587890625,0.25,0.249664306640625,0.24957275390625,0.2498779296875,0.2498779296875,0.2502279281616211,0.250244140625,0.25,0.25030517578125,0.2496337890625,0.249603271484375,0.249755859375,0.249603271484375,0.250244140625,0.24981689453125,0.2501220703125,0.25,0.249908447265625,0.2503662109375,0.250244140625,0.2498779296875,0.2500762939453125,0.24957275390625,0.24992752075195312,0.2501068115234375,0.24957275390625,0.250000923871994,0.2503662109375,0.24970626831054688,0.249969482421875,0.249755859375,0.250244140625,0.25,0.249755859375,0.24981689453125,0.2496337890625,0.249786376953125,0.24969482421875,0.2501220703125,0.249755859375,0.249969482421875,0.2499237060546875,0.24945068359375,0.24993896484375,0.25031280517578125,0.2497406005859375,0.2504730224609375,0.2498931884765625,0.2501220703125,0.25018310546875,0.250152587890625,0.250457763671875,0.25,0.2498779296875,0.25,0.25,0.2501678466796875,0.2501220703125,0.249755859375,0.25,0.2503662109375,0.250244140625,0.250457763671875,0.25000953674316406,0.2501373291015625,0.250457763671875,0.24993896484375,0.25,0.2503662109375,0.24993896484375,0.25006103515625,0.25030517578125,0.25048828125,0.24969482421875,0.25042724609375,0.24951171875,0.2503662109375,0.25006103515625,0.25,0.25048828125,0.2502326965332031,0.2501220703125,0.250396728515625,0.250213623046875,0.2496337890625,0.250274658203125,0.25030517578125,0.2496337890625,0.24951171875,0.2501220703125,0.250457763671875,0.2498779296875,0.250213623046875,0.250244140625,0.249755859375,0.2497711181640625,0.2501220703125,0.250274658203125,0.2498779296875,0.25030517578125,0.25048828125,0.250244140625,0.250244140625,0.2503662109375,0.24969482421875,0.2501220703125,0.2501220703125,0.249603271484375,0.2503662109375,0.2498779296875,0.249969482421875,0.2500457763671875,0.2501678466796875,0.24960756301879883,0.2503727674484253,0.24981355667114258,0.25045785307884216,0.25022125244140625,0.249847412109375,0.249664306640625,0.2496490478515625,0.250244140625,0.249755859375,0.249664306640625,0.24994659423828125,0.2503509521484375,0.24960708618164062,0.25030517578125,0.250579833984375,0.249755859375,0.250457763671875,0.249603271484375,0.25017261505126953,0.249755859375,0.2505035400390625,0.2503662109375,0.249664306640625,0.250213623046875,0.2501220703125,0.250091552734375,0.250213623046875,0.250244140625,0.2503662109375,0.249664306640625,0.2501220703125,0.250274658203125,0.249969482421875,0.25035667419433594,0.24969482421875,0.249786376953125,0.2504081726074219,0.24962806701660156,0.25018310546875,0.25035858154296875,0.24981689453125,0.25054931640625,0.249542236328125,0.25018310546875,0.25054931640625,0.24951171875,0.249755859375,0.25,0.2503662109375,0.2501220703125,0.24993896484375,0.25006103515625,0.24957275390625,0.25018310546875,0.250335693359375,0.250030517578125,0.250091552734375,0.25042724609375,0.25006103515625,0.25048828125,0.2499542236328125,0.24997711181640625,0.2495279312133789,0.250244140625,0.2502784729003906,0.25022029876708984,0.25018310546875,0.250244140625,0.24957275390625,0.249542236328125,0.2501220703125,0.24969482421875,0.2496337890625,0.24988079071044922,0.2495250701904297,0.250457763671875,0.2503662109375,0.2496337890625,0.2498321533203125,0.24973297119140625,0.24957275390625,0.25042724609375,0.249969482421875,0.2501220703125,0.2501983642578125,0.24981689453125,0.2497100830078125,0.25038814544677734,0.2503814697265625,0.2504396438598633,0.24971723556518555,0.2495746612548828,0.2501564025878906,0.24986648559570312,0.24985504150390625,0.25,0.2501220703125,0.24951171875,0.2501220703125,0.25,0.24969482421875,0.25011634826660156,0.24982118606567383,0.2502937316894531,0.25046539306640625,0.2504615783691406,0.250457763671875,0.25031328201293945,0.2496337890625,0.25003814697265625,0.24975204467773438,0.25045013427734375,0.24956893920898438,0.24984216690063477,0.24971246719360352,0.2500019073486328,0.24985885620117188,0.2503547668457031,0.24957275390625,0.24983978271484375,0.25002288818359375,0.25026702880859375,0.24982452392578125,0.24991607666015625,0.25023651123046875,0.2504711151123047,0.25020599365234375,0.2504463195800781,0.2501239776611328,0.250335693359375,0.25037384033203125,0.24975204467773438,0.24993133544921875,0.25043773651123047,0.250396728515625,0.2500152587890625,0.2500762939453125,0.2500572204589844,0.25030517578125,0.249603271484375,0.2498931884765625,0.24971961975097656,0.249664306640625,0.2501678764820099,0.24982833862304688,0.24979138374328613,0.25,0.2501678466796875,0.2501678764820099,0.25,0.2499561309814453,0.24974822998046875,0.250091552734375,0.24964141845703125,0.2499852180480957,0.24969482421875,0.249481201171875,0.2499237060546875,0.2501487731933594,0.24991989135742188,0.25043678283691406,0.2500457763671875,0.2499542236328125,0.2502002716064453
Manufact,base,1.0,1.0,1.0,1.0,1.0,1.0,1.0,1.0,1.0,1.0,1.0,1.0,1.0,1.0,1.0,1.0,1.0,1.0,1.0,1.0,1.0,1.0,1.0,1.0,1.0,1.0,1.0,1.0,1.0,1.0,1.0,1.0,1.0,1.0,1.0,1.0,1.0,1.0,1.0,1.0,1.0,1.0,1.0,1.0,1.0,1.0,1.0,1.0,1.0,1.0,1.0,1.0,1.0,1.0,1.0,1.0,1.0,1.0,1.0,1.0,1.0,1.0,1.0,1.0,1.0,1.0,1.0,1.0,1.0,1.0,1.0,1.0,1.0,1.0,1.0,1.0,1.0,1.0,1.0,1.0,1.0,1.0,1.0,1.0,1.0,1.0,1.0,1.0,1.0,1.0,1.0,1.0,1.0,1.0,1.0,1.0,1.0,1.0,1.0,1.0,1.0,1.0,1.0,1.0,1.0,1.0,1.0,1.0,1.0,1.0,1.0,1.0,1.0,1.0,1.0,1.0,1.0,1.0,1.0,1.0,1.0,1.0,1.0,1.0,1.0,1.0,1.0,1.0,1.0,1.0,1.0,1.0,1.0,1.0,1.0,1.0,1.0,1.0,1.0,1.0,1.0,1.0,1.0,1.0,1.0,1.0,1.0,1.0,1.0,1.0,1.0,1.0,1.0,1.0,1.0,1.0,1.0,1.0,1.0,1.0,1.0,1.0,1.0,1.0,1.0,1.0,1.0,1.0,1.0,1.0,1.0,1.0,1.0,1.0,1.0,1.0,1.0,1.0,1.0,1.0,1.0,1.0,1.0,1.0,1.0,1.0,1.0,1.0,1.0,1.0,1.0,1.0,1.0,1.0,1.0,1.0,1.0,1.0,1.0,1.0,1.0,1.0,1.0,1.0,1.0,1.0,1.0,1.0,1.0,1.0,1.0,1.0,1.0,1.0,1.0,1.0,1.0,1.0,1.0,1.0,1.0,1.0,1.0,1.0,1.0,1.0,1.0,1.0,1.0,1.0,1.0,1.0,1.0,1.0,1.0,1.0,1.0,1.0,1.0,1.0,1.0,1.0,1.0,1.0,1.0,1.0,1.0,1.0,1.0,1.0,1.0,1.0,1.0,1.0,1.0,1.0,1.0,1.0,1.0,1.0,1.0,1.0,1.0,1.0,1.0,1.0,1.0,1.0,1.0,1.0,1.0,1.0,1.0,1.0,1.0,1.0,1.0,1.0,1.0,1.0,1.0,1.0,1.0,1.0,1.0,1.0,1.0,1.0,1.0,1.0,1.0,1.0,1.0,1.0,1.0,1.0,1.0,1.0,1.0,1.0,1.0,1.0,1.0,1.0,1.0,1.0,1.0,1.0,1.0,1.0,1.0,1.0,1.0,1.0,1.0,1.0,1.0,1.0,1.0,1.0,1.0,1.0,1.0,1.0,1.0,1.0,1.0,1.0,1.0,1.0,1.0,1.0,1.0,1.0,1.0,1.0,1.0,1.0,1.0,1.0,1.0,1.0,1.0,1.0,1.0,1.0,1.0,1.0,1.0,1.0,1.0,1.0,1.0,1.0,1.0,1.0,1.0,1.0,1.0,1.0,1.0,1.0,1.0,1.0,1.0,1.0,1.0,1.0,1.0,1.0,1.0,1.0,1.0,1.0,1.0,1.0,1.0,1.0,1.0,1.0,1.0,1.0,1.0,1.0,1.0,1.0,1.0,1.0,1.0,1.0,1.0,1.0,1.0,1.0,1.0,1.0,1.0,1.0,1.0,1.0,1.0,1.0,1.0,1.0,1.0,1.0,1.0,1.0,1.0,1.0,1.0,1.0,1.0,1.0,1.0,1.0,1.0,1.0,1.0,1.0,1.0,1.0,1.0,1.0,1.0,1.0,1.0,1.0,1.0,1.0,1.0,1.0,1.0,1.0,1.0,1.0,1.0,1.0,1.0,1.0,1.0,1.0,1.0,1.0,1.0,1.0,1.0,1.0,1.0,1.0,1.0,1.0,1.0,1.0,1.0,1.0,1.0,1.0,1.0,1.0,1.0,1.0,1.0,1.0,1.0,1.0,1.0,1.0,1.0,1.0,1.0,1.0,1.0,1.0,1.0,1.0,1.0,1.0,1.0,1.0,1.0,1.0,1.0,1.0,1.0,1.0,1.0,1.0,1.0,1.0,1.0,1.0,1.0,1.0,1.0,1.0,1.0,1.0,1.0,1.0,1.0,1.0,1.0,1.0,1.0,1.0,1.0,1.0,1.0,1.0,1.0,1.0,1.0,1.0,1.0,1.0,1.0,1.0,1.0,1.0,1.0,1.0,1.0,1.0,1.0,1.0,1.0,1.0,1.0,1.0,1.0,1.0,1.0,1.0,1.0,1.0,1.0,1.0,1.0,1.0,1.0,1.0,1.0,1.0,1.0,1.0,1.0,1.0,1.0,1.0,1.0,1.0,1.0,1.0,1.0,1.0,1.0,1.0,1.0,1.0,1.0,1.0,1.0,1.0,1.0,1.0,1.0,1.0,1.0,1.0,1.0,1.0,1.0,1.0,1.0,1.0,1.0,1.0,1.0,1.0,1.0,1.0,1.0,1.0,1.0,1.0,1.0,1.0,1.0,1.0,1.0,1.0,1.0,1.0,1.0,1.0,1.0,1.0,1.0,1.0,1.0,1.0,1.0,1.0,1.0,1.0,1.0,1.0,1.0,1.0,1.0,1.0,1.0,1.0,1.0,1.0,1.0,1.0,1.0,1.0,1.0,1.0,1.0,1.0,1.0,1.0,1.0,1.0,1.0,1.0,1.0,1.0,1.0,1.0,1.0,1.0,1.0,1.0,1.0,1.0,1.0,1.0,1.0,1.0,1.0,1.0,1.0,1.0,1.0,1.0,1.0,1.0,1.0,1.0,1.0,1.0,1.0,1.0,1.0,1.0,1.0,1.0,1.0,1.0,1.0,1.0,1.0,1.0,1.0,1.0,1.0,1.0,1.0,1.0,1.0,1.0,1.0,1.0,1.0,1.0,1.0,1.0,1.0,1.0,1.0,1.0,1.0,1.0,1.0,1.0,1.0,1.0,1.0,1.0,1.0,1.0,1.0,1.0,1.0,1.0,1.0,1.0,1.0,1.0,1.0,1.0,1.0,1.0,1.0,1.0,1.0,1.0,1.0,1.0,1.0,1.0,1.0,1.0,1.0,1.0,1.0,1.0,1.0,1.0,1.0,1.0,1.0,1.0,1.0,1.0,1.0,1.0,1.0,1.0,1.0,1.0,1.0,1.0,1.0,1.0,1.0,1.0,1.0,1.0,1.0,1.0,1.0,1.0,1.0,1.0,1.0,1.0,1.0,1.0,1.0,1.0,1.0,1.0,1.0,1.0,1.0,1.0,1.0,1.0,1.0,1.0,1.0,1.0,1.0,1.0,1.0,1.0,1.0,1.0,1.0,1.0,1.0,1.0,1.0,1.0,1.0,1.0,1.0,1.0
Remeet,base,0.3333333432674408,0.3331705927848816,0.3336588740348816,0.3334452509880066,0.3330078125,0.3331705927848816,0.3326823115348816,0.3333333432674408,0.3330892026424408,0.3326823115348816,0.333984375,0.3331705927848816,0.3330078125,0.333984375,0.3330078125,0.3333333432674408,0.3330078125,0.333984375,0.3326823115348816,0.3330078125,0.3330078125,0.3330078125,0.3328857421875,0.3336588740348816,0.3333333432674408,0.332763671875,0.3326823115348816,0.3339030146598816,0.3330078125,0.3333333432674408,0.3336181640625,0.3330078125,0.332763671875,0.3330078125,0.3336588740348816,0.3330078125,0.3330892026424408,0.3333333432674408,0.332763671875,0.3330586850643158,0.3330281674861908,0.3336588740348816,0.33331298828125,0.3336588740348816,0.3326823115348816,0.3339030146598816,0.3339436948299408,0.3336588740348816,0.3333333432674408,0.33349609375,0.3336588740348816,0.3328450620174408,0.3330078125,0.3330078125,0.3331705927848816,0.3337809443473816,0.332977294921875,0.333740234375,0.3338216245174408,0.3330078125,0.3332354426383972,0.3332316279411316,0.3336588740348816,0.3328450620174408,0.3326009213924408,0.3338216245174408,0.333984375,0.333740234375,0.3329264521598816,0.3331705927848816,0.3330078125,0.3336588740348816,0.3336588740348816,0.3330078125,0.3336588740348816,0.3333333432674408,0.333984375,0.333740234375,0.3333333432674408,0.3330078125,0.333740234375,0.3339030146598816,0.3333333432674408,0.3332316279411316,0.3326823115348816,0.3333333432674408,0.3326823115348816,0.3336181640625,0.3333333432674408,0.3331705927848816,0.3333333432674408,0.3336588740348816,0.3333943784236908,0.3338216245174408,0.3333333432674408,0.3328043818473816,0.3328450620174408,0.3338216245174408,0.33349609375,0.3330078125,0.3326823115348816,0.3330078125,0.3330078125,0.3336588740348816,0.3333333432674408,0.3333333432674408,0.3326823115348816,0.333984375,0.3333333432674408,0.3326823115348816,0.3336588740348816,0.3333333432674408,0.3336995542049408,0.3337300717830658,0.3330078125,0.3335368037223816,0.3330230712890625,0.3330485224723816,0.3334248960018158,0.33333346247673035,0.3332176208496094,0.3327280879020691,0.33350181579589844,0.3336893916130066,0.3335978388786316,0.3333923816680908,0.33349609375,0.333984375,0.33387503027915955,0.3333333432674408,0.3331705927848816,0.3338826596736908,0.3334910273551941,0.3338623046875,0.333648681640625,0.3331298828125,0.3337809443473816,0.3330078125,0.33367156982421875,0.33372753858566284,0.3327452540397644,0.3337199091911316,0.3329671323299408,0.3335774838924408,0.3335673213005066,0.3333536982536316,0.33295440673828125,0.33334478735923767,0.3338623046875,0.3330078125,0.3335469663143158,0.3338216245174408,0.3334757685661316,0.33322399854660034,0.3338267207145691,0.33300527930259705,0.3331858515739441,0.33286160230636597,0.3326823115348816,0.33340024948120117,0.3327910304069519,0.3334338068962097,0.333099365234375,0.3337809443473816,0.3328590393066406,0.333587646484375,0.33389219641685486,0.3328755795955658,0.3327229917049408,0.3330230712890625,0.3334503173828125,0.3339030146598816,0.333740234375,0.3327128291130066,0.3335774838924408,0.3333333432674408,0.3338114619255066,0.3336588740348816,0.333984375,0.33349609375,0.3331298828125,0.3336181640625,0.3330485224723816,0.3339436948299408,0.3327229917049408,0.33380764722824097,0.3330485224723816,0.33336561918258667,0.3334239423274994,0.3336436152458191,0.3339030146598816,0.3330586850643158,0.3338572382926941,0.3333536982536316,0.33270263671875,0.33270263671875,0.3331502377986908,0.3328348994255066,0.3330892026424408,0.3335774838924408,0.333251953125,0.333740234375,0.3331298828125,0.3339030146598816,0.3335774838924408,0.333984375,0.3328959345817566,0.333251953125,0.33349609375,0.33349609375,0.3338216245174408,0.3334147334098816,0.33349609375,0.3330485224723816,0.333251953125,0.3329569697380066,0.3337199091911316,0.3330892026424408,0.3336944580078125,0.3336588740348816,0.3338216245174408,0.3328450620174408,0.3328450620174408,0.3338114619255066,0.3329874873161316,0.333984375,0.3329569697380066,0.332763671875,0.333160400390625,0.3330790400505066,0.3328755795955658,0.3336029052734375,0.3340250849723816,0.3327840268611908,0.3333740234375,0.3333333432674408,0.3333333432674408,0.332763671875,0.3332977294921875,0.333740234375,0.3327840268611908,0.33365631103515625,0.3327229917049408,0.3337809443473816,0.3336588740348816,0.33344778418540955,0.33294424414634705,0.33340924978256226,0.33349961042404175,0.33318328857421875,0.33279165625572205,0.33275699615478516,0.333984375,0.33371227979660034,0.3335215449333191,0.3328450620174408,0.3331197202205658,0.3334147334098816,0.3329264521598816,0.3332723081111908,0.33364614844322205,0.333740234375,0.3334147334098816,0.3329060971736908,0.3328450620174408,0.332977294921875,0.3333333432674408,0.33349609375,0.3331705927848816,0.3338267207145691,0.3330078125,0.3335469663143158,0.3328450620174408,0.3335774838924408,0.3328145444393158,0.333251953125,0.333587646484375,0.3333333432674408,0.3331095576286316,0.33367919921875,0.3339030146598816,0.3328348994255066,0.3326823115348816,0.3329264521598816,0.3330078125,0.33319091796875,0.333984375,0.333465576171875,0.3335368037223816,0.3333740234375,0.33282470703125,0.3329264521598816,0.3336995542049408,0.3326823115348816,0.3338826596736908,0.332794189453125,0.33270263671875,0.33328503370285034,0.3329315185546875,0.33349609375,0.33331298828125,0.3337199091911316,0.3336181640625,0.3326924741268158,0.3336588740348816,0.3333333432674408,0.3331705927848816,0.3336588740348816,0.33282470703125,0.3336588740348816,0.3338419795036316,0.3330078125,0.3328145444393158,0.3335774838924408,0.3332926630973816,0.33349609375,0.33356666564941406,0.333251953125,0.332672119140625,0.3329671323299408,0.3327992856502533,0.3338623046875,0.3331705927848816,0.33349609375,0.3333333432674408,0.332763671875,0.3330078125,0.3335164487361908,0.3332316279411316,0.3327433466911316,0.3339030146598816,0.3339030146598816,0.3336588740348816,0.33331298828125,0.3331502377986908,0.3336588740348816,0.334228515625,0.3327433466911316,0.3338216245174408,0.3326823115348816,0.3338623046875,0.3336181640625,0.3329671323299408,0.33392333984375,0.3330078125,0.3328450620174408,0.3327535092830658,0.3333536982536316,0.3328450620174408,0.3338216245174408,0.3329671323299408,0.333251953125,0.3335978388786316,0.3330078125,0.3332723081111908,0.3331298828125,0.3331095576286316,0.3338216245174408,0.3326619565486908,0.3330485224723816,0.333251953125,0.333251953125,0.3330485224723816,0.333251953125,0.332763671875,0.3335774838924408,0.3330078125,0.3338216245174408,0.33349609375,0.3333740234375,0.3338216245174408,0.3334554135799408,0.3328450620174408,0.3330485224723816,0.3335774838924408,0.332763671875,0.3336588740348816,0.333251953125,0.3334147334098816,0.3338216245174408,0.3328450620174408,0.3338216245174408,0.33349609375,0.3330485224723816,0.3336588740348816,0.3339030146598816,0.3335164487361908,0.3332926630973816,0.3339436948299408,0.3333740234375,0.3327229917049408,0.3331705927848816,0.3334639072418213,0.33289337158203125,0.33381909132003784,0.33270263671875,0.3333425223827362,0.3333333730697632,0.33272552490234375,0.333892822265625,0.3331502377986908,0.3332723081111908,0.333251953125,0.3329671323299408,0.3329264521598816,0.3332112729549408,0.33282470703125,0.3338216245174408,0.333251953125,0.333740234375,0.3329671323299408,0.3328857421875,0.3328450620174408,0.33392333984375,0.3331705927848816,0.333740234375,0.333251953125,0.3341268002986908,0.3336588740348816,0.332763671875,0.3331298828125,0.3339436948299408,0.3337199091911316,0.3327229917049408,0.33348339796066284,0.3331705927848816,0.3326009213924408,0.3334554135799408,0.3326823115348816,0.3333333432674408,0.333343505859375,0.3333333432674408,0.3330485224723816,0.33349609375,0.3330230712890625,0.3334197998046875,0.33349609375,0.33270263671875,0.3338257968425751,0.33390554785728455,0.3339262902736664,0.3333333432674408,0.3328450620174408,0.3336588740348816,0.3329264521598816,0.3328043818473816,0.3331705927848816,0.3339030146598816,0.3335368037223816,0.3329264521598816,0.333984375,0.3339131772518158,0.332763671875,0.3334554135799408,0.3339030146598816,0.3330332636833191,0.3334147334098816,0.33294677734375,0.3339131772518158,0.33294677734375,0.3334910273551941,0.33369192481040955,0.3328043818473816,0.3336588740348816,0.3337199091911316,0.3326823115348816,0.3333333432674408,0.3331705927848816,0.3336995542049408,0.3338216245174408,0.3328450620174408,0.3331705927848816,0.333251953125,0.332763671875,0.33349609375,0.333984375,0.33349609375,0.333740234375,0.3336588740348816,0.3329264521598816,0.3330485224723816,0.333984375,0.3332316279411316,0.33360928297042847,0.33307838439941406,0.3328450620174408,0.3335968255996704,0.3335368037223816,0.3329264521598816,0.3335723876953125,0.3332366943359375,0.3332621455192566,0.3338623046875,0.3334147334098816,0.33289337158203125,0.3333740234375,0.3332774043083191,0.333984375,0.3338724970817566,0.332763671875,0.3328654170036316,0.333251953125,0.33349609375,0.3328450620174408,0.33367919921875,0.33349609375,0.3330078125,0.3336588740348816,0.332763671875,0.3335368037223816,0.3330078125,0.33334511518478394,0.3338216245174408,0.3333333432674408,0.3332112729549408,0.3338216245174408,0.3328043818473816,0.3333333432674408,0.3335368037223816,0.3326823115348816,0.33349609375,0.3330078125,0.3334554135799408,0.3327229917049408,0.3329264521598816,0.3336588740348816,0.33349609375,0.3333740234375,0.3334147334098816,0.3330078125,0.3332316279411316,0.3336588740348816,0.3333333432674408,0.3338216245174408,0.33384960889816284,0.3331298828125,0.3333333432674408,0.332763671875,0.333984375,0.3335368037223816,0.3330485224723816,0.3335774838924408,0.33349609375,0.33349609375,0.3336588740348816,0.3336588740348816,0.3334147334098816,0.3328755795955658,0.333984375,0.3328450620174408,0.33367919921875,0.3335774838924408,0.3335368037223816,0.3332316279411316,0.3329264521598816,0.3333333432674408,0.3326823115348816,0.332763671875,0.3338216245174408,0.3330485224723816,0.3326823115348816,0.333984375,0.3334147334098816,0.3328043818473816,0.3333333432674408,0.3333333432674408,0.3338216245174408,0.333251953125,0.3333079218864441,0.3334147334098816,0.332763671875,0.333251953125,0.3328450620174408,0.3329264521598816,0.3338623046875,0.3338216245174408,0.3335774838924408,0.3328857421875,0.33349609375,0.3334147334098816,0.3331705927848816,0.3330078125,0.3330078125,0.3329671323299408,0.3336181640625,0.3331705927848816,0.3329671323299408,0.3337809443473816,0.3333333432674408,0.3339436948299408,0.3336588740348816,0.3336588740348816,0.3339030146598816,0.333251953125,0.3331705927848816,0.3335978388786316,0.3338826596736908,0.3339030146598816,0.3329060971736908,0.3333740234375,0.3329264521598816,0.3331298828125,0.333984375,0.333251953125,0.3328043818473816,0.3330078125,0.333740234375,0.3333333432674408,0.3332723081111908,0.3330078125,0.3330485224723816,0.3334147334098816,0.33349609375,0.3326823115348816,0.3338216245174408,0.333984375,0.3328043818473816,0.3337860107421875,0.3338826596736908,0.33340534567832947,0.3333781659603119,0.3336925506591797,0.3334164619445801,0.3338216245174408,0.3334147334098816,0.3334147334098816,0.333984375,0.3330078125,0.3336588740348816,0.3329671323299408,0.3335774838924408,0.333740234375,0.3338216245174408,0.333740234375,0.3333333432674408,0.3333333432674408,0.333251953125,0.3335927426815033,0.3328056335449219,0.333740234375,0.3336995542049408,0.3331298828125,0.3328857421875,0.3339436948299408,0.3333333432674408,0.3333333432674408,0.3333333432674408,0.333587646484375,0.3330078125,0.3338623046875,0.333740234375,0.3330078125,0.3329264521598816,0.33397865295410156,0.3336995542049408,0.33380126953125,0.33290672302246094,0.33385467529296875,0.33349609375,0.3339436948299408,0.3334147334098816,0.3328450620174408,0.3336283564567566,0.3334859311580658,0.33349609375,0.3339436948299408,0.3335774838924408,0.3332926630973816,0.3339436948299408,0.3330485224723816,0.3331705927848816,0.3336588740348816,0.3338216245174408,0.3336588740348816,0.3331705927848816,0.3329060971736908,0.333984375,0.3333333432674408,0.3331705927848816,0.3338419795036316,0.3328959345817566,0.3331705927848816,0.3329556882381439,0.33306884765625,0.3327128291130066,0.3338165283203125,0.333984375,0.333984375,0.333984375,0.3333333432674408,0.3339030146598816,0.3336588740348816,0.3339030146598816,0.3336143493652344,0.333221435546875,0.3333333432674408,0.3339030146598816,0.333984375,0.3334147334098816,0.3331705927848816,0.3330078125,0.3336588740348816,0.3336588740348816,0.3338216245174408,0.3330078125,0.3332723081111908,0.33349609375,0.33308157324790955,0.3331146240234375,0.33392080664634705,0.3328450620174408,0.3333943784236908,0.3339030146598816,0.3331349790096283,0.3333333432674408,0.3333333432674408,0.3336588740348816,0.3336588740348816,0.3336588740348816,0.3329264521598816,0.3330078125,0.3329060971736908,0.3326975703239441,0.3335202634334564,0.3329671323299408,0.3332926630973816,0.33294677734375,0.33380126953125,0.3335368037223816,0.3330485224723816,0.3331705927848816,0.33290228247642517,0.33371734619140625,0.3337962031364441,0.33342742919921875,0.33281898498535156,0.33349609375,0.3329366147518158,0.33272552490234375,0.33319091796875,0.3332774043083191,0.3328857421875,0.3337453305721283,0.333343505859375,0.3326873779296875,0.3329569697380066,0.333740234375,0.3335164487361908,0.3332112729549408,0.3333740234375,0.3338216245174408,0.333740234375,0.3333333432674408,0.3339030146598816,0.3333333432674408,0.3326823115348816,0.33392333984375,0.3332366943359375,0.3338216245174408,0.3329213559627533,0.3336588740348816,0.3336842954158783,0.3330892026424408,0.3326825499534607,0.3330180048942566,0.333340048789978,0.3333333432674408,0.33268409967422485,0.3334452509880066,0.3333333432674408,0.33306884765625,0.3327433466911316,0.3336588740348816,0.3329264521598816,0.3336283564567566,0.332763671875,0.3337809443473816,0.33354443311691284,0.33319729566574097,0.333343505859375,0.3337656855583191,0.33287811279296875,0.3329823911190033,0.3337046504020691
Encapsulate,base,0.3331705927848816,0.3336588740348816,0.3336588740348816,0.3334452509880066,0.3326823115348816,0.3331705927848816,0.3330078125,0.3336588740348816,0.33392333984375,0.333984375,0.333984375,0.3326823115348816,0.3333333432674408,0.3333333432674408,0.3326823115348816,0.3333333730697632,0.3326823115348816,0.333984375,0.3330078125,0.3326823115348816,0.333984375,0.3333333432674408,0.3336690366268158,0.3339030146598816,0.3336588740348816,0.3333333432674408,0.332763671875,0.3336588740348816,0.3336588740348816,0.3333333432674408,0.3336181640625,0.3331705927848816,0.3331298828125,0.3326823115348816,0.3326823115348816,0.3330892026424408,0.3328450620174408,0.3333333432674408,0.333984375,0.3328450620174408,0.3326823115348816,0.3330078125,0.3330078125,0.3330078125,0.3333333432674408,0.3333333432674408,0.3330078125,0.333984375,0.3330078125,0.3333333432674408,0.3333333432674408,0.3333333432674408,0.3330078125,0.3336588740348816,0.333984375,0.3328450620174408,0.3334554135799408,0.3326823115348816,0.3329671323299408,0.3334147334098816,0.33310192823410034,0.3330078125,0.3330078125,0.3329671323299408,0.3329264521598816,0.3328450620174408,0.3333333432674408,0.332763671875,0.33349609375,0.3333333432674408,0.3330078125,0.333984375,0.3333333432674408,0.3330078125,0.3328450620174408,0.3326823115348816,0.3330078125,0.3333333432674408,0.3338216245174408,0.3333333432674408,0.3333333432674408,0.333984375,0.3337809443473816,0.3331705927848816,0.3333333432674408,0.3333333432674408,0.3333333432674408,0.3331705927848816,0.3330078125,0.3331705927848816,0.33251953125,0.3333333432674408,0.3326823115348816,0.3335774838924408,0.3338216245174408,0.3338216245174408,0.3339030146598816,0.3330078125,0.3333333432674408,0.3333333432674408,0.3336588740348816,0.3326823115348816,0.3333333432674408,0.3330078125,0.333984375,0.3333333432674408,0.3326823115348816,0.3330078125,0.333740234375,0.3326823115348816,0.3336588740348816,0.333984375,0.332763671875,0.3328857421875,0.3333333432674408,0.333465576171875,0.33276113867759705,0.3332926630973816,0.333251953125,0.3333333432674408,0.3338988721370697,0.3331340253353119,0.3335479199886322,0.3335215449333191,0.333831787109375,0.33334386348724365,0.3338216245174408,0.3333333432674408,0.3331298828125,0.3329671323299408,0.3333333432674408,0.33294677734375,0.333160400390625,0.3338216245174408,0.3328094482421875,0.3335368037223816,0.332916259765625,0.3331298828125,0.3337291181087494,0.33291372656822205,0.3339252471923828,0.333251953125,0.33375805616378784,0.3326823115348816,0.3337554931640625,0.3339640498161316,0.33380126953125,0.3335673213005066,0.3330078125,0.3326416015625,0.3328654170036316,0.33332571387290955,0.333740234375,0.3333740234375,0.3339030146598816,0.3338890075683594,0.333740234375,0.3328450620174408,0.33356350660324097,0.3338419198989868,0.3335607945919037,0.3334525525569916,0.33279675245285034,0.3333231806755066,0.33275604248046875,0.3330669403076172,0.33278942108154297,0.3336080014705658,0.3332723081111908,0.3331451416015625,0.3339640498161316,0.3333333432674408,0.3339030146598816,0.3334757685661316,0.3335774838924408,0.3330535888671875,0.3333842158317566,0.333984375,0.3336588740348816,0.3335774838924408,0.3328450620174408,0.3336588740348816,0.3330892026424408,0.33349609375,0.3330078125,0.33343505859375,0.3335368037223816,0.3337962031364441,0.3327840268611908,0.3330078125,0.3330892026424408,0.3329671323299408,0.333404541015625,0.3337249755859375,0.3336588740348816,0.3328094482421875,0.3332417905330658,0.3336029052734375,0.3329264521598816,0.333740234375,0.3328450620174408,0.3328857421875,0.3330167233943939,0.3326823115348816,0.3337199091911316,0.3328857421875,0.3337300717830658,0.3338216245174408,0.3334147334098816,0.3332926630973816,0.333526611328125,0.3336690366268158,0.333740234375,0.3337809443473816,0.3334554135799408,0.333648681640625,0.332763671875,0.3328450620174408,0.3328094482421875,0.3332621455192566,0.3333333432674408,0.3334554135799408,0.3334757685661316,0.3331298828125,0.3336588740348816,0.3335368037223816,0.33355712890625,0.3335978388786316,0.333953857421875,0.333984375,0.3328043818473816,0.333587646484375,0.3335774838924408,0.3336130976676941,0.33349609375,0.33349609375,0.3334757685661316,0.3334757685661316,0.3339640498161316,0.3329264521598816,0.33343505859375,0.3337605893611908,0.3338724970817566,0.3327738642692566,0.3339080810546875,0.3332621455192566,0.3339653015136719,0.33348020911216736,0.3333028256893158,0.33280691504478455,0.33364105224609375,0.3335914611816406,0.3336995542049408,0.3330841064453125,0.33332571387290955,0.333740234375,0.3328450620174408,0.3330078125,0.3327433466911316,0.3329569697380066,0.33291691541671753,0.3336588740348816,0.33282470703125,0.3326823115348816,0.3334757685661316,0.3327229917049408,0.333740234375,0.333740234375,0.3334757685661316,0.3330892026424408,0.33277639746665955,0.3328857421875,0.332763671875,0.3333028256893158,0.3340861201286316,0.3330078125,0.3327789306640625,0.33294677734375,0.3329976499080658,0.3338216245174408,0.3327433466911316,0.3330180048942566,0.3331298828125,0.33324941992759705,0.3326823115348816,0.33270263671875,0.33349609375,0.3332468867301941,0.3334248960018158,0.3326823115348816,0.3330942988395691,0.3335774838924408,0.3332366943359375,0.3336181640625,0.3335978388786316,0.3331298828125,0.33379873633384705,0.33311399817466736,0.3335164487361908,0.3337809443473816,0.3328145444393158,0.3333943784236908,0.3331298828125,0.3337809443473816,0.3333333432674408,0.3330078125,0.3339131772518158,0.3333740234375,0.3334382474422455,0.3333333432674408,0.3335418701171875,0.3339030146598816,0.333587646484375,0.3334248960018158,0.3328450620174408,0.3329874873161316,0.3334479331970215,0.3335723876953125,0.33384865522384644,0.3330720365047455,0.33392080664634705,0.3327128291130066,0.3330078125,0.3332316279411316,0.3327229917049408,0.333740234375,0.3335978388786316,0.3328043818473816,0.3327840268611908,0.3338724970817566,0.3326823115348816,0.3330790400505066,0.3337605893611908,0.3336893916130066,0.3327840268611908,0.3333943784236908,0.3333333432674408,0.3338216245174408,0.3331349790096283,0.3336181640625,0.3334554135799408,0.3327484130859375,0.3336537778377533,0.3327229917049408,0.3337974548339844,0.3331298828125,0.33343505859375,0.33316677808761597,0.3338419795036316,0.3332163691520691,0.3326924741268158,0.3338623046875,0.3328043818473816,0.3328450620174408,0.3329874873161316,0.33308666944503784,0.3331400752067566,0.3333689570426941,0.3333943784236908,0.3337351679801941,0.332763671875,0.3332570493221283,0.3330078125,0.33377331495285034,0.333740234375,0.33282470703125,0.3339030146598816,0.33334606885910034,0.3338470458984375,0.3332926630973816,0.3338216245174408,0.3329671323299408,0.3327586054801941,0.3339436948299408,0.3336588740348816,0.33349609375,0.3333333432674408,0.33349609375,0.3339436948299408,0.3336385190486908,0.3328654170036316,0.33321890234947205,0.3333333432674408,0.3339182734489441,0.333251953125,0.33343505859375,0.3335774838924408,0.3329671323299408,0.3339436948299408,0.33392333984375,0.333038330078125,0.3334757685661316,0.33368146419525146,0.3338826596736908,0.33285459876060486,0.3330281674861908,0.3333379626274109,0.33333343267440796,0.3327951431274414,0.33276665210723877,0.3336537778377533,0.3338826596736908,0.3330129086971283,0.3335520625114441,0.33322271704673767,0.3336385190486908,0.3339335322380066,0.3339436948299408,0.3329925537109375,0.3328857421875,0.33371734619140625,0.3328348994255066,0.33349609375,0.332855224609375,0.3331705927848816,0.3336588740348816,0.3332926630973816,0.332763671875,0.3338216245174408,0.3336181640625,0.333404541015625,0.3332875669002533,0.33331555128097534,0.333740234375,0.3332316279411316,0.3330281674861908,0.3334554135799408,0.3328145444393158,0.3333333432674408,0.3329264521598816,0.3332061767578125,0.3333333432674408,0.3336588740348816,0.3327229917049408,0.33313751220703125,0.3335062861442566,0.3329060971736908,0.3331095576286316,0.3331839442253113,0.3337809443473816,0.3338521420955658,0.3336181640625,0.333709716796875,0.333984375,0.3336181640625,0.3336181640625,0.3338623046875,0.3330078125,0.3327840268611908,0.333251953125,0.3332316279411316,0.33281201124191284,0.333709716796875,0.33349609375,0.3335317075252533,0.33377838134765625,0.3329366147518158,0.333465576171875,0.3335825800895691,0.3336385190486908,0.3330078125,0.33340486884117126,0.3330281674861908,0.33370670676231384,0.33277130126953125,0.3338775634765625,0.3336932063102722,0.3326823115348816,0.3328501582145691,0.3334147334098816,0.3326823115348816,0.3330078125,0.333251953125,0.3332112729549408,0.33349609375,0.3331705927848816,0.3331502377986908,0.3328857421875,0.3336588740348816,0.3340657651424408,0.3330078125,0.3330078125,0.33349609375,0.333526611328125,0.33393096923828125,0.3336588740348816,0.33382415771484375,0.33349609375,0.3339030146598816,0.3331095576286316,0.3334147334098816,0.3332316279411316,0.332977294921875,0.3337809443473816,0.33278656005859375,0.3326873779296875,0.3338267207145691,0.33331298828125,0.33277639746665955,0.33270010352134705,0.3331705927848816,0.3327229917049408,0.333587646484375,0.333770751953125,0.3332316279411316,0.3332112729549408,0.3326823115348816,0.333953857421875,0.3330485224723816,0.3329671323299408,0.3327229917049408,0.33372265100479126,0.3334554135799408,0.3333333432674408,0.3338216245174408,0.333251953125,0.333251953125,0.3333333432674408,0.3339030146598816,0.3326823115348816,0.33294677734375,0.3336385190486908,0.3336995542049408,0.3330078125,0.3328450620174408,0.333740234375,0.3328857421875,0.33349609375,0.333251953125,0.3332316279411316,0.3338623046875,0.3333333432674408,0.3333333730697632,0.333251953125,0.333740234375,0.33357810974121094,0.3330078125,0.33270263671875,0.3336588740348816,0.3332316279411316,0.3334147334098816,0.3329264521598816,0.333251953125,0.3323974609375,0.33251953125,0.3336588740348816,0.3337605893611908,0.3332774043083191,0.333251953125,0.33367919921875,0.33355712890625,0.3329366147518158,0.3332112729549408,0.3337809443473816,0.3329060971736908,0.3326823115348816,0.3330281674861908,0.3328654170036316,0.3338216245174408,0.3336385190486908,0.3338216245174408,0.3333333432674408,0.3335774838924408,0.3335368037223816,0.333740234375,0.3339436948299408,0.3336588740348816,0.3335774838924408,0.33272552490234375,0.33269375562667847,0.3330892026424408,0.33354443311691284,0.3331108093261719,0.3329671323299408,0.3328450620174408,0.3333842158317566,0.3328654170036316,0.3327229917049408,0.3328450620174408,0.3333333432674408,0.33331298828125,0.3335368037223816,0.3330892026424408,0.33355712890625,0.3332112729549408,0.3333333432674408,0.33385467529296875,0.3336537778377533,0.3334147334098816,0.333099365234375,0.33349609375,0.3327840268611908,0.332763671875,0.3329264521598816,0.3331705927848816,0.3327992856502533,0.3334757685661316,0.3335774838924408,0.3330078125,0.3332316279411316,0.3333333432674408,0.3333994746208191,0.3326823115348816,0.3338216245174408,0.3333333432674408,0.3330078125,0.332763671875,0.3330078125,0.33349609375,0.3336995542049408,0.3330078125,0.33349609375,0.33289337158203125,0.3330281674861908,0.3333333432674408,0.3327535092830658,0.3334299921989441,0.3336505889892578,0.3339385986328125,0.33368176221847534,0.33347639441490173,0.3338438868522644,0.33366140723228455,0.3335186839103699,0.33368176221847534,0.3338724970817566,0.3339436948299408,0.3330078125,0.3337758481502533,0.3328742980957031,0.3330078125,0.333740234375,0.3331705927848816,0.3339436948299408,0.3333333432674408,0.3336181640625,0.3335368037223816,0.3328514099121094,0.33340153098106384,0.33294677734375,0.33313751220703125,0.3338775634765625,0.33321699500083923,0.33338674902915955,0.3333740234375,0.3334554135799408,0.3331502377986908,0.3330078125,0.3336944580078125,0.3334452509880066,0.3332926630973816,0.3329925537109375,0.33392590284347534,0.33359575271606445,0.3336588740348816,0.33375105261802673,0.33281201124191284,0.3336537778377533,0.3331298828125,0.33380126953125,0.33331298828125,0.3333333432674408,0.3334859311580658,0.33312225341796875,0.333465576171875,0.3330485224723816,0.333740234375,0.3336741328239441,0.33349609375,0.3328450620174408,0.3335774838924408,0.3333740234375,0.3333536982536316,0.3338216245174408,0.3329264521598816,0.3333740234375,0.3334147334098816,0.3329264521598816,0.3326823115348816,0.3327827453613281,0.33390045166015625,0.33344778418540955,0.3327522277832031,0.33367156982421875,0.3328043818473816,0.3328584134578705,0.3330078125,0.3328450620174408,0.3328450620174408,0.3335469663143158,0.3334147334098816,0.3339742124080658,0.33349609375,0.3334948420524597,0.3326823115348816,0.3334425389766693,0.3335774838924408,0.33347558975219727,0.3334906995296478,0.3338216245174408,0.3334554135799408,0.33367919921875,0.3336588740348816,0.33349609375,0.33349609375,0.3329264521598816,0.3337809443473816,0.33372434973716736,0.3335927426815033,0.3335437774658203,0.333770751953125,0.3327140808105469,0.33355841040611267,0.33350247144699097,0.3328654170036316,0.33349609375,0.333984375,0.3328450620174408,0.3331705927848816,0.3333333432674408,0.3338216245174408,0.3333536982536316,0.3330586850643158,0.33270391821861267,0.3339131772518158,0.3333745002746582,0.3339385986328125,0.3338603973388672,0.33350056409835815,0.33374279737472534,0.33335113525390625,0.33344554901123047,0.3338114619255066,0.33359622955322266,0.3334001898765564,0.3330180048942566,0.3334452509880066,0.3335673213005066,0.33392333984375,0.33285364508628845,0.3329264521598816,0.3330981135368347,0.3329213559627533,0.33383435010910034,0.33373069763183594,0.33337482810020447,0.33367031812667847,0.3334050178527832,0.3336274027824402,0.3326009213924408,0.3330078125,0.3334554135799408,0.3339182734489441,0.3328857421875,0.3341064453125,0.3329264521598816,0.3337605893611908,0.3328285217285156,0.3335774838924408,0.3337218165397644,0.33389538526535034,0.3339201807975769,0.33329010009765625,0.332804411649704,0.3334248960018158,0.3333829343318939,0.3333333432674408,0.3328050971031189,0.3333333432674408,0.3333333432674408,0.3327586054801941,0.33282217383384705,0.3331654965877533,0.33366522192955017,0.3335043787956238,0.33343505859375,0.3327840268611908,0.3339475095272064,0.3329995572566986,0.333453506231308,0.3336709439754486,0.3333575129508972,0.3334757685661316,0.33344635367393494
Monopodes,base,0.3326823115348816,0.3330078125,0.3330078125,0.3333333730697632,0.3336588740348816,0.333984375,0.3338623046875,0.333984375,0.3326823115348816,0.3326823115348816,0.3333333730697632,0.3333333432674408,0.3336588740348816,0.3326823115348816,0.3330078125,0.3333333730697632,0.3336588740348816,0.3336588740348816,0.3326823115348816,0.333984375,0.3330078125,0.3330078125,0.3333333432674408,0.33349609375,0.3336588740348816,0.3334147334098816,0.3336588740348816,0.3326009213924408,0.3336588740348816,0.3330078125,0.3336588740348816,0.333984375,0.3330892026424408,0.3326823115348816,0.3336588740348816,0.333740234375,0.3330078125,0.333984375,0.333984375,0.3330892026424408,0.3333943784236908,0.333984375,0.3336588740348816,0.3336588740348816,0.3338216245174408,0.3328450620174408,0.33251953125,0.3330078125,0.3326823115348816,0.333984375,0.3326823115348816,0.3331705927848816,0.333984375,0.333984375,0.3326823115348816,0.3329671323299408,0.3327840268611908,0.3336588740348816,0.333984375,0.3328450620174408,0.3330129086971283,0.333984375,0.3333333432674408,0.3330078125,0.3331705927848816,0.3333333432674408,0.3330078125,0.3333333432674408,0.3333333432674408,0.3333333432674408,0.3333333432674408,0.333984375,0.3336588740348816,0.333984375,0.3330078125,0.3333333432674408,0.3333333432674408,0.3336588740348816,0.3329264521598816,0.332763671875,0.3333333432674408,0.3330078125,0.3330078125,0.3330078125,0.3336588740348816,0.3331705927848816,0.3330485224723816,0.3330078125,0.3330078125,0.3333333432674408,0.3330078125,0.3326823115348816,0.333984375,0.3330078125,0.3336588740348816,0.3338216245174408,0.3330078125,0.3333333432674408,0.3336588740348816,0.3331705927848816,0.3333333432674408,0.3330078125,0.3336588740348816,0.3326823115348816,0.3333333432674408,0.3333333432674408,0.3326823115348816,0.3333333432674408,0.3330078125,0.3326823115348816,0.3336588740348816,0.3330078125,0.3340047299861908,0.3339436948299408,0.33349609375,0.3330078125,0.3338623046875,0.3328450620174408,0.3331502377986908,0.33346235752105713,0.3329765796661377,0.33338579535484314,0.3331540524959564,0.3338572382926941,0.33396023511886597,0.33356475830078125,0.33349609375,0.3335774838924408,0.3329823911190033,0.3336588740348816,0.3333740234375,0.333892822265625,0.33356985449790955,0.3338216245174408,0.3338724970817566,0.3336588740348816,0.3328857421875,0.3328450620174408,0.3337911069393158,0.3328145444393158,0.3336417078971863,0.3336181640625,0.3337809443473816,0.3329264521598816,0.3334859311580658,0.33390554785728455,0.33329010009765625,0.33388394117355347,0.3327535092830658,0.3333638608455658,0.3339030146598816,0.33291372656822205,0.3336588740348816,0.3326823115348816,0.3337911069393158,0.3339271545410156,0.3329976499080658,0.33385467529296875,0.3339118957519531,0.3334776759147644,0.3338254392147064,0.33347830176353455,0.3330485224723816,0.3338216245174408,0.333587646484375,0.3332112729549408,0.3338165283203125,0.3335164487361908,0.3332926630973816,0.3339436948299408,0.3339640498161316,0.3326823115348816,0.3341471552848816,0.332763671875,0.3330892026424408,0.3333536982536316,0.3339436948299408,0.3338419795036316,0.3330078125,0.3329671323299408,0.3329264521598816,0.3330078125,0.3338216245174408,0.3334147334098816,0.3336588740348816,0.3339742124080658,0.333221435546875,0.33337849378585815,0.3338521420955658,0.3332723081111908,0.33343505859375,0.3328450620174408,0.3333333432674408,0.33349609375,0.3327433466911316,0.3336995542049408,0.3332112729549408,0.3329671323299408,0.3327229917049408,0.3328450620174408,0.3339030146598816,0.3328450620174408,0.3330930173397064,0.3330078125,0.333251953125,0.3331705927848816,0.33369192481040955,0.3334147334098816,0.3328450620174408,0.3334147334098816,0.3331705927848816,0.33359020948410034,0.3333943784236908,0.3332926630973816,0.3336588740348816,0.33331298828125,0.3339030146598816,0.3328450620174408,0.3336181640625,0.3328450620174408,0.3336588740348816,0.3336893916130066,0.333251953125,0.3328857421875,0.333709716796875,0.3333333432674408,0.3337809443473816,0.333740234375,0.3334147334098816,0.3334147334098816,0.333251953125,0.3338623046875,0.3330078125,0.3337809443473816,0.3338419795036316,0.333740234375,0.3330078125,0.3340657651424408,0.3327229917049408,0.3330485224723816,0.3332926630973816,0.3332774043083191,0.332977294921875,0.3338826596736908,0.33349609375,0.3333943784236908,0.3334210515022278,0.33286142349243164,0.3327110707759857,0.33287176489830017,0.3328081965446472,0.3330768048763275,0.3331298828125,0.3337199091911316,0.3338298797607422,0.333740234375,0.3336181640625,0.3328043818473816,0.3330078125,0.3327433466911316,0.3331289291381836,0.3330485224723816,0.3329671323299408,0.3333536982536316,0.3328450620174408,0.3336588740348816,0.33349609375,0.3331705927848816,0.3336995542049408,0.3339030146598816,0.3327738642692566,0.3338165283203125,0.3330892026424408,0.333740234375,0.3334910273551941,0.3328450620174408,0.3330281674861908,0.3336588740348816,0.33306884765625,0.3333333432674408,0.3339945673942566,0.3334757685661316,0.33294677734375,0.3335774838924408,0.3336588740348816,0.333740234375,0.3328857421875,0.333648681640625,0.3338623046875,0.3330078125,0.3337554931640625,0.33349609375,0.3337504267692566,0.3333333432674408,0.3330078125,0.3333028256893158,0.3330892026424408,0.3335215449333191,0.3334147334098816,0.333251953125,0.3334554135799408,0.3338572382926941,0.3329671323299408,0.3336181640625,0.333343505859375,0.3336588740348816,0.3339030146598816,0.3326823115348816,0.3336893916130066,0.3330892026424408,0.33374279737472534,0.33380126953125,0.33343505859375,0.3335774838924408,0.33294677734375,0.3336283564567566,0.33308538794517517,0.3328450620174408,0.3330281674861908,0.3330485224723816,0.333404541015625,0.3332316279411316,0.333984375,0.3330078125,0.3333333432674408,0.3334757685661316,0.3336588740348816,0.3330078125,0.3330892026424408,0.3330078125,0.3328450620174408,0.3331705927848816,0.3328043818473816,0.3326009213924408,0.3333333432674408,0.3338419795036316,0.3334554135799408,0.3331197202205658,0.3330892026424408,0.333984375,0.332763671875,0.333740234375,0.3334147334098816,0.3327382504940033,0.3328450620174408,0.33349609375,0.3336181640625,0.3330078125,0.3339436948299408,0.3330892026424408,0.3337809443473816,0.3329060971736908,0.3331705927848816,0.3335774838924408,0.3332723081111908,0.3328043818473816,0.3332468867301941,0.3336588740348816,0.3326823115348816,0.3335774838924408,0.3330078125,0.3338216245174408,0.3334147334098816,0.3336995542049408,0.3331705927848816,0.3330892026424408,0.333251953125,0.3338216245174408,0.3329264521598816,0.33349609375,0.3327229917049408,0.333251953125,0.3336588740348816,0.3330078125,0.3336588740348816,0.3338216245174408,0.3333333432674408,0.333251953125,0.3326823115348816,0.3330892026424408,0.333984375,0.3339436948299408,0.3336588740348816,0.33367919921875,0.33349609375,0.333251953125,0.3333333432674408,0.3338623046875,0.3336588740348816,0.3338216245174408,0.3336181640625,0.3330078125,0.33329710364341736,0.33384832739830017,0.3335368037223816,0.3335368037223816,0.3333551585674286,0.3333335518836975,0.33316296339035034,0.3328755795955658,0.3337758481502533,0.3326823115348816,0.3330586850643158,0.3338216245174408,0.332763671875,0.33349609375,0.3336181640625,0.3333333432674408,0.3330485224723816,0.3332926630973816,0.3333333432674408,0.3328450620174408,0.3330078125,0.3331705927848816,0.3331705927848816,0.3330892026424408,0.3328450620174408,0.333251953125,0.3330078125,0.3331705927848816,0.3334554135799408,0.3328755795955658,0.3339030146598816,0.3331705927848816,0.3335685729980469,0.332763671875,0.3328450620174408,0.3333740234375,0.3333333432674408,0.333984375,0.3331807553768158,0.3331705927848816,0.3331705927848816,0.3326823115348816,0.3336995542049408,0.3333943784236908,0.333740234375,0.3333333432674408,0.3338853716850281,0.333740234375,0.33347830176353455,0.3331705927848816,0.3336588740348816,0.3333333432674408,0.3329671323299408,0.3339030146598816,0.3331705927848816,0.3326823115348816,0.3339436948299408,0.3331705927848816,0.3341471552848816,0.3332112729549408,0.333740234375,0.3328450620174408,0.3326823115348816,0.33304089307785034,0.3333333432674408,0.3337148129940033,0.3335978388786316,0.3338979184627533,0.33392333984375,0.33303579688072205,0.333984375,0.332763671875,0.3336588740348816,0.3336588740348816,0.33349609375,0.3330078125,0.3331298828125,0.3333333432674408,0.33251953125,0.333984375,0.3328450620174408,0.3336588740348816,0.333251953125,0.3328043818473816,0.3329264521598816,0.3336588740348816,0.3336588740348816,0.3338216245174408,0.3330281674861908,0.33349609375,0.3333333432674408,0.3335062861442566,0.333221435546875,0.3338216245174408,0.3328590393066406,0.3326823115348816,0.3330281674861908,0.332916259765625,0.332733154296875,0.3328450620174408,0.3339030146598816,0.3333333432674408,0.332977294921875,0.33340200781822205,0.3330892026424408,0.33349609375,0.3339436948299408,0.3332112729549408,0.3329874873161316,0.333984375,0.3334757685661316,0.3328450620174408,0.3329874873161316,0.3330892026424408,0.3336588740348816,0.3339030146598816,0.3326823115348816,0.33282470703125,0.3329264521598816,0.3333359658718109,0.333740234375,0.3326823115348816,0.3339030146598816,0.33349609375,0.3336995542049408,0.3333333432674408,0.3329264521598816,0.33349609375,0.33355712890625,0.3339030146598816,0.3330078125,0.3333333432674408,0.3333333432674408,0.3330078125,0.3330078125,0.3338826596736908,0.3328450620174408,0.3336588740348816,0.332763671875,0.3338216245174408,0.3333333432674408,0.3328450620174408,0.3330078125,0.3334757685661316,0.3330078125,0.333984375,0.3333333432674408,0.3333333432674408,0.3339030146598816,0.3329264521598816,0.3328857421875,0.33349609375,0.3330892026424408,0.3330078125,0.3331705927848816,0.33290356397628784,0.333984375,0.3333333432674408,0.3330535888671875,0.333251953125,0.3327840268611908,0.3333333432674408,0.3337605893611908,0.3328450620174408,0.332763671875,0.3327229917049408,0.3331705927848816,0.33380126953125,0.3330078125,0.3333333432674408,0.3338216245174408,0.3330078125,0.3333333432674408,0.3336588740348816,0.3336588740348816,0.3326823115348816,0.3334147334098816,0.3339436948299408,0.3338216245174408,0.33286285400390625,0.3332316279411316,0.3338216245174408,0.3330078125,0.3338419795036316,0.3330078125,0.3333333432674408,0.3333333432674408,0.3332316279411316,0.3328450620174408,0.33349609375,0.3338216245174408,0.3338216245174408,0.3328450620174408,0.3328450620174408,0.3333740234375,0.3333333432674408,0.333740234375,0.3338623046875,0.3331705927848816,0.3339030146598816,0.3331705927848816,0.333984375,0.3333333432674408,0.3336995542049408,0.3334147334098816,0.33349609375,0.33349609375,0.333251953125,0.333740234375,0.3338216245174408,0.3329264521598816,0.3330078125,0.3338216245174408,0.3333333432674408,0.33349609375,0.3326823115348816,0.3336588740348816,0.3333333432674408,0.3337605893611908,0.3330078125,0.33349609375,0.3338623046875,0.3332926630973816,0.3331705927848816,0.3330078125,0.3333689570426941,0.3328857421875,0.3335723876953125,0.3337949216365814,0.332855224609375,0.3333621919155121,0.3327840268611908,0.33349609375,0.33349609375,0.3333333432674408,0.33349609375,0.3339436948299408,0.3326823115348816,0.3339436948299408,0.3330078125,0.3335368037223816,0.3326823115348816,0.3336588740348816,0.3331705927848816,0.3333333432674408,0.3327586054801941,0.33349865674972534,0.333984375,0.3333333432674408,0.3339030146598816,0.3335368037223816,0.3335774838924408,0.3326823115348816,0.3334147334098816,0.3334147334098816,0.3331502377986908,0.3335774838924408,0.3333333432674408,0.333984375,0.3338623046875,0.333251953125,0.33311209082603455,0.333740234375,0.3327382504940033,0.33372625708580017,0.3327789306640625,0.3330078125,0.3332011103630066,0.333740234375,0.3339436948299408,0.3338623046875,0.3333231806755066,0.3336995542049408,0.3338826596736908,0.3338216245174408,0.3338216245174408,0.3328450620174408,0.333251953125,0.33349609375,0.3336588740348816,0.3331705927848816,0.3337809443473816,0.3328450620174408,0.3336385190486908,0.33349609375,0.3338216245174408,0.333984375,0.3329353332519531,0.3331133723258972,0.3328857421875,0.3338063657283783,0.3329671323299408,0.3334147334098816,0.3338267207145691,0.3336588740348816,0.3336588740348816,0.33349609375,0.3330892026424408,0.3328857421875,0.3338216245174408,0.3332977294921875,0.3336588740348816,0.3339436948299408,0.333740234375,0.333740234375,0.3327229917049408,0.3331705927848816,0.3330281674861908,0.3333333432674408,0.3329671323299408,0.3338216245174408,0.3331705927848816,0.3329264521598816,0.3327229917049408,0.332763671875,0.332855224609375,0.3334554135799408,0.33278149366378784,0.33345288038253784,0.3337046504020691,0.3336842954158783,0.3331044614315033,0.3337809443473816,0.3327229917049408,0.333984375,0.3333943784236908,0.3338216245174408,0.333740234375,0.3331705927848816,0.3336588740348816,0.3335368037223816,0.33342236280441284,0.3336995542049408,0.3338826596736908,0.3333740234375,0.3329111933708191,0.3339131772518158,0.333251953125,0.3327992856502533,0.33292388916015625,0.3336995542049408,0.3332862854003906,0.33370718359947205,0.3328501582145691,0.3329671323299408,0.33365124464035034,0.3338966369628906,0.3338623046875,0.33382925391197205,0.3332252502441406,0.333343505859375,0.3331400752067566,0.3333740234375,0.3335673213005066,0.33345288038253784,0.3334757685661316,0.3337504267692566,0.3330078125,0.33349609375,0.3336080014705658,0.3328450620174408,0.3336181640625,0.3330078125,0.3336588740348816,0.3330485224723816,0.3331756591796875,0.3336588740348816,0.3336690366268158,0.3330790400505066,0.33367919921875,0.3327535092830658,0.3334452509880066,0.3341878354549408,0.33334439992904663,0.3333333432674408,0.33280637860298157,0.3333333730697632,0.3333333432674408,0.33323925733566284,0.3329111933708191,0.333251953125,0.3335774838924408,0.3332723081111908,0.3327229917049408,0.3339691162109375,0.3326873779296875,0.3335978388786316,0.33357495069503784,0.3334757685661316,0.3330230712890625,0.3329366147518158,0.3335622251033783
Leoncito,base,0.3333333432674408,0.3330078125,0.333984375,0.33333343267440796,0.3333333432674408,0.3330078125,0.3333333432674408,0.3330078125,0.333984375,0.333984375,0.33333343267440796,0.3336588740348816,0.3338216245174408,0.3333333432674408,0.3326823115348816,0.3333333432674408,0.3333333432674408,0.3326823115348816,0.3334147334098816,0.3326823115348816,0.333984375,0.3328450620174408,0.3338216245174408,0.3333333432674408,0.3336588740348816,0.3331705927848816,0.3336588740348816,0.333740234375,0.3336588740348816,0.3336588740348816,0.3326823115348816,0.3336588740348816,0.3332926630973816,0.3326823115348816,0.3336588740348816,0.3328450620174408,0.3330078125,0.3333333432674408,0.3335978388786316,0.3328450620174408,0.3336283564567566,0.333984375,0.3330892026424408,0.3326823115348816,0.3333333432674408,0.3336588740348816,0.3339030146598816,0.333984375,0.3333333432674408,0.3330078125,0.3336588740348816,0.3328450620174408,0.3335774838924408,0.3336588740348816,0.3336588740348816,0.3333333432674408,0.33343505859375,0.3326823115348816,0.3338724970817566,0.3335368037223816,0.33326467871665955,0.333251953125,0.3333333432674408,0.3333333432674408,0.3330078125,0.333984375,0.3330078125,0.3333333432674408,0.3330078125,0.3330078125,0.3326823115348816,0.3328450620174408,0.3330078125,0.3328450620174408,0.333984375,0.3331705927848816,0.3333333432674408,0.3330078125,0.3326823115348816,0.3338216245174408,0.3333333432674408,0.3338216245174408,0.3328857421875,0.3338826596736908,0.3328450620174408,0.3333740234375,0.3328450620174408,0.3330078125,0.3338216245174408,0.3330078125,0.3336588740348816,0.3333333432674408,0.3338216245174408,0.3333333432674408,0.3336588740348816,0.3338216245174408,0.3336588740348816,0.3330078125,0.3333333432674408,0.3330078125,0.3333333432674408,0.33349609375,0.3333333432674408,0.3336588740348816,0.333984375,0.3330078125,0.3333333432674408,0.3336588740348816,0.3330078125,0.3326823115348816,0.3326823115348816,0.3326823115348816,0.3328450620174408,0.332763671875,0.3331705927848816,0.332763671875,0.3333486020565033,0.33380126953125,0.3327840268611908,0.33342820405960083,0.33290761709213257,0.33358821272850037,0.3339824080467224,0.3330323100090027,0.3327687680721283,0.33284538984298706,0.3336181640625,0.3339436948299408,0.3333536982536316,0.3333333432674408,0.3328043818473816,0.3335011899471283,0.33331298828125,0.333740234375,0.3339640498161316,0.3330485224723816,0.3337300717830658,0.3331705927848816,0.3339030146598816,0.3336588740348816,0.3338470458984375,0.33383941650390625,0.3338623046875,0.3336181640625,0.3337148129940033,0.3335660398006439,0.33373770117759705,0.33277130126953125,0.3334554135799408,0.33380126953125,0.3337605893611908,0.3332723081111908,0.333740234375,0.3337809443473816,0.3330892026424408,0.33383816480636597,0.33305105566978455,0.3332011103630066,0.3328196406364441,0.33344316482543945,0.33362579345703125,0.3332316279411316,0.33353424072265625,0.3332926630973816,0.3330586850643158,0.33292263746261597,0.33295345306396484,0.3327738642692566,0.3331095576286316,0.33355712890625,0.3330281674861908,0.3328654170036316,0.3328450620174408,0.3337199091911316,0.3334147334098816,0.3336588740348816,0.3336181640625,0.3328450620174408,0.33349609375,0.3339030146598816,0.3338216245174408,0.333740234375,0.333984375,0.33349609375,0.33349609375,0.3339030146598816,0.3335113525390625,0.33346909284591675,0.3328094482421875,0.33270263671875,0.3330485224723816,0.3333333432674408,0.333251953125,0.3328450620174408,0.333099365234375,0.3334757685661316,0.3328654170036316,0.3333638608455658,0.332763671875,0.333740234375,0.3330078125,0.333251953125,0.33290863037109375,0.3336588740348816,0.3326009213924408,0.3333333432674408,0.33294677734375,0.33349609375,0.3326924741268158,0.3338216245174408,0.3336588740348816,0.3330281674861908,0.332763671875,0.3329264521598816,0.3338216245174408,0.3335164487361908,0.3328857421875,0.3328450620174408,0.332763671875,0.3338216245174408,0.33349609375,0.33349609375,0.3333333432674408,0.33294677734375,0.333984375,0.3336588740348816,0.3335978388786316,0.33317822217941284,0.333740234375,0.3333333432674408,0.3338216245174408,0.3328857421875,0.3336588740348816,0.3330078125,0.3330078125,0.3336588740348816,0.3336588740348816,0.3326823115348816,0.33392333984375,0.3338216245174408,0.3327840268611908,0.33315786719322205,0.3332621455192566,0.33394116163253784,0.3337809443473816,0.3333829343318939,0.3336944580078125,0.3338438868522644,0.3332182765007019,0.3328654170036316,0.33331298828125,0.33347195386886597,0.3330892026424408,0.3339742124080658,0.3335062861442566,0.3336588740348816,0.3330892026424408,0.332763671875,0.3330078125,0.332763671875,0.3330790400505066,0.3330892026424408,0.3339030146598816,0.3330485224723816,0.3326823115348816,0.33349609375,0.3330078125,0.3330078125,0.3333333432674408,0.3337199091911316,0.3336690366268158,0.3326823115348816,0.3334147334098816,0.3333333432674408,0.33349609375,0.3333333432674408,0.3336588740348816,0.3333333432674408,0.33349609375,0.3338216245174408,0.33367919921875,0.3326924741268158,0.3336995542049408,0.33392333984375,0.332763671875,0.3331095576286316,0.3336588740348816,0.3328857421875,0.3336944580078125,0.3331705927848816,0.332855224609375,0.3330078125,0.3332316279411316,0.3330078125,0.3332112729549408,0.3330078125,0.333251953125,0.33392333984375,0.3331705927848816,0.33349609375,0.3335774838924408,0.3331705927848816,0.3330078125,0.333251953125,0.33349609375,0.3333333432674408,0.33380126953125,0.3333333432674408,0.3328043818473816,0.33349609375,0.3336130976676941,0.3335774838924408,0.3334452509880066,0.3330892026424408,0.3330078125,0.3333333432674408,0.33345669507980347,0.3339640498161316,0.3329264521598816,0.3327738642692566,0.3327891230583191,0.332763671875,0.3330078125,0.33294677734375,0.3336588740348816,0.3326823115348816,0.3330892026424408,0.3330892026424408,0.3327382504940033,0.3336588740348816,0.3336588740348816,0.333251953125,0.3328450620174408,0.3338623046875,0.3339030146598816,0.3332112729549408,0.3330078125,0.3336588740348816,0.3330078125,0.3333333432674408,0.3326823115348816,0.333984375,0.333740234375,0.3329010009765625,0.3338216245174408,0.333984375,0.3336588740348816,0.3329264521598816,0.3329060971736908,0.33349609375,0.3326823115348816,0.333984375,0.3331298828125,0.333984375,0.3333536982536316,0.3337199091911316,0.3335774838924408,0.3333333432674408,0.3326823115348816,0.332763671875,0.3333333432674408,0.3326823115348816,0.3341471552848816,0.3335774838924408,0.3338216245174408,0.3331298828125,0.33251953125,0.333251953125,0.333251953125,0.3328450620174408,0.3338216245174408,0.33349609375,0.333740234375,0.33349609375,0.3335774838924408,0.3329264521598816,0.3326823115348816,0.3336588740348816,0.3335774838924408,0.3331705927848816,0.3326823115348816,0.3333333432674408,0.3333333432674408,0.3335368037223816,0.3330078125,0.3333333432674408,0.3331705927848816,0.3336995542049408,0.3338216245174408,0.333740234375,0.3330078125,0.3330078125,0.33382290601730347,0.3335774838924408,0.3337809443473816,0.3338623046875,0.3333445191383362,0.33333414793014526,0.3339030146598816,0.3334779739379883,0.3335774838924408,0.3340250849723816,0.3336690366268158,0.33331298828125,0.3331197202205658,0.333740234375,0.3337199091911316,0.3335368037223816,0.3332926630973816,0.3328450620174408,0.3334452509880066,0.3328043818473816,0.3333333432674408,0.33367919921875,0.3340657651424408,0.3331705927848816,0.3330078125,0.3326823115348816,0.3333333432674408,0.3338216245174408,0.3330078125,0.3339640498161316,0.3336588740348816,0.3340250849723816,0.3331197202205658,0.3338216245174408,0.3329264521598816,0.3330892026424408,0.3333333432674408,0.3339030146598816,0.3330535888671875,0.3330078125,0.3328450620174408,0.3338216245174408,0.3328043818473816,0.3332875669002533,0.3333333432674408,0.3330485224723816,0.3336397111415863,0.33367919921875,0.3336893916130066,0.3336588740348816,0.3331298828125,0.333984375,0.3328450620174408,0.3339436948299408,0.3336588740348816,0.3336588740348816,0.3328857421875,0.3326823115348816,0.3328450620174408,0.3335215449333191,0.3336995542049408,0.3329874873161316,0.3326823115348816,0.3328132629394531,0.3328450620174408,0.333587646484375,0.3337809443473816,0.3334757685661316,0.3329417109489441,0.3338521420955658,0.333984375,0.3328043818473816,0.3328857421875,0.3339030146598816,0.3331705927848816,0.3331705927848816,0.3331705927848816,0.3333333432674408,0.3328450620174408,0.33349609375,0.333251953125,0.332763671875,0.3329264521598816,0.3338623046875,0.3330078125,0.3331298828125,0.333984375,0.333984375,0.3328450620174408,0.3328450620174408,0.3331705927848816,0.3328857421875,0.33389538526535034,0.33349609375,0.3332436978816986,0.333251953125,0.3328043818473816,0.3333180844783783,0.333221435546875,0.3337199091911316,0.3332112729549408,0.3331502377986908,0.33312734961509705,0.33272427320480347,0.33374279737472534,0.3327229917049408,0.3334554135799408,0.332763671875,0.3333333432674408,0.333251953125,0.3339030146598816,0.3328450620174408,0.3333333432674408,0.3340250849723816,0.3331705927848816,0.33349609375,0.333984375,0.3328450620174408,0.3334147334098816,0.3336372375488281,0.3338216245174408,0.3333333432674408,0.3328450620174408,0.33349609375,0.3338623046875,0.3326823115348816,0.3328857421875,0.333251953125,0.3330180048942566,0.3334147334098816,0.3330892026424408,0.3330078125,0.33349609375,0.3330078125,0.3338216245174408,0.3337809443473816,0.333984375,0.3326416015625,0.3328450620174408,0.33349609375,0.3333367109298706,0.3335774838924408,0.3337605893611908,0.33294677734375,0.3333333432674408,0.3333333432674408,0.3333333432674408,0.3330078125,0.3329264521598816,0.3337809443473816,0.332763671875,0.332763671875,0.333740234375,0.3326823115348816,0.3334147334098816,0.3330281674861908,0.3336995542049408,0.33355712890625,0.333251953125,0.3331298828125,0.3335774838924408,0.3333333432674408,0.3334757685661316,0.3338216245174408,0.3337605893611908,0.3330078125,0.3330892026424408,0.3339945673942566,0.33349609375,0.3326823115348816,0.3330078125,0.3339436948299408,0.3331705927848816,0.3333333432674408,0.3328450620174408,0.3330078125,0.33346304297447205,0.3332265317440033,0.333740234375,0.3337554931640625,0.3332977294921875,0.3339436948299408,0.3330892026424408,0.3333333432674408,0.3336995542049408,0.3327229917049408,0.3328450620174408,0.33306884765625,0.3331705927848816,0.3338216245174408,0.3330892026424408,0.3332112729549408,0.3337809443473816,0.3338216245174408,0.3335368037223816,0.3336588740348816,0.3333333432674408,0.3335368037223816,0.3339335322380066,0.3334147334098816,0.3331705927848816,0.3336588740348816,0.33349609375,0.3328857421875,0.3339436948299408,0.3328043818473816,0.3328043818473816,0.3331298828125,0.3336588740348816,0.3333536982536316,0.3338216245174408,0.3331705927848816,0.3326823115348816,0.3338216245174408,0.3332112729549408,0.3330078125,0.3331705927848816,0.3336588740348816,0.3338216245174408,0.3330078125,0.3336588740348816,0.3333333432674408,0.3333740234375,0.3330078125,0.3330078125,0.3328450620174408,0.3332621455192566,0.3338432312011719,0.33370718359947205,0.33343505859375,0.3328298032283783,0.3334757685661316,0.332794189453125,0.3335062861442566,0.3334554135799408,0.3329823911190033,0.3331705927848816,0.332763671875,0.3328857421875,0.3331298828125,0.33331298828125,0.3329264521598816,0.3333333432674408,0.33349609375,0.333282470703125,0.333038330078125,0.3333028256893158,0.3336385190486908,0.333831787109375,0.3333536982536316,0.3329060971736908,0.3334808349609375,0.3338623046875,0.3331400752067566,0.3337199091911316,0.3328450620174408,0.3333333432674408,0.33355712890625,0.3331705927848816,0.3338216245174408,0.3338356018066406,0.33373355865478516,0.332763671875,0.33270263671875,0.3328234553337097,0.3327535092830658,0.3332621455192566,0.3339030146598816,0.3327229917049408,0.3338216245174408,0.3334147334098816,0.3339385986328125,0.3338724970817566,0.3334147334098816,0.33349609375,0.33270263671875,0.3335164487361908,0.3328450620174408,0.33380126953125,0.3330078125,0.3330078125,0.3329264521598816,0.3328450620174408,0.333587646484375,0.333099365234375,0.3330892026424408,0.3331298828125,0.3338584899902344,0.33391571044921875,0.3335762023925781,0.33349737524986267,0.3338406980037689,0.3334776759147644,0.33270519971847534,0.3330892026424408,0.332763671875,0.33294677734375,0.33331298828125,0.333984375,0.3333740234375,0.333953857421875,0.33276623487472534,0.3328450620174408,0.3339335322380066,0.3328145444393158,0.3332112729549408,0.3332417905330658,0.3327433466911316,0.3328806757926941,0.3330078125,0.3331298828125,0.3336588740348816,0.3336588740348816,0.3326823115348816,0.3336181640625,0.3337199091911316,0.3330790400505066,0.3334171175956726,0.3336893916130066,0.333099365234375,0.3337777554988861,0.3337962031364441,0.3330078125,0.3332926630973816,0.3326823115348816,0.3327077329158783,0.3328450620174408,0.3333943784236908,0.33349609375,0.332733154296875,0.333526611328125,0.3333536982536316,0.3327840268611908,0.33296841382980347,0.33343252539634705,0.33368048071861267,0.333099365234375,0.33270010352134705,0.33350056409835815,0.33370909094810486,0.33298492431640625,0.3335364758968353,0.33301037549972534,0.33349356055259705,0.33392333984375,0.33349609375,0.3333486020565033,0.33270329236984253,0.33279165625572205,0.33366650342941284,0.33380383253097534,0.33275604248046875,0.3335062861442566,0.3331298828125,0.3339335322380066,0.33369702100753784,0.3330434262752533,0.33349609375,0.3326823115348816,0.3339742124080658,0.3332926630973816,0.33323925733566284,0.3330078125,0.33349609375,0.3336588740348816,0.33336132764816284,0.3338623046875,0.33281201124191284,0.3328094482421875,0.33359527587890625,0.3334147334098816,0.3337453305721283,0.33350372314453125,0.3327152132987976,0.3333333432674408,0.3333892822265625,0.332804411649704,0.3333333432674408,0.332763671875,0.3332621455192566,0.333740234375,0.3328399658203125,0.33308666944503784,0.3336385190486908,0.3336283564567566,0.3334452509880066,0.332977294921875,0.33354824781417847,0.3338165283203125,0.333587646484375,0.3330485224723816,0.3330014646053314
Patients,base,1.0,1.0,1.0,1.0,1.0,1.0,1.0,1.0,1.0,1.0,1.0,1.0,1.0,1.0,1.0,1.0,1.0,1.0,1.0,1.0,1.0,1.0,1.0,1.0,1.0,1.0,1.0,1.0,1.0,1.0,1.0,1.0,1.0,1.0,1.0,1.0,1.0,1.0,1.0,1.0,1.0,1.0,1.0,1.0,1.0,1.0,1.0,1.0,1.0,1.0,1.0,1.0,1.0,1.0,1.0,1.0,1.0,1.0,1.0,1.0,1.0,1.0,1.0,1.0,1.0,1.0,1.0,1.0,1.0,1.0,1.0,1.0,1.0,1.0,1.0,1.0,1.0,1.0,1.0,1.0,1.0,1.0,1.0,1.0,1.0,1.0,1.0,1.0,1.0,1.0,1.0,1.0,1.0,1.0,1.0,1.0,1.0,1.0,1.0,1.0,1.0,1.0,1.0,1.0,1.0,1.0,1.0,1.0,1.0,1.0,1.0,1.0,1.0,1.0,1.0,1.0,1.0,1.0,1.0,1.0,1.0,1.0,1.0,1.0,1.0,1.0,1.0,1.0,1.0,1.0,1.0,1.0,1.0,1.0,1.0,1.0,1.0,1.0,1.0,1.0,1.0,1.0,1.0,1.0,1.0,1.0,1.0,1.0,1.0,1.0,1.0,1.0,1.0,1.0,1.0,1.0,1.0,1.0,1.0,1.0,1.0,1.0,1.0,1.0,1.0,1.0,1.0,1.0,1.0,1.0,1.0,1.0,1.0,1.0,1.0,1.0,1.0,1.0,1.0,1.0,1.0,1.0,1.0,1.0,1.0,1.0,1.0,1.0,1.0,1.0,1.0,1.0,1.0,1.0,1.0,1.0,1.0,1.0,1.0,1.0,1.0,1.0,1.0,1.0,1.0,1.0,1.0,1.0,1.0,1.0,1.0,1.0,1.0,1.0,1.0,1.0,1.0,1.0,1.0,1.0,1.0,1.0,1.0,1.0,1.0,1.0,1.0,1.0,1.0,1.0,1.0,1.0,1.0,1.0,1.0,1.0,1.0,1.0,1.0,1.0,1.0,1.0,1.0,1.0,1.0,1.0,1.0,1.0,1.0,1.0,1.0,1.0,1.0,1.0,1.0,1.0,1.0,1.0,1.0,1.0,1.0,1.0,1.0,1.0,1.0,1.0,1.0,1.0,1.0,1.0,1.0,1.0,1.0,1.0,1.0,1.0,1.0,1.0,1.0,1.0,1.0,1.0,1.0,1.0,1.0,1.0,1.0,1.0,1.0,1.0,1.0,1.0,1.0,1.0,1.0,1.0,1.0,1.0,1.0,1.0,1.0,1.0,1.0,1.0,1.0,1.0,1.0,1.0,1.0,1.0,1.0,1.0,1.0,1.0,1.0,1.0,1.0,1.0,1.0,1.0,1.0,1.0,1.0,1.0,1.0,1.0,1.0,1.0,1.0,1.0,1.0,1.0,1.0,1.0,1.0,1.0,1.0,1.0,1.0,1.0,1.0,1.0,1.0,1.0,1.0,1.0,1.0,1.0,1.0,1.0,1.0,1.0,1.0,1.0,1.0,1.0,1.0,1.0,1.0,1.0,1.0,1.0,1.0,1.0,1.0,1.0,1.0,1.0,1.0,1.0,1.0,1.0,1.0,1.0,1.0,1.0,1.0,1.0,1.0,1.0,1.0,1.0,1.0,1.0,1.0,1.0,1.0,1.0,1.0,1.0,1.0,1.0,1.0,1.0,1.0,1.0,1.0,1.0,1.0,1.0,1.0,1.0,1.0,1.0,1.0,1.0,1.0,1.0,1.0,1.0,1.0,1.0,1.0,1.0,1.0,1.0,1.0,1.0,1.0,1.0,1.0,1.0,1.0,1.0,1.0,1.0,1.0,1.0,1.0,1.0,1.0,1.0,1.0,1.0,1.0,1.0,1.0,1.0,1.0,1.0,1.0,1.0,1.0,1.0,1.0,1.0,1.0,1.0,1.0,1.0,1.0,1.0,1.0,1.0,1.0,1.0,1.0,1.0,1.0,1.0,1.0,1.0,1.0,1.0,1.0,1.0,1.0,1.0,1.0,1.0,1.0,1.0,1.0,1.0,1.0,1.0,1.0,1.0,1.0,1.0,1.0,1.0,1.0,1.0,1.0,1.0,1.0,1.0,1.0,1.0,1.0,1.0,1.0,1.0,1.0,1.0,1.0,1.0,1.0,1.0,1.0,1.0,1.0,1.0,1.0,1.0,1.0,1.0,1.0,1.0,1.0,1.0,1.0,1.0,1.0,1.0,1.0,1.0,1.0,1.0,1.0,1.0,1.0,1.0,1.0,1.0,1.0,1.0,1.0,1.0,1.0,1.0,1.0,1.0,1.0,1.0,1.0,1.0,1.0,1.0,1.0,1.0,1.0,1.0,1.0,1.0,1.0,1.0,1.0,1.0,1.0,1.0,1.0,1.0,1.0,1.0,1.0,1.0,1.0,1.0,1.0,1.0,1.0,1.0,1.0,1.0,1.0,1.0,1.0,1.0,1.0,1.0,1.0,1.0,1.0,1.0,1.0,1.0,1.0,1.0,1.0,1.0,1.0,1.0,1.0,1.0,1.0,1.0,1.0,1.0,1.0,1.0,1.0,1.0,1.0,1.0,1.0,1.0,1.0,1.0,1.0,1.0,1.0,1.0,1.0,1.0,1.0,1.0,1.0,1.0,1.0,1.0,1.0,1.0,1.0,1.0,1.0,1.0,1.0,1.0,1.0,1.0,1.0,1.0,1.0,1.0,1.0,1.0,1.0,1.0,1.0,1.0,1.0,1.0,1.0,1.0,1.0,1.0,1.0,1.0,1.0,1.0,1.0,1.0,1.0,1.0,1.0,1.0,1.0,1.0,1.0,1.0,1.0,1.0,1.0,1.0,1.0,1.0,1.0,1.0,1.0,1.0,1.0,1.0,1.0,1.0,1.0,1.0,1.0,1.0,1.0,1.0,1.0,1.0,1.0,1.0,1.0,1.0,1.0,1.0,1.0,1.0,1.0,1.0,1.0,1.0,1.0,1.0,1.0,1.0,1.0,1.0,1.0,1.0,1.0,1.0,1.0,1.0,1.0,1.0,1.0,1.0,1.0,1.0,1.0,1.0,1.0,1.0,1.0,1.0,1.0,1.0,1.0,1.0,1.0,1.0,1.0,1.0,1.0,1.0,1.0,1.0,1.0,1.0,1.0,1.0,1.0,1.0,1.0,1.0,1.0,1.0,1.0,1.0,1.0,1.0,1.0,1.0,1.0,1.0,1.0,1.0,1.0,1.0,1.0,1.0,1.0,1.0,1.0,1.0,1.0,1.0,1.0,1.0,1.0,1.0,1.0,1.0,1.0,1.0,1.0,1.0,1.0,1.0,1.0,1.0,1.0,1.0,1.0,1.0,1.0,1.0,1.0,1.0,1.0,1.0,1.0,1.0,1.0,1.0,1.0,1.0,1.0,1.0
Invernesses,base,0.250244140625,0.249664306640625,0.2502584457397461,0.25000008940696716,0.2496337890625,0.250244140625,0.25032901763916016,0.25,0.2496185302734375,0.2501220703125,0.25016021728515625,0.25,0.2498779296875,0.2503662109375,0.249755859375,0.25,0.249755859375,0.2498779296875,0.2498779296875,0.25,0.24957275390625,0.249755859375,0.250152587890625,0.2496337890625,0.25,0.2503662109375,0.24951171875,0.2503662109375,0.2496337890625,0.25,0.25,0.2501220703125,0.249908447265625,0.25,0.25030517578125,0.249664306640625,0.25044918060302734,0.249755859375,0.250335693359375,0.249908447265625,0.2504425048828125,0.250152587890625,0.25042724609375,0.249755859375,0.250152587890625,0.2498016357421875,0.2499542236328125,0.2503662109375,0.25,0.25,0.249755859375,0.2503662109375,0.2501220703125,0.25,0.250244140625,0.25006103515625,0.25042724609375,0.250396728515625,0.24976348876953125,0.24993896484375,0.25002479553222656,0.250152587890625,0.2496337890625,0.2498779296875,0.250244140625,0.250244140625,0.24957275390625,0.25048828125,0.25,0.25030517578125,0.249755859375,0.25,0.25,0.24951171875,0.25,0.250244140625,0.2501220703125,0.24951934814453125,0.2501220703125,0.25030517578125,0.25042724609375,0.25048828125,0.25018310546875,0.249725341796875,0.250091552734375,0.25,0.2498779296875,0.2503662109375,0.2498779296875,0.24974822998046875,0.2499847412109375,0.24951171875,0.25,0.250091552734375,0.2496337890625,0.2503814697265625,0.24969482421875,0.25018310546875,0.249847412109375,0.24951171875,0.24945068359375,0.2498779296875,0.2498779296875,0.2497406005859375,0.2499847412109375,0.25,0.25,0.249755859375,0.249755859375,0.2498779296875,0.249755859375,0.249755859375,0.2496490478515625,0.25030517578125,0.2498779296875,0.24993896484375,0.24983978271484375,0.2501678466796875,0.2501220703125,0.2500041127204895,0.24968326091766357,0.24994876980781555,0.25021517276763916,0.2495208978652954,0.2503228187561035,0.2502104640007019,0.25048828125,0.249725341796875,0.2503814697265625,0.24962615966796875,0.2501220703125,0.2498931884765625,0.25,0.25030517578125,0.250396728515625,0.25030517578125,0.2501564025878906,0.250030517578125,0.25042724609375,0.2503929138183594,0.25016796588897705,0.2504119873046875,0.2503204345703125,0.2496490478515625,0.24951171875,0.2501487731933594,0.24954700469970703,0.250091552734375,0.2495880126953125,0.24945068359375,0.25018310546875,0.25011634826660156,0.2501983642578125,0.2501220703125,0.25011444091796875,0.2502889633178711,0.2502861022949219,0.24977684020996094,0.2501358389854431,0.2504199147224426,0.25015825033187866,0.24990415573120117,0.2497100830078125,0.25018310546875,0.24954748153686523,0.2501697540283203,0.2504795789718628,0.24959373474121094,0.2500343322753906,0.24991989135742188,0.2496795654296875,0.2503509521484375,0.25041961669921875,0.2504558563232422,0.25000762939453125,0.24951553344726562,0.25028228759765625,0.24941444396972656,0.25048828125,0.24978256225585938,0.24998092651367188,0.2495269775390625,0.249725341796875,0.25,0.2495250701904297,0.24967193603515625,0.2501678466796875,0.2500256597995758,0.25014424324035645,0.24962282180786133,0.24969482421875,0.25025367736816406,0.25044918060302734,0.24993610382080078,0.2498641014099121,0.2501564025878906,0.24957275390625,0.24997711181640625,0.250030517578125,0.24969482421875,0.24993896484375,0.249755859375,0.24953460693359375,0.2495441436767578,0.25022125244140625,0.25042724609375,0.24988603591918945,0.2500267028808594,0.24964141845703125,0.250518798828125,0.250244140625,0.24996566772460938,0.249481201171875,0.25045013427734375,0.25006103515625,0.25039005279541016,0.24969482421875,0.25042724609375,0.2496933937072754,0.25030517578125,0.24981689453125,0.25006103515625,0.24977493286132812,0.25025177001953125,0.249755859375,0.250244140625,0.2503509521484375,0.25030517578125,0.2494964599609375,0.24945068359375,0.24951171875,0.2498626708984375,0.250244140625,0.2503204345703125,0.250213623046875,0.24990081787109375,0.249755859375,0.25020599365234375,0.25022125244140625,0.2503814697265625,0.2496795654296875,0.2496814727783203,0.24958038330078125,0.2504463195800781,0.249755859375,0.25006103515625,0.2500953674316406,0.25010251998901367,0.24977445602416992,0.24996376037597656,0.2497844696044922,0.2504235506057739,0.25030517578125,0.24994468688964844,0.2502479553222656,0.25043487548828125,0.25042724609375,0.250091552734375,0.25,0.2503347396850586,0.24958229064941406,0.249847412109375,0.2504119873046875,0.24981689453125,0.24969482421875,0.2501068115234375,0.249755859375,0.249725341796875,0.24997711181640625,0.25029563903808594,0.2495880126953125,0.2501964569091797,0.249725341796875,0.2499542236328125,0.24973106384277344,0.2497406005859375,0.25041961669921875,0.2501220703125,0.25040435791015625,0.24969482421875,0.25025272369384766,0.2496042251586914,0.2503814697265625,0.2504091262817383,0.249755859375,0.249908447265625,0.249908447265625,0.24992752075195312,0.2499399185180664,0.2501220703125,0.25,0.25042724609375,0.25032615661621094,0.2498779296875,0.250457763671875,0.2501258850097656,0.24975299835205078,0.2502861022949219,0.249786376953125,0.25006866455078125,0.24944305419921875,0.2497539520263672,0.24980926513671875,0.24951457977294922,0.250518798828125,0.25030517578125,0.25008392333984375,0.25020599365234375,0.24998164176940918,0.25006103515625,0.2500629425048828,0.24993896484375,0.25031280517578125,0.2496166229248047,0.2500343322753906,0.25,0.24969691038131714,0.25013160705566406,0.2497406005859375,0.25025177001953125,0.25011730194091797,0.24957275390625,0.25030517578125,0.25048828125,0.25018310546875,0.2498779296875,0.2501201629638672,0.24951934814453125,0.2497406005859375,0.25003814697265625,0.24957275390625,0.250457763671875,0.25018310546875,0.249847412109375,0.2502288818359375,0.2503547668457031,0.25041961669921875,0.2498321533203125,0.25018310546875,0.24951171875,0.250244140625,0.24957275390625,0.2501678466796875,0.2497692108154297,0.250244140625,0.249481201171875,0.249542236328125,0.2503814697265625,0.250396728515625,0.25030517578125,0.249908447265625,0.25048828125,0.2504234313964844,0.250152587890625,0.25042724609375,0.250213623046875,0.250091552734375,0.2496337890625,0.24953460693359375,0.2504730224609375,0.249847412109375,0.249786376953125,0.2496337890625,0.250335693359375,0.2503662109375,0.250335693359375,0.2503814697265625,0.25030517578125,0.2501220703125,0.249664306640625,0.24945068359375,0.250091552734375,0.24957275390625,0.249664306640625,0.249664306640625,0.25006103515625,0.24957275390625,0.250152587890625,0.2498321533203125,0.24981689453125,0.2501220703125,0.25042724609375,0.250335693359375,0.25046539306640625,0.250030517578125,0.24981689453125,0.2503662109375,0.2496337890625,0.250396728515625,0.24969482421875,0.24962997436523438,0.2496337890625,0.2501184344291687,0.24973297119140625,0.25016021728515625,0.25038909912109375,0.2500056326389313,0.25000131130218506,0.2498025894165039,0.2504034638404846,0.2502427101135254,0.2499847412109375,0.25011444091796875,0.2498779296875,0.25018310546875,0.24970245361328125,0.2502288818359375,0.2498779296875,0.2500457763671875,0.250091552734375,0.249603271484375,0.2500152587890625,0.249664306640625,0.249725341796875,0.25048828125,0.250152587890625,0.25006103515625,0.24956893920898438,0.2498779296875,0.2501220703125,0.24957275390625,0.24983882904052734,0.249847412109375,0.249969482421875,0.2495746612548828,0.2496337890625,0.2501220703125,0.24988174438476562,0.25006103515625,0.24977874755859375,0.2501344680786133,0.25,0.2500457763671875,0.25030517578125,0.2500343322753906,0.2503528594970703,0.25031280517578125,0.25020408630371094,0.24975109100341797,0.24985885620117188,0.25040626525878906,0.249969482421875,0.25006103515625,0.2506103515625,0.25011444091796875,0.249542236328125,0.25006103515625,0.25030517578125,0.24982452392578125,0.250152587890625,0.25,0.2502479553222656,0.2496185302734375,0.249603271484375,0.250396728515625,0.249725341796875,0.2503662109375,0.2503023147583008,0.2498321533203125,0.24988174438476562,0.2500801086425781,0.24985122680664062,0.250335693359375,0.24981689453125,0.250274658203125,0.25031280517578125,0.24969482421875,0.25018310546875,0.24969482421875,0.250244140625,0.25042724609375,0.2501220703125,0.2501220703125,0.250244140625,0.25042724609375,0.250091552734375,0.2504730224609375,0.250091552734375,0.24969482421875,0.2499847412109375,0.2497730255126953,0.250244140625,0.24993133544921875,0.25046539306640625,0.2500953674316406,0.249755859375,0.24965763092041016,0.25018310546875,0.2501068115234375,0.2497100830078125,0.24954795837402344,0.24990081787109375,0.250335693359375,0.24988937377929688,0.24974346160888672,0.250002384185791,0.24976539611816406,0.250091552734375,0.2496490478515625,0.250213623046875,0.25048828125,0.249847412109375,0.25018310546875,0.25006103515625,0.2503509521484375,0.249603271484375,0.25,0.2501220703125,0.2501220703125,0.250213623046875,0.24957275390625,0.2500154674053192,0.24951171875,0.250244140625,0.2501220703125,0.250396728515625,0.250152587890625,0.24969482421875,0.25030517578125,0.25048828125,0.2503528594970703,0.2506675720214844,0.2498779296875,0.249847412109375,0.2498779296875,0.2496337890625,0.249481201171875,0.250335693359375,0.250335693359375,0.2500724792480469,0.250152587890625,0.2503662109375,0.25,0.2501678466796875,0.2500171661376953,0.24982452392578125,0.25030517578125,0.249542236328125,0.24993896484375,0.249664306640625,0.2501373291015625,0.25014495849609375,0.2499542236328125,0.250274658203125,0.249908447265625,0.2503662109375,0.2503814697265625,0.24962806701660156,0.25030517578125,0.2501220703125,0.2502250671386719,0.2503662109375,0.249664306640625,0.249603271484375,0.25018310546875,0.25,0.2497406005859375,0.250244140625,0.25,0.2500038146972656,0.24957275390625,0.24981689453125,0.24958038330078125,0.2498779296875,0.250152587890625,0.2501220703125,0.25048828125,0.24969482421875,0.2497100830078125,0.25035667419433594,0.25048828125,0.2499237060546875,0.2499237060546875,0.2498626708984375,0.2501220703125,0.2501678466796875,0.25,0.249908447265625,0.25006103515625,0.2500457763671875,0.250244140625,0.250274658203125,0.24993896484375,0.249908447265625,0.2501068115234375,0.25030517578125,0.2496795654296875,0.249603271484375,0.24951171875,0.2498321533203125,0.2498016357421875,0.25018310546875,0.24957275390625,0.2498779296875,0.2498779296875,0.25023651123046875,0.250396728515625,0.25,0.24954605102539062,0.25042724609375,0.249755859375,0.24987411499023438,0.250457763671875,0.2503662109375,0.25054931640625,0.2501220703125,0.2503662109375,0.25,0.2501220703125,0.2503662109375,0.25034332275390625,0.249969482421875,0.249755859375,0.250244140625,0.250274658203125,0.25,0.249725341796875,0.250152587890625,0.249908447265625,0.2503190040588379,0.24986743927001953,0.2496805191040039,0.24953711032867432,0.249542236328125,0.249786376953125,0.250152587890625,0.249755859375,0.249755859375,0.250244140625,0.249969482421875,0.2497711181640625,0.25006103515625,0.25030517578125,0.25018310546875,0.25018310546875,0.249755859375,0.2498626708984375,0.2503242492675781,0.2502279281616211,0.250091552734375,0.249603271484375,0.249603271484375,0.24989700317382812,0.25026702880859375,0.2501068115234375,0.250213623046875,0.24951171875,0.2499847412109375,0.2503662109375,0.24951171875,0.25,0.2498321533203125,0.250244140625,0.24991947412490845,0.25,0.24961090087890625,0.2495441436767578,0.25000762939453125,0.250335693359375,0.24973297119140625,0.24989700317382812,0.2503662109375,0.2501220703125,0.2503070831298828,0.24969482421875,0.2503662109375,0.25006103515625,0.2501220703125,0.250091552734375,0.24959182739257812,0.25006103515625,0.2501220703125,0.25054931640625,0.25017547607421875,0.25042724609375,0.2496337890625,0.250152587890625,0.25018310546875,0.25048828125,0.250335693359375,0.2504606246948242,0.2496471405029297,0.24970459938049316,0.24985504150390625,0.24962234497070312,0.2495565414428711,0.249755859375,0.2501220703125,0.2503662109375,0.24951171875,0.249542236328125,0.250244140625,0.2504425048828125,0.24986553192138672,0.25045013427734375,0.24967193603515625,0.24959564208984375,0.2496490478515625,0.25018310546875,0.250213623046875,0.24981689453125,0.2498931884765625,0.2501373291015625,0.25006103515625,0.2501220703125,0.2494964599609375,0.2497711181640625,0.2502403259277344,0.25001096725463867,0.250030517578125,0.24954986572265625,0.25047945976257324,0.24994659423828125,0.24963665008544922,0.24993896484375,0.250274658203125,0.2498779296875,0.250335693359375,0.2501220703125,0.25006103515625,0.2505340576171875,0.2498626708984375,0.2505073547363281,0.24958038330078125,0.2498779296875,0.2502555847167969,0.249969482421875,0.24988365173339844,0.2501564025878906,0.2503175735473633,0.2498253583908081,0.25033092498779297,0.25022125244140625,0.2498950958251953,0.24990272521972656,0.2500758171081543,0.2501077651977539,0.2499246597290039,0.24993038177490234,0.25,0.24967098236083984,0.24969235062599182,0.24980783462524414,0.249755859375,0.2499065399169922,0.2498025894165039,0.2501564025878906,0.24987220764160156,0.2501487731933594,0.25006103515625,0.24989700317382812,0.249908447265625,0.250579833984375,0.25048828125,0.25,0.25030517578125,0.249786376953125,0.2498798370361328,0.24981689453125,0.2499070167541504,0.24999618530273438,0.2504730224609375,0.24998855590820312,0.2500419616699219,0.24984359741210938,0.2495182454586029,0.25,0.24968579411506653,0.2500000298023224,0.25,0.24971961975097656,0.250213623046875,0.2503662109375,0.25029611587524414,0.25030517578125,0.25045013427734375,0.25032901763916016,0.2503795623779297,0.250091552734375,0.24967002868652344,0.25025463104248047,0.25029754638671875,0.25011444091796875,0.25008583068847656
Glossiphonia,base,0.2498779296875,0.249755859375,0.2496795654296875,0.25008392333984375,0.250244140625,0.250274658203125,0.2500646710395813,0.24981689453125,0.2496337890625,0.25030517578125,0.25008702278137207,0.25,0.2498779296875,0.2503662109375,0.249755859375,0.25,0.25,0.2496337890625,0.25,0.24951171875,0.249755859375,0.249786376953125,0.250152587890625,0.24969482421875,0.249755859375,0.2506103515625,0.24993896484375,0.250030517578125,0.2503662109375,0.250244140625,0.250274658203125,0.250244140625,0.2503662109375,0.2496337890625,0.2493896484375,0.25054931640625,0.2503662109375,0.25,0.250335693359375,0.25054931640625,0.2496795654296875,0.25030517578125,0.2501220703125,0.250244140625,0.25018310546875,0.25026702880859375,0.249755859375,0.250244140625,0.2496337890625,0.25048828125,0.25,0.25048828125,0.24969482421875,0.25,0.2501220703125,0.25,0.24966049194335938,0.2503662109375,0.250091552734375,0.2503662109375,0.2504706382751465,0.25067138671875,0.2498779296875,0.249755859375,0.249755859375,0.25006103515625,0.25,0.2501220703125,0.2501220703125,0.2498779296875,0.250244140625,0.250244140625,0.2503662109375,0.25006103515625,0.249755859375,0.24951171875,0.2493896484375,0.250030517578125,0.25,0.24981689453125,0.25,0.250244140625,0.24969482421875,0.25018310546875,0.2493896484375,0.2500457763671875,0.25046539306640625,0.25,0.2498779296875,0.25,0.250030517578125,0.25048828125,0.24982833862304688,0.2501220703125,0.25048828125,0.2505035400390625,0.25006103515625,0.25,0.25,0.25,0.249908447265625,0.25,0.24951171875,0.2501220703125,0.24981689453125,0.249755859375,0.25,0.25,0.25,0.249755859375,0.2498779296875,0.250244140625,0.2500762939453125,0.2496337890625,0.2501220703125,0.2502593994140625,0.2499542236328125,0.24974822998046875,0.25042724609375,0.25000864267349243,0.25016891956329346,0.25038015842437744,0.25022509694099426,0.24958062171936035,0.25025302171707153,0.25003689527511597,0.25,0.2502288818359375,0.2502002716064453,0.2497406005859375,0.24981689453125,0.24991416931152344,0.24967193603515625,0.2498626708984375,0.249847412109375,0.24981689453125,0.24982452392578125,0.2501220703125,0.2503700256347656,0.2495880126953125,0.24961310625076294,0.2499847412109375,0.249542236328125,0.249969482421875,0.25002098083496094,0.24953174591064453,0.24954986572265625,0.2495894432067871,0.2504405975341797,0.24981689453125,0.24975204467773438,0.2501258850097656,0.24977874755859375,0.25049591064453125,0.24983692169189453,0.24989819526672363,0.2497239112854004,0.25017738342285156,0.2498157024383545,0.25024622678756714,0.2503146529197693,0.2495402693748474,0.2501220703125,0.250396728515625,0.25020408630371094,0.2498931884765625,0.25006532669067383,0.2500457763671875,0.2501678466796875,0.250335693359375,0.250030517578125,0.250030517578125,0.24969482421875,0.24981689453125,0.25037384033203125,0.2494354248046875,0.250030517578125,0.24954986572265625,0.249755859375,0.2501373291015625,0.24987411499023438,0.249755859375,0.250457763671875,0.25048828125,0.249603271484375,0.2496185302734375,0.24959182739257812,0.250055730342865,0.2502288818359375,0.24997711181640625,0.25042724609375,0.249847412109375,0.2505035400390625,0.250335693359375,0.24988555908203125,0.2503814697265625,0.2503643035888672,0.25032949447631836,0.249908447265625,0.2503814697265625,0.24981689453125,0.250030517578125,0.2497553825378418,0.24979400634765625,0.250335693359375,0.2495574951171875,0.2502260208129883,0.250152587890625,0.2501220703125,0.2501220703125,0.249755859375,0.2504105567932129,0.25012969970703125,0.24962234497070312,0.24957656860351562,0.24969482421875,0.24973678588867188,0.25030517578125,0.25014305114746094,0.25042724609375,0.249755859375,0.25032615661621094,0.2495880126953125,0.2504730224609375,0.25005054473876953,0.249755859375,0.2497406005859375,0.25016021728515625,0.249725341796875,0.2500450611114502,0.2502899169921875,0.25046539306640625,0.2503371238708496,0.2502250671386719,0.25018310546875,0.2503814697265625,0.249969482421875,0.24998855590820312,0.24957275390625,0.25054931640625,0.2503471374511719,0.2498764991760254,0.25030517578125,0.250518798828125,0.250213623046875,0.25031256675720215,0.25028473138809204,0.24985679984092712,0.2500220239162445,0.24960613250732422,0.24986791610717773,0.2500331997871399,0.249969482421875,0.25040435791015625,0.25044822692871094,0.250396728515625,0.24995803833007812,0.2503662109375,0.250274658203125,0.2502593994140625,0.24968385696411133,0.25040435791015625,0.2495269775390625,0.25031280517578125,0.25006103515625,0.2496471405029297,0.25048828125,0.249603271484375,0.24973487854003906,0.250244140625,0.24973392486572266,0.24970054626464844,0.2498779296875,0.2501220703125,0.2498321533203125,0.250274658203125,0.25040435791015625,0.249755859375,0.2501564025878906,0.250213623046875,0.249664306640625,0.24960589408874512,0.2504558563232422,0.2499847412109375,0.2503662109375,0.249664306640625,0.2501678466796875,0.2503814697265625,0.2501678466796875,0.25011444091796875,0.249542236328125,0.249969482421875,0.25002288818359375,0.25022125244140625,0.250244140625,0.25026488304138184,0.250030517578125,0.2495880126953125,0.25019073486328125,0.2498016357421875,0.24982452392578125,0.24991703033447266,0.25006103515625,0.2499542236328125,0.25006675720214844,0.249786376953125,0.25018310546875,0.25018310546875,0.2501380443572998,0.2500457763671875,0.24950933456420898,0.24995803833007812,0.2500796318054199,0.250030517578125,0.2505030632019043,0.2496490478515625,0.25009697675704956,0.24988555908203125,0.25045013427734375,0.24989700317382812,0.250201940536499,0.24991607666015625,0.249969482421875,0.250244140625,0.250396728515625,0.2503242492675781,0.25054931640625,0.249664306640625,0.25011444091796875,0.24961090087890625,0.2496185302734375,0.2499542236328125,0.2494945526123047,0.250396728515625,0.2500762939453125,0.24988555908203125,0.24994564056396484,0.2503223419189453,0.24993896484375,0.24951171875,0.2503814697265625,0.25,0.25,0.2502153515815735,0.2501411437988281,0.24998855590820312,0.24976348876953125,0.2501049041748047,0.2502784729003906,0.24993896484375,0.24985885620117188,0.24996185302734375,0.25052642822265625,0.2495880126953125,0.24964141845703125,0.25022125244140625,0.24980926513671875,0.2501220703125,0.25018310546875,0.25012969970703125,0.24959564208984375,0.249725341796875,0.25028419494628906,0.249847412109375,0.250030517578125,0.250244140625,0.2500762939453125,0.24993896484375,0.249969482421875,0.249603271484375,0.2501678466796875,0.2498016357421875,0.2503662109375,0.24969482421875,0.24969482421875,0.249603271484375,0.250396728515625,0.2506103515625,0.2500457763671875,0.249603271484375,0.2501983642578125,0.249969482421875,0.24993896484375,0.24973297119140625,0.25016021728515625,0.2498779296875,0.249755859375,0.249664306640625,0.24987030029296875,0.249969482421875,0.249969482421875,0.2501068115234375,0.2504168152809143,0.25022172927856445,0.25008296966552734,0.24990272521972656,0.2500295341014862,0.25000128149986267,0.25014954805374146,0.24952161312103271,0.2501063346862793,0.2503509521484375,0.250457763671875,0.24962997436523438,0.249755859375,0.24993896484375,0.24974822998046875,0.2501220703125,0.24957275390625,0.25030517578125,0.2503662109375,0.250152587890625,0.2499847412109375,0.2501678466796875,0.25018310546875,0.2498779296875,0.250274658203125,0.24994659423828125,0.24981689453125,0.2503662109375,0.25048828125,0.24993300437927246,0.2501068115234375,0.24980926513671875,0.25041961669921875,0.24945068359375,0.25018310546875,0.2501220703125,0.249755859375,0.24969482421875,0.2503662109375,0.249969482421875,0.2503662109375,0.25,0.250335693359375,0.2502861022949219,0.24968719482421875,0.249664306640625,0.250380277633667,0.2501068115234375,0.24965476989746094,0.249755859375,0.250213623046875,0.250579833984375,0.2499847412109375,0.25,0.249755859375,0.2503662109375,0.25026702880859375,0.25040435791015625,0.250274658203125,0.250091552734375,0.25030517578125,0.2496337890625,0.2498779296875,0.25039196014404297,0.25,0.250244140625,0.24992942810058594,0.25013303756713867,0.24972152709960938,0.24953651428222656,0.25042724609375,0.250335693359375,0.250335693359375,0.2501220703125,0.249908447265625,0.24945068359375,0.2504425048828125,0.25,0.2496337890625,0.25018310546875,0.250244140625,0.24969482421875,0.24981689453125,0.250396728515625,0.250213623046875,0.250335693359375,0.249755859375,0.2501678466796875,0.24988174438476562,0.249969482421875,0.250213623046875,0.2496509552001953,0.24951434135437012,0.25006103515625,0.24981164932250977,0.2501220703125,0.25030517578125,0.25051116943359375,0.24988937377929688,0.2498340606689453,0.2499237060546875,0.249664306640625,0.2499704360961914,0.2498016357421875,0.2504081726074219,0.24951171875,0.2497100830078125,0.249755859375,0.24987030029296875,0.24993896484375,0.2496795654296875,0.250030517578125,0.24993133544921875,0.25006103515625,0.249755859375,0.2504425048828125,0.2502021789550781,0.2501220703125,0.24969482421875,0.25000688433647156,0.2496337890625,0.2501220703125,0.250030517578125,0.25006103515625,0.249542236328125,0.24993896484375,0.250152587890625,0.25030517578125,0.249908447265625,0.24930953979492188,0.250030517578125,0.24993896484375,0.24951171875,0.249755859375,0.25018310546875,0.24953460693359375,0.2504425048828125,0.2501983642578125,0.2499847412109375,0.249725341796875,0.2500017285346985,0.2502593994140625,0.24987030029296875,0.249908447265625,0.2503662109375,0.249786376953125,0.249664306640625,0.250152587890625,0.2503662109375,0.2503662109375,0.250030517578125,0.24969482421875,0.250335693359375,0.2503814697265625,0.2504730224609375,0.25019073486328125,0.24981689453125,0.250396728515625,0.25006103515625,0.2498626708984375,0.25049781799316406,0.25006103515625,0.2496490478515625,0.249969482421875,0.25035858154296875,0.2496337890625,0.25030517578125,0.25020599365234375,0.25042724609375,0.2496337890625,0.25030517578125,0.25030517578125,0.2503662109375,0.249755859375,0.25006103515625,0.249725341796875,0.24997520446777344,0.2501692771911621,0.250335693359375,0.2496795654296875,0.2502937316894531,0.2502288818359375,0.2497406005859375,0.249542236328125,0.250396728515625,0.24981689453125,0.24969482421875,0.24957275390625,0.2503814697265625,0.249755859375,0.250091552734375,0.2498779296875,0.250152587890625,0.2503509521484375,0.25028228759765625,0.250213623046875,0.2496185302734375,0.25022315979003906,0.250274658203125,0.24988174438476562,0.25,0.2503662109375,0.2501220703125,0.250274658203125,0.2499847412109375,0.25054931640625,0.250335693359375,0.250244140625,0.24981689453125,0.2497711181640625,0.249603271484375,0.24999237060546875,0.2503662109375,0.24951171875,0.2495880126953125,0.24957275390625,0.25018310546875,0.24969482421875,0.24993896484375,0.2496337890625,0.249725341796875,0.250518798828125,0.2496795654296875,0.2495574951171875,0.2500457763671875,0.24988174438476562,0.250274658203125,0.2496480941772461,0.24977779388427734,0.2501211166381836,0.2501864433288574,0.249725341796875,0.24965667724609375,0.25048828125,0.25025177001953125,0.24981689453125,0.24965667724609375,0.25023651123046875,0.24936294555664062,0.249908447265625,0.250244140625,0.250030517578125,0.2504730224609375,0.24993133544921875,0.2502479553222656,0.249725341796875,0.2500267028808594,0.249420166015625,0.250213623046875,0.249786376953125,0.249786376953125,0.24981117248535156,0.2498779296875,0.2501678466796875,0.249542236328125,0.2503395080566406,0.24992942810058594,0.24983596801757812,0.2497100830078125,0.24982833862304688,0.24987030029296875,0.24971997737884521,0.25018057227134705,0.25019073486328125,0.2503647804260254,0.2503490447998047,0.24963951110839844,0.24995994567871094,0.24976348876953125,0.24983596801757812,0.24953651428222656,0.24974584579467773,0.250266432762146,0.2498931884765625,0.249542236328125,0.2498016357421875,0.2502899169921875,0.24969482421875,0.25054931640625,0.25031280517578125,0.250457763671875,0.24957275390625,0.2503814697265625,0.24981689453125,0.25042724609375,0.2496337890625,0.249542236328125,0.25031185150146484,0.24960041046142578,0.24973297119140625,0.24985218048095703,0.2502422332763672,0.25006866455078125,0.24997615814208984,0.250030517578125,0.250030517578125,0.2494049072265625,0.249603271484375,0.250396728515625,0.2503509521484375,0.2499542236328125,0.2495880126953125,0.24965858459472656,0.2502593994140625,0.2503662109375,0.25017547607421875,0.25018310546875,0.24979782104492188,0.2502288818359375,0.250030517578125,0.2503509521484375,0.2496185302734375,0.2499542236328125,0.24951171875,0.24993896484375,0.2497873306274414,0.25038814544677734,0.24968719482421875,0.24970245361328125,0.24984073638916016,0.2499675750732422,0.2496795654296875,0.2503013610839844,0.24969482421875,0.250396728515625,0.2499847412109375,0.249664306640625,0.250457763671875,0.2496337890625,0.2498779296875,0.2503395080566406,0.24994802474975586,0.2502288818359375,0.24979019165039062,0.249603271484375,0.24979782104492188,0.24953460693359375,0.25042724609375,0.25005340576171875,0.24985504150390625,0.24996185302734375,0.2496929168701172,0.25016355514526367,0.24965190887451172,0.25005513429641724,0.25022268295288086,0.2504007816314697,0.2500126361846924,0.2501983642578125,0.24964237213134766,0.24987220764160156,0.2498626708984375,0.2500419616699219,0.24975013732910156,0.25019073486328125,0.24985504150390625,0.24953079223632812,0.2499542236328125,0.2502784729003906,0.25017738342285156,0.24957656860351562,0.24977493286132812,0.249603271484375,0.2496490478515625,0.25000572204589844,0.24976158142089844,0.2500457763671875,0.24968338012695312,0.24962615966796875,0.2496776580810547,0.2502174377441406,0.25008392333984375,0.2503814697265625,0.2505474090576172,0.25,0.24960480630397797,0.2500000596046448,0.25,0.24983501434326172,0.25022125244140625,0.25048828125,0.2500152587890625,0.25006103515625,0.2500762939453125,0.2500591278076172,0.2503795623779297,0.2496318817138672,0.24991798400878906,0.25041961669921875,0.24973487854003906,0.2498626708984375,0.25042724609375
Hersall,base,0.3333333432674408,0.3336588740348816,0.3330078125,0.3333333432674408,0.3336588740348816,0.3330078125,0.3334147334098816,0.3336588740348816,0.333984375,0.33349609375,0.333984375,0.33349609375,0.3330892026424408,0.3333333432674408,0.333984375,0.3333333432674408,0.3336588740348816,0.333984375,0.3326823115348816,0.3330078125,0.3326823115348816,0.3336588740348816,0.3331705927848816,0.3336588740348816,0.3336588740348816,0.3326823115348816,0.333984375,0.3330892026424408,0.3330078125,0.3330078125,0.3326823115348816,0.3336588740348816,0.33355712890625,0.3326823115348816,0.3326823115348816,0.3336588740348816,0.3330078125,0.333984375,0.3329264521598816,0.3337605893611908,0.3334147334098816,0.3336588740348816,0.3339436948299408,0.33349609375,0.3336588740348816,0.3339030146598816,0.332763671875,0.3333333432674408,0.3326823115348816,0.3330078125,0.3333333432674408,0.33349609375,0.3330078125,0.3326823115348816,0.3333333432674408,0.3335368037223816,0.33389028906822205,0.3326823115348816,0.3339436948299408,0.3329264521598816,0.3338007926940918,0.3330078125,0.3333333432674408,0.3336588740348816,0.3328450620174408,0.3328450620174408,0.3330078125,0.3333333432674408,0.3336588740348816,0.3336588740348816,0.3336588740348816,0.3330078125,0.3330078125,0.3333333432674408,0.3338216245174408,0.3328450620174408,0.3333333432674408,0.3333333432674408,0.3333333432674408,0.3331705927848816,0.3336588740348816,0.33349609375,0.3330892026424408,0.3330892026424408,0.3331705927848816,0.33355712890625,0.3329671323299408,0.33349609375,0.3330078125,0.333251953125,0.3326823115348816,0.333984375,0.33287304639816284,0.3330078125,0.3331705927848816,0.3332366943359375,0.3330078125,0.3333333432674408,0.3333333432674408,0.3330078125,0.3336588740348816,0.3330078125,0.3336588740348816,0.3333333432674408,0.3328450620174408,0.3336588740348816,0.3333333432674408,0.3336588740348816,0.3333333432674408,0.3328450620174408,0.3336588740348816,0.3333333432674408,0.3328450620174408,0.3334147334098816,0.333984375,0.3328450620174408,0.332977294921875,0.3339182734489441,0.33349609375,0.3333336114883423,0.3329124450683594,0.3336464762687683,0.33362168073654175,0.3330218195915222,0.3335990905761719,0.33333730697631836,0.3328654170036316,0.333984375,0.3327382504940033,0.3329671323299408,0.3334147334098816,0.33319854736328125,0.3329823911190033,0.3336181640625,0.3336181640625,0.333251953125,0.3336741328239441,0.3330332636833191,0.3333231806755066,0.3327687680721283,0.33363622426986694,0.3330180048942566,0.3334147334098816,0.3338216245174408,0.3334910273551941,0.3332608640193939,0.3327280879020691,0.3338724970817566,0.3330485224723816,0.3336588740348816,0.3332672119140625,0.3339742124080658,0.3337911069393158,0.33285874128341675,0.3330078125,0.3339672088623047,0.33350977301597595,0.33299002051353455,0.3328145444393158,0.3335752487182617,0.33289846777915955,0.33320873975753784,0.33299002051353455,0.33392333984375,0.3330180048942566,0.3331146240234375,0.33308252692222595,0.33274587988853455,0.3328145444393158,0.33275604248046875,0.3327484130859375,0.3331095576286316,0.3328450620174408,0.3330078125,0.3339030146598816,0.333251953125,0.3336385190486908,0.3329264521598816,0.3333333432674408,0.33349609375,0.33320745825767517,0.3334147334098816,0.332763671875,0.3338572382926941,0.3337199091911316,0.33284252882003784,0.3333244323730469,0.3333379626274109,0.33334797620773315,0.3336995542049408,0.3329264521598816,0.3333384394645691,0.3339030146598816,0.3333333432674408,0.3329264521598816,0.3332926630973816,0.3338216245174408,0.33275097608566284,0.333038330078125,0.3339742124080658,0.3326823115348816,0.3326823115348816,0.33369001746177673,0.3333333432674408,0.3326823115348816,0.3330078125,0.3333892822265625,0.3338216245174408,0.3328450620174408,0.3334554135799408,0.3331705927848816,0.3331540524959564,0.3329671323299408,0.3327484130859375,0.3336588740348816,0.33277004957199097,0.3327840268611908,0.33349609375,0.3339640498161316,0.3330078125,0.333984375,0.3328450620174408,0.3332926630973816,0.333740234375,0.3339030146598816,0.3330078125,0.3330078125,0.3334197998046875,0.3326416015625,0.33349609375,0.3336588740348816,0.3326823115348816,0.3336588740348816,0.33349609375,0.33349609375,0.333740234375,0.3332316279411316,0.3337809443473816,0.3329569697380066,0.333740234375,0.3334859311580658,0.33303070068359375,0.33355712890625,0.33343505859375,0.333984375,0.3337911069393158,0.33286094665527344,0.3335232734680176,0.33314770460128784,0.3332926630973816,0.3330180048942566,0.333028644323349,0.3331298828125,0.33392333984375,0.3335774838924408,0.3335774838924408,0.3334147334098816,0.3337809443473816,0.3341471552848816,0.3329264521598816,0.3327280879020691,0.3330078125,0.3331095576286316,0.33306884765625,0.3330078125,0.3338216245174408,0.333984375,0.3333333432674408,0.333740234375,0.3329213559627533,0.3334452509880066,0.33275604248046875,0.3336588740348816,0.3337809443473816,0.3329264521598816,0.3339030146598816,0.33349609375,0.3333333432674408,0.3329264521598816,0.3331705927848816,0.3334147334098816,0.3332621455192566,0.3335469663143158,0.33349609375,0.3335774838924408,0.33367919921875,0.3330078125,0.3327840268611908,0.33270263671875,0.3328450620174408,0.3329213559627533,0.3330078125,0.3338623046875,0.3330078125,0.3327229917049408,0.3330942988395691,0.33392333984375,0.3337504267692566,0.3328857421875,0.3335368037223816,0.3332112729549408,0.3332621455192566,0.3336588740348816,0.3337199091911316,0.3333333432674408,0.3337199091911316,0.33298492431640625,0.3339640498161316,0.3330180048942566,0.3329264521598816,0.3339131772518158,0.3331705927848816,0.333038330078125,0.3334554135799408,0.3328450620174408,0.33319091796875,0.33358606696128845,0.3333740234375,0.3330892026424408,0.3332926630973816,0.33393096923828125,0.3333333432674408,0.3328450620174408,0.3337809443473816,0.3329264521598816,0.3335978388786316,0.3331298828125,0.3333333432674408,0.33272552490234375,0.3336588740348816,0.3336588740348816,0.33349609375,0.3339030146598816,0.3335774838924408,0.333984375,0.3337809443473816,0.3326823115348816,0.33331298828125,0.3336588740348816,0.3328450620174408,0.3336588740348816,0.3336995542049408,0.3328857421875,0.3338826596736908,0.3330078125,0.3330078125,0.3334147334098816,0.3330892026424408,0.332763671875,0.3332926630973816,0.333740234375,0.3337199091911316,0.3335774838924408,0.33349609375,0.33306884765625,0.333984375,0.333404541015625,0.3338216245174408,0.3328450620174408,0.3335062861442566,0.3338216245174408,0.3337809443473816,0.3332926630973816,0.3331298828125,0.3336588740348816,0.3326823115348816,0.3336588740348816,0.333740234375,0.3335774838924408,0.33349609375,0.3336588740348816,0.33349609375,0.3336588740348816,0.3330892026424408,0.33349609375,0.3336588740348816,0.333740234375,0.333740234375,0.3329264521598816,0.3331705927848816,0.3336588740348816,0.3328043818473816,0.3330078125,0.3334554135799408,0.3330078125,0.3328450620174408,0.3334757685661316,0.3333943784236908,0.333251953125,0.333984375,0.333740234375,0.3330078125,0.3339366912841797,0.33335399627685547,0.33317822217941284,0.3327535092830658,0.3333425223827362,0.33333367109298706,0.3338724970817566,0.3335533142089844,0.3328348994255066,0.3330892026424408,0.33270263671875,0.3332112729549408,0.3330892026424408,0.3338216245174408,0.3327433466911316,0.333251953125,0.333251953125,0.3339030146598816,0.3329874873161316,0.3333333432674408,0.3333333432674408,0.332763671875,0.332763671875,0.3339436948299408,0.3329264521598816,0.3335774838924408,0.3330078125,0.333984375,0.332763671875,0.333099365234375,0.33392333984375,0.3334554135799408,0.3327992856502533,0.33349609375,0.3334554135799408,0.3330892026424408,0.3333333432674408,0.3331705927848816,0.3334808349609375,0.3338216245174408,0.3330078125,0.3331705927848816,0.3334401547908783,0.33288830518722534,0.33349609375,0.3334757685661316,0.3339037299156189,0.332733154296875,0.3335264325141907,0.3329671323299408,0.3330485224723816,0.3336588740348816,0.3338216245174408,0.3329060971736908,0.33349609375,0.3330078125,0.3337809443473816,0.3332316279411316,0.3333333432674408,0.3331705927848816,0.3329671323299408,0.3331705927848816,0.3338216245174408,0.3332926630973816,0.3330078125,0.3330180048942566,0.333282470703125,0.3333180844783783,0.33344778418540955,0.3339131772518158,0.33349609375,0.3330892026424408,0.3331502377986908,0.3338216245174408,0.3336995542049408,0.3333333432674408,0.33367919921875,0.3338216245174408,0.3335774838924408,0.3331705927848816,0.3333333432674408,0.3330078125,0.33349609375,0.333251953125,0.3329264521598816,0.333740234375,0.3326823115348816,0.333984375,0.3331298828125,0.33251953125,0.3328043818473816,0.3337504267692566,0.33362263441085815,0.3326823115348816,0.3327522277832031,0.3335774838924408,0.3337554931640625,0.3336385190486908,0.3331451416015625,0.333221435546875,0.3337199091911316,0.3337809443473816,0.33287495374679565,0.3339608609676361,0.3327280879020691,0.332763671875,0.3329671323299408,0.3335774838924408,0.3330892026424408,0.3339436948299408,0.3331705927848816,0.333740234375,0.3326009213924408,0.3339030146598816,0.3343099057674408,0.3328450620174408,0.3333333432674408,0.3332926630973816,0.33349609375,0.33351778984069824,0.3334554135799408,0.3336588740348816,0.3331705927848816,0.3333333432674408,0.3336588740348816,0.3326823115348816,0.3330892026424408,0.3338216245174408,0.3337809443473816,0.3334757685661316,0.3333333432674408,0.3331705927848816,0.3326009213924408,0.3333333432674408,0.3330892026424408,0.3339436948299408,0.333740234375,0.3340047299861908,0.3328857421875,0.3330078125,0.3333333730697632,0.3328857421875,0.3332672119140625,0.3331705927848816,0.3330078125,0.3330586850643158,0.3329264521598816,0.3331298828125,0.3338623046875,0.3331298828125,0.33294677734375,0.33349609375,0.3331705927848816,0.3330078125,0.3335774838924408,0.3330892026424408,0.3339030146598816,0.33349609375,0.333648681640625,0.3334554135799408,0.3326823115348816,0.3331705927848816,0.3326823115348816,0.3334147334098816,0.333770751953125,0.3330892026424408,0.3338216245174408,0.33349609375,0.3338216245174408,0.3333333432674408,0.3330078125,0.3331298828125,0.3331705927848816,0.3326823115348816,0.3333333432674408,0.3331705927848816,0.3327433466911316,0.3339640498161316,0.333740234375,0.3333740234375,0.3337911069393158,0.3336588740348816,0.3330078125,0.3330892026424408,0.3328043818473816,0.3334554135799408,0.333251953125,0.3333536982536316,0.3333333432674408,0.3332926630973816,0.3330078125,0.332763671875,0.3336995542049408,0.3338216245174408,0.333984375,0.332763671875,0.3339030146598816,0.3333333432674408,0.33355712890625,0.3337809443473816,0.3336588740348816,0.33349609375,0.3336588740348816,0.332763671875,0.3334147334098816,0.332763671875,0.3334147334098816,0.3338216245174408,0.3333333432674408,0.3332112729549408,0.3328043818473816,0.3334147334098816,0.3331705927848816,0.3326823115348816,0.33349609375,0.3328450620174408,0.3335368037223816,0.3331705927848816,0.333984375,0.3331705927848816,0.3339030146598816,0.3331705927848816,0.33349609375,0.333740234375,0.3338216245174408,0.332733154296875,0.3335011899471283,0.33336639404296875,0.33298492431640625,0.3329925537109375,0.33281582593917847,0.3335673213005066,0.3336181640625,0.3330485224723816,0.3328857421875,0.3333333432674408,0.3334757685661316,0.3330485224723816,0.3328450620174408,0.3330892026424408,0.3338826596736908,0.3332926630973816,0.33349609375,0.3336588740348816,0.3334147334098816,0.33355712890625,0.33339089155197144,0.3326823115348816,0.3327229917049408,0.333984375,0.3331502377986908,0.3332061767578125,0.3338216245174408,0.3339030146598816,0.3334757685661316,0.3330485224723816,0.3331705927848816,0.3338826596736908,0.3323567807674408,0.3336588740348816,0.33331298828125,0.33323925733566284,0.3336588740348816,0.333740234375,0.33268994092941284,0.33362579345703125,0.3333333432674408,0.3339131772518158,0.3337809443473816,0.3333333432674408,0.3326975703239441,0.33372244238853455,0.3332977294921875,0.3336588740348816,0.3330078125,0.3338216245174408,0.3334147334098816,0.3329264521598816,0.3330078125,0.3338216245174408,0.33349609375,0.3333740234375,0.3338216245174408,0.3330078125,0.3335774838924408,0.3336588740348816,0.3336588740348816,0.3332061767578125,0.3328959345817566,0.3338623046875,0.3339475095272064,0.3333740234375,0.33270263671875,0.3335164487361908,0.333251953125,0.3326823115348816,0.3326823115348816,0.3336385190486908,0.33251953125,0.3335774838924408,0.33282470703125,0.3338114619255066,0.33349609375,0.3335164487361908,0.3327128291130066,0.33349609375,0.3332112729549408,0.333251953125,0.3336181640625,0.333251953125,0.3333740234375,0.3334757685661316,0.3331705927848816,0.3335368037223816,0.3327229917049408,0.33295950293540955,0.3329874873161316,0.333251953125,0.3330268859863281,0.33319854736328125,0.3331756591796875,0.3336385190486908,0.332763671875,0.3333333432674408,0.3333333432674408,0.332763671875,0.3326823115348816,0.3326823115348816,0.3328857421875,0.3330027461051941,0.3335317075252533,0.3335774838924408,0.3333333432674408,0.3338724970817566,0.3331502377986908,0.3329925537109375,0.3330332636833191,0.3333282470703125,0.3335544466972351,0.3331349790096283,0.3328450620174408,0.3330332636833191,0.3336334228515625,0.33299002051353455,0.3339030146598816,0.3338521420955658,0.33306121826171875,0.33368682861328125,0.3333943784236908,0.33350372314453125,0.33270519971847534,0.33282470703125,0.333984375,0.33297476172447205,0.3328908383846283,0.3331845700740814,0.33346813917160034,0.3335368037223816,0.3329264521598816,0.333953857421875,0.33380126953125,0.3330281674861908,0.3335368037223816,0.3333333432674408,0.333984375,0.333648681640625,0.3338216245174408,0.3329874873161316,0.3329417109489441,0.332977294921875,0.332763671875,0.3328555226325989,0.3331502377986908,0.3326956629753113,0.3333333432674408,0.33268532156944275,0.3334452509880066,0.3333333432674408,0.3327738642692566,0.3336588740348816,0.3328450620174408,0.332855224609375,0.333404541015625,0.3335774838924408,0.3338623046875,0.3335774838924408,0.3331807553768158,0.3338623046875,0.3337605893611908,0.3339335322380066,0.3331705927848816,0.3333333432674408
Saccharuria,base,0.3330078125,0.3330078125,0.3338216245174408,0.33333539962768555,0.3336588740348816,0.3336588740348816,0.33349609375,0.33349609375,0.3330078125,0.333984375,0.33364641666412354,0.3326823115348816,0.3336588740348816,0.3326823115348816,0.333984375,0.3333333432674408,0.3336588740348816,0.3336588740348816,0.3336588740348816,0.3336588740348816,0.3330078125,0.3332723081111908,0.3331705927848816,0.332763671875,0.332763671875,0.3326823115348816,0.3326823115348816,0.3326823115348816,0.3326823115348816,0.3333333432674408,0.3330078125,0.3330078125,0.3338216245174408,0.3326823115348816,0.3336588740348816,0.333251953125,0.3333333432674408,0.3330078125,0.3333333432674408,0.3329264521598816,0.3335774838924408,0.333984375,0.3330078125,0.333984375,0.3330078125,0.333984375,0.3338216245174408,0.3333333432674408,0.3326823115348816,0.3333333432674408,0.3333333432674408,0.3336995542049408,0.3330078125,0.3333333432674408,0.3333333432674408,0.33349609375,0.332763671875,0.3328450620174408,0.333740234375,0.3328857421875,0.3333231806755066,0.3333333432674408,0.3333333432674408,0.33349609375,0.333984375,0.3331705927848816,0.3333333432674408,0.33251953125,0.3336588740348816,0.33349609375,0.3330078125,0.3333333432674408,0.333984375,0.3336588740348816,0.3333333432674408,0.3333333432674408,0.333984375,0.333740234375,0.3338216245174408,0.3336588740348816,0.3333333432674408,0.3336588740348816,0.33282470703125,0.3330078125,0.3333333432674408,0.3336995542049408,0.3326823115348816,0.3330078125,0.3330078125,0.3333333432674408,0.3330078125,0.3330078125,0.333343505859375,0.3330078125,0.3343099057674408,0.3327229917049408,0.3333333432674408,0.3330078125,0.3333333432674408,0.333984375,0.3336588740348816,0.3333333432674408,0.3330078125,0.3328450620174408,0.3330078125,0.3333333432674408,0.3330078125,0.333984375,0.3330078125,0.3336588740348816,0.3330078125,0.3336588740348816,0.3338216245174408,0.3330078125,0.333251953125,0.3331705927848816,0.3331298828125,0.332763671875,0.33355712890625,0.3333471715450287,0.3328276574611664,0.3328981399536133,0.33301007747650146,0.3331108093261719,0.3329048156738281,0.3333091735839844,0.333984375,0.3328450620174408,0.3335774838924408,0.3328450620174408,0.3337809443473816,0.3332112729549408,0.3334096372127533,0.3328450620174408,0.3335368037223816,0.3341471552848816,0.3331298828125,0.3334147334098816,0.332977294921875,0.33306884765625,0.3339576721191406,0.3330485224723816,0.3330892026424408,0.3338216245174408,0.3337809443473816,0.3339030146598816,0.33335113525390625,0.33294677734375,0.3329264521598816,0.3330078125,0.33319091796875,0.3331298828125,0.333740234375,0.3336283564567566,0.33284252882003784,0.33288320899009705,0.3328387141227722,0.3336995542049408,0.33393001556396484,0.33341431617736816,0.333793967962265,0.33300527930259705,0.3337860107421875,0.3331298828125,0.3339131772518158,0.3333842158317566,0.3330809473991394,0.3328704833984375,0.3332011103630066,0.3334757685661316,0.332763671875,0.332763671875,0.3336588740348816,0.3331298828125,0.3334147334098816,0.3332112729549408,0.333343505859375,0.3331705927848816,0.3333333432674408,0.3326823115348816,0.3329060971736908,0.3333536982536316,0.3336588740348816,0.3338623046875,0.3330281674861908,0.33343762159347534,0.33324432373046875,0.33335304260253906,0.33341965079307556,0.3328348994255066,0.3338216245174408,0.3336385190486908,0.3330281674861908,0.3331705927848816,0.333740234375,0.332977294921875,0.33331298828125,0.33349609375,0.3328450620174408,0.333251953125,0.3328450620174408,0.3331705927848816,0.3339042663574219,0.3330078125,0.3333333432674408,0.333251953125,0.3339030146598816,0.3328755795955658,0.3331705927848816,0.3330078125,0.3336181640625,0.3329620361328125,0.3330078125,0.3335418701171875,0.3336181640625,0.3328094482421875,0.3331095576286316,0.3338216245174408,0.3330027461051941,0.3338216245174408,0.3328450620174408,0.3329264521598816,0.3330078125,0.332763671875,0.3331705927848816,0.3333333432674408,0.3331705927848816,0.3330892026424408,0.3330892026424408,0.3328450620174408,0.3328043818473816,0.3335774838924408,0.3335774838924408,0.3328450620174408,0.3333333432674408,0.3333333432674408,0.3333333432674408,0.333831787109375,0.3328043818473816,0.3336588740348816,0.3331807553768158,0.3336130976676941,0.3331349790096283,0.3327840268611908,0.3330078125,0.3327738642692566,0.33359527587890625,0.33349594473838806,0.33325833082199097,0.3330790400505066,0.33369573950767517,0.333647221326828,0.3330078125,0.3328704833984375,0.332977294921875,0.3333740234375,0.333984375,0.3333333432674408,0.3329264521598816,0.3330078125,0.3329060971736908,0.3330078125,0.33282470703125,0.3336588740348816,0.3338216245174408,0.332794189453125,0.3330078125,0.333740234375,0.3330485224723816,0.3337809443473816,0.3328857421875,0.3338216245174408,0.3339030146598816,0.333984375,0.3334147334098816,0.3330078125,0.3336588740348816,0.333984375,0.333251953125,0.3336588740348816,0.3333740234375,0.3337504267692566,0.332763671875,0.332763671875,0.3333333432674408,0.33349609375,0.333984375,0.3335368037223816,0.3338216245174408,0.33343505859375,0.3330078125,0.333251953125,0.3331705927848816,0.3338216245174408,0.3336588740348816,0.3332112729549408,0.3338216245174408,0.3334757685661316,0.3336588740348816,0.3330892026424408,0.333984375,0.3336181640625,0.3333333432674408,0.333251953125,0.333984375,0.3334147334098816,0.33349609375,0.3328450620174408,0.3335774838924408,0.3329264521598816,0.3333842158317566,0.3334147334098816,0.3331044614315033,0.3329264521598816,0.3336588740348816,0.333984375,0.3337046504020691,0.3334554135799408,0.3329264521598816,0.3334147334098816,0.3327319025993347,0.3333333432674408,0.3330078125,0.3326823115348816,0.3333333432674408,0.3333333432674408,0.33349609375,0.333740234375,0.3329671323299408,0.3334147334098816,0.3339436948299408,0.3328450620174408,0.3338114619255066,0.33349609375,0.3329264521598816,0.3333333432674408,0.3333740234375,0.3335368037223816,0.3331705927848816,0.3326823115348816,0.3336588740348816,0.3333740234375,0.3329671323299408,0.3329060971736908,0.3340657651424408,0.3330078125,0.3334554135799408,0.3327840268611908,0.3330485224723816,0.333984375,0.3330078125,0.33349609375,0.33349609375,0.3334147334098816,0.33349609375,0.3335368037223816,0.3326823115348816,0.3336588740348816,0.3329264521598816,0.3334147334098816,0.3336588740348816,0.33319091796875,0.333251953125,0.3328450620174408,0.3328450620174408,0.3326823115348816,0.3330078125,0.3332621455192566,0.3336995542049408,0.3326823115348816,0.333984375,0.33349609375,0.3328450620174408,0.3336588740348816,0.3326823115348816,0.3331705927848816,0.3326823115348816,0.33349609375,0.3328450620174408,0.3333333432674408,0.3326823115348816,0.3333333432674408,0.3330078125,0.3338216245174408,0.3327229917049408,0.3332112729549408,0.3340657651424408,0.333251953125,0.333251953125,0.3338216245174408,0.3337605893611908,0.33349609375,0.333848774433136,0.3338101804256439,0.333587646484375,0.3328857421875,0.333345502614975,0.33333349227905273,0.3336893916130066,0.33283424377441406,0.3329060971736908,0.333740234375,0.3337199091911316,0.333251953125,0.3330892026424408,0.3335774838924408,0.3331095576286316,0.3338623046875,0.3330078125,0.3332112729549408,0.33380126953125,0.3332926630973816,0.3328450620174408,0.3337809443473816,0.3326823115348816,0.3336588740348816,0.3333333432674408,0.3330892026424408,0.3333333432674408,0.3334147334098816,0.3330078125,0.3330281674861908,0.3330892026424408,0.3326823115348816,0.3336130976676941,0.3330892026424408,0.333251953125,0.3328043818473816,0.333984375,0.3329671323299408,0.3329620361328125,0.3331705927848816,0.3331705927848816,0.3336588740348816,0.333160400390625,0.3329060971736908,0.3339436948299408,0.332763671875,0.3334554433822632,0.3327840268611908,0.3331289291381836,0.3338216245174408,0.3335368037223816,0.3333333432674408,0.332763671875,0.3334554135799408,0.3326823115348816,0.3336588740348816,0.3329264521598816,0.333251953125,0.3339030146598816,0.3328959345817566,0.333282470703125,0.3335774838924408,0.3335368037223816,0.33334097266197205,0.3334147334098816,0.332794189453125,0.3332112729549408,0.3330586850643158,0.3337656855583191,0.33343252539634705,0.3338826596736908,0.33294677734375,0.3336181640625,0.3331705927848816,0.333251953125,0.33349609375,0.3338216245174408,0.3336588740348816,0.332763671875,0.3326009213924408,0.332763671875,0.3339030146598816,0.3340657651424408,0.3328450620174408,0.3328450620174408,0.3330078125,0.3333333432674408,0.3338216245174408,0.3335774838924408,0.3334147334098816,0.3329264521598816,0.3334757685661316,0.33290737867355347,0.3336588740348816,0.3337624967098236,0.33349609375,0.3337453305721283,0.3331705927848816,0.3339436948299408,0.3334147334098816,0.3333333432674408,0.3332316279411316,0.33296966552734375,0.33325833082199097,0.3333384394645691,0.3335774838924408,0.3329671323299408,0.3339030146598816,0.3335011899471283,0.3326823115348816,0.33270263671875,0.3330892026424408,0.3335164487361908,0.333251953125,0.3328450620174408,0.33349609375,0.33349609375,0.3335774838924408,0.3333333432674408,0.3333582878112793,0.3330078125,0.3336588740348816,0.3339436948299408,0.3336588740348816,0.333251953125,0.3336588740348816,0.3338216245174408,0.3336588740348816,0.3330281674861908,0.3330892026424408,0.3338216245174408,0.3338216245174408,0.333984375,0.3333333432674408,0.3331705927848816,0.3333638608455658,0.3330485224723816,0.3330485224723816,0.3331298828125,0.3333333432674408,0.3333354890346527,0.3335368037223816,0.3339945673942566,0.333831787109375,0.3333333432674408,0.3331298828125,0.3333333432674408,0.333740234375,0.3333333432674408,0.3329264521598816,0.3330892026424408,0.3326823115348816,0.3335774838924408,0.3330078125,0.3335774838924408,0.33396658301353455,0.333251953125,0.3336588740348816,0.3327229917049408,0.3337809443473816,0.3328298032283783,0.3331705927848816,0.3336181640625,0.3336588740348816,0.333984375,0.3335774838924408,0.3330078125,0.3339030146598816,0.3338216245174408,0.3333333432674408,0.3338216245174408,0.3337809443473816,0.3328450620174408,0.3330078125,0.3338216245174408,0.333740234375,0.3339640498161316,0.3339793086051941,0.3334147334098816,0.3336690366268158,0.3331298828125,0.3339436948299408,0.33349609375,0.3339030146598816,0.3336995542049408,0.3334147334098816,0.3337199091911316,0.3338216245174408,0.3334554135799408,0.3328450620174408,0.3333333432674408,0.3333333432674408,0.3328450620174408,0.3328450620174408,0.3336334228515625,0.3333333432674408,0.3336181640625,0.3335469663143158,0.3336588740348816,0.3330892026424408,0.3336588740348816,0.3338216245174408,0.3336588740348816,0.33355712890625,0.3329671323299408,0.3328450620174408,0.332763671875,0.3332723081111908,0.3336588740348816,0.33319091796875,0.3337809443473816,0.333984375,0.3333333432674408,0.3333333432674408,0.3339030146598816,0.3336588740348816,0.3328450620174408,0.3333333432674408,0.3338826596736908,0.3333333432674408,0.3331705927848816,0.3333333432674408,0.3336995542049408,0.3334147334098816,0.3330892026424408,0.33331298828125,0.3330892026424408,0.3330892026424408,0.33283042907714844,0.33383941650390625,0.3334897458553314,0.3331960141658783,0.3328857421875,0.332763671875,0.3328857421875,0.3337809443473816,0.3338216245174408,0.3336588740348816,0.333648681640625,0.33349609375,0.3334554135799408,0.3335368037223816,0.3330892026424408,0.3336995542049408,0.33349609375,0.3335774838924408,0.3328806757926941,0.33349609375,0.33270263671875,0.3330078125,0.33355712890625,0.3334147334098816,0.3330892026424408,0.3338623046875,0.333984375,0.3326823115348816,0.33355712890625,0.3338877558708191,0.3328450620174408,0.3335774838924408,0.3327738642692566,0.3328742980957031,0.3330078125,0.3338267207145691,0.33334606885910034,0.3329417109489441,0.3333333432674408,0.3327586054801941,0.3339030146598816,0.3336588740348816,0.3336830139160156,0.3332011103630066,0.3337911069393158,0.3336181640625,0.3329264521598816,0.3327433466911316,0.3331705927848816,0.3338216245174408,0.333740234375,0.3326823115348816,0.33349609375,0.3336181640625,0.3331705927848816,0.3336588740348816,0.3339436948299408,0.33349609375,0.3326823115348816,0.33273953199386597,0.33287304639816284,0.333740234375,0.33372753858566284,0.3336741328239441,0.33281707763671875,0.3333676755428314,0.3330078125,0.3330078125,0.3330485224723816,0.3341471552848816,0.3324381709098816,0.3333333432674408,0.33355712890625,0.3333282470703125,0.3333333432674408,0.3332112729549408,0.3330078125,0.3333333432674408,0.3334147334098816,0.3330180048942566,0.3337809443473816,0.3333333432674408,0.3330078125,0.33349609375,0.3331705927848816,0.3335774838924408,0.3328857421875,0.33300909399986267,0.3330650329589844,0.3336588740348816,0.3336181640625,0.3336455225944519,0.33373135328292847,0.3327140808105469,0.3328043818473816,0.3334147334098816,0.3336588740348816,0.3328755795955658,0.333984375,0.3335774838924408,0.333984375,0.3334605097770691,0.3329569697380066,0.3328132629394531,0.3338216245174408,0.33290863037109375,0.3330485224723816,0.3328043818473816,0.3339284360408783,0.3336893916130066,0.3329518735408783,0.33391064405441284,0.3334433436393738,0.3335113525390625,0.33375072479248047,0.3338063657283783,0.3338216245174408,0.3336741328239441,0.3338267207145691,0.33374279737472534,0.3329060971736908,0.33367666602134705,0.3328450620174408,0.3330892026424408,0.3336741328239441,0.3333616256713867,0.3336270749568939,0.33362454175949097,0.3333384394645691,0.3339030146598816,0.3326823115348816,0.3331298828125,0.3338216245174408,0.3330586850643158,0.333740234375,0.3330078125,0.332763671875,0.33306121826171875,0.3330485224723816,0.33309683203697205,0.3327445983886719,0.33300018310546875,0.3330180048942566,0.3333333432674408,0.3334757685661316,0.33341535925865173,0.3333333432674408,0.332804411649704,0.3333333730697632,0.3333333432674408,0.33291882276535034,0.33285650610923767,0.3328857421875,0.3329366147518158,0.3332977294921875,0.3333028256893158,0.3330739438533783,0.33293914794921875,0.33343762159347534,0.33306884765625,0.3339335322380066,0.3329264521598816,0.3339436948299408,0.3331400752067566
Dialog,base,1.0,1.0,1.0,1.0,1.0,1.0,1.0,1.0,1.0,1.0,1.0,1.0,1.0,1.0,1.0,1.0,1.0,1.0,1.0,1.0,1.0,1.0,1.0,1.0,1.0,1.0,1.0,1.0,1.0,1.0,1.0,1.0,1.0,1.0,1.0,1.0,1.0,1.0,1.0,1.0,1.0,1.0,1.0,1.0,1.0,1.0,1.0,1.0,1.0,1.0,1.0,1.0,1.0,1.0,1.0,1.0,1.0,1.0,1.0,1.0,1.0,1.0,1.0,1.0,1.0,1.0,1.0,1.0,1.0,1.0,1.0,1.0,1.0,1.0,1.0,1.0,1.0,1.0,1.0,1.0,1.0,1.0,1.0,1.0,1.0,1.0,1.0,1.0,1.0,1.0,1.0,1.0,1.0,1.0,1.0,1.0,1.0,1.0,1.0,1.0,1.0,1.0,1.0,1.0,1.0,1.0,1.0,1.0,1.0,1.0,1.0,1.0,1.0,1.0,1.0,1.0,1.0,1.0,1.0,1.0,1.0,1.0,1.0,1.0,1.0,1.0,1.0,1.0,1.0,1.0,1.0,1.0,1.0,1.0,1.0,1.0,1.0,1.0,1.0,1.0,1.0,1.0,1.0,1.0,1.0,1.0,1.0,1.0,1.0,1.0,1.0,1.0,1.0,1.0,1.0,1.0,1.0,1.0,1.0,1.0,1.0,1.0,1.0,1.0,1.0,1.0,1.0,1.0,1.0,1.0,1.0,1.0,1.0,1.0,1.0,1.0,1.0,1.0,1.0,1.0,1.0,1.0,1.0,1.0,1.0,1.0,1.0,1.0,1.0,1.0,1.0,1.0,1.0,1.0,1.0,1.0,1.0,1.0,1.0,1.0,1.0,1.0,1.0,1.0,1.0,1.0,1.0,1.0,1.0,1.0,1.0,1.0,1.0,1.0,1.0,1.0,1.0,1.0,1.0,1.0,1.0,1.0,1.0,1.0,1.0,1.0,1.0,1.0,1.0,1.0,1.0,1.0,1.0,1.0,1.0,1.0,1.0,1.0,1.0,1.0,1.0,1.0,1.0,1.0,1.0,1.0,1.0,1.0,1.0,1.0,1.0,1.0,1.0,1.0,1.0,1.0,1.0,1.0,1.0,1.0,1.0,1.0,1.0,1.0,1.0,1.0,1.0,1.0,1.0,1.0,1.0,1.0,1.0,1.0,1.0,1.0,1.0,1.0,1.0,1.0,1.0,1.0,1.0,1.0,1.0,1.0,1.0,1.0,1.0,1.0,1.0,1.0,1.0,1.0,1.0,1.0,1.0,1.0,1.0,1.0,1.0,1.0,1.0,1.0,1.0,1.0,1.0,1.0,1.0,1.0,1.0,1.0,1.0,1.0,1.0,1.0,1.0,1.0,1.0,1.0,1.0,1.0,1.0,1.0,1.0,1.0,1.0,1.0,1.0,1.0,1.0,1.0,1.0,1.0,1.0,1.0,1.0,1.0,1.0,1.0,1.0,1.0,1.0,1.0,1.0,1.0,1.0,1.0,1.0,1.0,1.0,1.0,1.0,1.0,1.0,1.0,1.0,1.0,1.0,1.0,1.0,1.0,1.0,1.0,1.0,1.0,1.0,1.0,1.0,1.0,1.0,1.0,1.0,1.0,1.0,1.0,1.0,1.0,1.0,1.0,1.0,1.0,1.0,1.0,1.0,1.0,1.0,1.0,1.0,1.0,1.0,1.0,1.0,1.0,1.0,1.0,1.0,1.0,1.0,1.0,1.0,1.0,1.0,1.0,1.0,1.0,1.0,1.0,1.0,1.0,1.0,1.0,1.0,1.0,1.0,1.0,1.0,1.0,1.0,1.0,1.0,1.0,1.0,1.0,1.0,1.0,1.0,1.0,1.0,1.0,1.0,1.0,1.0,1.0,1.0,1.0,1.0,1.0,1.0,1.0,1.0,1.0,1.0,1.0,1.0,1.0,1.0,1.0,1.0,1.0,1.0,1.0,1.0,1.0,1.0,1.0,1.0,1.0,1.0,1.0,1.0,1.0,1.0,1.0,1.0,1.0,1.0,1.0,1.0,1.0,1.0,1.0,1.0,1.0,1.0,1.0,1.0,1.0,1.0,1.0,1.0,1.0,1.0,1.0,1.0,1.0,1.0,1.0,1.0,1.0,1.0,1.0,1.0,1.0,1.0,1.0,1.0,1.0,1.0,1.0,1.0,1.0,1.0,1.0,1.0,1.0,1.0,1.0,1.0,1.0,1.0,1.0,1.0,1.0,1.0,1.0,1.0,1.0,1.0,1.0,1.0,1.0,1.0,1.0,1.0,1.0,1.0,1.0,1.0,1.0,1.0,1.0,1.0,1.0,1.0,1.0,1.0,1.0,1.0,1.0,1.0,1.0,1.0,1.0,1.0,1.0,1.0,1.0,1.0,1.0,1.0,1.0,1.0,1.0,1.0,1.0,1.0,1.0,1.0,1.0,1.0,1.0,1.0,1.0,1.0,1.0,1.0,1.0,1.0,1.0,1.0,1.0,1.0,1.0,1.0,1.0,1.0,1.0,1.0,1.0,1.0,1.0,1.0,1.0,1.0,1.0,1.0,1.0,1.0,1.0,1.0,1.0,1.0,1.0,1.0,1.0,1.0,1.0,1.0,1.0,1.0,1.0,1.0,1.0,1.0,1.0,1.0,1.0,1.0,1.0,1.0,1.0,1.0,1.0,1.0,1.0,1.0,1.0,1.0,1.0,1.0,1.0,1.0,1.0,1.0,1.0,1.0,1.0,1.0,1.0,1.0,1.0,1.0,1.0,1.0,1.0,1.0,1.0,1.0,1.0,1.0,1.0,1.0,1.0,1.0,1.0,1.0,1.0,1.0,1.0,1.0,1.0,1.0,1.0,1.0,1.0,1.0,1.0,1.0,1.0,1.0,1.0,1.0,1.0,1.0,1.0,1.0,1.0,1.0,1.0,1.0,1.0,1.0,1.0,1.0,1.0,1.0,1.0,1.0,1.0,1.0,1.0,1.0,1.0,1.0,1.0,1.0,1.0,1.0,1.0,1.0,1.0,1.0,1.0,1.0,1.0,1.0,1.0,1.0,1.0,1.0,1.0,1.0,1.0,1.0,1.0,1.0,1.0,1.0,1.0,1.0,1.0,1.0,1.0,1.0,1.0,1.0,1.0,1.0,1.0,1.0,1.0,1.0,1.0,1.0,1.0,1.0,1.0,1.0,1.0,1.0,1.0,1.0,1.0,1.0,1.0,1.0,1.0,1.0,1.0,1.0,1.0,1.0,1.0,1.0,1.0,1.0,1.0,1.0,1.0,1.0,1.0,1.0,1.0,1.0,1.0,1.0,1.0,1.0,1.0,1.0,1.0,1.0,1.0,1.0,1.0,1.0,1.0,1.0,1.0,1.0,1.0,1.0,1.0,1.0,1.0,1.0,1.0,1.0,1.0,1.0,1.0,1.0,1.0
Disamis,base,0.3326823115348816,0.3330078125,0.3326823115348816,0.3333333730697632,0.3334147334098816,0.3330078125,0.3334147334098816,0.3330078125,0.3326823115348816,0.333984375,0.33355712890625,0.3333333432674408,0.3333333432674408,0.3333333432674408,0.3336588740348816,0.3333333730697632,0.3326823115348816,0.333984375,0.3326823115348816,0.333984375,0.333984375,0.3333333432674408,0.3330892026424408,0.3336588740348816,0.3330078125,0.333984375,0.3333333432674408,0.3333333432674408,0.3330078125,0.3333333432674408,0.3336588740348816,0.333984375,0.3332926630973816,0.3336588740348816,0.3336588740348816,0.3329264521598816,0.33349609375,0.333984375,0.3330078125,0.3332316279411316,0.3339335322380066,0.3326823115348816,0.3338623046875,0.3336588740348816,0.3336588740348816,0.3338216245174408,0.33312225341796875,0.3333333432674408,0.3333333432674408,0.3330078125,0.3326823115348816,0.3330892026424408,0.33349609375,0.3330078125,0.3330078125,0.33294677734375,0.3330281674861908,0.3333333432674408,0.3339030146598816,0.3338216245174408,0.3334757685661316,0.3329264521598816,0.3330078125,0.333984375,0.3331705927848816,0.3336588740348816,0.3326823115348816,0.3333333432674408,0.3326823115348816,0.3333333432674408,0.3333333432674408,0.3343099057674408,0.3330078125,0.333984375,0.3336588740348816,0.3333333432674408,0.3336588740348816,0.3333740234375,0.3338216245174408,0.33349609375,0.3326823115348816,0.3336588740348816,0.3339030146598816,0.3332926630973816,0.3333333432674408,0.3329264521598816,0.3341471552848816,0.33349609375,0.3326823115348816,0.333984375,0.3333333432674408,0.3336588740348816,0.333251953125,0.333984375,0.3330078125,0.3336588740348816,0.3333333432674408,0.3330078125,0.3326823115348816,0.3333333432674408,0.3330078125,0.3333333432674408,0.3336588740348816,0.3330078125,0.3336588740348816,0.3333333432674408,0.3330078125,0.3333333432674408,0.3333333432674408,0.3323567807674408,0.3330078125,0.3330078125,0.3328857421875,0.3339436948299408,0.3336588740348816,0.3328043818473816,0.3331807553768158,0.3326823115348816,0.3338623046875,0.3333387076854706,0.33389195799827576,0.3330222964286804,0.3339293897151947,0.33349356055259705,0.3335011899471283,0.33340758085250854,0.3336588740348816,0.3329264521598816,0.3337809443473816,0.332763671875,0.3335368037223816,0.33343252539634705,0.33389219641685486,0.3334147334098816,0.33392333984375,0.3332112729549408,0.3327433466911316,0.3330281674861908,0.3329264521598816,0.3332112729549408,0.3327798843383789,0.3337351679801941,0.3337809443473816,0.3333333432674408,0.33373770117759705,0.333892822265625,0.3339042663574219,0.3339017331600189,0.333740234375,0.33349609375,0.3330892026424408,0.3330841064453125,0.3336588740348816,0.3339436948299408,0.333160400390625,0.3336995542049408,0.3331298828125,0.33386993408203125,0.33356475830078125,0.3328819274902344,0.3328031003475189,0.3335380554199219,0.3337249755859375,0.3331095576286316,0.33289021253585815,0.3330586850643158,0.33343300223350525,0.33373260498046875,0.3328654170036316,0.3331400752067566,0.3336893916130066,0.3328959345817566,0.3326009213924408,0.3328043818473816,0.3336588740348816,0.3328857421875,0.3338216245174408,0.3333333432674408,0.3333333432674408,0.3335978388786316,0.3327382504940033,0.33349609375,0.3334147334098816,0.333984375,0.3336995542049408,0.33356985449790955,0.33322906494140625,0.3333481550216675,0.33336031436920166,0.3338419795036316,0.333984375,0.3339030146598816,0.3335164487361908,0.3329671323299408,0.3329315185546875,0.3331197202205658,0.3330790400505066,0.33350372314453125,0.3328145444393158,0.3339436948299408,0.3331705927848816,0.3338216245174408,0.3330192565917969,0.3333333432674408,0.3333536982536316,0.3330586850643158,0.33353424072265625,0.3339436948299408,0.3338521420955658,0.3336181640625,0.3336588740348816,0.3338572382926941,0.33282470703125,0.3332061767578125,0.3338216245174408,0.3333536982536316,0.33306884765625,0.33251953125,0.3339436948299408,0.3331298828125,0.3333333432674408,0.3333333432674408,0.3333333432674408,0.3330027461051941,0.3326823115348816,0.333984375,0.3332723081111908,0.3329569697380066,0.3332723081111908,0.33282470703125,0.3332112729549408,0.3329671323299408,0.3333740234375,0.33367919921875,0.3331298828125,0.3335978388786316,0.33392333984375,0.3335723876953125,0.3330281674861908,0.3335368037223816,0.33270263671875,0.33390554785728455,0.3334757685661316,0.333740234375,0.332763671875,0.33313751220703125,0.3331279754638672,0.3335399627685547,0.3335363268852234,0.33313244581222534,0.3331623077392578,0.33271893858909607,0.3334554135799408,0.33392333984375,0.333221435546875,0.3338623046875,0.3329264521598816,0.3338419795036316,0.3331705927848816,0.3336181640625,0.3329760432243347,0.3328450620174408,0.33380126953125,0.3336181640625,0.3338216245174408,0.3329060971736908,0.333740234375,0.3332112729549408,0.3328043818473816,0.3330485224723816,0.333160400390625,0.3337605893611908,0.3335774838924408,0.3326823115348816,0.3334147334098816,0.3331705927848816,0.3333740234375,0.3330485224723816,0.3331705927848816,0.3335368037223816,0.3336181640625,0.3333180844783783,0.3327535092830658,0.3338216245174408,0.3330078125,0.33367919921875,0.3337809443473816,0.33331298828125,0.3335978388786316,0.3328043818473816,0.3328043818473816,0.3333333432674408,0.3333333432674408,0.332763671875,0.3333943784236908,0.33380126953125,0.3333333432674408,0.3339131772518158,0.3338216245174408,0.3336995542049408,0.3328654170036316,0.3328755795955658,0.3334147334098816,0.3336537778377533,0.332763671875,0.3336995542049408,0.332763671875,0.3335774838924408,0.3329556882381439,0.333251953125,0.33277639746665955,0.3327433466911316,0.333892822265625,0.3330892026424408,0.3329569697380066,0.3339030146598816,0.3334128260612488,0.33303579688072205,0.33367919921875,0.3327687680721283,0.33294805884361267,0.3335368037223816,0.3338216245174408,0.3326823115348816,0.3331705927848816,0.3333333432674408,0.3329264521598816,0.3338979184627533,0.3327840268611908,0.332763671875,0.33349609375,0.3338216245174408,0.3329264521598816,0.3335978388786316,0.33349609375,0.33355712890625,0.3331095576286316,0.3335164487361908,0.3341471552848816,0.3326823115348816,0.3331705927848816,0.3329671323299408,0.333740234375,0.33288830518722534,0.3332926630973816,0.3328450620174408,0.3335978388786316,0.3335368037223816,0.3328857421875,0.3336995542049408,0.3335164487361908,0.3329264521598816,0.3328857421875,0.3336181640625,0.3327738642692566,0.333526611328125,0.3331044614315033,0.3338216245174408,0.3336995542049408,0.3328654170036316,0.3340047299861908,0.3336995542049408,0.3332316279411316,0.3334554135799408,0.3336588740348816,0.3339030146598816,0.3336995542049408,0.33294677734375,0.3328450620174408,0.3336588740348816,0.3328450620174408,0.3337809443473816,0.3339030146598816,0.3336588740348816,0.3328450620174408,0.3334147334098816,0.3339030146598816,0.3333333432674408,0.3329264521598816,0.333740234375,0.3335774838924408,0.3334147334098816,0.3331705927848816,0.3336436152458191,0.3330892026424408,0.333740234375,0.3339030146598816,0.3333740234375,0.33349609375,0.3327229917049408,0.3339436948299408,0.3331705927848816,0.33311447501182556,0.3337440490722656,0.3328450620174408,0.33294677734375,0.33354875445365906,0.33334070444107056,0.333282470703125,0.33354997634887695,0.33269786834716797,0.3339080810546875,0.3328450620174408,0.3330892026424408,0.3331502377986908,0.3334299921989441,0.3333943784236908,0.3343099057674408,0.333740234375,0.33349609375,0.3338216245174408,0.3339030146598816,0.3335774838924408,0.3326823115348816,0.3336588740348816,0.3335774838924408,0.3339436948299408,0.3336181640625,0.3330485224723816,0.3336588740348816,0.3330078125,0.3337046504020691,0.3326823115348816,0.3329264521598816,0.3327586054801941,0.333251953125,0.333984375,0.332763671875,0.3328450620174408,0.3329264521598816,0.3326823115348816,0.3330078125,0.3333333432674408,0.3333333432674408,0.3337249755859375,0.3335622251033783,0.3328450620174408,0.33392333984375,0.33297476172447205,0.3329925537109375,0.33363088965415955,0.3336588740348816,0.33294677734375,0.3338216245174408,0.3339436948299408,0.333251953125,0.3331705927848816,0.33349609375,0.332977294921875,0.3338826596736908,0.3340250849723816,0.3338216245174408,0.333251953125,0.3338114619255066,0.3337809443473816,0.3337974548339844,0.3341471552848816,0.33306884765625,0.333343505859375,0.3334083557128906,0.333740234375,0.333770751953125,0.3337504267692566,0.3327535092830658,0.3334147334098816,0.3333536982536316,0.3339742124080658,0.33349609375,0.333709716796875,0.3329264521598816,0.3331705927848816,0.3338216245174408,0.3328450620174408,0.33349609375,0.3338419795036316,0.3334757685661316,0.3338826596736908,0.332763671875,0.3336588740348816,0.3338216245174408,0.3332417905330658,0.3329264521598816,0.3329264521598816,0.3335825800895691,0.3335304260253906,0.3330078125,0.33397993445396423,0.3335774838924408,0.3330332636833191,0.3335317075252533,0.3336029052734375,0.3330841064453125,0.33294677734375,0.3339335322380066,0.33321890234947205,0.33295440673828125,0.3332417905330658,0.333251953125,0.3338419795036316,0.3330892026424408,0.3334147334098816,0.3332926630973816,0.3330078125,0.332763671875,0.333984375,0.333740234375,0.3333333432674408,0.3336588740348816,0.3330281674861908,0.3331197202205658,0.3334147334098816,0.3333861231803894,0.3330892026424408,0.3333333432674408,0.3329823911190033,0.3339030146598816,0.3336181640625,0.3333740234375,0.3326823115348816,0.3328450620174408,0.3337351679801941,0.333221435546875,0.332763671875,0.33349609375,0.333251953125,0.33349609375,0.3330078125,0.3336029052734375,0.3333536982536316,0.3328450620174408,0.3333333432674408,0.333984375,0.3333367109298706,0.3338216245174408,0.3335774838924408,0.3331298828125,0.3333740234375,0.3327840268611908,0.3329671323299408,0.33331298828125,0.3339436948299408,0.3328857421875,0.3331705927848816,0.3331705927848816,0.33294677734375,0.3330078125,0.3328043818473816,0.3335368037223816,0.33349609375,0.3328450620174408,0.3333333432674408,0.33349609375,0.3328450620174408,0.3331705927848816,0.33349609375,0.333740234375,0.33392333984375,0.3328857421875,0.3331705927848816,0.333099365234375,0.333740234375,0.33349609375,0.333984375,0.33355712890625,0.3326823115348816,0.3333333432674408,0.33251953125,0.3328043818473816,0.3326975703239441,0.3330637812614441,0.333740234375,0.3337199091911316,0.3333536982536316,0.3339030146598816,0.3330485224723816,0.33319091796875,0.3328857421875,0.3328043818473816,0.33349609375,0.3328857421875,0.333740234375,0.333740234375,0.3329264521598816,0.3327229917049408,0.3329671323299408,0.3335774838924408,0.3329569697380066,0.3329671323299408,0.3333333432674408,0.3338724970817566,0.3330078125,0.3330892026424408,0.3334147334098816,0.3330485224723816,0.3333333432674408,0.3339030146598816,0.332763671875,0.33349609375,0.3338623046875,0.3333333432674408,0.3336588740348816,0.3333333432674408,0.3336995542049408,0.333984375,0.3333333432674408,0.3338216245174408,0.332763671875,0.33349609375,0.3337809443473816,0.3329671323299408,0.3329264521598816,0.3331705927848816,0.3338623046875,0.3329671323299408,0.333740234375,0.33282470703125,0.33349609375,0.3339640498161316,0.3337809443473816,0.3332061767578125,0.33276113867759705,0.3326466977596283,0.33339184522628784,0.3334554135799408,0.33349609375,0.3338216245174408,0.3335368037223816,0.3334147334098816,0.3334147334098816,0.3341471552848816,0.3329060971736908,0.33294677734375,0.3335774838924408,0.333740234375,0.3341064453125,0.3330892026424408,0.3336995542049408,0.3333740234375,0.3331705927848816,0.33349609375,0.3328043818473816,0.3328450620174408,0.3335368037223816,0.3329264521598816,0.333892822265625,0.3337860107421875,0.3328094482421875,0.3334147334098816,0.333099365234375,0.3338572382926941,0.3330892026424408,0.3340250849723816,0.3328654170036316,0.3331553339958191,0.3338216245174408,0.3329264521598816,0.3332112729549408,0.3333180844783783,0.33349609375,0.3328857421875,0.3332723081111908,0.3333333432674408,0.3335723876953125,0.333740234375,0.3324381709098816,0.3338216245174408,0.3335774838924408,0.3339436948299408,0.3338623046875,0.3339436948299408,0.3331298828125,0.33349609375,0.3331705927848816,0.333984375,0.3335774838924408,0.333984375,0.33380126953125,0.332763671875,0.3336588740348816,0.3330586850643158,0.3334248960018158,0.3329060971736908,0.33282470703125,0.3338114619255066,0.33312225341796875,0.33335623145103455,0.3331705927848816,0.333984375,0.3333028256893158,0.33343505859375,0.3334554135799408,0.3336385190486908,0.333984375,0.3328043818473816,0.3339131772518158,0.3333333432674408,0.3334554135799408,0.3328654170036316,0.3336690366268158,0.3336181640625,0.3336588740348816,0.3332926630973816,0.3338623046875,0.3336588740348816,0.33349609375,0.33367919921875,0.3333333432674408,0.3336995542049408,0.3331400752067566,0.333251953125,0.33274078369140625,0.3334147334098816,0.333587646484375,0.3333689570426941,0.3339436948299408,0.3330078125,0.3336588740348816,0.3327433466911316,0.33349609375,0.33349609375,0.3341471552848816,0.3333231806755066,0.3337605893611908,0.3334808349609375,0.3333333432674408,0.332916259765625,0.33392333984375,0.333953857421875,0.3337453305721283,0.333587646484375,0.3336893916130066,0.3338419795036316,0.3333740234375,0.3335978388786316,0.333160400390625,0.3327382504940033,0.3329671323299408,0.3337809443473816,0.3337962031364441,0.3328704833984375,0.333526611328125,0.3334554135799408,0.3339030146598816,0.3335368037223816,0.33349609375,0.3335774838924408,0.33349609375,0.3333740234375,0.33319091796875,0.3331502377986908,0.3338216245174408,0.33343505859375,0.3328654170036316,0.3332265317440033,0.3338216245174408,0.3330892026424408,0.3326823115348816,0.3337962031364441,0.33349609375,0.33380126953125,0.3338216245174408,0.3331298828125,0.3334554135799408,0.332804411649704,0.3329671323299408,0.33335384726524353,0.3333333432674408,0.3338218629360199,0.333445280790329,0.3333333432674408,0.3332926630973816,0.3338419795036316,0.3335774838924408,0.3328043818473816,0.3338216245174408,0.3331298828125,0.333526611328125,0.333251953125,0.3333943784236908,0.333892822265625,0.3337605893611908,0.33282470703125,0.3335774838924408,0.3333842158317566
Ultralenient,base,0.2496337890625,0.25006103515625,0.250244140625,0.2500000298023224,0.24951171875,0.2498779296875,0.2501335144042969,0.25,0.24957275390625,0.2498779296875,0.25000008940696716,0.2496337890625,0.2501220703125,0.25,0.25,0.2500000298023224,0.2498779296875,0.25,0.25,0.25,0.2493896484375,0.24993896484375,0.25030517578125,0.25030517578125,0.2498779296875,0.2503662109375,0.249969482421875,0.2501220703125,0.2503662109375,0.249755859375,0.250274658203125,0.2501220703125,0.249847412109375,0.24951171875,0.249725341796875,0.24932861328125,0.25006103515625,0.2498779296875,0.24993896484375,0.249969482421875,0.249725341796875,0.250244140625,0.250396728515625,0.2503662109375,0.250244140625,0.250213623046875,0.249755859375,0.250244140625,0.249755859375,0.249755859375,0.25,0.25009918212890625,0.2498321533203125,0.2503662109375,0.249755859375,0.2503662109375,0.25043487548828125,0.2498779296875,0.2501983642578125,0.250518798828125,0.2495245337486267,0.25,0.2494049072265625,0.2503662109375,0.2493896484375,0.2498779296875,0.2493896484375,0.2501220703125,0.249755859375,0.24951171875,0.2498779296875,0.249755859375,0.2498779296875,0.25,0.25,0.2501220703125,0.2503662109375,0.25006103515625,0.25,0.250335693359375,0.2503662109375,0.2501220703125,0.2501373291015625,0.25,0.2503662109375,0.25030517578125,0.250244140625,0.2501220703125,0.24995040893554688,0.249755859375,0.250244140625,0.24951171875,0.249847412109375,0.25048828125,0.249755859375,0.2502288818359375,0.2501220703125,0.25018310546875,0.2501220703125,0.25,0.2503662109375,0.2500152587890625,0.250030517578125,0.24951171875,0.25006103515625,0.250244140625,0.250244140625,0.249755859375,0.25,0.2503662109375,0.2496337890625,0.249755859375,0.249755859375,0.2502288818359375,0.25048828125,0.25,0.249542236328125,0.24962234497070312,0.249969482421875,0.2500033378601074,0.24955645203590393,0.25012144446372986,0.25000500679016113,0.25025877356529236,0.2501414716243744,0.2501884996891022,0.2496337890625,0.250396728515625,0.24981689453125,0.25054931640625,0.24957275390625,0.2501220703125,0.24984359741210938,0.25,0.2495574951171875,0.25030517578125,0.2498779296875,0.24993896484375,0.2498035430908203,0.2503814697265625,0.2495579719543457,0.2501373291015625,0.249755859375,0.25,0.249603271484375,0.25022125244140625,0.2498016357421875,0.2500896453857422,0.24990081787109375,0.249847412109375,0.2501068115234375,0.2501678466796875,0.25006103515625,0.24993896484375,0.24953079223632812,0.2503223419189453,0.25017833709716797,0.25015926361083984,0.24990081787109375,0.25011953711509705,0.24950408935546875,0.2496793270111084,0.2501373291015625,0.25006103515625,0.2502326965332031,0.25017547607421875,0.24966931343078613,0.24978256225585938,0.25021934509277344,0.25052642822265625,0.25025177001953125,0.249908447265625,0.249847412109375,0.2498779296875,0.25048828125,0.24951171875,0.250396728515625,0.24969482421875,0.2498779296875,0.249847412109375,0.25,0.25042724609375,0.25,0.249755859375,0.2503662109375,0.24963760375976562,0.25043487548828125,0.2500767707824707,0.2503366470336914,0.25048828125,0.25,0.2501220703125,0.24972152709960938,0.25030517578125,0.250152587890625,0.2504119873046875,0.2499847412109375,0.2503652572631836,0.25032806396484375,0.249542236328125,0.2498931884765625,0.2498016357421875,0.25014686584472656,0.24965667724609375,0.25006103515625,0.2498779296875,0.250274658203125,0.2498779296875,0.249786376953125,0.25,0.25018310546875,0.24969100952148438,0.24993896484375,0.2499542236328125,0.2501220703125,0.24970436096191406,0.2500457763671875,0.25,0.2503509521484375,0.249755859375,0.249847412109375,0.2501220703125,0.250213623046875,0.2499542236328125,0.24957275390625,0.2503662109375,0.249725341796875,0.24993896484375,0.2499847412109375,0.2503662109375,0.24958038330078125,0.2498016357421875,0.249664306640625,0.250213623046875,0.2501220703125,0.2496795654296875,0.24969482421875,0.2498931884765625,0.24957275390625,0.250244140625,0.24957275390625,0.2503242492675781,0.250335693359375,0.2497100830078125,0.24969482421875,0.2503085136413574,0.24982285499572754,0.2503816783428192,0.24952957034111023,0.2504730224609375,0.25015926361083984,0.25027281045913696,0.249755859375,0.24979591369628906,0.25048065185546875,0.2501220703125,0.2497406005859375,0.25023651123046875,0.2501220703125,0.2497711181640625,0.24988031387329102,0.250244140625,0.2504005432128906,0.2497100830078125,0.250244140625,0.249969482421875,0.25,0.249786376953125,0.250244140625,0.24964141845703125,0.24988174438476562,0.2495269775390625,0.2501220703125,0.2496337890625,0.2500190734863281,0.24945068359375,0.250396728515625,0.25,0.249420166015625,0.25,0.25011444091796875,0.2497715950012207,0.249755859375,0.24979782104492188,0.25,0.2497406005859375,0.250152587890625,0.2505035400390625,0.249755859375,0.2498931884765625,0.2497100830078125,0.2499542236328125,0.2499542236328125,0.250152587890625,0.250213623046875,0.2502727508544922,0.2500457763671875,0.249664306640625,0.2502021789550781,0.24981689453125,0.2499542236328125,0.2503852844238281,0.25,0.249786376953125,0.2499542236328125,0.25006103515625,0.25042724609375,0.250244140625,0.24979424476623535,0.25018310546875,0.2500038146972656,0.250244140625,0.24971771240234375,0.24994277954101562,0.2494983673095703,0.2498779296875,0.24967527389526367,0.24983787536621094,0.2503089904785156,0.2501029968261719,0.2503929138183594,0.25029754638671875,0.249755859375,0.2501220703125,0.249755859375,0.24951171875,0.2501220703125,0.2501068115234375,0.250152587890625,0.250396728515625,0.25042724609375,0.24951171875,0.250152587890625,0.2496337890625,0.2498779296875,0.250091552734375,0.2495269775390625,0.2497711181640625,0.24957275390625,0.25048828125,0.25006103515625,0.24967193603515625,0.2496795654296875,0.24992942810058594,0.2504425048828125,0.250274658203125,0.2496337890625,0.25006103515625,0.2501678466796875,0.24969482421875,0.2498779296875,0.2502288818359375,0.249542236328125,0.25018310546875,0.2496337890625,0.24976348876953125,0.2503509521484375,0.2498779296875,0.2503662109375,0.249908447265625,0.2502593994140625,0.249755859375,0.2504730224609375,0.249755859375,0.2496337890625,0.2493896484375,0.2501220703125,0.25,0.25006103515625,0.25018310546875,0.2496337890625,0.249542236328125,0.249969482421875,0.24981689453125,0.2498779296875,0.25018310546875,0.25,0.2496337890625,0.250396728515625,0.25030517578125,0.25006103515625,0.25,0.250244140625,0.2505035400390625,0.2503662109375,0.2503662109375,0.250152587890625,0.249603271484375,0.250518798828125,0.250244140625,0.249603271484375,0.249755859375,0.24983251094818115,0.24987125396728516,0.249847412109375,0.2503242492675781,0.2500482201576233,0.2500002384185791,0.24977493286132812,0.25030437111854553,0.2502725124359131,0.24981307983398438,0.25038909912109375,0.25016021728515625,0.2498626708984375,0.24970626831054688,0.24988746643066406,0.2496337890625,0.250335693359375,0.2496337890625,0.2500190734863281,0.25,0.2496337890625,0.24993896484375,0.249755859375,0.25006103515625,0.249664306640625,0.25040435791015625,0.25048828125,0.249755859375,0.2495269775390625,0.2496957778930664,0.2495574951171875,0.2500572204589844,0.2504013776779175,0.25042724609375,0.24957275390625,0.2497119903564453,0.249755859375,0.25034332275390625,0.2498941421508789,0.25,0.249542236328125,0.2501220703125,0.24999451637268066,0.25045108795166016,0.2496490478515625,0.2497711181640625,0.250021755695343,0.2500467300415039,0.24984094500541687,0.25018310546875,0.2495574951171875,0.2501220703125,0.2496490478515625,0.249786376953125,0.25048828125,0.250274658203125,0.24990081787109375,0.249481201171875,0.249603271484375,0.24965667724609375,0.2504425048828125,0.2496490478515625,0.2504425048828125,0.2504463195800781,0.24951171875,0.2504730224609375,0.250244140625,0.25018787384033203,0.249664306640625,0.25023412704467773,0.25018310546875,0.2500762939453125,0.2496795654296875,0.25006103515625,0.2500457763671875,0.2501220703125,0.250274658203125,0.2503662109375,0.25018310546875,0.25018310546875,0.25048828125,0.24993896484375,0.250213623046875,0.249664306640625,0.2501220703125,0.250335693359375,0.2493896484375,0.24993896484375,0.24993896484375,0.249755859375,0.2502288818359375,0.24953842163085938,0.24955511093139648,0.25018310546875,0.25037479400634766,0.25,0.2501258850097656,0.2498016357421875,0.2503833770751953,0.24974822998046875,0.25023651123046875,0.249908447265625,0.25020599365234375,0.2502899169921875,0.2502288818359375,0.249755859375,0.2497406005859375,0.2502899169921875,0.2502899169921875,0.2503662109375,0.25018310546875,0.25006103515625,0.24953842163085938,0.24991607666015625,0.24981689453125,0.249725341796875,0.2495574951171875,0.249603271484375,0.25042724609375,0.25002408027648926,0.249755859375,0.25,0.250244140625,0.2498779296875,0.2496795654296875,0.250244140625,0.249755859375,0.24957275390625,0.2501678466796875,0.25016021728515625,0.250457763671875,0.24969482421875,0.24951171875,0.249755859375,0.249755859375,0.2495880126953125,0.250396728515625,0.24988174438476562,0.25018310546875,0.24951171875,0.25000008940696716,0.24981689453125,0.25,0.24957656860351562,0.2501220703125,0.2501220703125,0.24951171875,0.24957275390625,0.25,0.2501678466796875,0.2501220703125,0.2498779296875,0.25018310546875,0.250244140625,0.2496337890625,0.25043487548828125,0.250152587890625,0.2498931884765625,0.24979400634765625,0.250274658203125,0.25042724609375,0.250213623046875,0.250152587890625,0.2503662109375,0.2498321533203125,0.250396728515625,0.250244140625,0.2501373291015625,0.25,0.249755859375,0.249664306640625,0.24993896484375,0.2496337890625,0.250244140625,0.2496337890625,0.2501220703125,0.250244140625,0.2504692077636719,0.2496337890625,0.24964141845703125,0.249542236328125,0.249755859375,0.249786376953125,0.2501373291015625,0.2501220703125,0.250396728515625,0.24981689453125,0.249847412109375,0.250457763671875,0.24969482421875,0.25,0.24951171875,0.249755859375,0.2503662109375,0.24965667724609375,0.250091552734375,0.250030517578125,0.2502899169921875,0.249908447265625,0.2502593994140625,0.25030517578125,0.250244140625,0.250244140625,0.250091552734375,0.24981689453125,0.24969482421875,0.24956893920898438,0.249725341796875,0.24969482421875,0.25018310546875,0.24957275390625,0.25030517578125,0.2501220703125,0.250244140625,0.25042724609375,0.25,0.25030517578125,0.249755859375,0.249908447265625,0.249755859375,0.24951171875,0.24969482421875,0.24993896484375,0.25006103515625,0.250244140625,0.2498321533203125,0.249725341796875,0.24999380111694336,0.24975943565368652,0.2500896453857422,0.24978160858154297,0.2501411437988281,0.249542236328125,0.25030517578125,0.25018310546875,0.25034332275390625,0.249664306640625,0.250274658203125,0.249908447265625,0.2501220703125,0.250213623046875,0.2501220703125,0.249908447265625,0.249603271484375,0.249603271484375,0.2499980926513672,0.24997901916503906,0.249847412109375,0.24952316284179688,0.25006103515625,0.250091552734375,0.2500143051147461,0.249755859375,0.2501220703125,0.249542236328125,0.249786376953125,0.2501373291015625,0.25041961669921875,0.250244140625,0.249908447265625,0.24993896484375,0.2499866485595703,0.25,0.250030517578125,0.24997711181640625,0.25029563903808594,0.25003814697265625,0.24991226196289062,0.2501716613769531,0.25006103515625,0.25028228759765625,0.24968719482421875,0.250274658203125,0.249664306640625,0.25030517578125,0.25003623962402344,0.25030517578125,0.24981689453125,0.2501220703125,0.249755859375,0.24993896484375,0.250244140625,0.2498016357421875,0.25042724609375,0.250091552734375,0.24957275390625,0.2501220703125,0.24961280822753906,0.2501335144042969,0.24995040893554688,0.24966669082641602,0.24973678588867188,0.24989032745361328,0.24980926513671875,0.250030517578125,0.25,0.250091552734375,0.24971771240234375,0.24993896484375,0.249847412109375,0.249847412109375,0.24980545043945312,0.2503662109375,0.250213623046875,0.249969482421875,0.25048828125,0.2498931884765625,0.2501373291015625,0.2503204345703125,0.24993896484375,0.25023651123046875,0.250030517578125,0.24998092651367188,0.250213623046875,0.250213623046875,0.2502002716064453,0.24988174438476562,0.25049591064453125,0.2502627372741699,0.2502279281616211,0.2502174377441406,0.2503242492675781,0.2497711181640625,0.24951171875,0.25006103515625,0.2504730224609375,0.2498779296875,0.24993896484375,0.249908447265625,0.2498016357421875,0.2501258850097656,0.2502002716064453,0.2503509521484375,0.249542236328125,0.24957275390625,0.25002288818359375,0.24953842163085938,0.2502155303955078,0.2501211166381836,0.2498607635498047,0.24999237060546875,0.25019264221191406,0.24970245361328125,0.24980545043945312,0.2504734992980957,0.2502317428588867,0.2500877380371094,0.24955368041992188,0.250396728515625,0.24997711181640625,0.24969863891601562,0.249603271484375,0.24956893920898438,0.24971771240234375,0.24962139129638672,0.24979400634765625,0.24957275390625,0.25042724609375,0.2502861022949219,0.249664306640625,0.2498321533203125,0.24999618530273438,0.2501373291015625,0.249725341796875,0.249969482421875,0.24977684020996094,0.25018310546875,0.2497100830078125,0.2495880126953125,0.24958038330078125,0.2504425048828125,0.2501678466796875,0.2500762939453125,0.25036922097206116,0.25,0.2500610649585724,0.25008392333984375,0.25,0.2498779296875,0.24953079223632812,0.2495574951171875,0.25002288818359375,0.24967193603515625,0.24955368041992188,0.25038909912109375,0.2500324249267578,0.2497100830078125,0.2500295639038086,0.249969482421875,0.2501716613769531,0.25,0.25032806396484375
Phlebostrepsis,base,0.142717644572258,0.1428571492433548,0.1428571492433548,0.14285719394683838,0.1428920328617096,0.1429966539144516,0.14290328323841095,0.1429705023765564,0.1427064687013626,0.1429356187582016,0.14319992065429688,0.1427350789308548,0.1427873969078064,0.143022820353508,0.1426827609539032,0.14285722374916077,0.142717644572258,0.142717644572258,0.142717644572258,0.142578125,0.1427525132894516,0.1428266316652298,0.1429443359375,0.14314161241054535,0.14265552163124084,0.1431012898683548,0.14307840168476105,0.143083855509758,0.1428920328617096,0.1428571492433548,0.1427873969078064,0.142961785197258,0.1429443359375,0.1428571492433548,0.1426478922367096,0.14276805520057678,0.14312744140625,0.1428571492433548,0.1427525132894516,0.1428571492433548,0.1428658664226532,0.1427873969078064,0.14270782470703125,0.1430184543132782,0.1425083726644516,0.1426130086183548,0.1429094672203064,0.14263916015625,0.1426827609539032,0.1427873969078064,0.142961785197258,0.14270959794521332,0.1429269015789032,0.1428571492433548,0.1427525132894516,0.1429094672203064,0.14293453097343445,0.1430184543132782,0.1427699625492096,0.142778679728508,0.1430439054965973,0.143022820353508,0.1430489718914032,0.1428920328617096,0.1428048312664032,0.142839714884758,0.1428571492433548,0.1428048312664032,0.1429094672203064,0.1429966539144516,0.1430489718914032,0.1429966539144516,0.1428920328617096,0.1431012898683548,0.14263916015625,0.1426304429769516,0.1428571492433548,0.1429661363363266,0.1430489718914032,0.142900750041008,0.1426827609539032,0.1430315375328064,0.1431339830160141,0.1427830308675766,0.1426653265953064,0.1430271714925766,0.1430402547121048,0.1428920328617096,0.142961785197258,0.1430141031742096,0.1430620551109314,0.1425432562828064,0.14260974526405334,0.143205925822258,0.14300537109375,0.1428658664226532,0.1429792195558548,0.1428745836019516,0.142578125,0.142961785197258,0.1429966539144516,0.1429181843996048,0.1427873969078064,0.1428920328617096,0.142656609416008,0.1428920328617096,0.1429094672203064,0.142961785197258,0.1428353488445282,0.1426304429769516,0.1428048312664032,0.142822265625,0.143083855509758,0.1430751383304596,0.1428745836019516,0.142748162150383,0.1428636908531189,0.142961785197258,0.1425824910402298,0.14287295937538147,0.14312167465686798,0.14295701682567596,0.14294353127479553,0.1429792195558548,0.1426883488893509,0.14310061931610107,0.1431318074464798,0.1431012898683548,0.1427982896566391,0.1430271714925766,0.1427001953125,0.1429639607667923,0.1427067369222641,0.1427699625492096,0.1429530680179596,0.1431187242269516,0.1429683268070221,0.142595574259758,0.14288493990898132,0.14285169541835785,0.1427391618490219,0.14306640625,0.1428135484457016,0.1426827609539032,0.1426784098148346,0.1429944783449173,0.1427285373210907,0.142717644572258,0.142791748046875,0.1426827609539032,0.1428658664226532,0.1428244560956955,0.14276123046875,0.1430184543132782,0.1431012898683548,0.14273357391357422,0.14290618896484375,0.14269039034843445,0.14261600375175476,0.14300698041915894,0.14262524247169495,0.14290618896484375,0.14297376573085785,0.1428658664226532,0.14277976751327515,0.14260265231132507,0.14264488220214844,0.142730712890625,0.1429116427898407,0.1428288072347641,0.1426500678062439,0.142900750041008,0.1430097371339798,0.1427699625492096,0.14260727167129517,0.142961785197258,0.1429225504398346,0.1431710422039032,0.142961785197258,0.1429094672203064,0.1427503377199173,0.1425868570804596,0.1429530680179596,0.1429269015789032,0.142778679728508,0.1427721381187439,0.1429792195558548,0.1429196149110794,0.1427982896566391,0.14261245727539062,0.143022820353508,0.14272962510585785,0.1426912099123001,0.14300537109375,0.1430860310792923,0.1429031938314438,0.1430489718914032,0.14282771944999695,0.14274488389492035,0.1431230902671814,0.1430489718914032,0.1428135484457016,0.1427873969078064,0.142669677734375,0.142839714884758,0.1430315375328064,0.1429552435874939,0.1430707722902298,0.1427961140871048,0.1429792195558548,0.1430315375328064,0.1430446207523346,0.1429879367351532,0.1427590548992157,0.142595574259758,0.142852783203125,0.1426042914390564,0.1427743136882782,0.14265769720077515,0.1429269015789032,0.1426827609539032,0.1427001953125,0.142778679728508,0.14264898002147675,0.1428920328617096,0.1426653265953064,0.14300537109375,0.142839714884758,0.1428048312664032,0.1429399847984314,0.1430489718914032,0.142748162150383,0.14312744140625,0.142717644572258,0.1430402547121048,0.1427045613527298,0.1430315375328064,0.14288440346717834,0.1430685967206955,0.1429443359375,0.14276123046875,0.1427677720785141,0.1428963840007782,0.1429094672203064,0.1427525132894516,0.14308521151542664,0.14275836944580078,0.1429286003112793,0.1426531970500946,0.1426977515220642,0.14291492104530334,0.1426333487033844,0.1427263617515564,0.14276233315467834,0.1427089273929596,0.1427372545003891,0.1429530680179596,0.1427982896566391,0.142822265625,0.14267022907733917,0.14291000366210938,0.1431361734867096,0.143096923828125,0.1427263617515564,0.142822265625,0.1428549736738205,0.1429879367351532,0.142900750041008,0.1431536078453064,0.1425912082195282,0.14272527396678925,0.1429530680179596,0.142656609416008,0.1427743136882782,0.1428876668214798,0.14300537109375,0.1428920328617096,0.1428920328617096,0.1427350789308548,0.1429966539144516,0.143096923828125,0.14286205172538757,0.142534539103508,0.1427830308675766,0.1431012898683548,0.1429465264081955,0.1426478922367096,0.1430402547121048,0.14297103881835938,0.1429094672203064,0.14302608370780945,0.14312744140625,0.1427263617515564,0.142717644572258,0.1426653265953064,0.1429966539144516,0.14288330078125,0.14308276772499084,0.1430794894695282,0.1427525132894516,0.143022820353508,0.1430576890707016,0.1429094672203064,0.1427263617515564,0.142900750041008,0.1428048312664032,0.1429988443851471,0.14288330078125,0.14300476014614105,0.14292012155056,0.14312200248241425,0.1426827609539032,0.14274924993515015,0.1426784098148346,0.1428179144859314,0.1427873969078064,0.14305225014686584,0.1431056559085846,0.1426173746585846,0.1431230902671814,0.1428506076335907,0.1427437961101532,0.1430315375328064,0.1428920328617096,0.1429530680179596,0.1428745836019516,0.1429443359375,0.1427329033613205,0.1429792195558548,0.142656609416008,0.1428048312664032,0.143022820353508,0.14267730712890625,0.142961785197258,0.14300647377967834,0.142595574259758,0.1427023857831955,0.142839714884758,0.1429443359375,0.1427001953125,0.142913818359375,0.142961785197258,0.1429269015789032,0.14280292391777039,0.1426609605550766,0.1429792195558548,0.142717644572258,0.14288330078125,0.1430402547121048,0.14306640625,0.1430925726890564,0.1426173746585846,0.1429770439863205,0.142717644572258,0.1427961140871048,0.1429966539144516,0.14288330078125,0.1430315375328064,0.1431100070476532,0.1428244560956955,0.1426653265953064,0.1425672322511673,0.1428004801273346,0.1431100070476532,0.1429094672203064,0.143083855509758,0.1426217257976532,0.1427873969078064,0.1429181843996048,0.1430141031742096,0.1428876668214798,0.1427699625492096,0.1427525132894516,0.1426239013671875,0.1429269015789032,0.142717644572258,0.142717644572258,0.1426304429769516,0.1428484320640564,0.1428571492433548,0.142961785197258,0.1431536078453064,0.1429966539144516,0.1429705023765564,0.1427568793296814,0.1428571492433548,0.142839714884758,0.1428309977054596,0.1428571492433548,0.1427873969078064,0.142578125,0.142578125,0.1428891271352768,0.14266996085643768,0.14292526245117188,0.14292962849140167,0.14285936951637268,0.1428573578596115,0.1427702009677887,0.14296166598796844,0.14279597997665405,0.14287786185741425,0.14304788410663605,0.1426435261964798,0.1430162787437439,0.1429595947265625,0.1426457017660141,0.1428571492433548,0.142839714884758,0.1429443359375,0.1426631510257721,0.1429181843996048,0.1430337131023407,0.1429792195558548,0.142839714884758,0.1431100070476532,0.1430141031742096,0.14319393038749695,0.1428571492433548,0.1428571492433548,0.14270129799842834,0.14287704229354858,0.14294761419296265,0.1427677720785141,0.14271055161952972,0.1430141031742096,0.142852783203125,0.1430991142988205,0.1427350789308548,0.1428920328617096,0.1427721381187439,0.1429094672203064,0.1430620551109314,0.1427873969078064,0.1430903971195221,0.14270810782909393,0.1427350789308548,0.1431405246257782,0.14268288016319275,0.14310523867607117,0.14266477525234222,0.1429094672203064,0.1426304429769516,0.1429966539144516,0.1428309977054596,0.14312744140625,0.1428920328617096,0.1428571492433548,0.142900750041008,0.1426914781332016,0.142839714884758,0.1428353488445282,0.143083855509758,0.1430141031742096,0.1428484320640564,0.1430184543132782,0.1425258219242096,0.142656609416008,0.1427132785320282,0.14293235540390015,0.14288875460624695,0.14264461398124695,0.1428571492433548,0.142717644572258,0.1429443359375,0.1431361734867096,0.1427350789308548,0.1428571492433548,0.1428920328617096,0.1428571492433548,0.1430576890707016,0.1428920328617096,0.1427437961101532,0.1430315375328064,0.14296504855155945,0.1427001953125,0.1427263617515564,0.143053337931633,0.1430315375328064,0.142578125,0.1429094672203064,0.14312744140625,0.1430271714925766,0.14304788410663605,0.14288330078125,0.1429966539144516,0.1426902562379837,0.142900750041008,0.1427961140871048,0.1430925726890564,0.1426827609539032,0.1429857611656189,0.1429181843996048,0.1429792195558548,0.1428658664226532,0.14268821477890015,0.1430315375328064,0.1431361734867096,0.1430402547121048,0.1430141031742096,0.142717644572258,0.1425606906414032,0.14276123046875,0.1426130086183548,0.14289569854736328,0.1427547037601471,0.1426653265953064,0.1429879367351532,0.1427743136882782,0.1431230902671814,0.1426653265953064,0.14285868406295776,0.14300537109375,0.1429269015789032,0.143022820353508,0.142717644572258,0.1429792195558548,0.14306640625,0.1428571492433548,0.1429094672203064,0.1431383490562439,0.1428680419921875,0.1428920328617096,0.1430489718914032,0.1427525132894516,0.1427525132894516,0.142961785197258,0.1429051011800766,0.1426042914390564,0.14306096732616425,0.1427699625492096,0.1428571492433548,0.14285944402217865,0.1428484320640564,0.1430402547121048,0.143035888671875,0.14306640625,0.1427001953125,0.1428920328617096,0.1431361734867096,0.1428658664226532,0.1430598795413971,0.143096923828125,0.1427699625492096,0.1428179144859314,0.142717644572258,0.1429269015789032,0.1431100070476532,0.1427525132894516,0.14312744140625,0.1428636908531189,0.1430925726890564,0.1430315375328064,0.1426914781332016,0.1429269015789032,0.1428920328617096,0.1426740437746048,0.1425868570804596,0.1429443359375,0.14288330078125,0.1429269015789032,0.1429966539144516,0.1425606906414032,0.1427372545003891,0.1429356187582016,0.1427873969078064,0.1426827609539032,0.1427873969078064,0.1427263617515564,0.14261846244335175,0.1429792195558548,0.14293712377548218,0.14290837943553925,0.1427394449710846,0.1429269015789032,0.1427525132894516,0.1427001953125,0.1429835855960846,0.1430315375328064,0.1430162787437439,0.1429966539144516,0.1426827609539032,0.142839714884758,0.1428484320640564,0.1430141031742096,0.1431361734867096,0.1426348090171814,0.142900750041008,0.142578125,0.1428745836019516,0.1428920328617096,0.1428963840007782,0.1430315375328064,0.1427873969078064,0.1427525132894516,0.1429966539144516,0.1430402547121048,0.1427525132894516,0.1429334431886673,0.1428026556968689,0.1427655965089798,0.1426958441734314,0.1428135484457016,0.14271605014801025,0.142822265625,0.142839714884758,0.1430315375328064,0.142822265625,0.142578125,0.1430315375328064,0.1426958441734314,0.1428135484457016,0.1428920328617096,0.1428920328617096,0.1427961140871048,0.1428070068359375,0.14306640625,0.14309856295585632,0.1427023857831955,0.14267174899578094,0.14312700927257538,0.14264175295829773,0.142995223402977,0.1425846666097641,0.1430816650390625,0.1431230902671814,0.1428135484457016,0.142748162150383,0.143083855509758,0.1426478922367096,0.1429705023765564,0.1428920328617096,0.1427525132894516,0.1428920328617096,0.1426217257976532,0.1430315375328064,0.14297595620155334,0.14300537109375,0.14257976412773132,0.1429966539144516,0.1430489718914032,0.1431318074464798,0.14299938082695007,0.1430947482585907,0.1429269015789032,0.142822265625,0.1430315375328064,0.1426827609539032,0.14259502291679382,0.14274869859218597,0.142839714884758,0.14276123046875,0.14270347356796265,0.14283603429794312,0.1429094672203064,0.1430031955242157,0.14311546087265015,0.14285632967948914,0.142809197306633,0.14312227070331573,0.1427263617515564,0.1430315375328064,0.14265306293964386,0.14300210773944855,0.1431034654378891,0.1428593248128891,0.14312744140625,0.14259448647499084,0.1429574191570282,0.14276123046875,0.1428484320640564,0.1426522433757782,0.1429269015789032,0.143083855509758,0.142809197306633,0.1430882066488266,0.1426653265953064,0.142992302775383,0.1430315375328064,0.14288875460624695,0.14300581812858582,0.14284488558769226,0.14298444986343384,0.14275306463241577,0.14266546070575714,0.1430087834596634,0.14306640625,0.1426653265953064,0.1428462564945221,0.142547607421875,0.1430489718914032,0.14263916015625,0.14288221299648285,0.14270564913749695,0.142961785197258,0.1429857611656189,0.1430903971195221,0.1428920328617096,0.14301300048828125,0.14259012043476105,0.1428745836019516,0.1431012898683548,0.1429966539144516,0.1430141031742096,0.1426653265953064,0.14281301200389862,0.1428484320640564,0.14268222451210022,0.1426933854818344,0.14299121499061584,0.14266395568847656,0.14277295768260956,0.14288440346717834,0.14278453588485718,0.1430094689130783,0.1430489718914032,0.1429443359375,0.1426936686038971,0.1429966539144516,0.1430402547121048,0.1428571492433548,0.14292486011981964,0.143083855509758,0.14270620048046112,0.1429770439863205,0.14279542863368988,0.14266246557235718,0.14288181066513062,0.14275142550468445,0.1429966539144516,0.14310891926288605,0.14266124367713928,0.14300993084907532,0.14288181066513062,0.14308767020702362,0.14274053275585175,0.1426711082458496,0.14263916015625,0.14306777715682983,0.1428339034318924,0.14304080605506897,0.14277894794940948,0.14279285073280334,0.14290183782577515,0.14298194646835327,0.14260265231132507,0.14264284074306488,0.1428942084312439,0.1429487019777298,0.142839714884758,0.1428135484457016,0.142687126994133,0.142913818359375,0.14285346865653992,0.1427830308675766,0.14271436631679535,0.1426130086183548,0.14281955361366272,0.142626091837883,0.14283807575702667,0.14266696572303772,0.14259175956249237,0.14271655678749084,0.14285814762115479,0.14306750893592834,0.1428966224193573,0.1428571492433548,0.14273320138454437,0.14286397397518158,0.1428571492433548,0.14292363822460175,0.1430794894695282,0.1426914781332016,0.14290618896484375,0.14311879873275757,0.143096923828125,0.1427503377199173,0.1430625319480896,0.14266805350780487,0.14300742745399475,0.142791748046875,0.1426841914653778,0.1428288072347641,0.14306096732616425
Cainite,base,0.3326823115348816,0.3330078125,0.3333333432674408,0.3333333432674408,0.3333333432674408,0.3331705927848816,0.3334147334098816,0.3333333432674408,0.3330078125,0.3336588740348816,0.33333343267440796,0.3333333432674408,0.33349609375,0.333984375,0.3326823115348816,0.3333333730697632,0.3330078125,0.3326823115348816,0.3336588740348816,0.333984375,0.3326823115348816,0.3326823115348816,0.3338623046875,0.3333333432674408,0.3331705927848816,0.3330078125,0.333984375,0.3330078125,0.3330078125,0.3326823115348816,0.3333333432674408,0.3331705927848816,0.3332926630973816,0.3336588740348816,0.3336588740348816,0.3336588740348816,0.333740234375,0.3338216245174408,0.3330078125,0.333984375,0.3334147334098816,0.3336588740348816,0.3334147334098816,0.3333333432674408,0.3326823115348816,0.3328450620174408,0.3338521420955658,0.3336588740348816,0.333984375,0.3336588740348816,0.333984375,0.3326823115348816,0.3336588740348816,0.333984375,0.33349609375,0.3331705927848816,0.33367919921875,0.3328450620174408,0.3333740234375,0.3329264521598816,0.33363980054855347,0.3335774838924408,0.3333333432674408,0.3333333432674408,0.3326823115348816,0.3330078125,0.3326823115348816,0.33349609375,0.3336588740348816,0.3331705927848816,0.3333333432674408,0.333984375,0.3333333432674408,0.3333333432674408,0.3330078125,0.3330078125,0.3333333432674408,0.3331705927848816,0.3338216245174408,0.3331705927848816,0.333251953125,0.3328857421875,0.3333333432674408,0.3328043818473816,0.3334147334098816,0.3338216245174408,0.3330078125,0.3331705927848816,0.3333333432674408,0.3337809443473816,0.3330892026424408,0.3333333432674408,0.33276623487472534,0.3341471552848816,0.3333333432674408,0.333526611328125,0.3328450620174408,0.333984375,0.3336588740348816,0.3333333432674408,0.3326823115348816,0.3333333432674408,0.3333333432674408,0.3331705927848816,0.3329264521598816,0.3338216245174408,0.3333333432674408,0.3336588740348816,0.3330078125,0.3330078125,0.3330078125,0.33349609375,0.3330892026424408,0.3328450620174408,0.33349609375,0.3331807553768158,0.3338114619255066,0.3328959345817566,0.3331502377986908,0.3333438038825989,0.33385300636291504,0.3328528106212616,0.3327234387397766,0.3328966498374939,0.33334922790527344,0.33346182107925415,0.3338623046875,0.3328043818473816,0.333770751953125,0.33349609375,0.3327229917049408,0.3328031003475189,0.33299002051353455,0.3336995542049408,0.3336588740348816,0.3338216245174408,0.3338572382926941,0.3333231806755066,0.3327687680721283,0.33349609375,0.33395957946777344,0.3333333432674408,0.3331298828125,0.3334147334098816,0.3336842954158783,0.3334554135799408,0.3327268064022064,0.3338877558708191,0.3335368037223816,0.3334147334098816,0.333251953125,0.33294677734375,0.3333333432674408,0.33282470703125,0.3330230712890625,0.3332875669002533,0.333648681640625,0.333984375,0.332977294921875,0.33273348212242126,0.3336067199707031,0.3339436948299408,0.3329264521598816,0.3339436948299408,0.333282470703125,0.3327840268611908,0.33391064405441284,0.3328043818473816,0.3330078125,0.3332926630973816,0.3329671323299408,0.33349609375,0.3336588740348816,0.3329264521598816,0.3330485224723816,0.3333028256893158,0.3328857421875,0.33343505859375,0.3336588740348816,0.3333333432674408,0.3332926630973816,0.333251953125,0.3328450620174408,0.333984375,0.3336181640625,0.33350372314453125,0.3336893916130066,0.3333626687526703,0.3336048126220703,0.3337300717830658,0.3338826596736908,0.3340250849723816,0.33349609375,0.3338623046875,0.3333842158317566,0.3335164487361908,0.3329060971736908,0.333587646484375,0.3328654170036316,0.3328450620174408,0.3335164487361908,0.3336588740348816,0.3339589536190033,0.3338216245174408,0.3333333432674408,0.3336385190486908,0.3333638608455658,0.333770751953125,0.3331298828125,0.3331705927848816,0.3326823115348816,0.3328704833984375,0.3333638608455658,0.33361053466796875,0.3331705927848816,0.3339080810546875,0.3336181640625,0.3333333432674408,0.33297857642173767,0.3336181640625,0.3333333432674408,0.33355712890625,0.33392333984375,0.3333333432674408,0.3331705927848816,0.3330078125,0.33282470703125,0.3328450620174408,0.3333740234375,0.33349609375,0.3335368037223816,0.3328450620174408,0.3329874873161316,0.3331298828125,0.33319091796875,0.332763671875,0.3326823115348816,0.3328959345817566,0.3333943784236908,0.3326823115348816,0.3333333432674408,0.3339131772518158,0.3334757685661316,0.3336283564567566,0.3330892026424408,0.3334554135799408,0.333282470703125,0.3334941864013672,0.3335368037223816,0.3338724970817566,0.3332621455192566,0.3331601023674011,0.333740234375,0.3329366147518158,0.3327738642692566,0.3336588740348816,0.33349609375,0.3333740234375,0.3333333432674408,0.3327229917049408,0.3333384394645691,0.3328450620174408,0.33270263671875,0.3331705927848816,0.3334147334098816,0.33355712890625,0.3330078125,0.3338623046875,0.3338216245174408,0.3331502377986908,0.3334910273551941,0.3338521420955658,0.3336995542049408,0.3338826596736908,0.33303579688072205,0.333740234375,0.3328043818473816,0.3336181640625,0.3335774838924408,0.33349609375,0.3331197202205658,0.3327738642692566,0.3338419795036316,0.3331095576286316,0.3330078125,0.333984375,0.3331705927848816,0.3330892026424408,0.3338216245174408,0.3330078125,0.3337199091911316,0.3331298828125,0.3332112729549408,0.3333333432674408,0.3330892026424408,0.333984375,0.3331705927848816,0.3332723081111908,0.33349609375,0.3330892026424408,0.3332926630973816,0.332855224609375,0.3329264521598816,0.333221435546875,0.3326416015625,0.33349609375,0.3328450620174408,0.3336588740348816,0.3334948420524597,0.3338623046875,0.3330485224723816,0.3333333432674408,0.3330180048942566,0.33349609375,0.333251953125,0.332763671875,0.33282822370529175,0.3339436948299408,0.3339436948299408,0.3330281674861908,0.33339184522628784,0.333251953125,0.3333333432674408,0.3336588740348816,0.3330078125,0.33349609375,0.3336588740348816,0.3328857421875,0.3327229917049408,0.3331705927848816,0.3339436948299408,0.333740234375,0.3328857421875,0.3336181640625,0.33294677734375,0.3330892026424408,0.3329264521598816,0.3329264521598816,0.3330078125,0.3338216245174408,0.3330078125,0.3327840268611908,0.333740234375,0.3334503173828125,0.3336588740348816,0.333984375,0.3329264521598816,0.3336893916130066,0.3330892026424408,0.3331705927848816,0.3336588740348816,0.333984375,0.3338826596736908,0.3338216245174408,0.3336995542049408,0.3335978388786316,0.3327128291130066,0.3336588740348816,0.3331705927848816,0.3336181640625,0.33349609375,0.3334147334098816,0.3338216245174408,0.333984375,0.3326823115348816,0.3336588740348816,0.333984375,0.3338216245174408,0.3338216245174408,0.333251953125,0.3336588740348816,0.3335368037223816,0.33270263671875,0.3329671323299408,0.3330078125,0.3335774838924408,0.3326823115348816,0.332763671875,0.3334554135799408,0.3339030146598816,0.3338216245174408,0.33349609375,0.3333333432674408,0.333984375,0.3336995542049408,0.3331705927848816,0.3333333432674408,0.3328043818473816,0.3330078125,0.33349609375,0.3335774838924408,0.3326823115348816,0.33278656005859375,0.3332182765007019,0.3333791196346283,0.3337046504020691,0.33348172903060913,0.33339250087738037,0.3334554135799408,0.3336445689201355,0.3328031003475189,0.3332112729549408,0.3327840268611908,0.3330078125,0.333740234375,0.3333740234375,0.3329671323299408,0.3333333432674408,0.3335774838924408,0.3333943784236908,0.3330892026424408,0.332763671875,0.3328450620174408,0.3332316279411316,0.3336588740348816,0.333740234375,0.3333333432674408,0.3327280879020691,0.332763671875,0.3330485224723816,0.3330892026424408,0.3329264521598816,0.3332112729549408,0.333251953125,0.3332977294921875,0.3329264521598816,0.3338216245174408,0.3333536982536316,0.3330078125,0.3330078125,0.33319091796875,0.3330078125,0.3331705927848816,0.3330078125,0.3335673213005066,0.3339131772518158,0.3336588740348816,0.3338216245174408,0.33366164565086365,0.3338826596736908,0.3328031003475189,0.3333333432674408,0.333251953125,0.3330078125,0.3326823115348816,0.3334147334098816,0.3336588740348816,0.3333333432674408,0.3339742124080658,0.333984375,0.3329264521598816,0.3335368037223816,0.3338216245174408,0.3328450620174408,0.333984375,0.3338165283203125,0.3336588740348816,0.33355712890625,0.3335774838924408,0.3328348994255066,0.3335113525390625,0.33288320899009705,0.3336995542049408,0.3338216245174408,0.3335774838924408,0.3328450620174408,0.3330078125,0.333984375,0.332763671875,0.3330078125,0.3328450620174408,0.3326823115348816,0.3338216245174408,0.3330078125,0.3331705927848816,0.3335368037223816,0.3333333432674408,0.3331705927848816,0.3330078125,0.333984375,0.3334147334098816,0.3340657651424408,0.3330078125,0.3328145444393158,0.3326975703239441,0.3336588740348816,0.3327360153198242,0.3331705927848816,0.3337300717830658,0.3333994746208191,0.3339335322380066,0.3335927426815033,0.3331095576286316,0.3339436948299408,0.3334248960018158,0.33338865637779236,0.3329366147518158,0.3330078125,0.3329264521598816,0.33349609375,0.3329264521598816,0.3338216245174408,0.3335774838924408,0.333251953125,0.3334554135799408,0.3336588740348816,0.3326823115348816,0.3334554135799408,0.3330892026424408,0.3333333432674408,0.3330892026424408,0.3333342969417572,0.3334147334098816,0.333984375,0.3334554135799408,0.3328857421875,0.3336181640625,0.3336588740348816,0.3339030146598816,0.3333333432674408,0.33380126953125,0.3330892026424408,0.3333333432674408,0.3334147334098816,0.3326823115348816,0.3333333432674408,0.3328450620174408,0.3336995542049408,0.3334757685661316,0.3339640498161316,0.3331400752067566,0.3338216245174408,0.33333680033683777,0.3329264521598816,0.3336080014705658,0.3338623046875,0.333984375,0.3332621455192566,0.3332112729549408,0.3330892026424408,0.33282470703125,0.3327229917049408,0.3332112729549408,0.33349609375,0.33349609375,0.333984375,0.3328043818473816,0.3329315185546875,0.3336588740348816,0.33355712890625,0.333953857421875,0.3327840268611908,0.3331654965877533,0.33349609375,0.33349609375,0.333251953125,0.3337504267692566,0.3332723081111908,0.33349609375,0.3332366943359375,0.3334147334098816,0.3326823115348816,0.3333333432674408,0.3330485224723816,0.3336588740348816,0.3330078125,0.333984375,0.3337809443473816,0.3331095576286316,0.333343505859375,0.3332723081111908,0.3333943784236908,0.3336995542049408,0.3328043818473816,0.3333333432674408,0.333740234375,0.3330892026424408,0.3327840268611908,0.332763671875,0.3329671323299408,0.3339436948299408,0.3338216245174408,0.3338216245174408,0.33349609375,0.3331705927848816,0.3326823115348816,0.3336016535758972,0.3326823115348816,0.3327840268611908,0.3331502377986908,0.3339030146598816,0.3334147334098816,0.3336588740348816,0.332763671875,0.3330078125,0.3328857421875,0.3328450620174408,0.333251953125,0.3329264521598816,0.33306884765625,0.3331705927848816,0.3329671323299408,0.33349609375,0.3336588740348816,0.3336588740348816,0.333984375,0.3336588740348816,0.3333333432674408,0.3330078125,0.3333333432674408,0.3335774838924408,0.3326823115348816,0.3333333432674408,0.3326823115348816,0.3330078125,0.3333333432674408,0.33349609375,0.3338826596736908,0.3331298828125,0.3331095576286316,0.3336080014705658,0.3334147334098816,0.33377838134765625,0.33392333984375,0.3326416015625,0.3338216245174408,0.33270263671875,0.3337809443473816,0.3333333432674408,0.3335774838924408,0.333251953125,0.3334147334098816,0.3336588740348816,0.3336588740348816,0.3330078125,0.333251953125,0.3337911069393158,0.3334452509880066,0.3331705927848816,0.3336588740348816,0.3331298828125,0.33349609375,0.3339030146598816,0.3328043818473816,0.3331705927848816,0.3334147334098816,0.3326823115348816,0.3330078125,0.332763671875,0.3329569697380066,0.33349609375,0.3336995542049408,0.3336995542049408,0.33374279737472534,0.3326823115348816,0.3334147334098816,0.3336436152458191,0.33294677734375,0.3328043818473816,0.3337504267692566,0.333953857421875,0.3338216245174408,0.3333892822265625,0.3336385190486908,0.3336995542049408,0.3333333432674408,0.333251953125,0.3326823115348816,0.333251953125,0.3334147334098816,0.333984375,0.3328450620174408,0.3326823115348816,0.3339030146598816,0.3334147334098816,0.3328450620174408,0.3339436948299408,0.3336588740348816,0.3338216245174408,0.3337300717830658,0.3327471613883972,0.3335673213005066,0.3338775634765625,0.3328348994255066,0.3333333432674408,0.33377838134765625,0.3336588740348816,0.3336588740348816,0.3330892026424408,0.3339030146598816,0.3330078125,0.3330078125,0.3337809443473816,0.3335418701171875,0.3329264521598816,0.33349609375,0.3332316279411316,0.3329671323299408,0.3329671323299408,0.3337199091911316,0.3329060971736908,0.33349609375,0.333251953125,0.3329264521598816,0.3334147334098816,0.3338623046875,0.333740234375,0.3328501582145691,0.3334147334098816,0.3338826596736908,0.3326823115348816,0.332855224609375,0.33320364356040955,0.3329671323299408,0.3339436948299408,0.3330078125,0.3333333432674408,0.3336995542049408,0.3331705927848816,0.3333333432674408,0.332763671875,0.3334554135799408,0.3336690366268158,0.3335469663143158,0.3336995542049408,0.3339436948299408,0.3338216245174408,0.3336932063102722,0.333251953125,0.3330586850643158,0.3335673213005066,0.333770751953125,0.333740234375,0.33369192481040955,0.332855224609375,0.33346304297447205,0.3335774838924408,0.3336334228515625,0.3335774838924408,0.332855224609375,0.3336232602596283,0.33348721265792847,0.3329060971736908,0.332763671875,0.333892822265625,0.3332112729549408,0.3332316279411316,0.3330129086971283,0.33380126953125,0.3329264521598816,0.3328043818473816,0.3335774838924408,0.3331705927848816,0.3333231806755066,0.3333333432674408,0.3333333432674408,0.3338826596736908,0.3328450620174408,0.3331705927848816,0.3336995542049408,0.3336181640625,0.3331298828125,0.3338419795036316,0.333445280790329,0.33349609375,0.3326956629753113,0.3333333432674408,0.33280637860298157,0.332804411649704,0.3333333432674408,0.3336385190486908,0.3339436948299408,0.3326823115348816,0.3329264521598816,0.3330078125,0.3326823115348816,0.3338216245174408,0.3332926630973816,0.3338826596736908,0.3332011103630066,0.3332926630973816,0.3335368037223816,0.3336588740348816,0.33349609375
Australian,base,1.0,1.0,1.0,1.0,1.0,1.0,1.0,1.0,1.0,1.0,1.0,1.0,1.0,1.0,1.0,1.0,1.0,1.0,1.0,1.0,1.0,1.0,1.0,1.0,1.0,1.0,1.0,1.0,1.0,1.0,1.0,1.0,1.0,1.0,1.0,1.0,1.0,1.0,1.0,1.0,1.0,1.0,1.0,1.0,1.0,1.0,1.0,1.0,1.0,1.0,1.0,1.0,1.0,1.0,1.0,1.0,1.0,1.0,1.0,1.0,1.0,1.0,1.0,1.0,1.0,1.0,1.0,1.0,1.0,1.0,1.0,1.0,1.0,1.0,1.0,1.0,1.0,1.0,1.0,1.0,1.0,1.0,1.0,1.0,1.0,1.0,1.0,1.0,1.0,1.0,1.0,1.0,1.0,1.0,1.0,1.0,1.0,1.0,1.0,1.0,1.0,1.0,1.0,1.0,1.0,1.0,1.0,1.0,1.0,1.0,1.0,1.0,1.0,1.0,1.0,1.0,1.0,1.0,1.0,1.0,1.0,1.0,1.0,1.0,1.0,1.0,1.0,1.0,1.0,1.0,1.0,1.0,1.0,1.0,1.0,1.0,1.0,1.0,1.0,1.0,1.0,1.0,1.0,1.0,1.0,1.0,1.0,1.0,1.0,1.0,1.0,1.0,1.0,1.0,1.0,1.0,1.0,1.0,1.0,1.0,1.0,1.0,1.0,1.0,1.0,1.0,1.0,1.0,1.0,1.0,1.0,1.0,1.0,1.0,1.0,1.0,1.0,1.0,1.0,1.0,1.0,1.0,1.0,1.0,1.0,1.0,1.0,1.0,1.0,1.0,1.0,1.0,1.0,1.0,1.0,1.0,1.0,1.0,1.0,1.0,1.0,1.0,1.0,1.0,1.0,1.0,1.0,1.0,1.0,1.0,1.0,1.0,1.0,1.0,1.0,1.0,1.0,1.0,1.0,1.0,1.0,1.0,1.0,1.0,1.0,1.0,1.0,1.0,1.0,1.0,1.0,1.0,1.0,1.0,1.0,1.0,1.0,1.0,1.0,1.0,1.0,1.0,1.0,1.0,1.0,1.0,1.0,1.0,1.0,1.0,1.0,1.0,1.0,1.0,1.0,1.0,1.0,1.0,1.0,1.0,1.0,1.0,1.0,1.0,1.0,1.0,1.0,1.0,1.0,1.0,1.0,1.0,1.0,1.0,1.0,1.0,1.0,1.0,1.0,1.0,1.0,1.0,1.0,1.0,1.0,1.0,1.0,1.0,1.0,1.0,1.0,1.0,1.0,1.0,1.0,1.0,1.0,1.0,1.0,1.0,1.0,1.0,1.0,1.0,1.0,1.0,1.0,1.0,1.0,1.0,1.0,1.0,1.0,1.0,1.0,1.0,1.0,1.0,1.0,1.0,1.0,1.0,1.0,1.0,1.0,1.0,1.0,1.0,1.0,1.0,1.0,1.0,1.0,1.0,1.0,1.0,1.0,1.0,1.0,1.0,1.0,1.0,1.0,1.0,1.0,1.0,1.0,1.0,1.0,1.0,1.0,1.0,1.0,1.0,1.0,1.0,1.0,1.0,1.0,1.0,1.0,1.0,1.0,1.0,1.0,1.0,1.0,1.0,1.0,1.0,1.0,1.0,1.0,1.0,1.0,1.0,1.0,1.0,1.0,1.0,1.0,1.0,1.0,1.0,1.0,1.0,1.0,1.0,1.0,1.0,1.0,1.0,1.0,1.0,1.0,1.0,1.0,1.0,1.0,1.0,1.0,1.0,1.0,1.0,1.0,1.0,1.0,1.0,1.0,1.0,1.0,1.0,1.0,1.0,1.0,1.0,1.0,1.0,1.0,1.0,1.0,1.0,1.0,1.0,1.0,1.0,1.0,1.0,1.0,1.0,1.0,1.0,1.0,1.0,1.0,1.0,1.0,1.0,1.0,1.0,1.0,1.0,1.0,1.0,1.0,1.0,1.0,1.0,1.0,1.0,1.0,1.0,1.0,1.0,1.0,1.0,1.0,1.0,1.0,1.0,1.0,1.0,1.0,1.0,1.0,1.0,1.0,1.0,1.0,1.0,1.0,1.0,1.0,1.0,1.0,1.0,1.0,1.0,1.0,1.0,1.0,1.0,1.0,1.0,1.0,1.0,1.0,1.0,1.0,1.0,1.0,1.0,1.0,1.0,1.0,1.0,1.0,1.0,1.0,1.0,1.0,1.0,1.0,1.0,1.0,1.0,1.0,1.0,1.0,1.0,1.0,1.0,1.0,1.0,1.0,1.0,1.0,1.0,1.0,1.0,1.0,1.0,1.0,1.0,1.0,1.0,1.0,1.0,1.0,1.0,1.0,1.0,1.0,1.0,1.0,1.0,1.0,1.0,1.0,1.0,1.0,1.0,1.0,1.0,1.0,1.0,1.0,1.0,1.0,1.0,1.0,1.0,1.0,1.0,1.0,1.0,1.0,1.0,1.0,1.0,1.0,1.0,1.0,1.0,1.0,1.0,1.0,1.0,1.0,1.0,1.0,1.0,1.0,1.0,1.0,1.0,1.0,1.0,1.0,1.0,1.0,1.0,1.0,1.0,1.0,1.0,1.0,1.0,1.0,1.0,1.0,1.0,1.0,1.0,1.0,1.0,1.0,1.0,1.0,1.0,1.0,1.0,1.0,1.0,1.0,1.0,1.0,1.0,1.0,1.0,1.0,1.0,1.0,1.0,1.0,1.0,1.0,1.0,1.0,1.0,1.0,1.0,1.0,1.0,1.0,1.0,1.0,1.0,1.0,1.0,1.0,1.0,1.0,1.0,1.0,1.0,1.0,1.0,1.0,1.0,1.0,1.0,1.0,1.0,1.0,1.0,1.0,1.0,1.0,1.0,1.0,1.0,1.0,1.0,1.0,1.0,1.0,1.0,1.0,1.0,1.0,1.0,1.0,1.0,1.0,1.0,1.0,1.0,1.0,1.0,1.0,1.0,1.0,1.0,1.0,1.0,1.0,1.0,1.0,1.0,1.0,1.0,1.0,1.0,1.0,1.0,1.0,1.0,1.0,1.0,1.0,1.0,1.0,1.0,1.0,1.0,1.0,1.0,1.0,1.0,1.0,1.0,1.0,1.0,1.0,1.0,1.0,1.0,1.0,1.0,1.0,1.0,1.0,1.0,1.0,1.0,1.0,1.0,1.0,1.0,1.0,1.0,1.0,1.0,1.0,1.0,1.0,1.0,1.0,1.0,1.0,1.0,1.0,1.0,1.0,1.0,1.0,1.0,1.0,1.0,1.0,1.0,1.0,1.0,1.0,1.0,1.0,1.0,1.0,1.0,1.0,1.0,1.0,1.0,1.0,1.0,1.0,1.0,1.0,1.0,1.0,1.0,1.0,1.0,1.0,1.0,1.0,1.0,1.0,1.0,1.0,1.0,1.0,1.0,1.0,1.0,1.0,1.0,1.0,1.0,1.0,1.0,1.0,1.0
Layout,base,1.0,1.0,1.0,1.0,1.0,1.0,1.0,1.0,1.0,1.0,1.0,1.0,1.0,1.0,1.0,1.0,1.0,1.0,1.0,1.0,1.0,1.0,1.0,1.0,1.0,1.0,1.0,1.0,1.0,1.0,1.0,1.0,1.0,1.0,1.0,1.0,1.0,1.0,1.0,1.0,1.0,1.0,1.0,1.0,1.0,1.0,1.0,1.0,1.0,1.0,1.0,1.0,1.0,1.0,1.0,1.0,1.0,1.0,1.0,1.0,1.0,1.0,1.0,1.0,1.0,1.0,1.0,1.0,1.0,1.0,1.0,1.0,1.0,1.0,1.0,1.0,1.0,1.0,1.0,1.0,1.0,1.0,1.0,1.0,1.0,1.0,1.0,1.0,1.0,1.0,1.0,1.0,1.0,1.0,1.0,1.0,1.0,1.0,1.0,1.0,1.0,1.0,1.0,1.0,1.0,1.0,1.0,1.0,1.0,1.0,1.0,1.0,1.0,1.0,1.0,1.0,1.0,1.0,1.0,1.0,1.0,1.0,1.0,1.0,1.0,1.0,1.0,1.0,1.0,1.0,1.0,1.0,1.0,1.0,1.0,1.0,1.0,1.0,1.0,1.0,1.0,1.0,1.0,1.0,1.0,1.0,1.0,1.0,1.0,1.0,1.0,1.0,1.0,1.0,1.0,1.0,1.0,1.0,1.0,1.0,1.0,1.0,1.0,1.0,1.0,1.0,1.0,1.0,1.0,1.0,1.0,1.0,1.0,1.0,1.0,1.0,1.0,1.0,1.0,1.0,1.0,1.0,1.0,1.0,1.0,1.0,1.0,1.0,1.0,1.0,1.0,1.0,1.0,1.0,1.0,1.0,1.0,1.0,1.0,1.0,1.0,1.0,1.0,1.0,1.0,1.0,1.0,1.0,1.0,1.0,1.0,1.0,1.0,1.0,1.0,1.0,1.0,1.0,1.0,1.0,1.0,1.0,1.0,1.0,1.0,1.0,1.0,1.0,1.0,1.0,1.0,1.0,1.0,1.0,1.0,1.0,1.0,1.0,1.0,1.0,1.0,1.0,1.0,1.0,1.0,1.0,1.0,1.0,1.0,1.0,1.0,1.0,1.0,1.0,1.0,1.0,1.0,1.0,1.0,1.0,1.0,1.0,1.0,1.0,1.0,1.0,1.0,1.0,1.0,1.0,1.0,1.0,1.0,1.0,1.0,1.0,1.0,1.0,1.0,1.0,1.0,1.0,1.0,1.0,1.0,1.0,1.0,1.0,1.0,1.0,1.0,1.0,1.0,1.0,1.0,1.0,1.0,1.0,1.0,1.0,1.0,1.0,1.0,1.0,1.0,1.0,1.0,1.0,1.0,1.0,1.0,1.0,1.0,1.0,1.0,1.0,1.0,1.0,1.0,1.0,1.0,1.0,1.0,1.0,1.0,1.0,1.0,1.0,1.0,1.0,1.0,1.0,1.0,1.0,1.0,1.0,1.0,1.0,1.0,1.0,1.0,1.0,1.0,1.0,1.0,1.0,1.0,1.0,1.0,1.0,1.0,1.0,1.0,1.0,1.0,1.0,1.0,1.0,1.0,1.0,1.0,1.0,1.0,1.0,1.0,1.0,1.0,1.0,1.0,1.0,1.0,1.0,1.0,1.0,1.0,1.0,1.0,1.0,1.0,1.0,1.0,1.0,1.0,1.0,1.0,1.0,1.0,1.0,1.0,1.0,1.0,1.0,1.0,1.0,1.0,1.0,1.0,1.0,1.0,1.0,1.0,1.0,1.0,1.0,1.0,1.0,1.0,1.0,1.0,1.0,1.0,1.0,1.0,1.0,1.0,1.0,1.0,1.0,1.0,1.0,1.0,1.0,1.0,1.0,1.0,1.0,1.0,1.0,1.0,1.0,1.0,1.0,1.0,1.0,1.0,1.0,1.0,1.0,1.0,1.0,1.0,1.0,1.0,1.0,1.0,1.0,1.0,1.0,1.0,1.0,1.0,1.0,1.0,1.0,1.0,1.0,1.0,1.0,1.0,1.0,1.0,1.0,1.0,1.0,1.0,1.0,1.0,1.0,1.0,1.0,1.0,1.0,1.0,1.0,1.0,1.0,1.0,1.0,1.0,1.0,1.0,1.0,1.0,1.0,1.0,1.0,1.0,1.0,1.0,1.0,1.0,1.0,1.0,1.0,1.0,1.0,1.0,1.0,1.0,1.0,1.0,1.0,1.0,1.0,1.0,1.0,1.0,1.0,1.0,1.0,1.0,1.0,1.0,1.0,1.0,1.0,1.0,1.0,1.0,1.0,1.0,1.0,1.0,1.0,1.0,1.0,1.0,1.0,1.0,1.0,1.0,1.0,1.0,1.0,1.0,1.0,1.0,1.0,1.0,1.0,1.0,1.0,1.0,1.0,1.0,1.0,1.0,1.0,1.0,1.0,1.0,1.0,1.0,1.0,1.0,1.0,1.0,1.0,1.0,1.0,1.0,1.0,1.0,1.0,1.0,1.0,1.0,1.0,1.0,1.0,1.0,1.0,1.0,1.0,1.0,1.0,1.0,1.0,1.0,1.0,1.0,1.0,1.0,1.0,1.0,1.0,1.0,1.0,1.0,1.0,1.0,1.0,1.0,1.0,1.0,1.0,1.0,1.0,1.0,1.0,1.0,1.0,1.0,1.0,1.0,1.0,1.0,1.0,1.0,1.0,1.0,1.0,1.0,1.0,1.0,1.0,1.0,1.0,1.0,1.0,1.0,1.0,1.0,1.0,1.0,1.0,1.0,1.0,1.0,1.0,1.0,1.0,1.0,1.0,1.0,1.0,1.0,1.0,1.0,1.0,1.0,1.0,1.0,1.0,1.0,1.0,1.0,1.0,1.0,1.0,1.0,1.0,1.0,1.0,1.0,1.0,1.0,1.0,1.0,1.0,1.0,1.0,1.0,1.0,1.0,1.0,1.0,1.0,1.0,1.0,1.0,1.0,1.0,1.0,1.0,1.0,1.0,1.0,1.0,1.0,1.0,1.0,1.0,1.0,1.0,1.0,1.0,1.0,1.0,1.0,1.0,1.0,1.0,1.0,1.0,1.0,1.0,1.0,1.0,1.0,1.0,1.0,1.0,1.0,1.0,1.0,1.0,1.0,1.0,1.0,1.0,1.0,1.0,1.0,1.0,1.0,1.0,1.0,1.0,1.0,1.0,1.0,1.0,1.0,1.0,1.0,1.0,1.0,1.0,1.0,1.0,1.0,1.0,1.0,1.0,1.0,1.0,1.0,1.0,1.0,1.0,1.0,1.0,1.0,1.0,1.0,1.0,1.0,1.0,1.0,1.0,1.0,1.0,1.0,1.0,1.0,1.0,1.0,1.0,1.0,1.0,1.0,1.0,1.0,1.0,1.0,1.0,1.0,1.0,1.0,1.0,1.0,1.0,1.0,1.0,1.0,1.0,1.0,1.0,1.0,1.0,1.0,1.0,1.0
Manubaliste,base,0.2501220703125,0.25,0.25054931640625,0.25008395314216614,0.249755859375,0.25,0.25013238191604614,0.250274658203125,0.25018310546875,0.249755859375,0.25008392333984375,0.249755859375,0.25,0.2498779296875,0.249755859375,0.2500000596046448,0.2501220703125,0.24951171875,0.24951171875,0.249755859375,0.25,0.25037097930908203,0.24999618530273438,0.249755859375,0.25,0.2498626708984375,0.25006103515625,0.2500762939453125,0.25,0.24951171875,0.249755859375,0.2498779296875,0.250152587890625,0.25,0.250274658203125,0.249908447265625,0.25042724609375,0.25,0.25018310546875,0.24993896484375,0.24994659423828125,0.2498779296875,0.25018310546875,0.2501220703125,0.2503662109375,0.25030517578125,0.250213623046875,0.25,0.249755859375,0.250244140625,0.24951171875,0.249847412109375,0.249755859375,0.2503662109375,0.25042724609375,0.2503662109375,0.250152587890625,0.2496337890625,0.250244140625,0.24957275390625,0.24967384338378906,0.24993896484375,0.24993896484375,0.249755859375,0.2496337890625,0.2498779296875,0.2498779296875,0.250244140625,0.249755859375,0.2498779296875,0.249755859375,0.25,0.249755859375,0.25,0.2496337890625,0.250244140625,0.249755859375,0.249603271484375,0.25018310546875,0.2498779296875,0.2501220703125,0.249755859375,0.250396728515625,0.249755859375,0.249755859375,0.25,0.250396728515625,0.2498779296875,0.250152587890625,0.2503662109375,0.249755859375,0.25,0.24994659423828125,0.25,0.2503662109375,0.250396728515625,0.2501220703125,0.24951171875,0.250244140625,0.250091552734375,0.250244140625,0.249755859375,0.25,0.2498779296875,0.2501220703125,0.249755859375,0.249755859375,0.250244140625,0.25,0.25,0.25,0.25048828125,0.2501220703125,0.250244140625,0.25006103515625,0.250457763671875,0.24957847595214844,0.249847412109375,0.25030517578125,0.2500002980232239,0.24969984591007233,0.2504059076309204,0.2501772344112396,0.24960088729858398,0.2503838539123535,0.25009262561798096,0.24993896484375,0.2499542236328125,0.2501335144042969,0.25,0.249755859375,0.25034332275390625,0.250152587890625,0.2503662109375,0.2504730224609375,0.249786376953125,0.25048828125,0.2504119873046875,0.249603271484375,0.250244140625,0.24990558624267578,0.25041961669921875,0.2498779296875,0.250396728515625,0.2500114440917969,0.249847412109375,0.2498779296875,0.2501182556152344,0.2501220703125,0.2503662109375,0.250244140625,0.2497406005859375,0.250396728515625,0.250274658203125,0.24964523315429688,0.24973726272583008,0.2500724792480469,0.24954605102539062,0.24995136260986328,0.2504230737686157,0.25041651725769043,0.25043392181396484,0.25034332275390625,0.24969482421875,0.249542236328125,0.2502593994140625,0.24989771842956543,0.2503547668457031,0.25048065185546875,0.2497873306274414,0.24971771240234375,0.2496185302734375,0.2502288818359375,0.24988555908203125,0.25029754638671875,0.2500152587890625,0.24951171875,0.249969482421875,0.250030517578125,0.2501220703125,0.250274658203125,0.250030517578125,0.2498016357421875,0.249786376953125,0.250030517578125,0.250213623046875,0.24977874755859375,0.2500380873680115,0.25020551681518555,0.249908447265625,0.24957275390625,0.24974441528320312,0.25023841857910156,0.2500152587890625,0.24969482421875,0.25019073486328125,0.249908447265625,0.2501564025878906,0.2494659423828125,0.2501220703125,0.2502288818359375,0.2496185302734375,0.25017833709716797,0.25049591064453125,0.249664306640625,0.250244140625,0.25008583068847656,0.24971771240234375,0.24957275390625,0.25042724609375,0.25,0.25011253356933594,0.2503814697265625,0.25043487548828125,0.25048828125,0.24979114532470703,0.250396728515625,0.24969482421875,0.24951839447021484,0.2501220703125,0.2503662109375,0.25018310546875,0.24957275390625,0.2501411437988281,0.2498779296875,0.250244140625,0.2501220703125,0.24966049194335938,0.249786376953125,0.24981689453125,0.25038909912109375,0.249755859375,0.250213623046875,0.2503662109375,0.25006103515625,0.25,0.250244140625,0.2499237060546875,0.2497100830078125,0.2501220703125,0.25034332275390625,0.24996566772460938,0.2504425048828125,0.24959182739257812,0.249755859375,0.24960613250732422,0.24956592917442322,0.25006040930747986,0.2503001093864441,0.25023651123046875,0.2502269744873047,0.2503372132778168,0.2503662109375,0.25020599365234375,0.2501659393310547,0.2503662109375,0.25,0.2501983642578125,0.24981689453125,0.2503662109375,0.2503623962402344,0.2498779296875,0.250152587890625,0.249969482421875,0.25006103515625,0.2501869201660156,0.2501220703125,0.2502899169921875,0.25004005432128906,0.2496337890625,0.24983978271484375,0.250457763671875,0.2496337890625,0.25009918212890625,0.24996280670166016,0.2499847412109375,0.24951171875,0.250091552734375,0.25030517578125,0.249542236328125,0.2501220703125,0.24993419647216797,0.2501258850097656,0.24991226196289062,0.24951171875,0.24959564208984375,0.250244140625,0.25034332275390625,0.24959564208984375,0.2503662109375,0.2504386901855469,0.2498321533203125,0.25030517578125,0.2498779296875,0.2500152587890625,0.250335693359375,0.25,0.250274658203125,0.2498321533203125,0.250244140625,0.250152587890625,0.24993896484375,0.24951171875,0.250030517578125,0.25042724609375,0.2503662109375,0.2496166229248047,0.24951171875,0.2496795654296875,0.24998855590820312,0.250335693359375,0.24993896484375,0.2498016357421875,0.250457763671875,0.2503395080566406,0.249542236328125,0.2503781318664551,0.249908447265625,0.24988174438476562,0.24951744079589844,0.2501506805419922,0.250274658203125,0.250244140625,0.250274658203125,0.249755859375,0.24993896484375,0.25042724609375,0.25037384033203125,0.250396728515625,0.2503662109375,0.2504425048828125,0.250030517578125,0.25,0.2497406005859375,0.250091552734375,0.250213623046875,0.250335693359375,0.2503662109375,0.25030517578125,0.2496337890625,0.2498779296875,0.249755859375,0.2500152587890625,0.24961471557617188,0.24993896484375,0.2501220703125,0.250091552734375,0.250396728515625,0.25030517578125,0.2501220703125,0.2496337890625,0.2503204345703125,0.2498321533203125,0.24957275390625,0.24958038330078125,0.2496337890625,0.24993896484375,0.249755859375,0.249542236328125,0.250396728515625,0.2498016357421875,0.250457763671875,0.250244140625,0.24969482421875,0.24951171875,0.25042724609375,0.2503662109375,0.24957275390625,0.250335693359375,0.25,0.25030517578125,0.24987030029296875,0.249786376953125,0.249542236328125,0.25054931640625,0.24951171875,0.25,0.2498779296875,0.25,0.24951171875,0.24993896484375,0.250244140625,0.25,0.250152587890625,0.2496337890625,0.2495574951171875,0.24957275390625,0.2497100830078125,0.24951171875,0.2501220703125,0.249755859375,0.25,0.2500401437282562,0.24954509735107422,0.2502567768096924,0.25014495849609375,0.25000056624412537,0.25,0.2501124143600464,0.250380277633667,0.24961471557617188,0.25042724609375,0.2502632141113281,0.24981689453125,0.2503814697265625,0.2501220703125,0.24976348876953125,0.250244140625,0.24980926513671875,0.2503662109375,0.2499237060546875,0.249969482421875,0.250091552734375,0.24951171875,0.249755859375,0.250213623046875,0.249786376953125,0.25020599365234375,0.249755859375,0.25030517578125,0.250213623046875,0.25039100646972656,0.249969482421875,0.25030517578125,0.2497882843017578,0.24981689453125,0.2496337890625,0.2500762939453125,0.250244140625,0.25012969970703125,0.24962425231933594,0.24981689453125,0.2501220703125,0.25006103515625,0.25034523010253906,0.24998334050178528,0.249725341796875,0.24994659423828125,0.24960334599018097,0.2497018575668335,0.24964219331741333,0.2503662109375,0.2501220703125,0.25,0.249847412109375,0.24993896484375,0.2496337890625,0.24951171875,0.24970626831054688,0.249664306640625,0.2501220703125,0.24996185302734375,0.2501220703125,0.2498779296875,0.24957275390625,0.24991798400878906,0.25048828125,0.24959182739257812,0.25045013427734375,0.2495880126953125,0.2503223419189453,0.2498154640197754,0.25030517578125,0.2503509521484375,0.24981689453125,0.25,0.2501220703125,0.249755859375,0.25048828125,0.249755859375,0.25,0.25,0.25018310546875,0.249755859375,0.25048828125,0.2496185302734375,0.24969482421875,0.250457763671875,0.250244140625,0.24969482421875,0.2498016357421875,0.25,0.25031280517578125,0.24982833862304688,0.24951982498168945,0.2501220703125,0.25014567375183105,0.2501220703125,0.2497711181640625,0.249755859375,0.2496814727783203,0.24988555908203125,0.25032806396484375,0.249603271484375,0.2501945495605469,0.2501840591430664,0.24987411499023438,0.250335693359375,0.249969482421875,0.2498779296875,0.2498931884765625,0.24957275390625,0.250396728515625,0.25,0.25009918212890625,0.249847412109375,0.2496337890625,0.249755859375,0.250244140625,0.24993896484375,0.25,0.2500019669532776,0.25048828125,0.25,0.249786376953125,0.25042724609375,0.25006103515625,0.25,0.250091552734375,0.25,0.2501678466796875,0.2498779296875,0.24981689453125,0.2496337890625,0.25042724609375,0.249755859375,0.249755859375,0.2505035400390625,0.25000762939453125,0.249481201171875,0.2502899169921875,0.250244140625,0.2500000298023224,0.250457763671875,0.25007152557373047,0.24957275390625,0.25,0.24969482421875,0.2496337890625,0.24981689453125,0.250396728515625,0.25048828125,0.2503204345703125,0.2506103515625,0.24981689453125,0.25,0.250091552734375,0.24953460693359375,0.25048828125,0.24981689453125,0.25026702880859375,0.249847412109375,0.24956512451171875,0.2498779296875,0.2503662109375,0.25054931640625,0.2496795654296875,0.2501220703125,0.24969482421875,0.24969482421875,0.249542236328125,0.250244140625,0.2496337890625,0.25042724609375,0.249755859375,0.2496337890625,0.250244140625,0.25030517578125,0.25020599365234375,0.24987030029296875,0.250091552734375,0.2503547668457031,0.249755859375,0.2501220703125,0.2498779296875,0.2501220703125,0.2503662109375,0.250091552734375,0.2493896484375,0.249786376953125,0.24981689453125,0.2501220703125,0.2501220703125,0.250396728515625,0.24969482421875,0.25018310546875,0.25034332275390625,0.24969482421875,0.249755859375,0.249786376953125,0.2503662109375,0.25006103515625,0.249755859375,0.250518798828125,0.25,0.2504425048828125,0.24981689453125,0.24957275390625,0.25030517578125,0.2504730224609375,0.249603271484375,0.249969482421875,0.250030517578125,0.250518798828125,0.250244140625,0.2498779296875,0.249755859375,0.2501220703125,0.250244140625,0.250244140625,0.24981689453125,0.25,0.2498779296875,0.24981689453125,0.249755859375,0.24957275390625,0.249664306640625,0.24959278106689453,0.249969482421875,0.2497497797012329,0.2503509521484375,0.2503852844238281,0.2504664659500122,0.2501220703125,0.25,0.250030517578125,0.25042724609375,0.249725341796875,0.24993896484375,0.250213623046875,0.24973297119140625,0.24969482421875,0.2501220703125,0.24981689453125,0.249847412109375,0.249908447265625,0.249664306640625,0.2500629425048828,0.24969100952148438,0.24969482421875,0.249908447265625,0.249908447265625,0.249847412109375,0.24964523315429688,0.25,0.249664306640625,0.2501220703125,0.249542236328125,0.2501220703125,0.249847412109375,0.25,0.249542236328125,0.2500152587890625,0.2497577667236328,0.24993896484375,0.249542236328125,0.25022315979003906,0.24968719482421875,0.2502899169921875,0.25028228759765625,0.250091552734375,0.24951171875,0.2500762939453125,0.2504920959472656,0.2501220703125,0.2499542236328125,0.25006103515625,0.250030517578125,0.2501220703125,0.249908447265625,0.24969482421875,0.2498779296875,0.249664306640625,0.25048828125,0.2501220703125,0.24993896484375,0.250244140625,0.249664306640625,0.24969482421875,0.2502918243408203,0.2500762939453125,0.2504081726074219,0.25005626678466797,0.2495269775390625,0.2500953674316406,0.24973678588867188,0.250244140625,0.2503662109375,0.24951171875,0.25006103515625,0.250396728515625,0.25,0.2495269775390625,0.24979400634765625,0.2500267028808594,0.2501983642578125,0.25018310546875,0.25,0.24968719482421875,0.249725341796875,0.250457763671875,0.2501220703125,0.2503662109375,0.25030517578125,0.2499847412109375,0.25040435791015625,0.2499847412109375,0.25045013427734375,0.250274658203125,0.2498149871826172,0.2496490478515625,0.2503204345703125,0.2502288818359375,0.2504692077636719,0.250274658203125,0.24945068359375,0.2498779296875,0.24982452392578125,0.25,0.2496337890625,0.250244140625,0.24965667724609375,0.2501983642578125,0.249725341796875,0.25,0.25026702880859375,0.250030517578125,0.25009822845458984,0.25030517578125,0.2501049041748047,0.2500457763671875,0.25031280517578125,0.24999547004699707,0.2499837875366211,0.25048828125,0.24968338012695312,0.24959993362426758,0.2498931884765625,0.24958419799804688,0.2495708465576172,0.24991607666015625,0.2498950958251953,0.2501068115234375,0.2495574951171875,0.249969482421875,0.24974822998046875,0.25026702880859375,0.250274658203125,0.2497692108154297,0.250396728515625,0.25002288818359375,0.24963760375976562,0.25003814697265625,0.25009727478027344,0.2500152587890625,0.249755859375,0.2496337890625,0.24956512451171875,0.2498779296875,0.249603271484375,0.2499847412109375,0.24962615966796875,0.24987030029296875,0.2501678466796875,0.2499542236328125,0.2505640983581543,0.25,0.2500419616699219,0.25,0.25,0.24962615966796875,0.250274658203125,0.25042724609375,0.25049591064453125,0.2501029968261719,0.24951171875,0.2503509521484375,0.2502861022949219,0.25041961669921875,0.25046372413635254,0.25011444091796875,0.25041675567626953,0.24974822998046875,0.250091552734375
Thermopleion,base,0.2496337890625,0.250030517578125,0.24951171875,0.25000008940696716,0.249755859375,0.249725341796875,0.25006237626075745,0.2501220703125,0.2500934600830078,0.250244140625,0.25000008940696716,0.25,0.249755859375,0.2498779296875,0.249755859375,0.2500000298023224,0.250244140625,0.25,0.24957275390625,0.25,0.2496337890625,0.24945068359375,0.2496337890625,0.25,0.250457763671875,0.25,0.2496337890625,0.2501220703125,0.2496337890625,0.25,0.24951171875,0.25,0.2503662109375,0.25,0.249725341796875,0.2498779296875,0.24951171875,0.249755859375,0.249603271484375,0.24981689453125,0.2503204345703125,0.2498779296875,0.25017547607421875,0.2498779296875,0.249755859375,0.2502593994140625,0.2499542236328125,0.2498779296875,0.2501220703125,0.250244140625,0.2501220703125,0.249969482421875,0.250213623046875,0.2496337890625,0.2501220703125,0.25,0.2499847412109375,0.2496490478515625,0.24993896484375,0.250152587890625,0.25040626525878906,0.24945068359375,0.250244140625,0.2503662109375,0.250244140625,0.249755859375,0.25,0.2503662109375,0.250244140625,0.2503662109375,0.249755859375,0.25,0.250244140625,0.25,0.2498779296875,0.24951171875,0.250244140625,0.249725341796875,0.24945068359375,0.25,0.2498779296875,0.25042724609375,0.25030517578125,0.250091552734375,0.24969482421875,0.2503700256347656,0.249481201171875,0.2498779296875,0.2503662109375,0.2496337890625,0.2498779296875,0.24951171875,0.25034141540527344,0.249755859375,0.249755859375,0.2500762939453125,0.2503662109375,0.25030517578125,0.25,0.250244140625,0.25,0.250244140625,0.25,0.24969482421875,0.2501220703125,0.2498779296875,0.250244140625,0.2498779296875,0.24957275390625,0.25,0.25,0.25,0.2496337890625,0.249755859375,0.2498779296875,0.24969482421875,0.2503662109375,0.249542236328125,0.2502899169921875,0.25000128149986267,0.2496296614408493,0.250069260597229,0.24972791969776154,0.2501237392425537,0.24960297346115112,0.25019869208335876,0.24957275390625,0.2501983642578125,0.2497568130493164,0.24950790405273438,0.2496185302734375,0.2499685287475586,0.25046634674072266,0.25,0.24959564208984375,0.250274658203125,0.2502784729003906,0.250152587890625,0.2501411437988281,0.24995040893554688,0.2500288486480713,0.25018310546875,0.2496337890625,0.24981689453125,0.24999046325683594,0.2500944137573242,0.2495899200439453,0.25010204315185547,0.2500457763671875,0.2501220703125,0.2503776550292969,0.250213623046875,0.24951171875,0.2503643035888672,0.24962997436523438,0.25025320053100586,0.2497568130493164,0.2502260208129883,0.2503938674926758,0.2501554787158966,0.25015348196029663,0.24954557418823242,0.2499847412109375,0.2501220703125,0.24997520446777344,0.2503166198730469,0.24972820281982422,0.24956512451171875,0.24951171875,0.24982070922851562,0.25006103515625,0.249908447265625,0.25006103515625,0.2497406005859375,0.2504730224609375,0.2501983642578125,0.25006103515625,0.2501220703125,0.249847412109375,0.2500457763671875,0.24967002868652344,0.249664306640625,0.249755859375,0.2501983642578125,0.2503662109375,0.2500905990600586,0.24982261657714844,0.25003084540367126,0.2500770092010498,0.2500152587890625,0.2501220703125,0.24992084503173828,0.2500953674316406,0.2498779296875,0.2500724792480469,0.25009918212890625,0.24968719482421875,0.2495269775390625,0.25028228759765625,0.249908447265625,0.24969482421875,0.2503204345703125,0.2503499984741211,0.2501678466796875,0.24981689453125,0.2502288818359375,0.25002479553222656,0.24993133544921875,0.250457763671875,0.2498779296875,0.2503662109375,0.25035953521728516,0.2502593994140625,0.2499980926513672,0.250244140625,0.2500495910644531,0.2501373291015625,0.25018310546875,0.2504692077636719,0.2495574951171875,0.250030517578125,0.249969482421875,0.2498779296875,0.24985504150390625,0.24993896484375,0.2501220703125,0.24981689453125,0.25009918212890625,0.2504119873046875,0.2501220703125,0.24988555908203125,0.24957275390625,0.2497406005859375,0.2504730224609375,0.2503662109375,0.24981689453125,0.2500762939453125,0.25040435791015625,0.2501983642578125,0.24993896484375,0.24951934814453125,0.2496185302734375,0.24969482421875,0.250152587890625,0.2505340576171875,0.2497100830078125,0.24997234344482422,0.24953128397464752,0.24988603591918945,0.24991130828857422,0.24985885620117188,0.24984072148799896,0.25034332275390625,0.25016021728515625,0.2504119873046875,0.24981689453125,0.2504425048828125,0.2501220703125,0.2496337890625,0.24993896484375,0.2503676414489746,0.249725341796875,0.24996185302734375,0.25018310546875,0.2496337890625,0.25045013427734375,0.2498779296875,0.25048828125,0.249542236328125,0.2500152587890625,0.2503929138183594,0.25045013427734375,0.25030517578125,0.250213623046875,0.2495880126953125,0.24969482421875,0.24951171875,0.249755859375,0.24951171875,0.2506103515625,0.25002288818359375,0.25023341178894043,0.24988555908203125,0.24993896484375,0.25018310546875,0.2503509521484375,0.250244140625,0.24995040893554688,0.24951171875,0.24957275390625,0.2499237060546875,0.24969482421875,0.250152587890625,0.2505340576171875,0.24951171875,0.2502288818359375,0.249755859375,0.24982643127441406,0.2496337890625,0.2500152587890625,0.24973297119140625,0.250396728515625,0.25006103515625,0.25003814697265625,0.24961090087890625,0.2498779296875,0.24993896484375,0.2498626708984375,0.2503662109375,0.25030517578125,0.2502403259277344,0.25018310546875,0.2496490478515625,0.2501068115234375,0.25023460388183594,0.249603271484375,0.2498006820678711,0.2498931884765625,0.2498626708984375,0.250244140625,0.2496790885925293,0.25042724609375,0.2498779296875,0.2503662109375,0.250244140625,0.249908447265625,0.2499237060546875,0.25046539306640625,0.24969482421875,0.2501220703125,0.2503204345703125,0.24969482421875,0.2499847412109375,0.250396728515625,0.25018310546875,0.2499237060546875,0.2504119873046875,0.2496490478515625,0.250213623046875,0.24969482421875,0.2501220703125,0.25035858154296875,0.25018310546875,0.25020694732666016,0.24993896484375,0.250244140625,0.249664306640625,0.2503509521484375,0.2501678466796875,0.2496337890625,0.25,0.249542236328125,0.25,0.250335693359375,0.24957275390625,0.2501983642578125,0.250152587890625,0.25,0.249664306640625,0.249908447265625,0.249755859375,0.2501220703125,0.24963760375976562,0.25006103515625,0.24969482421875,0.2503509521484375,0.249664306640625,0.24993896484375,0.250579833984375,0.24969482421875,0.2501068115234375,0.249786376953125,0.24993896484375,0.25,0.2496337890625,0.2496337890625,0.25006103515625,0.24981689453125,0.249755859375,0.2498779296875,0.2501220703125,0.24945068359375,0.25048828125,0.25030517578125,0.25042724609375,0.24981689453125,0.249847412109375,0.249969482421875,0.250244140625,0.250244140625,0.25006103515625,0.250244140625,0.25000497698783875,0.2501497268676758,0.25046825408935547,0.25017547607421875,0.2500000596046448,0.2500000298023224,0.2500591278076172,0.2503977119922638,0.250072717666626,0.24974822998046875,0.24983978271484375,0.250244140625,0.2501220703125,0.2496337890625,0.250213623046875,0.25,0.2497711181640625,0.24945068359375,0.2503814697265625,0.2496185302734375,0.25018310546875,0.250244140625,0.250244140625,0.25030517578125,0.24951171875,0.2503643035888672,0.250244140625,0.2501220703125,0.24981689453125,0.2503204345703125,0.25018310546875,0.2505035400390625,0.2499544620513916,0.25,0.24951171875,0.24993896484375,0.2501220703125,0.2501220703125,0.25002479553222656,0.24993896484375,0.25018310546875,0.2498779296875,0.24965286254882812,0.25003623962402344,0.249664306640625,0.2501373291015625,0.24984900653362274,0.25034523010253906,0.25050467252731323,0.2503662109375,0.25,0.25,0.249725341796875,0.249847412109375,0.25048828125,0.24969482421875,0.2503318786621094,0.2498626708984375,0.249725341796875,0.25016021728515625,0.2499237060546875,0.2505035400390625,0.25048828125,0.2500457763671875,0.2503662109375,0.2504444122314453,0.24959564208984375,0.24985408782958984,0.2503376007080078,0.24970722198486328,0.24957275390625,0.2496337890625,0.25030517578125,0.250244140625,0.25018310546875,0.249542236328125,0.249847412109375,0.250244140625,0.25006103515625,0.250244140625,0.2498779296875,0.25,0.249603271484375,0.2499847412109375,0.25042724609375,0.2501220703125,0.25,0.25018310546875,0.250335693359375,0.25018310546875,0.25028228759765625,0.2496490478515625,0.2500138282775879,0.25,0.24962198734283447,0.2501220703125,0.2498779296875,0.24962615966796875,0.2502403259277344,0.25032615661621094,0.250244140625,0.2502288818359375,0.2498316764831543,0.2504405975341797,0.25006866455078125,0.24969482421875,0.2496337890625,0.24993896484375,0.2500457763671875,0.250244140625,0.249664306640625,0.25042724609375,0.25009727478027344,0.25,0.249755859375,0.250152587890625,0.25028228759765625,0.249969482421875,0.249908447265625,0.2500145435333252,0.2498779296875,0.25,0.24997329711914062,0.25048828125,0.2503662109375,0.24957275390625,0.2501220703125,0.2501220703125,0.2501220703125,0.24983596801757812,0.249755859375,0.24957275390625,0.25,0.25,0.25048828125,0.25025177001953125,0.2503662109375,0.25017356872558594,0.2503204345703125,0.24993896484375,0.2500006854534149,0.250244140625,0.2495574951171875,0.249847412109375,0.2498779296875,0.250030517578125,0.2498779296875,0.2503662109375,0.249755859375,0.2496795654296875,0.24996185302734375,0.250030517578125,0.25,0.2503662109375,0.2504425048828125,0.24961090087890625,0.24981689453125,0.25048828125,0.25037384033203125,0.249908447265625,0.25038909912109375,0.25048828125,0.250244140625,0.2501220703125,0.25042724609375,0.250274658203125,0.25030517578125,0.24957275390625,0.25,0.250244140625,0.250579833984375,0.24969482421875,0.24993896484375,0.249755859375,0.2501220703125,0.250274658203125,0.2501983642578125,0.250030517578125,0.250335693359375,0.24985122680664062,0.2501220703125,0.249725341796875,0.25042724609375,0.250244140625,0.2498016357421875,0.2503662109375,0.249908447265625,0.2503662109375,0.250213623046875,0.249755859375,0.24969482421875,0.249664306640625,0.24951171875,0.249786376953125,0.2497406005859375,0.250030517578125,0.250457763671875,0.25002288818359375,0.24981689453125,0.2504425048828125,0.24969482421875,0.25018310546875,0.2501220703125,0.24976348876953125,0.25030517578125,0.249755859375,0.24954986572265625,0.250213623046875,0.25042724609375,0.2498321533203125,0.2496337890625,0.25006103515625,0.250091552734375,0.25006103515625,0.2496337890625,0.2501220703125,0.249725341796875,0.2503662109375,0.2501068115234375,0.249908447265625,0.24951171875,0.24945068359375,0.25042724609375,0.2501373291015625,0.2501220703125,0.25038909912109375,0.25043487548828125,0.24953222274780273,0.250124454498291,0.24975347518920898,0.2504200339317322,0.25009918212890625,0.2498779296875,0.249908447265625,0.2499847412109375,0.2498626708984375,0.249908447265625,0.2501678466796875,0.24996185302734375,0.2501220703125,0.24977493286132812,0.2496337890625,0.25018310546875,0.25018310546875,0.25030517578125,0.24988651275634766,0.2498798370361328,0.250244140625,0.24981689453125,0.2501678466796875,0.2501373291015625,0.2498321533203125,0.24951171875,0.249786376953125,0.25018310546875,0.249786376953125,0.25028228759765625,0.24964141845703125,0.250244140625,0.2498779296875,0.24996185302734375,0.2503089904785156,0.25,0.25029754638671875,0.2504100799560547,0.25028419494628906,0.2500762939453125,0.25017738342285156,0.24968719482421875,0.249725341796875,0.24988555908203125,0.2501811981201172,0.2500457763671875,0.24979400634765625,0.25006103515625,0.2500762939453125,0.249847412109375,0.2501220703125,0.2499237060546875,0.25006103515625,0.250457763671875,0.25030517578125,0.25048828125,0.25,0.24969482421875,0.2501220703125,0.2498779296875,0.2501363754272461,0.24962973594665527,0.25048255920410156,0.2502939701080322,0.24971961975097656,0.2501358985900879,0.250244140625,0.24951171875,0.2498779296875,0.250152587890625,0.2496337890625,0.249542236328125,0.2496337890625,0.24954986572265625,0.2503509521484375,0.2502479553222656,0.24981689453125,0.2496337890625,0.250030517578125,0.250152587890625,0.2496490478515625,0.249664306640625,0.249664306640625,0.24993896484375,0.25054931640625,0.25030517578125,0.2503471374511719,0.249725341796875,0.2503166198730469,0.24982452392578125,0.250335693359375,0.2497711181640625,0.250091552734375,0.24999237060546875,0.24956226348876953,0.24958038330078125,0.2498779296875,0.250244140625,0.250244140625,0.249755859375,0.249755859375,0.24957275390625,0.2499399185180664,0.2500648498535156,0.24973297119140625,0.25048828125,0.2497406005859375,0.249847412109375,0.24990081787109375,0.2502593994140625,0.25013160705566406,0.24965667724609375,0.250152587890625,0.25009918212890625,0.24983978271484375,0.2497711181640625,0.2503843307495117,0.2498483657836914,0.2504310607910156,0.24989986419677734,0.2504444122314453,0.25011253356933594,0.25028038024902344,0.24970626831054688,0.249908447265625,0.250030517578125,0.249603271484375,0.25029754638671875,0.24997711181640625,0.24977874755859375,0.24981689453125,0.2503509521484375,0.24973487854003906,0.25045013427734375,0.2503776550292969,0.2502288818359375,0.25018310546875,0.24993896484375,0.24976730346679688,0.250457763671875,0.2500934600830078,0.25042724609375,0.25006866455078125,0.2503509521484375,0.2500000596046448,0.249542236328125,0.24985218048095703,0.25,0.2501678764820099,0.25000008940696716,0.25,0.2502288818359375,0.2498016357421875,0.24993896484375,0.2503814697265625,0.24956512451171875,0.2498779296875,0.25006103515625,0.2498302459716797,0.2504425048828125,0.2498016357421875,0.249786376953125,0.2497711181640625,0.24993896484375,0.25041961669921875
Subdichotomies,base,0.1663411557674408,0.16650390625,0.1666259765625,0.16666677594184875,0.166748046875,0.1666259765625,0.16703175008296967,0.1669515073299408,0.16637293994426727,0.1664021909236908,0.16685275733470917,0.1666666716337204,0.16650390625,0.1665446013212204,0.1668701171875,0.1666666716337204,0.1665446013212204,0.1669921875,0.1663411557674408,0.1669921875,0.1666666716337204,0.16644224524497986,0.1666361540555954,0.1668141782283783,0.1665140837430954,0.16668701171875,0.16650390625,0.1666666716337204,0.1666259765625,0.166748046875,0.1668294370174408,0.1666259765625,0.1666971892118454,0.1665446013212204,0.166748046875,0.16674742102622986,0.1665140837430954,0.1665446013212204,0.1666463315486908,0.1663716733455658,0.16676712036132812,0.1667887419462204,0.1664632260799408,0.166748046875,0.1664327085018158,0.1667531430721283,0.1666819304227829,0.16656494140625,0.1665852963924408,0.16650390625,0.1666666716337204,0.1665852963924408,0.1664835661649704,0.1666666716337204,0.1665852963924408,0.1668701171875,0.1666717529296875,0.16644287109375,0.1666158139705658,0.1667582243680954,0.16709646582603455,0.1666259765625,0.1669820249080658,0.16644287109375,0.16668701171875,0.1665852963924408,0.1666056364774704,0.1664225310087204,0.1665852963924408,0.1668701171875,0.16650390625,0.1666056364774704,0.1669108122587204,0.1666666716337204,0.16680908203125,0.1666666716337204,0.166748046875,0.1663716733455658,0.16693115234375,0.1665903776884079,0.16656494140625,0.1666056364774704,0.1669209897518158,0.1668599545955658,0.16693115234375,0.1668853759765625,0.1667073667049408,0.166748046875,0.1663818359375,0.1667887419462204,0.1669718474149704,0.1666666716337204,0.1667938232421875,0.1666259765625,0.1666463315486908,0.1665446013212204,0.1668294370174408,0.1665852963924408,0.1666666716337204,0.1668294370174408,0.1665852963924408,0.1668701171875,0.1664225310087204,0.1663004606962204,0.1666259765625,0.16650390625,0.1669820249080658,0.166748046875,0.1669515073299408,0.166748046875,0.166748046875,0.16650390625,0.1664632260799408,0.1669515073299408,0.1668294370174408,0.1668294370174408,0.1668599545955658,0.1667989194393158,0.1667378842830658,0.1666879504919052,0.16648882627487183,0.166768878698349,0.1669013351202011,0.1663818359375,0.1667761206626892,0.16672074794769287,0.1669820249080658,0.1665852963924408,0.1665700376033783,0.16656494140625,0.1667073667049408,0.1664530485868454,0.16676585376262665,0.1668904721736908,0.1668354719877243,0.1665751188993454,0.1663920134305954,0.1664835661649704,0.16671371459960938,0.16645431518554688,0.16673040390014648,0.1664225310087204,0.1663818359375,0.16650390625,0.16648706793785095,0.16660165786743164,0.16656494140625,0.16688601672649384,0.1666107177734375,0.1669921875,0.1665242612361908,0.1665506362915039,0.1667989194393158,0.16661199927330017,0.1667804718017578,0.1668565273284912,0.16673533618450165,0.1665760725736618,0.16668586432933807,0.16668318212032318,0.16671757400035858,0.1667623519897461,0.16662216186523438,0.16693115234375,0.16656526923179626,0.16644971072673798,0.1664559692144394,0.16661469638347626,0.1666615903377533,0.1668650358915329,0.1664581298828125,0.166839599609375,0.1667073667049408,0.1664225310087204,0.16692137718200684,0.1669921875,0.1669871062040329,0.1666310727596283,0.166473388671875,0.1668497771024704,0.1669718474149704,0.1665140837430954,0.1663309782743454,0.16650390625,0.16668701171875,0.16643652319908142,0.16641680896282196,0.16682331264019012,0.1666482388973236,0.16696929931640625,0.1667277067899704,0.166656494140625,0.16687902808189392,0.1664937436580658,0.1664530485868454,0.16668319702148438,0.16661326587200165,0.16636404395103455,0.1666158139705658,0.1664174497127533,0.166900634765625,0.1668802946805954,0.16672055423259735,0.1665293425321579,0.16656494140625,0.166595458984375,0.16655096411705017,0.1667327880859375,0.1664937436580658,0.1668752133846283,0.16651153564453125,0.16665396094322205,0.166778564453125,0.1667938232421875,0.16644287109375,0.16683706641197205,0.16684596240520477,0.1668294370174408,0.16638946533203125,0.1667684018611908,0.1664021909236908,0.1667633056640625,0.1668446958065033,0.1666514128446579,0.1667531430721283,0.1667887419462204,0.1664581298828125,0.1666107177734375,0.1664835661649704,0.166961669921875,0.1665446013212204,0.1668599545955658,0.166595458984375,0.166412353515625,0.1669515073299408,0.1668446958065033,0.1669921875,0.16657257080078125,0.1664276123046875,0.1666666716337204,0.1669718474149704,0.16655731201171875,0.16691207885742188,0.16668829321861267,0.1667073667049408,0.16690826416015625,0.16685032844543457,0.16689452528953552,0.16667287051677704,0.16653189063072205,0.16672515869140625,0.16694924235343933,0.16656494140625,0.1666990965604782,0.16676077246665955,0.1667073667049408,0.1665852963924408,0.16682180762290955,0.16650390625,0.16675758361816406,0.16666540503501892,0.1666463315486908,0.1668904721736908,0.1663818359375,0.1669718474149704,0.16662470996379852,0.16650390625,0.1669464111328125,0.1667022705078125,0.1665852963924408,0.16671626269817352,0.16688792407512665,0.1669921875,0.1668599545955658,0.1668904721736908,0.1666208952665329,0.1669515073299408,0.1665852963924408,0.1666514128446579,0.1666971892118454,0.16675567626953125,0.16684851050376892,0.16694514453411102,0.16637739539146423,0.1665446013212204,0.1664174497127533,0.167083740234375,0.1667887419462204,0.1668192595243454,0.1665090024471283,0.16645050048828125,0.1665140837430954,0.16649627685546875,0.16669592261314392,0.16671499609947205,0.16665904223918915,0.16649627685546875,0.1664784848690033,0.16652297973632812,0.16651663184165955,0.1663157194852829,0.16684214770793915,0.16692861914634705,0.16655223071575165,0.16697566211223602,0.1665852963924408,0.1664021909236908,0.1663360595703125,0.16677093505859375,0.16668033599853516,0.1664072722196579,0.1663411557674408,0.16670481860637665,0.16687330603599548,0.16685613989830017,0.166534423828125,0.16663551330566406,0.16660308837890625,0.1665852963924408,0.1669584959745407,0.16659800708293915,0.16677221655845642,0.1667938232421875,0.1665140837430954,0.1667277067899704,0.1666259765625,0.1666768491268158,0.16683578491210938,0.1665242612361908,0.1665242612361908,0.1663970947265625,0.16668955981731415,0.1663970947265625,0.1666463315486908,0.1664835661649704,0.16693115234375,0.16637802124023438,0.16690318286418915,0.16644287109375,0.1668497771024704,0.16649119555950165,0.1666463315486908,0.16684214770793915,0.16667532920837402,0.1663614958524704,0.1665446013212204,0.1663309782743454,0.1668802946805954,0.1666666716337204,0.16656494140625,0.1666361540555954,0.16660945117473602,0.1663411557674408,0.1666921079158783,0.16666412353515625,0.16682752966880798,0.166351318359375,0.16648611426353455,0.1666158139705658,0.16651535034179688,0.16665396094322205,0.1664021909236908,0.16674041748046875,0.16647085547447205,0.166748046875,0.1666768491268158,0.16680908203125,0.1664174497127533,0.1667684018611908,0.1666259765625,0.1666463315486908,0.166473388671875,0.16632080078125,0.1668192595243454,0.1670023649930954,0.1669108122587204,0.1667073667049408,0.1665140837430954,0.1665852963924408,0.1668955534696579,0.166748046875,0.166595458984375,0.1667073667049408,0.16650137305259705,0.16650390625,0.1666259765625,0.1665242612361908,0.1666768491268158,0.1668294370174408,0.166748046875,0.1663411557674408,0.1669108122587204,0.16687831282615662,0.16679129004478455,0.16649286448955536,0.1669820249080658,0.16667918860912323,0.16666720807552338,0.16655191779136658,0.16667389869689941,0.16699156165122986,0.1668548583984375,0.16650137305259705,0.1666819304227829,0.1667378842830658,0.16669654846191406,0.1663818359375,0.1667277067899704,0.16694068908691406,0.1666615903377533,0.166900634765625,0.16639456152915955,0.1667073667049408,0.1665090024471283,0.1667073667049408,0.1666768491268158,0.1667989194393158,0.16654333472251892,0.1664021909236908,0.1664581298828125,0.166351318359375,0.16646742820739746,0.16686376929283142,0.1668548583984375,0.1664271354675293,0.1664072722196579,0.1669718474149704,0.16676585376262665,0.166748046875,0.1667073667049408,0.1667734831571579,0.1667277067899704,0.16670989990234375,0.16650390625,0.16687139868736267,0.1667947769165039,0.1665446013212204,0.1663564145565033,0.16634875535964966,0.1667429655790329,0.16657638549804688,0.1664021909236908,0.1666361540555954,0.1667887419462204,0.166900634765625,0.1666666716337204,0.1669108122587204,0.166748046875,0.16649024188518524,0.16632080078125,0.1665395200252533,0.1663818359375,0.16693878173828125,0.16648101806640625,0.1665547788143158,0.1666921079158783,0.1667277067899704,0.16655349731445312,0.16653792560100555,0.16686153411865234,0.16667327284812927,0.16655907034873962,0.16647085547447205,0.16635386645793915,0.1666158139705658,0.1668701171875,0.1666158139705658,0.166412353515625,0.166748046875,0.1667684018611908,0.1664886474609375,0.1666463315486908,0.1665547788143158,0.16638946533203125,0.16687774658203125,0.16698329150676727,0.16698965430259705,0.16632080078125,0.166473388671875,0.1667887419462204,0.1664327085018158,0.166534423828125,0.1663564145565033,0.1666851043701172,0.1665775030851364,0.1666259765625,0.16643330454826355,0.166900634765625,0.1669279783964157,0.1667703092098236,0.16640600562095642,0.16645050048828125,0.16691844165325165,0.1664988249540329,0.16667303442955017,0.16666540503501892,0.16641998291015625,0.1665090024471283,0.1667887419462204,0.1669108122587204,0.1665802001953125,0.16644287109375,0.1668294370174408,0.1666463315486908,0.16687393188476562,0.1665700376033783,0.1665446013212204,0.1666463315486908,0.1669057309627533,0.16674423217773438,0.1668650358915329,0.16667264699935913,0.1666971892118454,0.1666259765625,0.16669082641601562,0.1663614958524704,0.166656494140625,0.16656494140625,0.166961669921875,0.1667887419462204,0.16646480560302734,0.16668447852134705,0.1665242612361908,0.1664225310087204,0.1667989194393158,0.1665242612361908,0.1665446013212204,0.1663767546415329,0.1665547788143158,0.16658274829387665,0.1668802946805954,0.1667887419462204,0.1666666716337204,0.16693878173828125,0.16679701209068298,0.1670430600643158,0.1667277067899704,0.1668701171875,0.1665140837430954,0.1667938232421875,0.1668701171875,0.1666971892118454,0.1669515073299408,0.1664021909236908,0.16656494140625,0.16650390625,0.1663818359375,0.16655096411705017,0.16693115234375,0.166717529296875,0.16640982031822205,0.16640853881835938,0.166778564453125,0.1669820249080658,0.16696421802043915,0.1666971892118454,0.16685232520103455,0.1669158935546875,0.166839599609375,0.1667846143245697,0.1668904721736908,0.16650390625,0.16668701171875,0.16692988574504852,0.1666361540555954,0.1667073667049408,0.1666056364774704,0.1666463315486908,0.1664835661649704,0.16669504344463348,0.1665140837430954,0.16652584075927734,0.16694895923137665,0.1669921875,0.1668701171875,0.16699473559856415,0.1666463315486908,0.1669260710477829,0.166900634765625,0.1666107177734375,0.1667378842830658,0.1667073667049408,0.1666768491268158,0.166717529296875,0.1665242612361908,0.1667073667049408,0.1664377897977829,0.1665751188993454,0.167022705078125,0.1666482388973236,0.1663818359375,0.16644287109375,0.1665242612361908,0.1665140837430954,0.1665852963924408,0.1665140837430954,0.1667684018611908,0.16668701171875,0.1669667661190033,0.1669413298368454,0.1663716733455658,0.16695785522460938,0.1667277067899704,0.16687694191932678,0.16692988574504852,0.1668497771024704,0.1666971892118454,0.16668701171875,0.1667073667049408,0.16650390625,0.16694769263267517,0.166748046875,0.1666259765625,0.16668701171875,0.16679637134075165,0.16644541919231415,0.1669057309627533,0.16670989990234375,0.16653570532798767,0.1665591448545456,0.16648054122924805,0.16666731238365173,0.16686247289180756,0.1663869321346283,0.1669515073299408,0.1668345183134079,0.16646067798137665,0.1665242612361908,0.1667887419462204,0.1667124480009079,0.1668294370174408,0.1664377897977829,0.1669158935546875,0.1669921875,0.1664835661649704,0.16649946570396423,0.1669565886259079,0.1669057309627533,0.16641473770141602,0.166839599609375,0.1667684018611908,0.1665090024471283,0.1666463315486908,0.1668802946805954,0.16656367480754852,0.16683197021484375,0.1663818359375,0.1664937436580658,0.16638629138469696,0.16671054065227509,0.16658274829387665,0.1667277067899704,0.16677093505859375,0.16671133041381836,0.1667277067899704,0.1669737547636032,0.1664528101682663,0.16692130267620087,0.16664378345012665,0.1663767546415329,0.16638946533203125,0.1665852963924408,0.16692861914634705,0.16648165881633759,0.16644287109375,0.1666259765625,0.1666666716337204,0.16680908203125,0.1664225310087204,0.1666361540555954,0.166778564453125,0.1666056364774704,0.1666666716337204,0.1667887419462204,0.16644287109375,0.1666056364774704,0.16692352294921875,0.16680908203125,0.1668904721736908,0.1669195592403412,0.16684088110923767,0.1669047772884369,0.16695380210876465,0.16692352294921875,0.166351318359375,0.16646766662597656,0.16656494140625,0.1668497771024704,0.1667277067899704,0.166961669921875,0.1664632260799408,0.1668904721736908,0.1667684018611908,0.16647212207317352,0.1666361540555954,0.16681861877441406,0.1668548583984375,0.16687266528606415,0.16690826416015625,0.16649627685546875,0.1668701171875,0.1664632260799408,0.166656494140625,0.1666666716337204,0.1663004606962204,0.16680908203125,0.1666107177734375,0.1664072722196579,0.16682085394859314,0.166696235537529,0.16657130420207977,0.1669228971004486,0.1666615903377533,0.1664530485868454,0.16677093505859375,0.1667989194393158,0.16650390625,0.16699664294719696,0.1666666716337204,0.16680908203125,0.1666666716337204,0.16681163012981415,0.16655223071575165,0.16676267981529236,0.1663869321346283,0.1668669432401657,0.1665903776884079,0.16643016040325165,0.16643652319908142,0.16663901507854462,0.16649183630943298,0.16696104407310486,0.16658148169517517,0.16675949096679688,0.16647116839885712,0.16663043200969696,0.16652187705039978,0.16678795218467712,0.16685359179973602,0.16664212942123413,0.16634878516197205,0.16675949096679688,0.16647467017173767,0.1663920134305954,0.16666793823242188,0.1668599545955658,0.16697947680950165,0.166595458984375,0.16696929931640625,0.166900634765625,0.16670481860637665,0.16657257080078125,0.166839599609375,0.1668294370174408,0.1668294370174408,0.1666768491268158,0.1665547788143158,0.16640600562095642,0.1668294370174408,0.16652807593345642,0.1669871062040329,0.1665293425321579,0.1663920134305954,0.166778564453125,0.1669108122587204,0.16640250384807587,0.1666666716337204,0.16649848222732544,0.1666666865348816,0.1666666716337204,0.1664854735136032,0.1668345183134079,0.1667582243680954,0.1666107177734375,0.16675472259521484,0.166717529296875,0.16645050048828125,0.16660277545452118,0.16688475012779236,0.16677364706993103,0.16684722900390625,0.16649167239665985,0.16680908203125,0.16652679443359375
Aguglia,base,0.3331705927848816,0.3330078125,0.3330078125,0.3333333432674408,0.3330078125,0.3331705927848816,0.333740234375,0.3328450620174408,0.3328450620174408,0.3330078125,0.33355712890625,0.3336588740348816,0.3330078125,0.333984375,0.3326823115348816,0.3333333432674408,0.3339030146598816,0.3336588740348816,0.3336588740348816,0.333984375,0.3330078125,0.3330790400505066,0.33349609375,0.33349609375,0.33349609375,0.33349609375,0.3336588740348816,0.3338216245174408,0.3333333432674408,0.3333333432674408,0.333984375,0.333984375,0.3334147334098816,0.333984375,0.3336588740348816,0.3338623046875,0.3336588740348816,0.333984375,0.3326823115348816,0.3331298828125,0.333984375,0.3330078125,0.333740234375,0.3331705927848816,0.3330078125,0.3328450620174408,0.33376821875572205,0.3333333432674408,0.3328450620174408,0.3336588740348816,0.3333333432674408,0.333740234375,0.3327229917049408,0.3333333432674408,0.3333333432674408,0.3330485224723816,0.333251953125,0.33349609375,0.3336639404296875,0.33349609375,0.3337135314941406,0.3326823115348816,0.3338216245174408,0.3333333432674408,0.3328450620174408,0.3326823115348816,0.33349609375,0.3336588740348816,0.3326823115348816,0.3326823115348816,0.3330078125,0.3333333432674408,0.3326823115348816,0.3330078125,0.3326823115348816,0.3336588740348816,0.3330078125,0.3336181640625,0.3338216245174408,0.3331705927848816,0.3331705927848816,0.3329264521598816,0.3331705927848816,0.333740234375,0.3326823115348816,0.3332316279411316,0.333984375,0.3335774838924408,0.3333333432674408,0.3336588740348816,0.3336588740348816,0.3330078125,0.3326823115348816,0.3333333432674408,0.3336588740348816,0.333740234375,0.3326823115348816,0.3333333432674408,0.3336588740348816,0.3333333432674408,0.3333333432674408,0.3330078125,0.333984375,0.3333333432674408,0.3333333432674408,0.3336588740348816,0.3333333432674408,0.3330078125,0.3336588740348816,0.3336588740348816,0.3336588740348816,0.3326823115348816,0.3329671323299408,0.3330485224723816,0.3336588740348816,0.3341471552848816,0.3331197202205658,0.3331705927848816,0.3331705927848816,0.33340775966644287,0.33343762159347534,0.3333943784236908,0.33272743225097656,0.33367919921875,0.3327840268611908,0.33362388610839844,0.333740234375,0.3333333432674408,0.3329417109489441,0.3331705927848816,0.3335368037223816,0.3336029052734375,0.3327789306640625,0.3329671323299408,0.3337809443473816,0.3335774838924408,0.3338216245174408,0.3336588740348816,0.33353424072265625,0.3331705927848816,0.33384832739830017,0.3334859311580658,0.3334554135799408,0.3336588740348816,0.3336436152458191,0.3329060971736908,0.3334554135799408,0.3339678645133972,0.3336588740348816,0.33349609375,0.33349609375,0.3334248960018158,0.3332926630973816,0.33294677734375,0.3338979184627533,0.3331400752067566,0.3331095576286316,0.33394622802734375,0.33361244201660156,0.3336019515991211,0.33326849341392517,0.3333282470703125,0.3339131772518158,0.3338114619255066,0.33339691162109375,0.33334606885910034,0.3327140808105469,0.3329569697380066,0.3333943784236908,0.33388519287109375,0.3331654965877533,0.333587646484375,0.3339030146598816,0.33355712890625,0.3332316279411316,0.3333333432674408,0.3330078125,0.3336588740348816,0.3333333432674408,0.333984375,0.333251953125,0.33251953125,0.333984375,0.3336181640625,0.3333333432674408,0.3327840268611908,0.3337809443473816,0.3334317207336426,0.333418071269989,0.3332316279411316,0.33349609375,0.3337809443473816,0.33291372656822205,0.3329264521598816,0.3338623046875,0.3327840268611908,0.333221435546875,0.3332011103630066,0.3326823115348816,0.3330892026424408,0.3333333432674408,0.3333333432674408,0.3329874873161316,0.3338216245174408,0.3334554135799408,0.3330078125,0.3339436948299408,0.3339030146598816,0.3334147334098816,0.3339030146598816,0.3336588740348816,0.3335978388786316,0.3332926630973816,0.3328959345817566,0.3326823115348816,0.3337199091911316,0.3331705927848816,0.3333333432674408,0.3338623046875,0.3331705927848816,0.3333333432674408,0.3330078125,0.3330078125,0.333709716796875,0.3330078125,0.3333333432674408,0.332763671875,0.33361944556236267,0.33367919921875,0.3338216245174408,0.3340657651424408,0.3329671323299408,0.3336385190486908,0.33319091796875,0.333740234375,0.33349609375,0.33319091796875,0.3328501582145691,0.3332723081111908,0.3334147334098816,0.3331095576286316,0.33298492431640625,0.3327433466911316,0.333648681640625,0.3326009213924408,0.3333778381347656,0.3331148624420166,0.3335273265838623,0.3335222005844116,0.3336893916130066,0.33375295996665955,0.33367252349853516,0.3331705927848816,0.3337758481502533,0.3333117365837097,0.333984375,0.333526611328125,0.3330078125,0.33331298828125,0.333709716796875,0.3335812985897064,0.3336334228515625,0.3333943784236908,0.3328654170036316,0.3330892026424408,0.3336588740348816,0.3332112729549408,0.3336385190486908,0.3331705927848816,0.3330485224723816,0.33324941992759705,0.3334554135799408,0.33355712890625,0.3330485224723816,0.3335825800895691,0.3326823115348816,0.3337809443473816,0.333740234375,0.3331705927848816,0.3331705927848816,0.3330892026424408,0.3333740234375,0.3328806757926941,0.3338216245174408,0.3330078125,0.3331400752067566,0.3326823115348816,0.3339284360408783,0.3330078125,0.3333740234375,0.3338623046875,0.3334147334098816,0.3337148129940033,0.33349609375,0.3338623046875,0.3329277038574219,0.3326212763786316,0.3332468867301941,0.3330892026424408,0.33367919921875,0.33349609375,0.3336639404296875,0.3336588740348816,0.3332316279411316,0.3335062861442566,0.3328450620174408,0.3329671323299408,0.3330078125,0.3335723876953125,0.33349609375,0.33335623145103455,0.3326823115348816,0.33311718702316284,0.33311718702316284,0.3341217041015625,0.3330485224723816,0.3330790400505066,0.3328145444393158,0.3335164487361908,0.333728164434433,0.3337249755859375,0.3337605893611908,0.3328450620174408,0.3338216245174408,0.3334147334098816,0.3330892026424408,0.3330078125,0.3330485224723816,0.3331298828125,0.3336995542049408,0.3326823115348816,0.3327840268611908,0.3327229917049408,0.3334147334098816,0.3338623046875,0.3339640498161316,0.3328857421875,0.3327738642692566,0.3333333432674408,0.3336588740348816,0.3329264521598816,0.333984375,0.33355712890625,0.3330281674861908,0.3328450620174408,0.3329264521598816,0.3332926630973816,0.3330841064453125,0.3337605893611908,0.3331502377986908,0.33270263671875,0.33349609375,0.3326416015625,0.3336588740348816,0.3328450620174408,0.33270263671875,0.3335469663143158,0.3336588740348816,0.3331705927848816,0.3332316279411316,0.3337605893611908,0.3339030146598816,0.3328857421875,0.3335164487361908,0.3329264521598816,0.3331298828125,0.3330078125,0.3333333432674408,0.3328450620174408,0.3336588740348816,0.3330078125,0.3333333432674408,0.33349609375,0.3329264521598816,0.3333333432674408,0.3326823115348816,0.3326823115348816,0.33349609375,0.3337199091911316,0.3327229917049408,0.3338216245174408,0.3330078125,0.3333333432674408,0.3329671323299408,0.3338216245174408,0.3329671323299408,0.3329264521598816,0.3329874873161316,0.3333740234375,0.3334147334098816,0.3328857421875,0.3332112729549408,0.3338744044303894,0.3336181640625,0.3333587646484375,0.33343505859375,0.3337195813655853,0.33333441615104675,0.3331298828125,0.33388203382492065,0.33298176527023315,0.332916259765625,0.33367919921875,0.3330586850643158,0.3333740234375,0.33293408155441284,0.3328043818473816,0.3343099057674408,0.3334554135799408,0.3330078125,0.3333943784236908,0.3334147334098816,0.33349609375,0.3330892026424408,0.333740234375,0.3335368037223816,0.3335368037223816,0.3333333432674408,0.333984375,0.3333333432674408,0.3336588740348816,0.3336334228515625,0.3339030146598816,0.3337199091911316,0.3334481120109558,0.3335774838924408,0.333984375,0.3329264521598816,0.3328450620174408,0.3328450620174408,0.3339742124080658,0.33349609375,0.33349609375,0.3326823115348816,0.33342742919921875,0.3335978388786316,0.3326823115348816,0.33319091796875,0.3327796459197998,0.3336130976676941,0.33300018310546875,0.3326823115348816,0.3335368037223816,0.3336588740348816,0.3333333432674408,0.3333740234375,0.3331705927848816,0.3338216245174408,0.3331298828125,0.3336181640625,0.3329671323299408,0.3338419795036316,0.3338216245174408,0.3339436948299408,0.33349609375,0.3336741328239441,0.333251953125,0.3333231806755066,0.33331298828125,0.3333028256893158,0.3329417109489441,0.33333587646484375,0.3338216245174408,0.3335164487361908,0.3339030146598816,0.3335774838924408,0.3334554135799408,0.3333333432674408,0.3330485224723816,0.3330078125,0.3331502377986908,0.33349609375,0.3329264521598816,0.3329264521598816,0.3335164487361908,0.33355712890625,0.3333333432674408,0.3338216245174408,0.3330078125,0.3330078125,0.333251953125,0.33349609375,0.333740234375,0.33270263671875,0.3333396911621094,0.3330078125,0.3337729871273041,0.3338216245174408,0.3336588740348816,0.3327229917049408,0.3333994746208191,0.333709716796875,0.3329874873161316,0.3331095576286316,0.3330434262752533,0.33278656005859375,0.3335825800895691,0.3328450620174408,0.3334452509880066,0.3330892026424408,0.3330892026424408,0.3339030146598816,0.3335774838924408,0.333251953125,0.3335368037223816,0.3333333432674408,0.3338216245174408,0.3336588740348816,0.3334147334098816,0.3330485224723816,0.3328450620174408,0.33333539962768555,0.3338216245174408,0.3333333432674408,0.3336385190486908,0.333740234375,0.3338623046875,0.3326009213924408,0.3338216245174408,0.3336588740348816,0.332763671875,0.3330892026424408,0.3335774838924408,0.333740234375,0.3328450620174408,0.3338216245174408,0.3336588740348816,0.3334147334098816,0.3330485224723816,0.33294677734375,0.33343505859375,0.3336588740348816,0.33333346247673035,0.333251953125,0.3329366147518158,0.3328450620174408,0.3328450620174408,0.3337605893611908,0.3334147334098816,0.3336588740348816,0.333251953125,0.3328043818473816,0.3328857421875,0.3336588740348816,0.3333536982536316,0.3333333432674408,0.3332316279411316,0.3336436152458191,0.3332112729549408,0.3334147334098816,0.3338623046875,0.3331298828125,0.333984375,0.3336995542049408,0.3330485224723816,0.3328450620174408,0.3338216245174408,0.3338216245174408,0.333740234375,0.3330892026424408,0.3336588740348816,0.3336588740348816,0.3333333432674408,0.3330078125,0.3336588740348816,0.3326823115348816,0.3338216245174408,0.3336588740348816,0.3329671323299408,0.3337656855583191,0.3328450620174408,0.3327840268611908,0.3334147334098816,0.3338623046875,0.3339436948299408,0.3334147334098816,0.3333333432674408,0.3334147334098816,0.3330078125,0.3335774838924408,0.3330892026424408,0.33349609375,0.3330078125,0.3328857421875,0.3336995542049408,0.3338216245174408,0.3331502377986908,0.3335368037223816,0.3331705927848816,0.3336588740348816,0.33349609375,0.3332112729549408,0.3338216245174408,0.3336588740348816,0.3333333432674408,0.3337809443473816,0.3329671323299408,0.33349609375,0.33343505859375,0.3336181640625,0.3335774838924408,0.3329671323299408,0.3332112729549408,0.3333333432674408,0.3343099057674408,0.33349609375,0.3339030146598816,0.3338216245174408,0.332763671875,0.3336588740348816,0.33331298828125,0.333984375,0.33349609375,0.3332112729549408,0.3329874873161316,0.3336995542049408,0.3326823115348816,0.3334299921989441,0.3335011899471283,0.3330332636833191,0.3332621455192566,0.3335253596305847,0.33349546790122986,0.3334147334098816,0.3334554135799408,0.3338623046875,0.3331298828125,0.3328857421875,0.3336588740348816,0.3337199091911316,0.333251953125,0.333740234375,0.3336181640625,0.3326823115348816,0.3336588740348816,0.3331705927848816,0.3331960141658783,0.33319091796875,0.3329315185546875,0.3339436948299408,0.3338216245174408,0.3331705927848816,0.333251953125,0.3330078125,0.3338216245174408,0.3338674008846283,0.333251953125,0.3334147334098816,0.3336588740348816,0.3333740234375,0.3330892026424408,0.3336588740348816,0.3339640498161316,0.3336448669433594,0.3333333432674408,0.3331756591796875,0.33317312598228455,0.3335469663143158,0.3331705927848816,0.3332621455192566,0.3332723081111908,0.333984375,0.3337453305721283,0.3336080014705658,0.3336588740348816,0.3330485224723816,0.3330892026424408,0.3326823115348816,0.3329264521598816,0.332763671875,0.3332926630973816,0.333984375,0.3326823115348816,0.3329264521598816,0.3332112729549408,0.3326416015625,0.333740234375,0.3329264521598816,0.3333333432674408,0.3335927426815033,0.3338419795036316,0.3328908383846283,0.333831787109375,0.33396148681640625,0.3329010009765625,0.33339184522628784,0.3330892026424408,0.3330078125,0.3327229917049408,0.3329264521598816,0.3330078125,0.3331298828125,0.333221435546875,0.333740234375,0.3338216245174408,0.3335368037223816,0.3330078125,0.333740234375,0.3336588740348816,0.333740234375,0.3335368037223816,0.333740234375,0.3327229917049408,0.333740234375,0.3331705927848816,0.3335825800895691,0.3331705927848816,0.33347830176353455,0.33305487036705017,0.33319348096847534,0.33349356055259705,0.3334287106990814,0.33282470703125,0.3330230712890625,0.33367919921875,0.3330892026424408,0.3328450620174408,0.3335062861442566,0.3328450620174408,0.33349609375,0.3333333432674408,0.3327840268611908,0.33349609375,0.33393606543540955,0.3331298828125,0.3337504267692566,0.333740234375,0.3334248960018158,0.3332366943359375,0.3329671323299408,0.3331044614315033,0.3329213559627533,0.33351391553878784,0.3332570493221283,0.33396148681640625,0.3334503173828125,0.3335011899471283,0.333892822265625,0.33305615186691284,0.3336181640625,0.3328857421875,0.3331146240234375,0.3332926630973816,0.3329111933708191,0.3337148129940033,0.33371227979660034,0.3331451416015625,0.3328806757926941,0.3331095576286316,0.3331298828125,0.3333333432674408,0.3336893916130066,0.3327433466911316,0.33367919921875,0.3338216245174408,0.3338216245174408,0.3335368037223816,0.33398184180259705,0.3333740234375,0.332855224609375,0.33345159888267517,0.33338040113449097,0.3327738642692566,0.33301132917404175,0.3328094482421875,0.3330202102661133,0.3333333432674408,0.33280637860298157,0.3334452509880066,0.3333333432674408,0.3335368037223816,0.3334605097770691,0.3333536982536316,0.3337605893611908,0.333831787109375,0.3337148129940033,0.33343505859375,0.3334147334098816,0.3330892026424408,0.3331654965877533,0.3331858515739441,0.3336588740348816,0.3329060971736908,0.3330281674861908
Hamulous,base,0.49951171875,0.5,0.49951171875,0.5000000596046448,0.5,0.49951171875,0.500244140625,0.5,0.500732421875,0.5,0.5001678466796875,0.5,0.5,0.5,0.4990234375,0.5,0.5,0.4990234375,0.5,0.5,0.5,0.500244140625,0.5,0.5,0.5,0.5,0.5,0.5,0.5,0.5,0.5,0.49951171875,0.49920654296875,0.5,0.5,0.500732421875,0.5,0.5,0.49951171875,0.4990234375,0.49951171875,0.5009765625,0.5009765625,0.5,0.4990234375,0.49951171875,0.500732421875,0.5,0.4990234375,0.50048828125,0.4990234375,0.5,0.4990234375,0.5,0.49951171875,0.50048828125,0.500732421875,0.5,0.499267578125,0.50048828125,0.499755859375,0.5,0.5,0.5009765625,0.5,0.5,0.49951171875,0.49951171875,0.5,0.50048828125,0.5,0.5,0.5,0.5009765625,0.5,0.5,0.5,0.4990234375,0.50048828125,0.5009765625,0.5,0.5,0.5009765625,0.49951171875,0.50048828125,0.49951171875,0.5,0.4990234375,0.5009765625,0.5,0.49951171875,0.5,0.500732421875,0.5,0.5,0.4990234375,0.5009765625,0.5009765625,0.5,0.5,0.5,0.5009765625,0.5009765625,0.5,0.5,0.5,0.5,0.5,0.5009765625,0.4990234375,0.5009765625,0.4990234375,0.4990234375,0.49951171875,0.5,0.500946044921875,0.5,0.50048828125,0.5006103515625,0.5000007152557373,0.500518798828125,0.50042724609375,0.500885009765625,0.49908447265625,0.500732421875,0.5000364780426025,0.500732421875,0.4998779296875,0.4992523193359375,0.5009765625,0.499267578125,0.4996185302734375,0.50067138671875,0.50048828125,0.50006103515625,0.5009765625,0.5008087158203125,0.500274658203125,0.4994659423828125,0.499359130859375,0.4990386962890625,0.500732421875,0.4991455078125,0.5,0.500640869140625,0.500732421875,0.499298095703125,0.4996490478515625,0.4990234375,0.50048828125,0.49951171875,0.500732421875,0.49951171875,0.50048828125,0.499114990234375,0.4994354248046875,0.4995574951171875,0.49993896484375,0.4991912841796875,0.499786376953125,0.49981689453125,0.4990234375,0.5008544921875,0.4993896484375,0.5003814697265625,0.4998779296875,0.4996337890625,0.4991455078125,0.499755859375,0.499969482421875,0.5006561279296875,0.499755859375,0.4990234375,0.4993896484375,0.5,0.500244140625,0.50048828125,0.5,0.5,0.5,0.499267578125,0.49951171875,0.5,0.49951171875,0.499755859375,0.49953460693359375,0.49981689453125,0.500084400177002,0.500244140625,0.499267578125,0.500244140625,0.5,0.499114990234375,0.499755859375,0.499542236328125,0.5003662109375,0.49981689453125,0.500732421875,0.5,0.500732421875,0.5,0.5,0.50091552734375,0.5,0.5,0.5,0.500579833984375,0.50048828125,0.49951171875,0.49951171875,0.5,0.500213623046875,0.499481201171875,0.5008544921875,0.5,0.4993438720703125,0.50048828125,0.50048828125,0.4996337890625,0.50048828125,0.500244140625,0.4993896484375,0.5,0.4990234375,0.499755859375,0.5,0.499267578125,0.5008544921875,0.4990234375,0.5,0.5003662109375,0.50048828125,0.499755859375,0.49951171875,0.49951171875,0.4990234375,0.4990234375,0.5,0.5,0.4996337890625,0.50042724609375,0.499298095703125,0.4990234375,0.500457763671875,0.49951171875,0.50030517578125,0.500518798828125,0.5003662109375,0.49918365478515625,0.5007286071777344,0.49959564208984375,0.499359130859375,0.4998779296875,0.49954986572265625,0.4993896484375,0.5009765625,0.5,0.4990234375,0.5009765625,0.50006103515625,0.4997711181640625,0.4993896484375,0.500244140625,0.500732421875,0.49951171875,0.49951171875,0.500732421875,0.4996337890625,0.50048828125,0.5006103515625,0.500579833984375,0.49993896484375,0.500732421875,0.5,0.500244140625,0.50048828125,0.4991455078125,0.4991455078125,0.4990234375,0.5009765625,0.5006561279296875,0.500732421875,0.50048828125,0.5009765625,0.4990234375,0.500732421875,0.5,0.4993896484375,0.5001220703125,0.4990234375,0.4996337890625,0.5009765625,0.49951171875,0.4990234375,0.50048828125,0.5,0.5009765625,0.5009002685546875,0.5,0.50048828125,0.5,0.499267578125,0.5009765625,0.5009765625,0.500732421875,0.5,0.4993896484375,0.5,0.50006103515625,0.499267578125,0.50054931640625,0.499755859375,0.4992523193359375,0.5009765625,0.50048828125,0.499755859375,0.50018310546875,0.4991455078125,0.50091552734375,0.500244140625,0.4993438720703125,0.49969482421875,0.5,0.4990234375,0.5,0.50048828125,0.50048828125,0.499267578125,0.500732421875,0.50048828125,0.50048828125,0.50048828125,0.5006103515625,0.5,0.5006103515625,0.49951171875,0.5,0.49951171875,0.500732421875,0.50048828125,0.5,0.499267578125,0.5009765625,0.49969482421875,0.5,0.5009765625,0.5001220703125,0.499755859375,0.500244140625,0.5,0.499267578125,0.499755859375,0.4996337890625,0.499267578125,0.50048828125,0.50030517578125,0.49951171875,0.5009765625,0.5009765625,0.499267578125,0.4990234375,0.50048828125,0.5,0.499755859375,0.5,0.500732421875,0.49951171875,0.5008544921875,0.50048828125,0.50048828125,0.49932861328125,0.500732421875,0.49951171875,0.5,0.50048828125,0.49951171875,0.5,0.5,0.4990234375,0.500732421875,0.5,0.50048828125,0.499267578125,0.5,0.4993896484375,0.500244140625,0.5,0.5003662109375,0.4998779296875,0.4990234375,0.50048828125,0.5,0.4995269775390625,0.5006103515625,0.50048828125,0.4990234375,0.5002326965332031,0.5000005960464478,0.500335693359375,0.5000791549682617,0.4996337890625,0.500732421875,0.4994354248046875,0.49951171875,0.49951171875,0.4990234375,0.49951171875,0.500732421875,0.49951171875,0.4990234375,0.5008544921875,0.4993896484375,0.5,0.49951171875,0.49951171875,0.500244140625,0.500244140625,0.5,0.5,0.49951171875,0.500732421875,0.4990997314453125,0.49951171875,0.49908447265625,0.5001583099365234,0.49951171875,0.500732421875,0.5009765625,0.4990234375,0.499755859375,0.5006256103515625,0.50048828125,0.499755859375,0.499267578125,0.49920654296875,0.49945068359375,0.49951171875,0.5006103515625,0.500946044921875,0.49951171875,0.50054931640625,0.5,0.50048828125,0.5,0.5,0.500244140625,0.5,0.4990234375,0.49932861328125,0.5,0.500732421875,0.50067138671875,0.49951171875,0.499755859375,0.500732421875,0.499481201171875,0.5,0.49908447265625,0.50054931640625,0.49951171875,0.5001220703125,0.49920654296875,0.49951171875,0.5003662109375,0.499267578125,0.500244140625,0.50048828125,0.499755859375,0.500732421875,0.5,0.5009765625,0.4990234375,0.49951171875,0.5,0.5,0.500244140625,0.4990234375,0.4991455078125,0.5009765625,0.4990234375,0.5,0.5,0.500244140625,0.49951171875,0.5001220703125,0.5009765625,0.500518798828125,0.500244140625,0.5008544921875,0.5001220703125,0.4990234375,0.500732421875,0.500732421875,0.49951171875,0.49951171875,0.499664306640625,0.49993896484375,0.49951171875,0.500244140625,0.50048828125,0.499755859375,0.49951171875,0.4990234375,0.5,0.5,0.5001220703125,0.500244140625,0.50048828125,0.500244140625,0.5001220703125,0.499755859375,0.5000030994415283,0.500244140625,0.5,0.499755859375,0.50048828125,0.500732421875,0.5,0.5,0.50048828125,0.4993896484375,0.5009765625,0.5,0.5009765625,0.500244140625,0.5009765625,0.50048828125,0.49969482421875,0.500244140625,0.4990234375,0.5006103515625,0.5009765625,0.5000011324882507,0.500244140625,0.4990234375,0.49957275390625,0.4990234375,0.499755859375,0.4990234375,0.50048828125,0.4996337890625,0.49951171875,0.500244140625,0.5009765625,0.5,0.4990234375,0.499755859375,0.50067138671875,0.499755859375,0.500244140625,0.499542236328125,0.500732421875,0.5,0.500732421875,0.500244140625,0.5,0.500732421875,0.499755859375,0.499755859375,0.499755859375,0.5,0.5,0.5,0.500732421875,0.49951171875,0.5,0.5,0.50048828125,0.5009765625,0.500244140625,0.500244140625,0.500213623046875,0.5001220703125,0.4990234375,0.4990234375,0.5,0.5,0.49951171875,0.5,0.4990234375,0.5,0.50048828125,0.50048828125,0.500732421875,0.5001220703125,0.5,0.50042724609375,0.5006103515625,0.50048828125,0.499267578125,0.4990234375,0.49951171875,0.5,0.500244140625,0.49951171875,0.499176025390625,0.5006103515625,0.500732421875,0.499603271484375,0.499420166015625,0.500732421875,0.50079345703125,0.5003662109375,0.50048828125,0.4990234375,0.5,0.4998779296875,0.5009765625,0.500732421875,0.5,0.50048828125,0.50048828125,0.4990234375,0.50048828125,0.4990234375,0.50048828125,0.499755859375,0.4991455078125,0.50048828125,0.5001220703125,0.499176025390625,0.499420166015625,0.500762939453125,0.499908447265625,0.49932861328125,0.50048828125,0.4990234375,0.499603271484375,0.5,0.49951171875,0.5009765625,0.4990234375,0.499664306640625,0.49951171875,0.5001220703125,0.500274658203125,0.50042724609375,0.499542236328125,0.5006561279296875,0.4996337890625,0.5003662109375,0.4993896484375,0.5009765625,0.49981689453125,0.5,0.50054931640625,0.5009765625,0.5009765625,0.500885009765625,0.500218391418457,0.4997711181640625,0.50048828125,0.50042724609375,0.499267578125,0.5,0.49920654296875,0.500457763671875,0.5003662109375,0.50048828125,0.500732421875,0.500701904296875,0.49951171875,0.4997100830078125,0.5006103515625,0.499267578125,0.5,0.4991455078125,0.500244140625,0.50030517578125,0.5,0.5,0.5009765625,0.500732421875,0.4993896484375,0.50048828125,0.500732421875,0.49969482421875,0.49951171875,0.5,0.499481201171875,0.5005111694335938,0.5007514953613281,0.5003719329833984,0.4991912841796875,0.5003833770751953,0.5004653930664062,0.5,0.5,0.49951171875,0.49908447265625,0.5,0.5,0.50006103515625,0.5008392333984375,0.5003662109375,0.5001220703125,0.49945068359375,0.49993896484375,0.49908447265625,0.5,0.50079345703125,0.5009765625,0.5,0.50048828125,0.5,0.499755859375,0.5,0.5001220703125,0.50018310546875,0.5006103515625,0.500152587890625,0.5003814697265625,0.49973297119140625,0.49953460693359375,0.499755859375,0.4990234375,0.4990234375,0.5001220703125,0.5,0.5,0.5,0.5009765625,0.4996337890625,0.5001373291015625,0.50091552734375,0.49903106689453125,0.50030517578125,0.50067138671875,0.50048828125,0.499420166015625,0.500244140625,0.49953460693359375,0.5006942749023438,0.5005073547363281,0.5009498596191406,0.500518798828125,0.50054931640625,0.499114990234375,0.500274658203125,0.499847412109375,0.49985504150390625,0.4996490478515625,0.4991912841796875,0.500244140625,0.4991455078125,0.4993438720703125,0.5000152587890625,0.5,0.4992828369140625,0.5,0.5,0.500732421875,0.50048828125,0.499755859375,0.5,0.5009765625,0.5001220703125,0.500457763671875,0.5008544921875,0.49968719482421875,0.50079345703125,0.500823974609375,0.499420166015625,0.5,0.4990234375,0.5000083446502686,0.5,0.5001678466796875,0.5,0.5,0.5003662109375,0.49932098388671875,0.5001220703125,0.499908447265625,0.5006561279296875,0.49932861328125,0.5,0.4990692138671875,0.5003223419189453,0.5006332397460938,0.4994354248046875,0.5002727508544922,0.500274658203125,0.500244140625
Skokiaan,base,0.3326823115348816,0.3339030146598816,0.3326823115348816,0.3333389163017273,0.333984375,0.3339030146598816,0.3334147334098816,0.3326823115348816,0.33345288038253784,0.3326823115348816,0.3334147334098816,0.3326823115348816,0.3333333432674408,0.33349609375,0.3326823115348816,0.3333333432674408,0.3336588740348816,0.3326823115348816,0.33367919921875,0.3330078125,0.333984375,0.3330892026424408,0.33392333984375,0.3331705927848816,0.333984375,0.3330078125,0.3329264521598816,0.3330078125,0.3330078125,0.3333333432674408,0.333984375,0.3336588740348816,0.333251953125,0.3330078125,0.3326823115348816,0.3336588740348816,0.3336588740348816,0.3333333432674408,0.333984375,0.3332723081111908,0.3328043818473816,0.3333333432674408,0.3326416015625,0.3330078125,0.333984375,0.3338572382926941,0.3333333432674408,0.3333333432674408,0.3333333432674408,0.3333333432674408,0.3326823115348816,0.333740234375,0.332763671875,0.3336588740348816,0.333984375,0.3332112729549408,0.3333333432674408,0.3338470458984375,0.3336995542049408,0.3330078125,0.3330637812614441,0.3338216245174408,0.333251953125,0.33349609375,0.3330078125,0.3336588740348816,0.3338216245174408,0.3331705927848816,0.3336588740348816,0.3330078125,0.3333333432674408,0.3330078125,0.3328450620174408,0.3326823115348816,0.3333333432674408,0.3333333432674408,0.3331705927848816,0.3336181640625,0.333984375,0.3332112729549408,0.3333333432674408,0.3336588740348816,0.3337199091911316,0.3330485224723816,0.333984375,0.332794189453125,0.3328857421875,0.3330078125,0.3334147334098816,0.3333333432674408,0.3330078125,0.333984375,0.3330892026424408,0.3330078125,0.3336588740348816,0.33349609375,0.3330078125,0.3333333432674408,0.3333333432674408,0.333251953125,0.3330078125,0.3333333432674408,0.3333333432674408,0.33251953125,0.3330078125,0.3326823115348816,0.3336588740348816,0.333984375,0.333984375,0.3333333432674408,0.3333333432674408,0.3333333432674408,0.3330892026424408,0.33349609375,0.33380126953125,0.3331807553768158,0.332794189453125,0.3338623046875,0.3326823115348816,0.33333534002304077,0.33322685956954956,0.3337688446044922,0.333282470703125,0.3339131772518158,0.33301037549972534,0.3335075378417969,0.3328857421875,0.3330892026424408,0.3332977294921875,0.332763671875,0.3330485224723816,0.3329671323299408,0.33294677734375,0.3333333432674408,0.3335774838924408,0.3329264521598816,0.3338419795036316,0.3330078125,0.3337504267692566,0.3338216245174408,0.3334197998046875,0.3332316279411316,0.3335774838924408,0.3333333432674408,0.3329111933708191,0.3334248960018158,0.3330078125,0.3334757685661316,0.3336588740348816,0.3330078125,0.3332723081111908,0.3330027461051941,0.3331705927848816,0.3333943784236908,0.33367919921875,0.3327128291130066,0.333526611328125,0.33301544189453125,0.3328755795955658,0.3336975574493408,0.33309048414230347,0.333343505859375,0.3335622251033783,0.3339030146598816,0.332733154296875,0.33384960889816284,0.3329353332519531,0.3333740234375,0.3336232602596283,0.3332468867301941,0.3333943784236908,0.3333740234375,0.3329874873161316,0.333038330078125,0.3332417905330658,0.3333333432674408,0.3331298828125,0.3328450620174408,0.3333333432674408,0.3328450620174408,0.3333740234375,0.3328450620174408,0.333740234375,0.3331502377986908,0.3328348994255066,0.33391571044921875,0.3332621455192566,0.33336973190307617,0.3334423899650574,0.3332723081111908,0.3330485224723816,0.3327128291130066,0.3336385190486908,0.3335164487361908,0.3338877558708191,0.3336944580078125,0.33392333984375,0.3335418701171875,0.3328450620174408,0.3334554135799408,0.3330586850643158,0.3339030146598816,0.33328503370285034,0.33349609375,0.3333333432674408,0.3333333432674408,0.3335978388786316,0.333343505859375,0.332763671875,0.3330892026424408,0.3330078125,0.3329366147518158,0.3335774838924408,0.3329874873161316,0.3333333432674408,0.3332366943359375,0.3330892026424408,0.33349609375,0.3338114619255066,0.3333333432674408,0.3336588740348816,0.3326823115348816,0.333740234375,0.3327229917049408,0.3330078125,0.3330078125,0.33349609375,0.3335774838924408,0.33349609375,0.3330078125,0.332763671875,0.3339030146598816,0.3328450620174408,0.3338216245174408,0.3328450620174408,0.3330078125,0.333984375,0.3331705927848816,0.33319854736328125,0.3330078125,0.33367919921875,0.3328094482421875,0.3337809443473816,0.3333842158317566,0.3330879211425781,0.3334452509880066,0.33270835876464844,0.3335597515106201,0.3334770202636719,0.3334248960018158,0.33282470703125,0.3328765332698822,0.3332926630973816,0.3332926630973816,0.3328043818473816,0.3330078125,0.3330078125,0.3328450620174408,0.33349609375,0.3333638608455658,0.3338368833065033,0.3333333432674408,0.3328450620174408,0.3333333432674408,0.3331705927848816,0.3330078125,0.33251953125,0.3328450620174408,0.3338216245174408,0.3339030146598816,0.332763671875,0.33355712890625,0.3336588740348816,0.3336588740348816,0.333984375,0.3331705927848816,0.3338216245174408,0.3333333432674408,0.3336588740348816,0.3336588740348816,0.3330078125,0.3329874873161316,0.3330078125,0.3328145444393158,0.3330078125,0.3337605893611908,0.3330078125,0.3336385190486908,0.3338419795036316,0.3339030146598816,0.3328959345817566,0.3338216245174408,0.33343505859375,0.3331705927848816,0.3327229917049408,0.3340657651424408,0.3330078125,0.333282470703125,0.3333333432674408,0.3333333432674408,0.3330078125,0.3328654170036316,0.3338216245174408,0.3339640498161316,0.3334147334098816,0.3330078125,0.3338521420955658,0.333740234375,0.3338063657283783,0.3337046504020691,0.333984375,0.3328450620174408,0.3335355222225189,0.3333536982536316,0.3329671323299408,0.33294677734375,0.3336588740348816,0.3336588740348816,0.3331705927848816,0.3331705927848816,0.3333028256893158,0.333251953125,0.3333333432674408,0.3330892026424408,0.33349609375,0.3333333432674408,0.3339030146598816,0.333251953125,0.33367919921875,0.3338216245174408,0.3331705927848816,0.332763671875,0.3341471552848816,0.3336588740348816,0.333984375,0.3338216245174408,0.3338216245174408,0.332763671875,0.3327229917049408,0.3338216245174408,0.3328450620174408,0.3336588740348816,0.33367919921875,0.3333028256893158,0.33349609375,0.3338216245174408,0.333740234375,0.3328755795955658,0.3336995542049408,0.333740234375,0.332763671875,0.3328450620174408,0.3328450620174408,0.3326823115348816,0.3332112729549408,0.3335774838924408,0.3331705927848816,0.33349609375,0.3335774838924408,0.33306884765625,0.3329264521598816,0.3335368037223816,0.333984375,0.3334147334098816,0.3328450620174408,0.3330078125,0.3326823115348816,0.3338216245174408,0.3331705927848816,0.3337249755859375,0.3330078125,0.3328654170036316,0.3333333432674408,0.3328043818473816,0.3326823115348816,0.3337809443473816,0.3339030146598816,0.3338216245174408,0.3330485224723816,0.3333740234375,0.33349609375,0.3330892026424408,0.3333333432674408,0.3332112729549408,0.3336588740348816,0.3334147334098816,0.3338216245174408,0.3329060971736908,0.33306884765625,0.3341471552848816,0.3336995542049408,0.3331705927848816,0.3333902359008789,0.33366140723228455,0.3333740234375,0.3328857421875,0.33333417773246765,0.3333333432674408,0.3335588872432709,0.3334026336669922,0.33319091796875,0.3339030146598816,0.333282470703125,0.3332926630973816,0.3327229917049408,0.3338623046875,0.3335978388786316,0.3324381709098816,0.3336181640625,0.3330078125,0.33331298828125,0.3332316279411316,0.3333333432674408,0.3328043818473816,0.3336588740348816,0.3339436948299408,0.3331705927848816,0.3329671323299408,0.333984375,0.333740234375,0.333984375,0.3330485224723816,0.3338216245174408,0.3338216245174408,0.33390936255455017,0.3331705927848816,0.3328450620174408,0.333740234375,0.3330078125,0.333251953125,0.332794189453125,0.3329671323299408,0.3332316279411316,0.3333333432674408,0.3331095576286316,0.3334836959838867,0.3335774838924408,0.3334147334098816,0.3333539664745331,0.3330535888671875,0.3333091735839844,0.3336588740348816,0.3336588740348816,0.3326823115348816,0.3331705927848816,0.33294677734375,0.3333333432674408,0.3329264521598816,0.3338114619255066,0.333740234375,0.3330078125,0.3331654965877533,0.3335774838924408,0.3337809443473816,0.3335774838924408,0.3331705927848816,0.3328450620174408,0.3333943784236908,0.332763671875,0.33355712890625,0.3330078125,0.333953857421875,0.333740234375,0.3335368037223816,0.33349609375,0.3339030146598816,0.3333333432674408,0.33349609375,0.3338216245174408,0.3326823115348816,0.3338216245174408,0.3329264521598816,0.3338216245174408,0.3333333432674408,0.333984375,0.3334147334098816,0.3338216245174408,0.3330892026424408,0.3338216245174408,0.3330892026424408,0.3338623046875,0.334228515625,0.3333333432674408,0.3336080014705658,0.333648681640625,0.3331705927848816,0.33353933691978455,0.3336588740348816,0.3331298828125,0.3338419795036316,0.333587646484375,0.3336283564567566,0.3330892026424408,0.3331705927848816,0.33396023511886597,0.3331044614315033,0.3333943784236908,0.3330892026424408,0.3339436948299408,0.3328450620174408,0.3328450620174408,0.3335368037223816,0.3333740234375,0.3330078125,0.33319091796875,0.3336181640625,0.3338216245174408,0.3338216245174408,0.3334147334098816,0.3336588740348816,0.3328043818473816,0.3333861231803894,0.333740234375,0.3330078125,0.3336588740348816,0.3331705927848816,0.332763671875,0.3326823115348816,0.3331298828125,0.333984375,0.3333333432674408,0.3326823115348816,0.3338216245174408,0.3330892026424408,0.3330892026424408,0.33349609375,0.3333333432674408,0.3328857421875,0.3336588740348816,0.3334554135799408,0.3335368037223816,0.3331705927848816,0.3333437442779541,0.3333333432674408,0.3327840268611908,0.3330078125,0.3333333432674408,0.3326823115348816,0.3330078125,0.332763671875,0.33349609375,0.3337809443473816,0.3329671323299408,0.3330078125,0.3330078125,0.333984375,0.3332926630973816,0.3334147334098816,0.33349609375,0.333984375,0.3331705927848816,0.332763671875,0.3339030146598816,0.3334147334098816,0.3331705927848816,0.333251953125,0.333251953125,0.33392333984375,0.3328450620174408,0.3337809443473816,0.333740234375,0.3333333432674408,0.3339030146598816,0.3339030146598816,0.333740234375,0.3330078125,0.3331705927848816,0.3334147334098816,0.3338724970817566,0.3333536982536316,0.3331298828125,0.33349609375,0.3329671323299408,0.3336181640625,0.3333333432674408,0.33349609375,0.333984375,0.3337809443473816,0.3339030146598816,0.33349609375,0.33349609375,0.3333333432674408,0.3330078125,0.33349609375,0.33349609375,0.3333333432674408,0.3337199091911316,0.3331705927848816,0.3328043818473816,0.3333333432674408,0.3330790400505066,0.3330892026424408,0.3330078125,0.3336588740348816,0.3331705927848816,0.3334554135799408,0.3333333432674408,0.3334147334098816,0.333251953125,0.3333536982536316,0.33349609375,0.3330281674861908,0.3335774838924408,0.3330485224723816,0.3333333432674408,0.333984375,0.3336588740348816,0.3330078125,0.33349609375,0.333984375,0.332763671875,0.3328450620174408,0.3336588740348816,0.3336588740348816,0.333740234375,0.3331705927848816,0.333251953125,0.3339742124080658,0.3333740234375,0.33317822217941284,0.33358487486839294,0.33362454175949097,0.3338923454284668,0.3332926630973816,0.3335774838924408,0.3338419795036316,0.3336181640625,0.333984375,0.3326823115348816,0.3334147334098816,0.3334147334098816,0.333984375,0.333251953125,0.3334147334098816,0.3333333432674408,0.3330078125,0.3334757685661316,0.3332723081111908,0.33339691162109375,0.333251953125,0.3335774838924408,0.333343505859375,0.3330078125,0.3335978388786316,0.3330078125,0.3339436948299408,0.3326823115348816,0.333251953125,0.33349609375,0.3338826596736908,0.3329264521598816,0.3339030146598816,0.3334859311580658,0.3327687680721283,0.3332112729549408,0.3338063657283783,0.3334859311580658,0.33274078369140625,0.333251953125,0.3331298828125,0.3328450620174408,0.332763671875,0.3333943784236908,0.3335164487361908,0.333984375,0.3333943784236908,0.3338216245174408,0.3339030146598816,0.3336588740348816,0.333251953125,0.3326823115348816,0.333984375,0.3330078125,0.3328450620174408,0.33349609375,0.3334554135799408,0.3330485224723816,0.3333333432674408,0.332763671875,0.3333791196346283,0.33304089307785034,0.3332875669002533,0.33382290601730347,0.3336690366268158,0.333221435546875,0.3329010009765625,0.3326823115348816,0.3336588740348816,0.3331705927848816,0.3330078125,0.3336588740348816,0.33349609375,0.3331095576286316,0.3335723876953125,0.33355712890625,0.33349609375,0.33355712890625,0.3328043818473816,0.3335368037223816,0.3329264521598816,0.333251953125,0.333740234375,0.3329264521598816,0.33349609375,0.3333333432674408,0.3328857421875,0.3330078125,0.3339640498161316,0.33380126953125,0.33392333984375,0.3332672119140625,0.33349609375,0.3333829343318939,0.3328450620174408,0.333740234375,0.333251953125,0.3330078125,0.3338419795036316,0.3328450620174408,0.3336588740348816,0.3331705927848816,0.3334859311580658,0.3334147334098816,0.3338521420955658,0.3330078125,0.333526611328125,0.3335774838924408,0.3339169919490814,0.333648681640625,0.3335164487361908,0.3337504267692566,0.3339182734489441,0.333587646484375,0.3329194486141205,0.3339576721191406,0.3338521420955658,0.3336588740348816,0.3336283564567566,0.3336893916130066,0.33266958594322205,0.3333231806755066,0.3339436948299408,0.333465576171875,0.3334147334098816,0.33319091796875,0.3332112729549408,0.3335622251033783,0.332916259765625,0.33294934034347534,0.33349609375,0.3334147334098816,0.333648681640625,0.3337199091911316,0.3339436948299408,0.3330078125,0.3333333432674408,0.3327229917049408,0.3339131772518158,0.3327229917049408,0.33367919921875,0.3328501582145691,0.3330790400505066,0.3330790400505066,0.3326956629753113,0.3330180048942566,0.33336305618286133,0.3333333432674408,0.33268409967422485,0.332804411649704,0.3333333432674408,0.3335317075252533,0.3331960141658783,0.3328043818473816,0.333526611328125,0.3329264521598816,0.3336181640625,0.33331298828125,0.3329366147518158,0.3332112729549408,0.3327992856502533,0.33380126953125,0.332977294921875,0.33306884765625,0.3332011103630066
Opacate,base,0.3330078125,0.3326823115348816,0.3326823115348816,0.3333333730697632,0.3326823115348816,0.3326823115348816,0.33349609375,0.333984375,0.3330078125,0.3330078125,0.3337860107421875,0.3333333432674408,0.3336588740348816,0.3333333432674408,0.3330078125,0.3333333432674408,0.3331705927848816,0.3326823115348816,0.3334147334098816,0.333984375,0.3330078125,0.3333333432674408,0.33355712890625,0.3326823115348816,0.3333333432674408,0.3330078125,0.3343099057674408,0.333984375,0.3336588740348816,0.3336588740348816,0.3336588740348816,0.3333333432674408,0.332763671875,0.3330078125,0.3336588740348816,0.3338216245174408,0.3330078125,0.3336588740348816,0.3330078125,0.3327433466911316,0.3338521420955658,0.3333333432674408,0.3338216245174408,0.3326823115348816,0.3330078125,0.3338216245174408,0.3330281674861908,0.3333333432674408,0.3330078125,0.3330078125,0.3333333432674408,0.3330078125,0.3330892026424408,0.333984375,0.3336588740348816,0.3331705927848816,0.3336995542049408,0.3326823115348816,0.3328755795955658,0.3334147334098816,0.33319091796875,0.33349609375,0.3326823115348816,0.3326823115348816,0.3328450620174408,0.3330078125,0.3330078125,0.3326823115348816,0.3333333432674408,0.3326823115348816,0.3330078125,0.3333333432674408,0.3333333432674408,0.3336588740348816,0.3338216245174408,0.3333333432674408,0.3330078125,0.3328450620174408,0.33349609375,0.33349609375,0.3330078125,0.3333333432674408,0.3330281674861908,0.33343505859375,0.3330078125,0.33349609375,0.3336995542049408,0.3336588740348816,0.3333333432674408,0.3330078125,0.3330078125,0.3333333432674408,0.333984375,0.3336588740348816,0.3330078125,0.3338216245174408,0.3333333432674408,0.333984375,0.3326823115348816,0.3333333432674408,0.3333333432674408,0.3330078125,0.3333333432674408,0.3330078125,0.3333333432674408,0.3333333432674408,0.3330078125,0.3326823115348816,0.333984375,0.3336588740348816,0.3333333432674408,0.3326823115348816,0.3328450620174408,0.3338623046875,0.3336588740348816,0.33349609375,0.3331705927848816,0.3327535092830658,0.33349609375,0.33333346247673035,0.3328584134578705,0.33317312598228455,0.33385977149009705,0.3329315185546875,0.3331095576286316,0.3334469199180603,0.3338216245174408,0.332763671875,0.3329010009765625,0.33349609375,0.3336588740348816,0.3335978388786316,0.3332926630973816,0.333740234375,0.3329060971736908,0.333984375,0.3336893916130066,0.3328450620174408,0.3329671323299408,0.3336690366268158,0.33371099829673767,0.3339436948299408,0.332763671875,0.3331705927848816,0.33278149366378784,0.33317312598228455,0.3337351679801941,0.3326924741268158,0.3333333432674408,0.3326823115348816,0.3336588740348816,0.3335978388786316,0.3331705927848816,0.3332926630973816,0.3335978388786316,0.3334859311580658,0.3335469663143158,0.3329976499080658,0.33305105566978455,0.33347487449645996,0.33384832739830017,0.3332926630973816,0.3333943784236908,0.33343505859375,0.333251953125,0.3327229917049408,0.3336537778377533,0.3339436948299408,0.3330892026424408,0.33361563086509705,0.3335164487361908,0.333740234375,0.3326009213924408,0.3334554135799408,0.332977294921875,0.3330485224723816,0.3331705927848816,0.33349609375,0.3330078125,0.3333740234375,0.3330892026424408,0.3328450620174408,0.3330892026424408,0.333251953125,0.33306884765625,0.3331654965877533,0.3336181640625,0.333984375,0.3338101804256439,0.333343505859375,0.3333333432674408,0.3336588740348816,0.3336232602596283,0.3339030146598816,0.33349609375,0.3328857421875,0.3333740234375,0.3327992856502533,0.3334147334098816,0.33349609375,0.3331705927848816,0.3333333432674408,0.3330955505371094,0.3338216245174408,0.33349609375,0.3331705927848816,0.3332621455192566,0.332763671875,0.3333333432674408,0.3333333432674408,0.333740234375,0.333740234375,0.333984375,0.33270263671875,0.3326823115348816,0.33281707763671875,0.3338623046875,0.33349609375,0.33343505859375,0.3336588740348816,0.3330078125,0.3333333432674408,0.3338216245174408,0.333740234375,0.3330078125,0.33349609375,0.3339131772518158,0.3330892026424408,0.3335978388786316,0.3328450620174408,0.3337809443473816,0.3328857421875,0.3329264521598816,0.3331705927848816,0.3338216245174408,0.3338216245174408,0.3328450620174408,0.3330078125,0.3334452509880066,0.3333333432674408,0.333251953125,0.3328959345817566,0.3333842158317566,0.3336080014705658,0.3333333432674408,0.33270263671875,0.3333740234375,0.3330065608024597,0.3333689570426941,0.3337809443473816,0.3326924741268158,0.3329976499080658,0.3336588740348816,0.3331349790096283,0.333221435546875,0.333984375,0.3335368037223816,0.332763671875,0.3343099057674408,0.3334147334098816,0.3331654965877533,0.3333333432674408,0.3326823115348816,0.3330281674861908,0.3334554135799408,0.3337148129940033,0.3331705927848816,0.33349609375,0.3328450620174408,0.3333536982536316,0.33355969190597534,0.33267849683761597,0.3338216245174408,0.33349609375,0.3332112729549408,0.3333333432674408,0.3332112729549408,0.3333333432674408,0.3326823115348816,0.3330078125,0.3332112729549408,0.3331298828125,0.3331807553768158,0.332733154296875,0.3338216245174408,0.3328857421875,0.3330078125,0.333740234375,0.33355712890625,0.3335774838924408,0.3339640498161316,0.33349609375,0.3332112729549408,0.333984375,0.3330078125,0.3335774838924408,0.33349609375,0.3331553339958191,0.3330892026424408,0.3328450620174408,0.333740234375,0.3335317075252533,0.33294677734375,0.3339436948299408,0.3330078125,0.3331705927848816,0.3330485224723816,0.3329264521598816,0.3333740234375,0.3330892026424408,0.33293914794921875,0.3335368037223816,0.33336004614830017,0.3336588740348816,0.3338216245174408,0.3328043818473816,0.3336385190486908,0.3339436948299408,0.3337300717830658,0.3333028256893158,0.33392333984375,0.3332112729549408,0.333251953125,0.3336588740348816,0.3336588740348816,0.3334147334098816,0.3339030146598816,0.3333740234375,0.3330892026424408,0.3334554135799408,0.33349609375,0.3331705927848816,0.3338216245174408,0.3334147334098816,0.3332316279411316,0.3337809443473816,0.3333333432674408,0.3331298828125,0.3336588740348816,0.3338216245174408,0.3330078125,0.3338216245174408,0.3335774838924408,0.33354443311691284,0.3330485224723816,0.3326823115348816,0.3330078125,0.3333333432674408,0.3331197202205658,0.3326009213924408,0.333740234375,0.3333740234375,0.3326823115348816,0.3334147334098816,0.3326823115348816,0.3337809443473816,0.3333333432674408,0.3335774838924408,0.33349609375,0.333740234375,0.3336995542049408,0.3338216245174408,0.3338216245174408,0.3339030146598816,0.3326823115348816,0.3330078125,0.332763671875,0.3326823115348816,0.333984375,0.3329264521598816,0.33349609375,0.3330892026424408,0.333984375,0.3330485224723816,0.3328043818473816,0.3326823115348816,0.333984375,0.3333333432674408,0.3337809443473816,0.3326823115348816,0.3328450620174408,0.3331705927848816,0.3328450620174408,0.3334147334098816,0.3329264521598816,0.3330078125,0.3334147334098816,0.3336181640625,0.33349609375,0.3336588740348816,0.3337809443473816,0.33349609375,0.33353883028030396,0.3330078125,0.3339640498161316,0.3335774838924408,0.33339327573776245,0.33333346247673035,0.33373770117759705,0.33353233337402344,0.333648681640625,0.3329264521598816,0.3339640498161316,0.333740234375,0.3328450620174408,0.333984375,0.3331705927848816,0.3333333432674408,0.333251953125,0.33251953125,0.333251953125,0.3330892026424408,0.3334147334098816,0.3328450620174408,0.3330078125,0.3328450620174408,0.333251953125,0.3328959345817566,0.3333333432674408,0.333984375,0.3331502377986908,0.3328501582145691,0.3336588740348816,0.332763671875,0.3331502377986908,0.3332112729549408,0.3336588740348816,0.3329264521598816,0.3336588740348816,0.333740234375,0.3330078125,0.3328450620174408,0.332763671875,0.3333333432674408,0.3334554135799408,0.33319091796875,0.3334147334098816,0.3339793086051941,0.33335909247398376,0.33349609375,0.33285778760910034,0.3330078125,0.3330485224723816,0.333984375,0.3339030146598816,0.3338216245174408,0.3326823115348816,0.3336588740348816,0.333740234375,0.332763671875,0.3338216245174408,0.333282470703125,0.3328450620174408,0.3336588740348816,0.3331298828125,0.3330739438533783,0.3339030146598816,0.3332163691520691,0.3329874873161316,0.3328501582145691,0.3338521420955658,0.33330029249191284,0.33349609375,0.333892822265625,0.3328450620174408,0.3326823115348816,0.3326823115348816,0.3326823115348816,0.3334554135799408,0.333984375,0.3328450620174408,0.3330078125,0.33349609375,0.3338216245174408,0.3329264521598816,0.3336588740348816,0.3336588740348816,0.3339436948299408,0.3330078125,0.3330078125,0.3338216245174408,0.3336588740348816,0.3329264521598816,0.3331298828125,0.3338553309440613,0.3333333432674408,0.33353933691978455,0.333984375,0.3336436152458191,0.3331298828125,0.3336588740348816,0.3334147334098816,0.3329060971736908,0.333740234375,0.3327166438102722,0.3328450620174408,0.3337046504020691,0.3334147334098816,0.3334147334098816,0.3330485224723816,0.332763671875,0.332763671875,0.3330892026424408,0.333984375,0.3336181640625,0.3330485224723816,0.3328450620174408,0.3338216245174408,0.3338623046875,0.333251953125,0.3336588740348816,0.33333539962768555,0.3328450620174408,0.3333333432674408,0.3331705927848816,0.3333333432674408,0.3338826596736908,0.3333333432674408,0.3339030146598816,0.3339030146598816,0.33392333984375,0.3331705927848816,0.3331705927848816,0.3331298828125,0.3330078125,0.3336588740348816,0.3326823115348816,0.3332112729549408,0.3327229917049408,0.3339030146598816,0.3335368037223816,0.3331705927848816,0.3333333432674408,0.3338216245174408,0.3336436152458191,0.3332112729549408,0.3333333432674408,0.3333333432674408,0.3330078125,0.332916259765625,0.3326823115348816,0.332763671875,0.3338623046875,0.3339030146598816,0.3333333432674408,0.3336588740348816,0.3329264521598816,0.3328348994255066,0.3336588740348816,0.333984375,0.3335978388786316,0.3328450620174408,0.3329264521598816,0.3331705927848816,0.3331705927848816,0.333251953125,0.3335368037223816,0.3335774838924408,0.333984375,0.3326823115348816,0.3335774838924408,0.3333333432674408,0.3336588740348816,0.3335164487361908,0.3332926630973816,0.3336588740348816,0.33349609375,0.333740234375,0.3328043818473816,0.3336181640625,0.3335774838924408,0.33294677734375,0.3332112729549408,0.3335774838924408,0.3339436948299408,0.3338826596736908,0.333740234375,0.3328450620174408,0.3326823115348816,0.333251953125,0.3338216245174408,0.3328450620174408,0.3330078125,0.3329264521598816,0.3338419795036316,0.3333333432674408,0.333160400390625,0.3330078125,0.3336588740348816,0.3329722285270691,0.333984375,0.3328450620174408,0.3338216245174408,0.3330078125,0.3330078125,0.3335978388786316,0.3330892026424408,0.3328450620174408,0.3337809443473816,0.33294677734375,0.3339030146598816,0.3336181640625,0.3331705927848816,0.3340657651424408,0.333984375,0.3333333432674408,0.3331705927848816,0.3333333432674408,0.3330892026424408,0.333984375,0.3334147334098816,0.3330078125,0.3339030146598816,0.3338216245174408,0.3336588740348816,0.3339436948299408,0.3330078125,0.333648681640625,0.3332926630973816,0.3332150876522064,0.3331635892391205,0.33317312598228455,0.3336385190486908,0.3339436948299408,0.3339436948299408,0.3338216245174408,0.333984375,0.3329264521598816,0.3336588740348816,0.3330485224723816,0.3328450620174408,0.333740234375,0.3339640498161316,0.333740234375,0.3338216245174408,0.3330485224723816,0.3337809443473816,0.3336080014705658,0.33316802978515625,0.3328857421875,0.33349609375,0.3332723081111908,0.3329060971736908,0.3338826596736908,0.3336588740348816,0.3333333432674408,0.3336588740348816,0.3335164487361908,0.3332672119140625,0.3335469663143158,0.3326823115348816,0.3333740234375,0.3337199091911316,0.3334004282951355,0.333984375,0.3337199091911316,0.3335062861442566,0.333038330078125,0.3330078125,0.3332112729549408,0.3329671323299408,0.3330078125,0.3338826596736908,0.3329671323299408,0.33270263671875,0.3327229917049408,0.3331705927848816,0.33349609375,0.3326823115348816,0.3333740234375,0.3328450620174408,0.3338216245174408,0.3330078125,0.333251953125,0.3328450620174408,0.332763671875,0.3335774838924408,0.3326823115348816,0.3333333432674408,0.33355712890625,0.3339335322380066,0.3334554135799408,0.33268803358078003,0.3338216245174408,0.3339691162109375,0.33349609375,0.3333333432674408,0.3333333432674408,0.3326823115348816,0.3328450620174408,0.3330078125,0.3326823115348816,0.3328450620174408,0.33331298828125,0.3330485224723816,0.3332112729549408,0.333740234375,0.3333333432674408,0.3331298828125,0.3330078125,0.3334147334098816,0.333984375,0.3336588740348816,0.3336588740348816,0.3326823115348816,0.3328857421875,0.3329671323299408,0.3335164487361908,0.3339385986328125,0.3329060971736908,0.33367919921875,0.33288830518722534,0.33327484130859375,0.33368176221847534,0.3339640498161316,0.3331705927848816,0.3330078125,0.3338623046875,0.3338216245174408,0.3330078125,0.3338216245174408,0.3333536982536316,0.3333536982536316,0.3338826596736908,0.3338216245174408,0.3329366147518158,0.3335774838924408,0.3328450620174408,0.33391889929771423,0.3336995542049408,0.3327738642692566,0.3329874873161316,0.3329671323299408,0.3328450620174408,0.333984375,0.3338470458984375,0.3328043818473816,0.3334605097770691,0.3331502377986908,0.3338623046875,0.3329976499080658,0.3328336179256439,0.3327433466911316,0.3336181640625,0.33343505859375,0.3333333432674408,0.3335978388786316,0.33313751220703125,0.3330078125,0.333251953125,0.333740234375,0.33349609375,0.3326823115348816,0.3331705927848816,0.333984375,0.3333333432674408,0.3335368037223816,0.332977294921875,0.3336588740348816,0.33306884765625,0.3338826596736908,0.33373770117759705,0.33319091796875,0.3334452509880066,0.3334452509880066,0.33334439992904663,0.3333333432674408,0.332804411649704,0.3334452509880066,0.3333333432674408,0.3332621455192566,0.3339436948299408,0.3336588740348816,0.3329874873161316,0.3330281674861908,0.3327229917049408,0.33331298828125,0.3333333432674408,0.33367919921875,0.33349609375,0.3331502377986908,0.3333333432674408,0.3338419795036316,0.3329366147518158
Haveage,base,0.5,0.4990234375,0.5,0.5000000596046448,0.49951171875,0.4990234375,0.500244140625,0.5,0.500244140625,0.4990234375,0.5000000596046448,0.5,0.5009765625,0.5009765625,0.5,0.5000000596046448,0.4990234375,0.5,0.4990234375,0.5,0.5,0.5009765625,0.4990234375,0.5,0.5,0.5,0.5,0.5,0.5,0.5009765625,0.5,0.5,0.4996337890625,0.5,0.5,0.5009765625,0.5,0.5,0.500732421875,0.49908447265625,0.49908447265625,0.4990234375,0.49951171875,0.5,0.5,0.4990234375,0.50042724609375,0.5009765625,0.50048828125,0.4990234375,0.4990234375,0.4990234375,0.49951171875,0.5009765625,0.5,0.499755859375,0.49932861328125,0.5009765625,0.49951171875,0.5009765625,0.49951171875,0.5,0.4990234375,0.49951171875,0.5,0.5009765625,0.5009765625,0.5,0.49951171875,0.5,0.5,0.5,0.4990234375,0.5,0.5,0.5,0.5009765625,0.4993896484375,0.5,0.5,0.5,0.49951171875,0.4990234375,0.4990234375,0.50048828125,0.50042724609375,0.500732421875,0.5,0.49951171875,0.5,0.49951171875,0.4990234375,0.5,0.4990234375,0.500732421875,0.5,0.5009765625,0.4990234375,0.5,0.5009765625,0.5009765625,0.4990234375,0.5,0.5,0.5,0.5,0.5,0.50048828125,0.5,0.49951171875,0.5,0.5,0.5008544921875,0.500732421875,0.49951171875,0.499755859375,0.49945068359375,0.500244140625,0.4996490478515625,0.500000536441803,0.4998779296875,0.4996337890625,0.499053955078125,0.50042724609375,0.4991455078125,0.5000667572021484,0.50018310546875,0.5009765625,0.50018310546875,0.5,0.499755859375,0.499786376953125,0.5001220703125,0.5006103515625,0.50018310546875,0.4996337890625,0.499755859375,0.4993896484375,0.49958038330078125,0.49932861328125,0.5003738403320312,0.50018310546875,0.5003662109375,0.5,0.4993896484375,0.499359130859375,0.50054931640625,0.5009040832519531,0.499755859375,0.5009765625,0.50048828125,0.50048828125,0.50048828125,0.499267578125,0.50030517578125,0.4991455078125,0.4990234375,0.49953460693359375,0.499267578125,0.500213623046875,0.500732421875,0.5003662109375,0.499603271484375,0.49981689453125,0.49974822998046875,0.500396728515625,0.500579833984375,0.499053955078125,0.50079345703125,0.500274658203125,0.5002899169921875,0.5003662109375,0.4993896484375,0.50054931640625,0.499664306640625,0.500732421875,0.5,0.5,0.5,0.4990234375,0.5001220703125,0.5,0.499267578125,0.49908447265625,0.5000762939453125,0.5006217956542969,0.50067138671875,0.5002021789550781,0.5003776550292969,0.4995269775390625,0.499755859375,0.5008544921875,0.5006980895996094,0.5008544921875,0.499847412109375,0.4990997314453125,0.5006103515625,0.5006103515625,0.5,0.49908447265625,0.49951171875,0.4990234375,0.50091552734375,0.49951171875,0.5,0.50048828125,0.50079345703125,0.4993896484375,0.5,0.4990234375,0.5009765625,0.5001373291015625,0.49932861328125,0.500213623046875,0.499267578125,0.4998626708984375,0.50048828125,0.5,0.50006103515625,0.4990234375,0.500732421875,0.5009765625,0.5,0.50054931640625,0.5,0.5,0.499267578125,0.50079345703125,0.50006103515625,0.4990234375,0.4993896484375,0.49951171875,0.499267578125,0.4998779296875,0.5,0.50048828125,0.49951171875,0.49951171875,0.499053955078125,0.50048828125,0.5,0.4992218017578125,0.4991455078125,0.49993896484375,0.500732421875,0.50006103515625,0.49921417236328125,0.5001249313354492,0.5007781982421875,0.5006828308105469,0.5006141662597656,0.49935150146484375,0.4990234375,0.500701904296875,0.49993896484375,0.50048828125,0.5,0.499267578125,0.49951171875,0.49993896484375,0.500579833984375,0.50048828125,0.500244140625,0.4993896484375,0.499755859375,0.4990234375,0.5,0.50048828125,0.5,0.5,0.500457763671875,0.499786376953125,0.499267578125,0.500244140625,0.500701904296875,0.49951171875,0.49932861328125,0.5009765625,0.5,0.4990234375,0.4990234375,0.5,0.50067138671875,0.5001220703125,0.4990234375,0.5,0.5,0.50067138671875,0.50048828125,0.5,0.4993896484375,0.499755859375,0.500244140625,0.4990234375,0.50048828125,0.5,0.5,0.5007781982421875,0.50048828125,0.5009765625,0.4990234375,0.5,0.499755859375,0.4998779296875,0.4990234375,0.4990234375,0.49957275390625,0.5,0.499725341796875,0.5003662109375,0.4993133544921875,0.49951171875,0.500335693359375,0.50091552734375,0.4990234375,0.49969482421875,0.49969482421875,0.49993896484375,0.4998779296875,0.5001220703125,0.5004997253417969,0.5001220703125,0.49951171875,0.499267578125,0.5009765625,0.49951171875,0.4990234375,0.49951171875,0.49993896484375,0.499267578125,0.49951171875,0.5,0.49969482421875,0.5009765625,0.50042724609375,0.5006103515625,0.5,0.50048828125,0.499267578125,0.50048828125,0.50048828125,0.500732421875,0.49951171875,0.500762939453125,0.5,0.50048828125,0.500732421875,0.50048828125,0.50030517578125,0.500244140625,0.5009765625,0.499755859375,0.500244140625,0.4990234375,0.49957275390625,0.499755859375,0.500244140625,0.5009765625,0.4990234375,0.500274658203125,0.5001220703125,0.50048828125,0.5,0.5003662109375,0.5009765625,0.49951171875,0.50048828125,0.50048828125,0.49951171875,0.4996337890625,0.5,0.4993896484375,0.500732421875,0.500244140625,0.5,0.5009765625,0.50048828125,0.5,0.50048828125,0.4996337890625,0.5,0.5,0.500244140625,0.499267578125,0.5,0.50048828125,0.499755859375,0.499969482421875,0.4990234375,0.5,0.5001220703125,0.49951171875,0.5006752014160156,0.500152587890625,0.499847412109375,0.49969482421875,0.5002002716064453,0.5000026226043701,0.499786376953125,0.5000762939453125,0.4990234375,0.5,0.49932861328125,0.49951171875,0.500732421875,0.500732421875,0.49932861328125,0.500732421875,0.499755859375,0.50048828125,0.500732421875,0.500244140625,0.50048828125,0.500701904296875,0.5008544921875,0.499267578125,0.500732421875,0.5,0.4990234375,0.499267578125,0.5,0.49951171875,0.500732421875,0.5003662109375,0.5002517700195312,0.4993896484375,0.500732421875,0.500244140625,0.49951171875,0.49993896484375,0.4993743896484375,0.5,0.5001220703125,0.5,0.49961090087890625,0.4990234375,0.50091552734375,0.5001220703125,0.49951171875,0.500732421875,0.4993896484375,0.5,0.4990234375,0.49951171875,0.49951171875,0.5009765625,0.5,0.4990234375,0.49920654296875,0.500732421875,0.500732421875,0.499969482421875,0.5009765625,0.49951171875,0.5,0.49945068359375,0.4990234375,0.5001220703125,0.50054931640625,0.499664306640625,0.499481201171875,0.4991455078125,0.49951171875,0.5001220703125,0.499267578125,0.5,0.5,0.4990234375,0.499755859375,0.5,0.50048828125,0.4990234375,0.500732421875,0.500244140625,0.4990234375,0.5008544921875,0.5,0.500732421875,0.5,0.5,0.49951171875,0.500732421875,0.50048828125,0.500244140625,0.5009346008300781,0.500732421875,0.500244140625,0.499755859375,0.5008544921875,0.500152587890625,0.5001220703125,0.49993896484375,0.50042724609375,0.5,0.49996185302734375,0.499237060546875,0.4998779296875,0.4990234375,0.50030517578125,0.499755859375,0.500732421875,0.49951171875,0.50048828125,0.5,0.5,0.500244140625,0.50048828125,0.5,0.5006103515625,0.500244140625,0.500732421875,0.5000050663948059,0.500732421875,0.5,0.5,0.49951171875,0.500244140625,0.4990234375,0.500244140625,0.5,0.49920654296875,0.5,0.5,0.4990234375,0.500732421875,0.4990234375,0.499267578125,0.5003662109375,0.49951171875,0.5,0.500244140625,0.50048828125,0.500001847743988,0.500732421875,0.500885009765625,0.4991455078125,0.4990234375,0.500244140625,0.4990234375,0.50048828125,0.500732421875,0.50048828125,0.5001220703125,0.5009765625,0.4990234375,0.4990234375,0.5,0.500762939453125,0.500732421875,0.4994354248046875,0.499237060546875,0.49981689453125,0.5,0.4990234375,0.5,0.5,0.500732421875,0.50048828125,0.500732421875,0.499755859375,0.50048828125,0.4990234375,0.4990234375,0.5009765625,0.49951171875,0.5009765625,0.4990234375,0.49951171875,0.49945068359375,0.500732421875,0.499755859375,0.499664306640625,0.499847412109375,0.4993896484375,0.499755859375,0.5,0.499755859375,0.500244140625,0.5,0.499267578125,0.50048828125,0.500244140625,0.5009765625,0.50048828125,0.50054931640625,0.5,0.499603271484375,0.49951171875,0.5,0.50006103515625,0.500732421875,0.500732421875,0.4990234375,0.500244140625,0.5009765625,0.4991455078125,0.49951171875,0.4990234375,0.5001220703125,0.50018310546875,0.4990234375,0.500732421875,0.499267578125,0.5009765625,0.4990234375,0.5,0.5,0.5009765625,0.500732421875,0.5,0.500732421875,0.4990234375,0.4990234375,0.5,0.50048828125,0.5,0.5,0.50048828125,0.499755859375,0.500732421875,0.49969482421875,0.5001220703125,0.49969482421875,0.5009765625,0.5,0.499755859375,0.5,0.500244140625,0.4990234375,0.4990234375,0.4990234375,0.5,0.50091552734375,0.4990234375,0.5009765625,0.5,0.5001220703125,0.499542236328125,0.5009613037109375,0.50048828125,0.5,0.50079345703125,0.5001220703125,0.499176025390625,0.49951171875,0.5009765625,0.5,0.5,0.5003662109375,0.4993896484375,0.50048828125,0.50048828125,0.5001220703125,0.5001220703125,0.5,0.4993896484375,0.500946044921875,0.5,0.5009765625,0.500732421875,0.5001220703125,0.5,0.5,0.500732421875,0.50048828125,0.4991455078125,0.4998779296875,0.5009765625,0.4993896484375,0.50048828125,0.4990234375,0.5009765625,0.5,0.49951171875,0.5009765625,0.499755859375,0.500244140625,0.5009765625,0.499755859375,0.499969482421875,0.5008392333984375,0.500885009765625,0.4991607666015625,0.499542236328125,0.5001220703125,0.49951171875,0.5009765625,0.5009765625,0.49951171875,0.5,0.5009765625,0.5,0.499755859375,0.5006103515625,0.5,0.5009765625,0.4993896484375,0.50048828125,0.50048828125,0.5009765625,0.50079345703125,0.49951171875,0.5,0.500244140625,0.5,0.4990234375,0.5,0.4994659423828125,0.50018310546875,0.500274658203125,0.499176025390625,0.500457763671875,0.4991455078125,0.50030517578125,0.49932861328125,0.5,0.49951171875,0.500732421875,0.4990234375,0.500732421875,0.4990234375,0.50067138671875,0.499755859375,0.4997406005859375,0.499755859375,0.4996337890625,0.5009765625,0.4990234375,0.4996337890625,0.5008544921875,0.499542236328125,0.499755859375,0.5009765625,0.50018310546875,0.49990081787109375,0.500640869140625,0.49951171875,0.5,0.499664306640625,0.500823974609375,0.49985504150390625,0.49961090087890625,0.49969482421875,0.500244140625,0.499755859375,0.500244140625,0.5001220703125,0.5003662109375,0.49969482421875,0.499267578125,0.49951171875,0.49951171875,0.4990234375,0.5006103515625,0.5,0.5009765625,0.500823974609375,0.5001220703125,0.500732421875,0.49932861328125,0.50018310546875,0.50048828125,0.499908447265625,0.5000000596046448,0.49920654296875,0.5000226497650146,0.5,0.5000004172325134,0.5001678466796875,0.5,0.49981689453125,0.500244140625,0.499755859375,0.5,0.5,0.50048828125,0.50006103515625,0.49951171875,0.50048828125,0.499267578125,0.5006103515625,0.50018310546875,0.5,0.49951171875
Wizard,org,1.0,1.0,1.0,1.0,1.0,1.0,1.0,1.0,1.0,1.0,1.0,1.0,1.0,1.0,1.0,1.0,1.0,1.0,1.0,1.0,1.0,1.0,1.0,1.0,1.0,1.0,1.0,1.0,1.0,1.0,1.0,1.0,1.0,1.0,1.0,1.0,1.0,1.0,1.0,1.0,1.0,1.0,1.0,1.0,1.0,1.0,1.0,1.0,1.0,1.0,1.0,1.0,1.0,1.0,1.0,1.0,1.0,1.0,1.0,1.0,1.0,1.0,1.0,1.0,1.0,1.0,1.0,1.0,1.0,1.0,1.0,1.0,1.0,1.0,1.0,1.0,1.0,1.0,1.0,1.0,1.0,1.0,1.0,1.0,1.0,1.0,1.0,1.0,1.0,1.0,1.0,1.0,1.0,1.0,1.0,1.0,1.0,1.0,1.0,1.0,1.0,1.0,1.0,1.0,1.0,1.0,1.0,1.0,1.0,1.0,1.0,1.0,1.0,1.0,1.0,1.0,1.0,1.0,1.0,1.0,1.0,1.0,1.0,1.0,1.0,1.0,1.0,1.0,1.0,1.0,1.0,1.0,1.0,1.0,1.0,1.0,1.0,1.0,1.0,1.0,1.0,1.0,1.0,1.0,1.0,1.0,1.0,1.0,1.0,1.0,1.0,1.0,1.0,1.0,1.0,1.0,1.0,1.0,1.0,1.0,1.0,1.0,1.0,1.0,1.0,1.0,1.0,1.0,1.0,1.0,1.0,1.0,1.0,1.0,1.0,1.0,1.0,1.0,1.0,1.0,1.0,1.0,1.0,1.0,1.0,1.0,1.0,1.0,1.0,1.0,1.0,1.0,1.0,1.0,1.0,1.0,1.0,1.0,1.0,1.0,1.0,1.0,1.0,1.0,1.0,1.0,1.0,1.0,1.0,1.0,1.0,1.0,1.0,1.0,1.0,1.0,1.0,1.0,1.0,1.0,1.0,1.0,1.0,1.0,1.0,1.0,1.0,1.0,1.0,1.0,1.0,1.0,1.0,1.0,1.0,1.0,1.0,1.0,1.0,1.0,1.0,1.0,1.0,1.0,1.0,1.0,1.0,1.0,1.0,1.0,1.0,1.0,1.0,1.0,1.0,1.0,1.0,1.0,1.0,1.0,1.0,1.0,1.0,1.0,1.0,1.0,1.0,1.0,1.0,1.0,1.0,1.0,1.0,1.0,1.0,1.0,1.0,1.0,1.0,1.0,1.0,1.0,1.0,1.0,1.0,1.0,1.0,1.0,1.0,1.0,1.0,1.0,1.0,1.0,1.0,1.0,1.0,1.0,1.0,1.0,1.0,1.0,1.0,1.0,1.0,1.0,1.0,1.0,1.0,1.0,1.0,1.0,1.0,1.0,1.0,1.0,1.0,1.0,1.0,1.0,1.0,1.0,1.0,1.0,1.0,1.0,1.0,1.0,1.0,1.0,1.0,1.0,1.0,1.0,1.0,1.0,1.0,1.0,1.0,1.0,1.0,1.0,1.0,1.0,1.0,1.0,1.0,1.0,1.0,1.0,1.0,1.0,1.0,1.0,1.0,1.0,1.0,1.0,1.0,1.0,1.0,1.0,1.0,1.0,1.0,1.0,1.0,1.0,1.0,1.0,1.0,1.0,1.0,1.0,1.0,1.0,1.0,1.0,1.0,1.0,1.0,1.0,1.0,1.0,1.0,1.0,1.0,1.0,1.0,1.0,1.0,1.0,1.0,1.0,1.0,1.0,1.0,1.0,1.0,1.0,1.0,1.0,1.0,1.0,1.0,1.0,1.0,1.0,1.0,1.0,1.0,1.0,1.0,1.0,1.0,1.0,1.0,1.0,1.0,1.0,1.0,1.0,1.0,1.0,1.0,1.0,1.0,1.0,1.0,1.0,1.0,1.0,1.0,1.0,1.0,1.0,1.0,1.0,1.0,1.0,1.0,1.0,1.0,1.0,1.0,1.0,1.0,1.0,1.0,1.0,1.0,1.0,1.0,1.0,1.0,1.0,1.0,1.0,1.0,1.0,1.0,1.0,1.0,1.0,1.0,1.0,1.0,1.0,1.0,1.0,1.0,1.0,1.0,1.0,1.0,1.0,1.0,1.0,1.0,1.0,1.0,1.0,1.0,1.0,1.0,1.0,1.0,1.0,1.0,1.0,1.0,1.0,1.0,1.0,1.0,1.0,1.0,1.0,1.0,1.0,1.0,1.0,1.0,1.0,1.0,1.0,1.0,1.0,1.0,1.0,1.0,1.0,1.0,1.0,1.0,1.0,1.0,1.0,1.0,1.0,1.0,1.0,1.0,1.0,1.0,1.0,1.0,1.0,1.0,1.0,1.0,1.0,1.0,1.0,1.0,1.0,1.0,1.0,1.0,1.0,1.0,1.0,1.0,1.0,1.0,1.0,1.0,1.0,1.0,1.0,1.0,1.0,1.0,1.0,1.0,1.0,1.0,1.0,1.0,1.0,1.0,1.0,1.0,1.0,1.0,1.0,1.0,1.0,1.0,1.0,1.0,1.0,1.0,1.0,1.0,1.0,1.0,1.0,1.0,1.0,1.0,1.0,1.0,1.0,1.0,1.0,1.0,1.0,1.0,1.0,1.0,1.0,1.0,1.0,1.0,1.0,1.0,1.0,1.0,1.0,1.0,1.0,1.0,1.0,1.0,1.0,1.0,1.0,1.0,1.0,1.0,1.0,1.0,1.0,1.0,1.0,1.0,1.0,1.0,1.0,1.0,1.0,1.0,1.0,1.0,1.0,1.0,1.0,1.0,1.0,1.0,1.0,1.0,1.0,1.0,1.0,1.0,1.0,1.0,1.0,1.0,1.0,1.0,1.0,1.0,1.0,1.0,1.0,1.0,1.0,1.0,1.0,1.0,1.0,1.0,1.0,1.0,1.0,1.0,1.0,1.0,1.0,1.0,1.0,1.0,1.0,1.0,1.0,1.0,1.0,1.0,1.0,1.0,1.0,1.0,1.0,1.0,1.0,1.0,1.0,1.0,1.0,1.0,1.0,1.0,1.0,1.0,1.0,1.0,1.0,1.0,1.0,1.0,1.0,1.0,1.0,1.0,1.0,1.0,1.0,1.0,1.0,1.0,1.0,1.0,1.0,1.0,1.0,1.0,1.0,1.0,1.0,1.0,1.0,1.0,1.0,1.0,1.0,1.0,1.0,1.0,1.0,1.0,1.0,1.0,1.0,1.0,1.0,1.0,1.0,1.0,1.0,1.0,1.0,1.0,1.0,1.0,1.0,1.0,1.0,1.0,1.0,1.0,1.0,1.0,1.0,1.0,1.0,1.0,1.0,1.0,1.0,1.0,1.0,1.0,1.0,1.0,1.0,1.0,1.0,1.0,1.0,1.0,1.0,1.0,1.0,1.0,1.0,1.0,1.0,1.0,1.0,1.0,1.0,1.0,1.0,1.0,1.0,1.0,1.0,1.0,1.0,1.0,1.0
Counter,org,1.0,1.0,1.0,1.0,1.0,1.0,1.0,1.0,1.0,1.0,1.0,1.0,1.0,1.0,1.0,1.0,1.0,1.0,1.0,1.0,1.0,1.0,1.0,1.0,1.0,1.0,1.0,1.0,1.0,1.0,1.0,1.0,1.0,1.0,1.0,1.0,1.0,1.0,1.0,1.0,1.0,1.0,1.0,1.0,1.0,1.0,1.0,1.0,1.0,1.0,1.0,1.0,1.0,1.0,1.0,1.0,1.0,1.0,1.0,1.0,1.0,1.0,1.0,1.0,1.0,1.0,1.0,1.0,1.0,1.0,1.0,1.0,1.0,1.0,1.0,1.0,1.0,1.0,1.0,1.0,1.0,1.0,1.0,1.0,1.0,1.0,1.0,1.0,1.0,1.0,1.0,1.0,1.0,1.0,1.0,1.0,1.0,1.0,1.0,1.0,1.0,1.0,1.0,1.0,1.0,1.0,1.0,1.0,1.0,1.0,1.0,1.0,1.0,1.0,1.0,1.0,1.0,1.0,1.0,1.0,1.0,1.0,1.0,1.0,1.0,1.0,1.0,1.0,1.0,1.0,1.0,1.0,1.0,1.0,1.0,1.0,1.0,1.0,1.0,1.0,1.0,1.0,1.0,1.0,1.0,1.0,1.0,1.0,1.0,1.0,1.0,1.0,1.0,1.0,1.0,1.0,1.0,1.0,1.0,1.0,1.0,1.0,1.0,1.0,1.0,1.0,1.0,1.0,1.0,1.0,1.0,1.0,1.0,1.0,1.0,1.0,1.0,1.0,1.0,1.0,1.0,1.0,1.0,1.0,1.0,1.0,1.0,1.0,1.0,1.0,1.0,1.0,1.0,1.0,1.0,1.0,1.0,1.0,1.0,1.0,1.0,1.0,1.0,1.0,1.0,1.0,1.0,1.0,1.0,1.0,1.0,1.0,1.0,1.0,1.0,1.0,1.0,1.0,1.0,1.0,1.0,1.0,1.0,1.0,1.0,1.0,1.0,1.0,1.0,1.0,1.0,1.0,1.0,1.0,1.0,1.0,1.0,1.0,1.0,1.0,1.0,1.0,1.0,1.0,1.0,1.0,1.0,1.0,1.0,1.0,1.0,1.0,1.0,1.0,1.0,1.0,1.0,1.0,1.0,1.0,1.0,1.0,1.0,1.0,1.0,1.0,1.0,1.0,1.0,1.0,1.0,1.0,1.0,1.0,1.0,1.0,1.0,1.0,1.0,1.0,1.0,1.0,1.0,1.0,1.0,1.0,1.0,1.0,1.0,1.0,1.0,1.0,1.0,1.0,1.0,1.0,1.0,1.0,1.0,1.0,1.0,1.0,1.0,1.0,1.0,1.0,1.0,1.0,1.0,1.0,1.0,1.0,1.0,1.0,1.0,1.0,1.0,1.0,1.0,1.0,1.0,1.0,1.0,1.0,1.0,1.0,1.0,1.0,1.0,1.0,1.0,1.0,1.0,1.0,1.0,1.0,1.0,1.0,1.0,1.0,1.0,1.0,1.0,1.0,1.0,1.0,1.0,1.0,1.0,1.0,1.0,1.0,1.0,1.0,1.0,1.0,1.0,1.0,1.0,1.0,1.0,1.0,1.0,1.0,1.0,1.0,1.0,1.0,1.0,1.0,1.0,1.0,1.0,1.0,1.0,1.0,1.0,1.0,1.0,1.0,1.0,1.0,1.0,1.0,1.0,1.0,1.0,1.0,1.0,1.0,1.0,1.0,1.0,1.0,1.0,1.0,1.0,1.0,1.0,1.0,1.0,1.0,1.0,1.0,1.0,1.0,1.0,1.0,1.0,1.0,1.0,1.0,1.0,1.0,1.0,1.0,1.0,1.0,1.0,1.0,1.0,1.0,1.0,1.0,1.0,1.0,1.0,1.0,1.0,1.0,1.0,1.0,1.0,1.0,1.0,1.0,1.0,1.0,1.0,1.0,1.0,1.0,1.0,1.0,1.0,1.0,1.0,1.0,1.0,1.0,1.0,1.0,1.0,1.0,1.0,1.0,1.0,1.0,1.0,1.0,1.0,1.0,1.0,1.0,1.0,1.0,1.0,1.0,1.0,1.0,1.0,1.0,1.0,1.0,1.0,1.0,1.0,1.0,1.0,1.0,1.0,1.0,1.0,1.0,1.0,1.0,1.0,1.0,1.0,1.0,1.0,1.0,1.0,1.0,1.0,1.0,1.0,1.0,1.0,1.0,1.0,1.0,1.0,1.0,1.0,1.0,1.0,1.0,1.0,1.0,1.0,1.0,1.0,1.0,1.0,1.0,1.0,1.0,1.0,1.0,1.0,1.0,1.0,1.0,1.0,1.0,1.0,1.0,1.0,1.0,1.0,1.0,1.0,1.0,1.0,1.0,1.0,1.0,1.0,1.0,1.0,1.0,1.0,1.0,1.0,1.0,1.0,1.0,1.0,1.0,1.0,1.0,1.0,1.0,1.0,1.0,1.0,1.0,1.0,1.0,1.0,1.0,1.0,1.0,1.0,1.0,1.0,1.0,1.0,1.0,1.0,1.0,1.0,1.0,1.0,1.0,1.0,1.0,1.0,1.0,1.0,1.0,1.0,1.0,1.0,1.0,1.0,1.0,1.0,1.0,1.0,1.0,1.0,1.0,1.0,1.0,1.0,1.0,1.0,1.0,1.0,1.0,1.0,1.0,1.0,1.0,1.0,1.0,1.0,1.0,1.0,1.0,1.0,1.0,1.0,1.0,1.0,1.0,1.0,1.0,1.0,1.0,1.0,1.0,1.0,1.0,1.0,1.0,1.0,1.0,1.0,1.0,1.0,1.0,1.0,1.0,1.0,1.0,1.0,1.0,1.0,1.0,1.0,1.0,1.0,1.0,1.0,1.0,1.0,1.0,1.0,1.0,1.0,1.0,1.0,1.0,1.0,1.0,1.0,1.0,1.0,1.0,1.0,1.0,1.0,1.0,1.0,1.0,1.0,1.0,1.0,1.0,1.0,1.0,1.0,1.0,1.0,1.0,1.0,1.0,1.0,1.0,1.0,1.0,1.0,1.0,1.0,1.0,1.0,1.0,1.0,1.0,1.0,1.0,1.0,1.0,1.0,1.0,1.0,1.0,1.0,1.0,1.0,1.0,1.0,1.0,1.0,1.0,1.0,1.0,1.0,1.0,1.0,1.0,1.0,1.0,1.0,1.0,1.0,1.0,1.0,1.0,1.0,1.0,1.0,1.0,1.0,1.0,1.0,1.0,1.0,1.0,1.0,1.0,1.0,1.0,1.0,1.0,1.0,1.0,1.0,1.0,1.0,1.0,1.0,1.0,1.0,1.0,1.0,1.0,1.0,1.0,1.0,1.0,1.0,1.0,1.0,1.0,1.0,1.0,1.0,1.0,1.0,1.0,1.0,1.0,1.0,1.0,1.0,1.0,1.0,1.0,1.0,1.0,1.0,1.0,1.0,1.0,1.0,1.0,1.0,1.0,1.0,1.0
Ownership,org,1.0,1.0,1.0,1.0,1.0,1.0,1.0,1.0,1.0,1.0,1.0,1.0,1.0,1.0,1.0,1.0,1.0,1.0,1.0,1.0,1.0,1.0,1.0,1.0,1.0,1.0,1.0,1.0,1.0,1.0,1.0,1.0,1.0,1.0,1.0,1.0,1.0,1.0,1.0,1.0,1.0,1.0,1.0,1.0,1.0,1.0,1.0,1.0,1.0,1.0,1.0,1.0,1.0,1.0,1.0,1.0,1.0,1.0,1.0,1.0,1.0,1.0,1.0,1.0,1.0,1.0,1.0,1.0,1.0,1.0,1.0,1.0,1.0,1.0,1.0,1.0,1.0,1.0,1.0,1.0,1.0,1.0,1.0,1.0,1.0,1.0,1.0,1.0,1.0,1.0,1.0,1.0,1.0,1.0,1.0,1.0,1.0,1.0,1.0,1.0,1.0,1.0,1.0,1.0,1.0,1.0,1.0,1.0,1.0,1.0,1.0,1.0,1.0,1.0,1.0,1.0,1.0,1.0,1.0,1.0,1.0,1.0,1.0,1.0,1.0,1.0,1.0,1.0,1.0,1.0,1.0,1.0,1.0,1.0,1.0,1.0,1.0,1.0,1.0,1.0,1.0,1.0,1.0,1.0,1.0,1.0,1.0,1.0,1.0,1.0,1.0,1.0,1.0,1.0,1.0,1.0,1.0,1.0,1.0,1.0,1.0,1.0,1.0,1.0,1.0,1.0,1.0,1.0,1.0,1.0,1.0,1.0,1.0,1.0,1.0,1.0,1.0,1.0,1.0,1.0,1.0,1.0,1.0,1.0,1.0,1.0,1.0,1.0,1.0,1.0,1.0,1.0,1.0,1.0,1.0,1.0,1.0,1.0,1.0,1.0,1.0,1.0,1.0,1.0,1.0,1.0,1.0,1.0,1.0,1.0,1.0,1.0,1.0,1.0,1.0,1.0,1.0,1.0,1.0,1.0,1.0,1.0,1.0,1.0,1.0,1.0,1.0,1.0,1.0,1.0,1.0,1.0,1.0,1.0,1.0,1.0,1.0,1.0,1.0,1.0,1.0,1.0,1.0,1.0,1.0,1.0,1.0,1.0,1.0,1.0,1.0,1.0,1.0,1.0,1.0,1.0,1.0,1.0,1.0,1.0,1.0,1.0,1.0,1.0,1.0,1.0,1.0,1.0,1.0,1.0,1.0,1.0,1.0,1.0,1.0,1.0,1.0,1.0,1.0,1.0,1.0,1.0,1.0,1.0,1.0,1.0,1.0,1.0,1.0,1.0,1.0,1.0,1.0,1.0,1.0,1.0,1.0,1.0,1.0,1.0,1.0,1.0,1.0,1.0,1.0,1.0,1.0,1.0,1.0,1.0,1.0,1.0,1.0,1.0,1.0,1.0,1.0,1.0,1.0,1.0,1.0,1.0,1.0,1.0,1.0,1.0,1.0,1.0,1.0,1.0,1.0,1.0,1.0,1.0,1.0,1.0,1.0,1.0,1.0,1.0,1.0,1.0,1.0,1.0,1.0,1.0,1.0,1.0,1.0,1.0,1.0,1.0,1.0,1.0,1.0,1.0,1.0,1.0,1.0,1.0,1.0,1.0,1.0,1.0,1.0,1.0,1.0,1.0,1.0,1.0,1.0,1.0,1.0,1.0,1.0,1.0,1.0,1.0,1.0,1.0,1.0,1.0,1.0,1.0,1.0,1.0,1.0,1.0,1.0,1.0,1.0,1.0,1.0,1.0,1.0,1.0,1.0,1.0,1.0,1.0,1.0,1.0,1.0,1.0,1.0,1.0,1.0,1.0,1.0,1.0,1.0,1.0,1.0,1.0,1.0,1.0,1.0,1.0,1.0,1.0,1.0,1.0,1.0,1.0,1.0,1.0,1.0,1.0,1.0,1.0,1.0,1.0,1.0,1.0,1.0,1.0,1.0,1.0,1.0,1.0,1.0,1.0,1.0,1.0,1.0,1.0,1.0,1.0,1.0,1.0,1.0,1.0,1.0,1.0,1.0,1.0,1.0,1.0,1.0,1.0,1.0,1.0,1.0,1.0,1.0,1.0,1.0,1.0,1.0,1.0,1.0,1.0,1.0,1.0,1.0,1.0,1.0,1.0,1.0,1.0,1.0,1.0,1.0,1.0,1.0,1.0,1.0,1.0,1.0,1.0,1.0,1.0,1.0,1.0,1.0,1.0,1.0,1.0,1.0,1.0,1.0,1.0,1.0,1.0,1.0,1.0,1.0,1.0,1.0,1.0,1.0,1.0,1.0,1.0,1.0,1.0,1.0,1.0,1.0,1.0,1.0,1.0,1.0,1.0,1.0,1.0,1.0,1.0,1.0,1.0,1.0,1.0,1.0,1.0,1.0,1.0,1.0,1.0,1.0,1.0,1.0,1.0,1.0,1.0,1.0,1.0,1.0,1.0,1.0,1.0,1.0,1.0,1.0,1.0,1.0,1.0,1.0,1.0,1.0,1.0,1.0,1.0,1.0,1.0,1.0,1.0,1.0,1.0,1.0,1.0,1.0,1.0,1.0,1.0,1.0,1.0,1.0,1.0,1.0,1.0,1.0,1.0,1.0,1.0,1.0,1.0,1.0,1.0,1.0,1.0,1.0,1.0,1.0,1.0,1.0,1.0,1.0,1.0,1.0,1.0,1.0,1.0,1.0,1.0,1.0,1.0,1.0,1.0,1.0,1.0,1.0,1.0,1.0,1.0,1.0,1.0,1.0,1.0,1.0,1.0,1.0,1.0,1.0,1.0,1.0,1.0,1.0,1.0,1.0,1.0,1.0,1.0,1.0,1.0,1.0,1.0,1.0,1.0,1.0,1.0,1.0,1.0,1.0,1.0,1.0,1.0,1.0,1.0,1.0,1.0,1.0,1.0,1.0,1.0,1.0,1.0,1.0,1.0,1.0,1.0,1.0,1.0,1.0,1.0,1.0,1.0,1.0,1.0,1.0,1.0,1.0,1.0,1.0,1.0,1.0,1.0,1.0,1.0,1.0,1.0,1.0,1.0,1.0,1.0,1.0,1.0,1.0,1.0,1.0,1.0,1.0,1.0,1.0,1.0,1.0,1.0,1.0,1.0,1.0,1.0,1.0,1.0,1.0,1.0,1.0,1.0,1.0,1.0,1.0,1.0,1.0,1.0,1.0,1.0,1.0,1.0,1.0,1.0,1.0,1.0,1.0,1.0,1.0,1.0,1.0,1.0,1.0,1.0,1.0,1.0,1.0,1.0,1.0,1.0,1.0,1.0,1.0,1.0,1.0,1.0,1.0,1.0,1.0,1.0,1.0,1.0,1.0,1.0,1.0,1.0,1.0,1.0,1.0,1.0,1.0,1.0,1.0,1.0,1.0,1.0,1.0,1.0,1.0,1.0,1.0,1.0,1.0,1.0,1.0,1.0,1.0,1.0,1.0,1.0,1.0,1.0,1.0,1.0,1.0,1.0,1.0,1.0,1.0,1.0
Serial,org,1.0,1.0,1.0,1.0,1.0,1.0,1.0,1.0,1.0,1.0,1.0,1.0,1.0,1.0,1.0,1.0,1.0,1.0,1.0,1.0,1.0,1.0,1.0,1.0,1.0,1.0,1.0,1.0,1.0,1.0,1.0,1.0,1.0,1.0,1.0,1.0,1.0,1.0,1.0,1.0,1.0,1.0,1.0,1.0,1.0,1.0,1.0,1.0,1.0,1.0,1.0,1.0,1.0,1.0,1.0,1.0,1.0,1.0,1.0,1.0,1.0,1.0,1.0,1.0,1.0,1.0,1.0,1.0,1.0,1.0,1.0,1.0,1.0,1.0,1.0,1.0,1.0,1.0,1.0,1.0,1.0,1.0,1.0,1.0,1.0,1.0,1.0,1.0,1.0,1.0,1.0,1.0,1.0,1.0,1.0,1.0,1.0,1.0,1.0,1.0,1.0,1.0,1.0,1.0,1.0,1.0,1.0,1.0,1.0,1.0,1.0,1.0,1.0,1.0,1.0,1.0,1.0,1.0,1.0,1.0,1.0,1.0,1.0,1.0,1.0,1.0,1.0,1.0,1.0,1.0,1.0,1.0,1.0,1.0,1.0,1.0,1.0,1.0,1.0,1.0,1.0,1.0,1.0,1.0,1.0,1.0,1.0,1.0,1.0,1.0,1.0,1.0,1.0,1.0,1.0,1.0,1.0,1.0,1.0,1.0,1.0,1.0,1.0,1.0,1.0,1.0,1.0,1.0,1.0,1.0,1.0,1.0,1.0,1.0,1.0,1.0,1.0,1.0,1.0,1.0,1.0,1.0,1.0,1.0,1.0,1.0,1.0,1.0,1.0,1.0,1.0,1.0,1.0,1.0,1.0,1.0,1.0,1.0,1.0,1.0,1.0,1.0,1.0,1.0,1.0,1.0,1.0,1.0,1.0,1.0,1.0,1.0,1.0,1.0,1.0,1.0,1.0,1.0,1.0,1.0,1.0,1.0,1.0,1.0,1.0,1.0,1.0,1.0,1.0,1.0,1.0,1.0,1.0,1.0,1.0,1.0,1.0,1.0,1.0,1.0,1.0,1.0,1.0,1.0,1.0,1.0,1.0,1.0,1.0,1.0,1.0,1.0,1.0,1.0,1.0,1.0,1.0,1.0,1.0,1.0,1.0,1.0,1.0,1.0,1.0,1.0,1.0,1.0,1.0,1.0,1.0,1.0,1.0,1.0,1.0,1.0,1.0,1.0,1.0,1.0,1.0,1.0,1.0,1.0,1.0,1.0,1.0,1.0,1.0,1.0,1.0,1.0,1.0,1.0,1.0,1.0,1.0,1.0,1.0,1.0,1.0,1.0,1.0,1.0,1.0,1.0,1.0,1.0,1.0,1.0,1.0,1.0,1.0,1.0,1.0,1.0,1.0,1.0,1.0,1.0,1.0,1.0,1.0,1.0,1.0,1.0,1.0,1.0,1.0,1.0,1.0,1.0,1.0,1.0,1.0,1.0,1.0,1.0,1.0,1.0,1.0,1.0,1.0,1.0,1.0,1.0,1.0,1.0,1.0,1.0,1.0,1.0,1.0,1.0,1.0,1.0,1.0,1.0,1.0,1.0,1.0,1.0,1.0,1.0,1.0,1.0,1.0,1.0,1.0,1.0,1.0,1.0,1.0,1.0,1.0,1.0,1.0,1.0,1.0,1.0,1.0,1.0,1.0,1.0,1.0,1.0,1.0,1.0,1.0,1.0,1.0,1.0,1.0,1.0,1.0,1.0,1.0,1.0,1.0,1.0,1.0,1.0,1.0,1.0,1.0,1.0,1.0,1.0,1.0,1.0,1.0,1.0,1.0,1.0,1.0,1.0,1.0,1.0,1.0,1.0,1.0,1.0,1.0,1.0,1.0,1.0,1.0,1.0,1.0,1.0,1.0,1.0,1.0,1.0,1.0,1.0,1.0,1.0,1.0,1.0,1.0,1.0,1.0,1.0,1.0,1.0,1.0,1.0,1.0,1.0,1.0,1.0,1.0,1.0,1.0,1.0,1.0,1.0,1.0,1.0,1.0,1.0,1.0,1.0,1.0,1.0,1.0,1.0,1.0,1.0,1.0,1.0,1.0,1.0,1.0,1.0,1.0,1.0,1.0,1.0,1.0,1.0,1.0,1.0,1.0,1.0,1.0,1.0,1.0,1.0,1.0,1.0,1.0,1.0,1.0,1.0,1.0,1.0,1.0,1.0,1.0,1.0,1.0,1.0,1.0,1.0,1.0,1.0,1.0,1.0,1.0,1.0,1.0,1.0,1.0,1.0,1.0,1.0,1.0,1.0,1.0,1.0,1.0,1.0,1.0,1.0,1.0,1.0,1.0,1.0,1.0,1.0,1.0,1.0,1.0,1.0,1.0,1.0,1.0,1.0,1.0,1.0,1.0,1.0,1.0,1.0,1.0,1.0,1.0,1.0,1.0,1.0,1.0,1.0,1.0,1.0,1.0,1.0,1.0,1.0,1.0,1.0,1.0,1.0,1.0,1.0,1.0,1.0,1.0,1.0,1.0,1.0,1.0,1.0,1.0,1.0,1.0,1.0,1.0,1.0,1.0,1.0,1.0,1.0,1.0,1.0,1.0,1.0,1.0,1.0,1.0,1.0,1.0,1.0,1.0,1.0,1.0,1.0,1.0,1.0,1.0,1.0,1.0,1.0,1.0,1.0,1.0,1.0,1.0,1.0,1.0,1.0,1.0,1.0,1.0,1.0,1.0,1.0,1.0,1.0,1.0,1.0,1.0,1.0,1.0,1.0,1.0,1.0,1.0,1.0,1.0,1.0,1.0,1.0,1.0,1.0,1.0,1.0,1.0,1.0,1.0,1.0,1.0,1.0,1.0,1.0,1.0,1.0,1.0,1.0,1.0,1.0,1.0,1.0,1.0,1.0,1.0,1.0,1.0,1.0,1.0,1.0,1.0,1.0,1.0,1.0,1.0,1.0,1.0,1.0,1.0,1.0,1.0,1.0,1.0,1.0,1.0,1.0,1.0,1.0,1.0,1.0,1.0,1.0,1.0,1.0,1.0,1.0,1.0,1.0,1.0,1.0,1.0,1.0,1.0,1.0,1.0,1.0,1.0,1.0,1.0,1.0,1.0,1.0,1.0,1.0,1.0,1.0,1.0,1.0,1.0,1.0,1.0,1.0,1.0,1.0,1.0,1.0,1.0,1.0,1.0,1.0,1.0,1.0,1.0,1.0,1.0,1.0,1.0,1.0,1.0,1.0,1.0,1.0,1.0,1.0,1.0,1.0,1.0,1.0,1.0,1.0,1.0,1.0,1.0,1.0,1.0,1.0,1.0,1.0,1.0,1.0,1.0,1.0,1.0,1.0,1.0,1.0,1.0,1.0,1.0,1.0,1.0,1.0,1.0,1.0,1.0,1.0,1.0,1.0,1.0,1.0,1.0,1.0,1.0,1.0,1.0,1.0,1.0,1.0,1.0,1.0,1.0,1.0
American,org,1.0,1.0,1.0,1.0,1.0,1.0,1.0,1.0,1.0,1.0,1.0,1.0,1.0,1.0,1.0,1.0,1.0,1.0,1.0,1.0,1.0,1.0,1.0,1.0,1.0,1.0,1.0,1.0,1.0,1.0,1.0,1.0,1.0,1.0,1.0,1.0,1.0,1.0,1.0,1.0,1.0,1.0,1.0,1.0,1.0,1.0,1.0,1.0,1.0,1.0,1.0,1.0,1.0,1.0,1.0,1.0,1.0,1.0,1.0,1.0,1.0,1.0,1.0,1.0,1.0,1.0,1.0,1.0,1.0,1.0,1.0,1.0,1.0,1.0,1.0,1.0,1.0,1.0,1.0,1.0,1.0,1.0,1.0,1.0,1.0,1.0,1.0,1.0,1.0,1.0,1.0,1.0,1.0,1.0,1.0,1.0,1.0,1.0,1.0,1.0,1.0,1.0,1.0,1.0,1.0,1.0,1.0,1.0,1.0,1.0,1.0,1.0,1.0,1.0,1.0,1.0,1.0,1.0,1.0,1.0,1.0,1.0,1.0,1.0,1.0,1.0,1.0,1.0,1.0,1.0,1.0,1.0,1.0,1.0,1.0,1.0,1.0,1.0,1.0,1.0,1.0,1.0,1.0,1.0,1.0,1.0,1.0,1.0,1.0,1.0,1.0,1.0,1.0,1.0,1.0,1.0,1.0,1.0,1.0,1.0,1.0,1.0,1.0,1.0,1.0,1.0,1.0,1.0,1.0,1.0,1.0,1.0,1.0,1.0,1.0,1.0,1.0,1.0,1.0,1.0,1.0,1.0,1.0,1.0,1.0,1.0,1.0,1.0,1.0,1.0,1.0,1.0,1.0,1.0,1.0,1.0,1.0,1.0,1.0,1.0,1.0,1.0,1.0,1.0,1.0,1.0,1.0,1.0,1.0,1.0,1.0,1.0,1.0,1.0,1.0,1.0,1.0,1.0,1.0,1.0,1.0,1.0,1.0,1.0,1.0,1.0,1.0,1.0,1.0,1.0,1.0,1.0,1.0,1.0,1.0,1.0,1.0,1.0,1.0,1.0,1.0,1.0,1.0,1.0,1.0,1.0,1.0,1.0,1.0,1.0,1.0,1.0,1.0,1.0,1.0,1.0,1.0,1.0,1.0,1.0,1.0,1.0,1.0,1.0,1.0,1.0,1.0,1.0,1.0,1.0,1.0,1.0,1.0,1.0,1.0,1.0,1.0,1.0,1.0,1.0,1.0,1.0,1.0,1.0,1.0,1.0,1.0,1.0,1.0,1.0,1.0,1.0,1.0,1.0,1.0,1.0,1.0,1.0,1.0,1.0,1.0,1.0,1.0,1.0,1.0,1.0,1.0,1.0,1.0,1.0,1.0,1.0,1.0,1.0,1.0,1.0,1.0,1.0,1.0,1.0,1.0,1.0,1.0,1.0,1.0,1.0,1.0,1.0,1.0,1.0,1.0,1.0,1.0,1.0,1.0,1.0,1.0,1.0,1.0,1.0,1.0,1.0,1.0,1.0,1.0,1.0,1.0,1.0,1.0,1.0,1.0,1.0,1.0,1.0,1.0,1.0,1.0,1.0,1.0,1.0,1.0,1.0,1.0,1.0,1.0,1.0,1.0,1.0,1.0,1.0,1.0,1.0,1.0,1.0,1.0,1.0,1.0,1.0,1.0,1.0,1.0,1.0,1.0,1.0,1.0,1.0,1.0,1.0,1.0,1.0,1.0,1.0,1.0,1.0,1.0,1.0,1.0,1.0,1.0,1.0,1.0,1.0,1.0,1.0,1.0,1.0,1.0,1.0,1.0,1.0,1.0,1.0,1.0,1.0,1.0,1.0,1.0,1.0,1.0,1.0,1.0,1.0,1.0,1.0,1.0,1.0,1.0,1.0,1.0,1.0,1.0,1.0,1.0,1.0,1.0,1.0,1.0,1.0,1.0,1.0,1.0,1.0,1.0,1.0,1.0,1.0,1.0,1.0,1.0,1.0,1.0,1.0,1.0,1.0,1.0,1.0,1.0,1.0,1.0,1.0,1.0,1.0,1.0,1.0,1.0,1.0,1.0,1.0,1.0,1.0,1.0,1.0,1.0,1.0,1.0,1.0,1.0,1.0,1.0,1.0,1.0,1.0,1.0,1.0,1.0,1.0,1.0,1.0,1.0,1.0,1.0,1.0,1.0,1.0,1.0,1.0,1.0,1.0,1.0,1.0,1.0,1.0,1.0,1.0,1.0,1.0,1.0,1.0,1.0,1.0,1.0,1.0,1.0,1.0,1.0,1.0,1.0,1.0,1.0,1.0,1.0,1.0,1.0,1.0,1.0,1.0,1.0,1.0,1.0,1.0,1.0,1.0,1.0,1.0,1.0,1.0,1.0,1.0,1.0,1.0,1.0,1.0,1.0,1.0,1.0,1.0,1.0,1.0,1.0,1.0,1.0,1.0,1.0,1.0,1.0,1.0,1.0,1.0,1.0,1.0,1.0,1.0,1.0,1.0,1.0,1.0,1.0,1.0,1.0,1.0,1.0,1.0,1.0,1.0,1.0,1.0,1.0,1.0,1.0,1.0,1.0,1.0,1.0,1.0,1.0,1.0,1.0,1.0,1.0,1.0,1.0,1.0,1.0,1.0,1.0,1.0,1.0,1.0,1.0,1.0,1.0,1.0,1.0,1.0,1.0,1.0,1.0,1.0,1.0,1.0,1.0,1.0,1.0,1.0,1.0,1.0,1.0,1.0,1.0,1.0,1.0,1.0,1.0,1.0,1.0,1.0,1.0,1.0,1.0,1.0,1.0,1.0,1.0,1.0,1.0,1.0,1.0,1.0,1.0,1.0,1.0,1.0,1.0,1.0,1.0,1.0,1.0,1.0,1.0,1.0,1.0,1.0,1.0,1.0,1.0,1.0,1.0,1.0,1.0,1.0,1.0,1.0,1.0,1.0,1.0,1.0,1.0,1.0,1.0,1.0,1.0,1.0,1.0,1.0,1.0,1.0,1.0,1.0,1.0,1.0,1.0,1.0,1.0,1.0,1.0,1.0,1.0,1.0,1.0,1.0,1.0,1.0,1.0,1.0,1.0,1.0,1.0,1.0,1.0,1.0,1.0,1.0,1.0,1.0,1.0,1.0,1.0,1.0,1.0,1.0,1.0,1.0,1.0,1.0,1.0,1.0,1.0,1.0,1.0,1.0,1.0,1.0,1.0,1.0,1.0,1.0,1.0,1.0,1.0,1.0,1.0,1.0,1.0,1.0,1.0,1.0,1.0,1.0,1.0,1.0,1.0,1.0,1.0,1.0,1.0,1.0,1.0,1.0,1.0,1.0,1.0,1.0,1.0,1.0,1.0,1.0,1.0,1.0,1.0,1.0,1.0,1.0,1.0,1.0,1.0,1.0,1.0,1.0,1.0,1.0,1.0,1.0,1.0,1.0,1.0,1.0,1.0,1.0,1.0,1.0,1.0,1.0,1.0,1.0
Because,org,1.0,1.0,1.0,1.0,1.0,1.0,1.0,1.0,1.0,1.0,1.0,1.0,1.0,1.0,1.0,1.0,1.0,1.0,1.0,1.0,1.0,1.0,1.0,1.0,1.0,1.0,1.0,1.0,1.0,1.0,1.0,1.0,1.0,1.0,1.0,1.0,1.0,1.0,1.0,1.0,1.0,1.0,1.0,1.0,1.0,1.0,1.0,1.0,1.0,1.0,1.0,1.0,1.0,1.0,1.0,1.0,1.0,1.0,1.0,1.0,1.0,1.0,1.0,1.0,1.0,1.0,1.0,1.0,1.0,1.0,1.0,1.0,1.0,1.0,1.0,1.0,1.0,1.0,1.0,1.0,1.0,1.0,1.0,1.0,1.0,1.0,1.0,1.0,1.0,1.0,1.0,1.0,1.0,1.0,1.0,1.0,1.0,1.0,1.0,1.0,1.0,1.0,1.0,1.0,1.0,1.0,1.0,1.0,1.0,1.0,1.0,1.0,1.0,1.0,1.0,1.0,1.0,1.0,1.0,1.0,1.0,1.0,1.0,1.0,1.0,1.0,1.0,1.0,1.0,1.0,1.0,1.0,1.0,1.0,1.0,1.0,1.0,1.0,1.0,1.0,1.0,1.0,1.0,1.0,1.0,1.0,1.0,1.0,1.0,1.0,1.0,1.0,1.0,1.0,1.0,1.0,1.0,1.0,1.0,1.0,1.0,1.0,1.0,1.0,1.0,1.0,1.0,1.0,1.0,1.0,1.0,1.0,1.0,1.0,1.0,1.0,1.0,1.0,1.0,1.0,1.0,1.0,1.0,1.0,1.0,1.0,1.0,1.0,1.0,1.0,1.0,1.0,1.0,1.0,1.0,1.0,1.0,1.0,1.0,1.0,1.0,1.0,1.0,1.0,1.0,1.0,1.0,1.0,1.0,1.0,1.0,1.0,1.0,1.0,1.0,1.0,1.0,1.0,1.0,1.0,1.0,1.0,1.0,1.0,1.0,1.0,1.0,1.0,1.0,1.0,1.0,1.0,1.0,1.0,1.0,1.0,1.0,1.0,1.0,1.0,1.0,1.0,1.0,1.0,1.0,1.0,1.0,1.0,1.0,1.0,1.0,1.0,1.0,1.0,1.0,1.0,1.0,1.0,1.0,1.0,1.0,1.0,1.0,1.0,1.0,1.0,1.0,1.0,1.0,1.0,1.0,1.0,1.0,1.0,1.0,1.0,1.0,1.0,1.0,1.0,1.0,1.0,1.0,1.0,1.0,1.0,1.0,1.0,1.0,1.0,1.0,1.0,1.0,1.0,1.0,1.0,1.0,1.0,1.0,1.0,1.0,1.0,1.0,1.0,1.0,1.0,1.0,1.0,1.0,1.0,1.0,1.0,1.0,1.0,1.0,1.0,1.0,1.0,1.0,1.0,1.0,1.0,1.0,1.0,1.0,1.0,1.0,1.0,1.0,1.0,1.0,1.0,1.0,1.0,1.0,1.0,1.0,1.0,1.0,1.0,1.0,1.0,1.0,1.0,1.0,1.0,1.0,1.0,1.0,1.0,1.0,1.0,1.0,1.0,1.0,1.0,1.0,1.0,1.0,1.0,1.0,1.0,1.0,1.0,1.0,1.0,1.0,1.0,1.0,1.0,1.0,1.0,1.0,1.0,1.0,1.0,1.0,1.0,1.0,1.0,1.0,1.0,1.0,1.0,1.0,1.0,1.0,1.0,1.0,1.0,1.0,1.0,1.0,1.0,1.0,1.0,1.0,1.0,1.0,1.0,1.0,1.0,1.0,1.0,1.0,1.0,1.0,1.0,1.0,1.0,1.0,1.0,1.0,1.0,1.0,1.0,1.0,1.0,1.0,1.0,1.0,1.0,1.0,1.0,1.0,1.0,1.0,1.0,1.0,1.0,1.0,1.0,1.0,1.0,1.0,1.0,1.0,1.0,1.0,1.0,1.0,1.0,1.0,1.0,1.0,1.0,1.0,1.0,1.0,1.0,1.0,1.0,1.0,1.0,1.0,1.0,1.0,1.0,1.0,1.0,1.0,1.0,1.0,1.0,1.0,1.0,1.0,1.0,1.0,1.0,1.0,1.0,1.0,1.0,1.0,1.0,1.0,1.0,1.0,1.0,1.0,1.0,1.0,1.0,1.0,1.0,1.0,1.0,1.0,1.0,1.0,1.0,1.0,1.0,1.0,1.0,1.0,1.0,1.0,1.0,1.0,1.0,1.0,1.0,1.0,1.0,1.0,1.0,1.0,1.0,1.0,1.0,1.0,1.0,1.0,1.0,1.0,1.0,1.0,1.0,1.0,1.0,1.0,1.0,1.0,1.0,1.0,1.0,1.0,1.0,1.0,1.0,1.0,1.0,1.0,1.0,1.0,1.0,1.0,1.0,1.0,1.0,1.0,1.0,1.0,1.0,1.0,1.0,1.0,1.0,1.0,1.0,1.0,1.0,1.0,1.0,1.0,1.0,1.0,1.0,1.0,1.0,1.0,1.0,1.0,1.0,1.0,1.0,1.0,1.0,1.0,1.0,1.0,1.0,1.0,1.0,1.0,1.0,1.0,1.0,1.0,1.0,1.0,1.0,1.0,1.0,1.0,1.0,1.0,1.0,1.0,1.0,1.0,1.0,1.0,1.0,1.0,1.0,1.0,1.0,1.0,1.0,1.0,1.0,1.0,1.0,1.0,1.0,1.0,1.0,1.0,1.0,1.0,1.0,1.0,1.0,1.0,1.0,1.0,1.0,1.0,1.0,1.0,1.0,1.0,1.0,1.0,1.0,1.0,1.0,1.0,1.0,1.0,1.0,1.0,1.0,1.0,1.0,1.0,1.0,1.0,1.0,1.0,1.0,1.0,1.0,1.0,1.0,1.0,1.0,1.0,1.0,1.0,1.0,1.0,1.0,1.0,1.0,1.0,1.0,1.0,1.0,1.0,1.0,1.0,1.0,1.0,1.0,1.0,1.0,1.0,1.0,1.0,1.0,1.0,1.0,1.0,1.0,1.0,1.0,1.0,1.0,1.0,1.0,1.0,1.0,1.0,1.0,1.0,1.0,1.0,1.0,1.0,1.0,1.0,1.0,1.0,1.0,1.0,1.0,1.0,1.0,1.0,1.0,1.0,1.0,1.0,1.0,1.0,1.0,1.0,1.0,1.0,1.0,1.0,1.0,1.0,1.0,1.0,1.0,1.0,1.0,1.0,1.0,1.0,1.0,1.0,1.0,1.0,1.0,1.0,1.0,1.0,1.0,1.0,1.0,1.0,1.0,1.0,1.0,1.0,1.0,1.0,1.0,1.0,1.0,1.0,1.0,1.0,1.0,1.0,1.0,1.0,1.0,1.0,1.0,1.0,1.0,1.0,1.0,1.0,1.0,1.0,1.0,1.0,1.0,1.0,1.0,1.0,1.0,1.0,1.0,1.0,1.0,1.0,1.0,1.0,1.0,1.0,1.0,1.0,1.0,1.0,1.0
Outdoor,org,1.0,1.0,1.0,1.0,1.0,1.0,1.0,1.0,1.0,1.0,1.0,1.0,1.0,1.0,1.0,1.0,1.0,1.0,1.0,1.0,1.0,1.0,1.0,1.0,1.0,1.0,1.0,1.0,1.0,1.0,1.0,1.0,1.0,1.0,1.0,1.0,1.0,1.0,1.0,1.0,1.0,1.0,1.0,1.0,1.0,1.0,1.0,1.0,1.0,1.0,1.0,1.0,1.0,1.0,1.0,1.0,1.0,1.0,1.0,1.0,1.0,1.0,1.0,1.0,1.0,1.0,1.0,1.0,1.0,1.0,1.0,1.0,1.0,1.0,1.0,1.0,1.0,1.0,1.0,1.0,1.0,1.0,1.0,1.0,1.0,1.0,1.0,1.0,1.0,1.0,1.0,1.0,1.0,1.0,1.0,1.0,1.0,1.0,1.0,1.0,1.0,1.0,1.0,1.0,1.0,1.0,1.0,1.0,1.0,1.0,1.0,1.0,1.0,1.0,1.0,1.0,1.0,1.0,1.0,1.0,1.0,1.0,1.0,1.0,1.0,1.0,1.0,1.0,1.0,1.0,1.0,1.0,1.0,1.0,1.0,1.0,1.0,1.0,1.0,1.0,1.0,1.0,1.0,1.0,1.0,1.0,1.0,1.0,1.0,1.0,1.0,1.0,1.0,1.0,1.0,1.0,1.0,1.0,1.0,1.0,1.0,1.0,1.0,1.0,1.0,1.0,1.0,1.0,1.0,1.0,1.0,1.0,1.0,1.0,1.0,1.0,1.0,1.0,1.0,1.0,1.0,1.0,1.0,1.0,1.0,1.0,1.0,1.0,1.0,1.0,1.0,1.0,1.0,1.0,1.0,1.0,1.0,1.0,1.0,1.0,1.0,1.0,1.0,1.0,1.0,1.0,1.0,1.0,1.0,1.0,1.0,1.0,1.0,1.0,1.0,1.0,1.0,1.0,1.0,1.0,1.0,1.0,1.0,1.0,1.0,1.0,1.0,1.0,1.0,1.0,1.0,1.0,1.0,1.0,1.0,1.0,1.0,1.0,1.0,1.0,1.0,1.0,1.0,1.0,1.0,1.0,1.0,1.0,1.0,1.0,1.0,1.0,1.0,1.0,1.0,1.0,1.0,1.0,1.0,1.0,1.0,1.0,1.0,1.0,1.0,1.0,1.0,1.0,1.0,1.0,1.0,1.0,1.0,1.0,1.0,1.0,1.0,1.0,1.0,1.0,1.0,1.0,1.0,1.0,1.0,1.0,1.0,1.0,1.0,1.0,1.0,1.0,1.0,1.0,1.0,1.0,1.0,1.0,1.0,1.0,1.0,1.0,1.0,1.0,1.0,1.0,1.0,1.0,1.0,1.0,1.0,1.0,1.0,1.0,1.0,1.0,1.0,1.0,1.0,1.0,1.0,1.0,1.0,1.0,1.0,1.0,1.0,1.0,1.0,1.0,1.0,1.0,1.0,1.0,1.0,1.0,1.0,1.0,1.0,1.0,1.0,1.0,1.0,1.0,1.0,1.0,1.0,1.0,1.0,1.0,1.0,1.0,1.0,1.0,1.0,1.0,1.0,1.0,1.0,1.0,1.0,1.0,1.0,1.0,1.0,1.0,1.0,1.0,1.0,1.0,1.0,1.0,1.0,1.0,1.0,1.0,1.0,1.0,1.0,1.0,1.0,1.0,1.0,1.0,1.0,1.0,1.0,1.0,1.0,1.0,1.0,1.0,1.0,1.0,1.0,1.0,1.0,1.0,1.0,1.0,1.0,1.0,1.0,1.0,1.0,1.0,1.0,1.0,1.0,1.0,1.0,1.0,1.0,1.0,1.0,1.0,1.0,1.0,1.0,1.0,1.0,1.0,1.0,1.0,1.0,1.0,1.0,1.0,1.0,1.0,1.0,1.0,1.0,1.0,1.0,1.0,1.0,1.0,1.0,1.0,1.0,1.0,1.0,1.0,1.0,1.0,1.0,1.0,1.0,1.0,1.0,1.0,1.0,1.0,1.0,1.0,1.0,1.0,1.0,1.0,1.0,1.0,1.0,1.0,1.0,1.0,1.0,1.0,1.0,1.0,1.0,1.0,1.0,1.0,1.0,1.0,1.0,1.0,1.0,1.0,1.0,1.0,1.0,1.0,1.0,1.0,1.0,1.0,1.0,1.0,1.0,1.0,1.0,1.0,1.0,1.0,1.0,1.0,1.0,1.0,1.0,1.0,1.0,1.0,1.0,1.0,1.0,1.0,1.0,1.0,1.0,1.0,1.0,1.0,1.0,1.0,1.0,1.0,1.0,1.0,1.0,1.0,1.0,1.0,1.0,1.0,1.0,1.0,1.0,1.0,1.0,1.0,1.0,1.0,1.0,1.0,1.0,1.0,1.0,1.0,1.0,1.0,1.0,1.0,1.0,1.0,1.0,1.0,1.0,1.0,1.0,1.0,1.0,1.0,1.0,1.0,1.0,1.0,1.0,1.0,1.0,1.0,1.0,1.0,1.0,1.0,1.0,1.0,1.0,1.0,1.0,1.0,1.0,1.0,1.0,1.0,1.0,1.0,1.0,1.0,1.0,1.0,1.0,1.0,1.0,1.0,1.0,1.0,1.0,1.0,1.0,1.0,1.0,1.0,1.0,1.0,1.0,1.0,1.0,1.0,1.0,1.0,1.0,1.0,1.0,1.0,1.0,1.0,1.0,1.0,1.0,1.0,1.0,1.0,1.0,1.0,1.0,1.0,1.0,1.0,1.0,1.0,1.0,1.0,1.0,1.0,1.0,1.0,1.0,1.0,1.0,1.0,1.0,1.0,1.0,1.0,1.0,1.0,1.0,1.0,1.0,1.0,1.0,1.0,1.0,1.0,1.0,1.0,1.0,1.0,1.0,1.0,1.0,1.0,1.0,1.0,1.0,1.0,1.0,1.0,1.0,1.0,1.0,1.0,1.0,1.0,1.0,1.0,1.0,1.0,1.0,1.0,1.0,1.0,1.0,1.0,1.0,1.0,1.0,1.0,1.0,1.0,1.0,1.0,1.0,1.0,1.0,1.0,1.0,1.0,1.0,1.0,1.0,1.0,1.0,1.0,1.0,1.0,1.0,1.0,1.0,1.0,1.0,1.0,1.0,1.0,1.0,1.0,1.0,1.0,1.0,1.0,1.0,1.0,1.0,1.0,1.0,1.0,1.0,1.0,1.0,1.0,1.0,1.0,1.0,1.0,1.0,1.0,1.0,1.0,1.0,1.0,1.0,1.0,1.0,1.0,1.0,1.0,1.0,1.0,1.0,1.0,1.0,1.0,1.0,1.0,1.0,1.0,1.0,1.0,1.0,1.0,1.0,1.0,1.0,1.0,1.0,1.0,1.0,1.0,1.0,1.0,1.0,1.0,1.0,1.0,1.0,1.0,1.0,1.0,1.0,1.0,1.0,1.0,1.0,1.0,1.0,1.0,1.0,1.0,1.0,1.0,1.0,1.0
Instantiate,org,1.0,1.0,1.0,1.0,1.0,1.0,1.0,1.0,1.0,1.0,1.0,1.0,1.0,1.0,1.0,1.0,1.0,1.0,1.0,1.0,1.0,1.0,1.0,1.0,1.0,1.0,1.0,1.0,1.0,1.0,1.0,1.0,1.0,1.0,1.0,1.0,1.0,1.0,1.0,1.0,1.0,1.0,1.0,1.0,1.0,1.0,1.0,1.0,1.0,1.0,1.0,1.0,1.0,1.0,1.0,1.0,1.0,1.0,1.0,1.0,1.0,1.0,1.0,1.0,1.0,1.0,1.0,1.0,1.0,1.0,1.0,1.0,1.0,1.0,1.0,1.0,1.0,1.0,1.0,1.0,1.0,1.0,1.0,1.0,1.0,1.0,1.0,1.0,1.0,1.0,1.0,1.0,1.0,1.0,1.0,1.0,1.0,1.0,1.0,1.0,1.0,1.0,1.0,1.0,1.0,1.0,1.0,1.0,1.0,1.0,1.0,1.0,1.0,1.0,1.0,1.0,1.0,1.0,1.0,1.0,1.0,1.0,1.0,1.0,1.0,1.0,1.0,1.0,1.0,1.0,1.0,1.0,1.0,1.0,1.0,1.0,1.0,1.0,1.0,1.0,1.0,1.0,1.0,1.0,1.0,1.0,1.0,1.0,1.0,1.0,1.0,1.0,1.0,1.0,1.0,1.0,1.0,1.0,1.0,1.0,1.0,1.0,1.0,1.0,1.0,1.0,1.0,1.0,1.0,1.0,1.0,1.0,1.0,1.0,1.0,1.0,1.0,1.0,1.0,1.0,1.0,1.0,1.0,1.0,1.0,1.0,1.0,1.0,1.0,1.0,1.0,1.0,1.0,1.0,1.0,1.0,1.0,1.0,1.0,1.0,1.0,1.0,1.0,1.0,1.0,1.0,1.0,1.0,1.0,1.0,1.0,1.0,1.0,1.0,1.0,1.0,1.0,1.0,1.0,1.0,1.0,1.0,1.0,1.0,1.0,1.0,1.0,1.0,1.0,1.0,1.0,1.0,1.0,1.0,1.0,1.0,1.0,1.0,1.0,1.0,1.0,1.0,1.0,1.0,1.0,1.0,1.0,1.0,1.0,1.0,1.0,1.0,1.0,1.0,1.0,1.0,1.0,1.0,1.0,1.0,1.0,1.0,1.0,1.0,1.0,1.0,1.0,1.0,1.0,1.0,1.0,1.0,1.0,1.0,1.0,1.0,1.0,1.0,1.0,1.0,1.0,1.0,1.0,1.0,1.0,1.0,1.0,1.0,1.0,1.0,1.0,1.0,1.0,1.0,1.0,1.0,1.0,1.0,1.0,1.0,1.0,1.0,1.0,1.0,1.0,1.0,1.0,1.0,1.0,1.0,1.0,1.0,1.0,1.0,1.0,1.0,1.0,1.0,1.0,1.0,1.0,1.0,1.0,1.0,1.0,1.0,1.0,1.0,1.0,1.0,1.0,1.0,1.0,1.0,1.0,1.0,1.0,1.0,1.0,1.0,1.0,1.0,1.0,1.0,1.0,1.0,1.0,1.0,1.0,1.0,1.0,1.0,1.0,1.0,1.0,1.0,1.0,1.0,1.0,1.0,1.0,1.0,1.0,1.0,1.0,1.0,1.0,1.0,1.0,1.0,1.0,1.0,1.0,1.0,1.0,1.0,1.0,1.0,1.0,1.0,1.0,1.0,1.0,1.0,1.0,1.0,1.0,1.0,1.0,1.0,1.0,1.0,1.0,1.0,1.0,1.0,1.0,1.0,1.0,1.0,1.0,1.0,1.0,1.0,1.0,1.0,1.0,1.0,1.0,1.0,1.0,1.0,1.0,1.0,1.0,1.0,1.0,1.0,1.0,1.0,1.0,1.0,1.0,1.0,1.0,1.0,1.0,1.0,1.0,1.0,1.0,1.0,1.0,1.0,1.0,1.0,1.0,1.0,1.0,1.0,1.0,1.0,1.0,1.0,1.0,1.0,1.0,1.0,1.0,1.0,1.0,1.0,1.0,1.0,1.0,1.0,1.0,1.0,1.0,1.0,1.0,1.0,1.0,1.0,1.0,1.0,1.0,1.0,1.0,1.0,1.0,1.0,1.0,1.0,1.0,1.0,1.0,1.0,1.0,1.0,1.0,1.0,1.0,1.0,1.0,1.0,1.0,1.0,1.0,1.0,1.0,1.0,1.0,1.0,1.0,1.0,1.0,1.0,1.0,1.0,1.0,1.0,1.0,1.0,1.0,1.0,1.0,1.0,1.0,1.0,1.0,1.0,1.0,1.0,1.0,1.0,1.0,1.0,1.0,1.0,1.0,1.0,1.0,1.0,1.0,1.0,1.0,1.0,1.0,1.0,1.0,1.0,1.0,1.0,1.0,1.0,1.0,1.0,1.0,1.0,1.0,1.0,1.0,1.0,1.0,1.0,1.0,1.0,1.0,1.0,1.0,1.0,1.0,1.0,1.0,1.0,1.0,1.0,1.0,1.0,1.0,1.0,1.0,1.0,1.0,1.0,1.0,1.0,1.0,1.0,1.0,1.0,1.0,1.0,1.0,1.0,1.0,1.0,1.0,1.0,1.0,1.0,1.0,1.0,1.0,1.0,1.0,1.0,1.0,1.0,1.0,1.0,1.0,1.0,1.0,1.0,1.0,1.0,1.0,1.0,1.0,1.0,1.0,1.0,1.0,1.0,1.0,1.0,1.0,1.0,1.0,1.0,1.0,1.0,1.0,1.0,1.0,1.0,1.0,1.0,1.0,1.0,1.0,1.0,1.0,1.0,1.0,1.0,1.0,1.0,1.0,1.0,1.0,1.0,1.0,1.0,1.0,1.0,1.0,1.0,1.0,1.0,1.0,1.0,1.0,1.0,1.0,1.0,1.0,1.0,1.0,1.0,1.0,1.0,1.0,1.0,1.0,1.0,1.0,1.0,1.0,1.0,1.0,1.0,1.0,1.0,1.0,1.0,1.0,1.0,1.0,1.0,1.0,1.0,1.0,1.0,1.0,1.0,1.0,1.0,1.0,1.0,1.0,1.0,1.0,1.0,1.0,1.0,1.0,1.0,1.0,1.0,1.0,1.0,1.0,1.0,1.0,1.0,1.0,1.0,1.0,1.0,1.0,1.0,1.0,1.0,1.0,1.0,1.0,1.0,1.0,1.0,1.0,1.0,1.0,1.0,1.0,1.0,1.0,1.0,1.0,1.0,1.0,1.0,1.0,1.0,1.0,1.0,1.0,1.0,1.0,1.0,1.0,1.0,1.0,1.0,1.0,1.0,1.0,1.0,1.0,1.0,1.0,1.0,1.0,1.0,1.0,1.0,1.0,1.0,1.0,1.0,1.0,1.0,1.0,1.0,1.0,1.0,1.0,1.0,1.0,1.0,1.0,1.0,1.0,1.0,1.0,1.0,1.0,1.0,1.0,1.0,1.0,1.0,1.0,1.0,1.0,1.0,1.0,1.0,1.0,1.0,1.0,1.0
Textures,org,1.0,1.0,1.0,1.0,1.0,1.0,1.0,1.0,1.0,1.0,1.0,1.0,1.0,1.0,1.0,1.0,1.0,1.0,1.0,1.0,1.0,1.0,1.0,1.0,1.0,1.0,1.0,1.0,1.0,1.0,1.0,1.0,1.0,1.0,1.0,1.0,1.0,1.0,1.0,1.0,1.0,1.0,1.0,1.0,1.0,1.0,1.0,1.0,1.0,1.0,1.0,1.0,1.0,1.0,1.0,1.0,1.0,1.0,1.0,1.0,1.0,1.0,1.0,1.0,1.0,1.0,1.0,1.0,1.0,1.0,1.0,1.0,1.0,1.0,1.0,1.0,1.0,1.0,1.0,1.0,1.0,1.0,1.0,1.0,1.0,1.0,1.0,1.0,1.0,1.0,1.0,1.0,1.0,1.0,1.0,1.0,1.0,1.0,1.0,1.0,1.0,1.0,1.0,1.0,1.0,1.0,1.0,1.0,1.0,1.0,1.0,1.0,1.0,1.0,1.0,1.0,1.0,1.0,1.0,1.0,1.0,1.0,1.0,1.0,1.0,1.0,1.0,1.0,1.0,1.0,1.0,1.0,1.0,1.0,1.0,1.0,1.0,1.0,1.0,1.0,1.0,1.0,1.0,1.0,1.0,1.0,1.0,1.0,1.0,1.0,1.0,1.0,1.0,1.0,1.0,1.0,1.0,1.0,1.0,1.0,1.0,1.0,1.0,1.0,1.0,1.0,1.0,1.0,1.0,1.0,1.0,1.0,1.0,1.0,1.0,1.0,1.0,1.0,1.0,1.0,1.0,1.0,1.0,1.0,1.0,1.0,1.0,1.0,1.0,1.0,1.0,1.0,1.0,1.0,1.0,1.0,1.0,1.0,1.0,1.0,1.0,1.0,1.0,1.0,1.0,1.0,1.0,1.0,1.0,1.0,1.0,1.0,1.0,1.0,1.0,1.0,1.0,1.0,1.0,1.0,1.0,1.0,1.0,1.0,1.0,1.0,1.0,1.0,1.0,1.0,1.0,1.0,1.0,1.0,1.0,1.0,1.0,1.0,1.0,1.0,1.0,1.0,1.0,1.0,1.0,1.0,1.0,1.0,1.0,1.0,1.0,1.0,1.0,1.0,1.0,1.0,1.0,1.0,1.0,1.0,1.0,1.0,1.0,1.0,1.0,1.0,1.0,1.0,1.0,1.0,1.0,1.0,1.0,1.0,1.0,1.0,1.0,1.0,1.0,1.0,1.0,1.0,1.0,1.0,1.0,1.0,1.0,1.0,1.0,1.0,1.0,1.0,1.0,1.0,1.0,1.0,1.0,1.0,1.0,1.0,1.0,1.0,1.0,1.0,1.0,1.0,1.0,1.0,1.0,1.0,1.0,1.0,1.0,1.0,1.0,1.0,1.0,1.0,1.0,1.0,1.0,1.0,1.0,1.0,1.0,1.0,1.0,1.0,1.0,1.0,1.0,1.0,1.0,1.0,1.0,1.0,1.0,1.0,1.0,1.0,1.0,1.0,1.0,1.0,1.0,1.0,1.0,1.0,1.0,1.0,1.0,1.0,1.0,1.0,1.0,1.0,1.0,1.0,1.0,1.0,1.0,1.0,1.0,1.0,1.0,1.0,1.0,1.0,1.0,1.0,1.0,1.0,1.0,1.0,1.0,1.0,1.0,1.0,1.0,1.0,1.0,1.0,1.0,1.0,1.0,1.0,1.0,1.0,1.0,1.0,1.0,1.0,1.0,1.0,1.0,1.0,1.0,1.0,1.0,1.0,1.0,1.0,1.0,1.0,1.0,1.0,1.0,1.0,1.0,1.0,1.0,1.0,1.0,1.0,1.0,1.0,1.0,1.0,1.0,1.0,1.0,1.0,1.0,1.0,1.0,1.0,1.0,1.0,1.0,1.0,1.0,1.0,1.0,1.0,1.0,1.0,1.0,1.0,1.0,1.0,1.0,1.0,1.0,1.0,1.0,1.0,1.0,1.0,1.0,1.0,1.0,1.0,1.0,1.0,1.0,1.0,1.0,1.0,1.0,1.0,1.0,1.0,1.0,1.0,1.0,1.0,1.0,1.0,1.0,1.0,1.0,1.0,1.0,1.0,1.0,1.0,1.0,1.0,1.0,1.0,1.0,1.0,1.0,1.0,1.0,1.0,1.0,1.0,1.0,1.0,1.0,1.0,1.0,1.0,1.0,1.0,1.0,1.0,1.0,1.0,1.0,1.0,1.0,1.0,1.0,1.0,1.0,1.0,1.0,1.0,1.0,1.0,1.0,1.0,1.0,1.0,1.0,1.0,1.0,1.0,1.0,1.0,1.0,1.0,1.0,1.0,1.0,1.0,1.0,1.0,1.0,1.0,1.0,1.0,1.0,1.0,1.0,1.0,1.0,1.0,1.0,1.0,1.0,1.0,1.0,1.0,1.0,1.0,1.0,1.0,1.0,1.0,1.0,1.0,1.0,1.0,1.0,1.0,1.0,1.0,1.0,1.0,1.0,1.0,1.0,1.0,1.0,1.0,1.0,1.0,1.0,1.0,1.0,1.0,1.0,1.0,1.0,1.0,1.0,1.0,1.0,1.0,1.0,1.0,1.0,1.0,1.0,1.0,1.0,1.0,1.0,1.0,1.0,1.0,1.0,1.0,1.0,1.0,1.0,1.0,1.0,1.0,1.0,1.0,1.0,1.0,1.0,1.0,1.0,1.0,1.0,1.0,1.0,1.0,1.0,1.0,1.0,1.0,1.0,1.0,1.0,1.0,1.0,1.0,1.0,1.0,1.0,1.0,1.0,1.0,1.0,1.0,1.0,1.0,1.0,1.0,1.0,1.0,1.0,1.0,1.0,1.0,1.0,1.0,1.0,1.0,1.0,1.0,1.0,1.0,1.0,1.0,1.0,1.0,1.0,1.0,1.0,1.0,1.0,1.0,1.0,1.0,1.0,1.0,1.0,1.0,1.0,1.0,1.0,1.0,1.0,1.0,1.0,1.0,1.0,1.0,1.0,1.0,1.0,1.0,1.0,1.0,1.0,1.0,1.0,1.0,1.0,1.0,1.0,1.0,1.0,1.0,1.0,1.0,1.0,1.0,1.0,1.0,1.0,1.0,1.0,1.0,1.0,1.0,1.0,1.0,1.0,1.0,1.0,1.0,1.0,1.0,1.0,1.0,1.0,1.0,1.0,1.0,1.0,1.0,1.0,1.0,1.0,1.0,1.0,1.0,1.0,1.0,1.0,1.0,1.0,1.0,1.0,1.0,1.0,1.0,1.0,1.0,1.0,1.0,1.0,1.0,1.0,1.0,1.0,1.0,1.0,1.0,1.0,1.0,1.0,1.0,1.0,1.0,1.0,1.0,1.0,1.0,1.0,1.0,1.0,1.0,1.0,1.0,1.0,1.0,1.0,1.0,1.0,1.0,1.0,1.0,1.0,1.0,1.0,1.0,1.0,1.0,1.0,1.0,1.0,1.0,1.0,1.0
Duplicate,org,1.0,1.0,1.0,1.0,1.0,1.0,1.0,1.0,1.0,1.0,1.0,1.0,1.0,1.0,1.0,1.0,1.0,1.0,1.0,1.0,1.0,1.0,1.0,1.0,1.0,1.0,1.0,1.0,1.0,1.0,1.0,1.0,1.0,1.0,1.0,1.0,1.0,1.0,1.0,1.0,1.0,1.0,1.0,1.0,1.0,1.0,1.0,1.0,1.0,1.0,1.0,1.0,1.0,1.0,1.0,1.0,1.0,1.0,1.0,1.0,1.0,1.0,1.0,1.0,1.0,1.0,1.0,1.0,1.0,1.0,1.0,1.0,1.0,1.0,1.0,1.0,1.0,1.0,1.0,1.0,1.0,1.0,1.0,1.0,1.0,1.0,1.0,1.0,1.0,1.0,1.0,1.0,1.0,1.0,1.0,1.0,1.0,1.0,1.0,1.0,1.0,1.0,1.0,1.0,1.0,1.0,1.0,1.0,1.0,1.0,1.0,1.0,1.0,1.0,1.0,1.0,1.0,1.0,1.0,1.0,1.0,1.0,1.0,1.0,1.0,1.0,1.0,1.0,1.0,1.0,1.0,1.0,1.0,1.0,1.0,1.0,1.0,1.0,1.0,1.0,1.0,1.0,1.0,1.0,1.0,1.0,1.0,1.0,1.0,1.0,1.0,1.0,1.0,1.0,1.0,1.0,1.0,1.0,1.0,1.0,1.0,1.0,1.0,1.0,1.0,1.0,1.0,1.0,1.0,1.0,1.0,1.0,1.0,1.0,1.0,1.0,1.0,1.0,1.0,1.0,1.0,1.0,1.0,1.0,1.0,1.0,1.0,1.0,1.0,1.0,1.0,1.0,1.0,1.0,1.0,1.0,1.0,1.0,1.0,1.0,1.0,1.0,1.0,1.0,1.0,1.0,1.0,1.0,1.0,1.0,1.0,1.0,1.0,1.0,1.0,1.0,1.0,1.0,1.0,1.0,1.0,1.0,1.0,1.0,1.0,1.0,1.0,1.0,1.0,1.0,1.0,1.0,1.0,1.0,1.0,1.0,1.0,1.0,1.0,1.0,1.0,1.0,1.0,1.0,1.0,1.0,1.0,1.0,1.0,1.0,1.0,1.0,1.0,1.0,1.0,1.0,1.0,1.0,1.0,1.0,1.0,1.0,1.0,1.0,1.0,1.0,1.0,1.0,1.0,1.0,1.0,1.0,1.0,1.0,1.0,1.0,1.0,1.0,1.0,1.0,1.0,1.0,1.0,1.0,1.0,1.0,1.0,1.0,1.0,1.0,1.0,1.0,1.0,1.0,1.0,1.0,1.0,1.0,1.0,1.0,1.0,1.0,1.0,1.0,1.0,1.0,1.0,1.0,1.0,1.0,1.0,1.0,1.0,1.0,1.0,1.0,1.0,1.0,1.0,1.0,1.0,1.0,1.0,1.0,1.0,1.0,1.0,1.0,1.0,1.0,1.0,1.0,1.0,1.0,1.0,1.0,1.0,1.0,1.0,1.0,1.0,1.0,1.0,1.0,1.0,1.0,1.0,1.0,1.0,1.0,1.0,1.0,1.0,1.0,1.0,1.0,1.0,1.0,1.0,1.0,1.0,1.0,1.0,1.0,1.0,1.0,1.0,1.0,1.0,1.0,1.0,1.0,1.0,1.0,1.0,1.0,1.0,1.0,1.0,1.0,1.0,1.0,1.0,1.0,1.0,1.0,1.0,1.0,1.0,1.0,1.0,1.0,1.0,1.0,1.0,1.0,1.0,1.0,1.0,1.0,1.0,1.0,1.0,1.0,1.0,1.0,1.0,1.0,1.0,1.0,1.0,1.0,1.0,1.0,1.0,1.0,1.0,1.0,1.0,1.0,1.0,1.0,1.0,1.0,1.0,1.0,1.0,1.0,1.0,1.0,1.0,1.0,1.0,1.0,1.0,1.0,1.0,1.0,1.0,1.0,1.0,1.0,1.0,1.0,1.0,1.0,1.0,1.0,1.0,1.0,1.0,1.0,1.0,1.0,1.0,1.0,1.0,1.0,1.0,1.0,1.0,1.0,1.0,1.0,1.0,1.0,1.0,1.0,1.0,1.0,1.0,1.0,1.0,1.0,1.0,1.0,1.0,1.0,1.0,1.0,1.0,1.0,1.0,1.0,1.0,1.0,1.0,1.0,1.0,1.0,1.0,1.0,1.0,1.0,1.0,1.0,1.0,1.0,1.0,1.0,1.0,1.0,1.0,1.0,1.0,1.0,1.0,1.0,1.0,1.0,1.0,1.0,1.0,1.0,1.0,1.0,1.0,1.0,1.0,1.0,1.0,1.0,1.0,1.0,1.0,1.0,1.0,1.0,1.0,1.0,1.0,1.0,1.0,1.0,1.0,1.0,1.0,1.0,1.0,1.0,1.0,1.0,1.0,1.0,1.0,1.0,1.0,1.0,1.0,1.0,1.0,1.0,1.0,1.0,1.0,1.0,1.0,1.0,1.0,1.0,1.0,1.0,1.0,1.0,1.0,1.0,1.0,1.0,1.0,1.0,1.0,1.0,1.0,1.0,1.0,1.0,1.0,1.0,1.0,1.0,1.0,1.0,1.0,1.0,1.0,1.0,1.0,1.0,1.0,1.0,1.0,1.0,1.0,1.0,1.0,1.0,1.0,1.0,1.0,1.0,1.0,1.0,1.0,1.0,1.0,1.0,1.0,1.0,1.0,1.0,1.0,1.0,1.0,1.0,1.0,1.0,1.0,1.0,1.0,1.0,1.0,1.0,1.0,1.0,1.0,1.0,1.0,1.0,1.0,1.0,1.0,1.0,1.0,1.0,1.0,1.0,1.0,1.0,1.0,1.0,1.0,1.0,1.0,1.0,1.0,1.0,1.0,1.0,1.0,1.0,1.0,1.0,1.0,1.0,1.0,1.0,1.0,1.0,1.0,1.0,1.0,1.0,1.0,1.0,1.0,1.0,1.0,1.0,1.0,1.0,1.0,1.0,1.0,1.0,1.0,1.0,1.0,1.0,1.0,1.0,1.0,1.0,1.0,1.0,1.0,1.0,1.0,1.0,1.0,1.0,1.0,1.0,1.0,1.0,1.0,1.0,1.0,1.0,1.0,1.0,1.0,1.0,1.0,1.0,1.0,1.0,1.0,1.0,1.0,1.0,1.0,1.0,1.0,1.0,1.0,1.0,1.0,1.0,1.0,1.0,1.0,1.0,1.0,1.0,1.0,1.0,1.0,1.0,1.0,1.0,1.0,1.0,1.0,1.0,1.0,1.0,1.0,1.0,1.0,1.0,1.0,1.0,1.0,1.0,1.0,1.0,1.0,1.0,1.0,1.0,1.0,1.0,1.0,1.0,1.0,1.0,1.0,1.0,1.0,1.0,1.0,1.0,1.0,1.0,1.0,1.0,1.0,1.0,1.0,1.0,1.0,1.0,1.0,1.0,1.0,1.0,1.0,1.0,1.0,1.0,1.0,1.0,1.0,1.0
Canister,org,0.4990234375,0.49951171875,0.5,0.5,0.5,0.500244140625,0.49920654296875,0.5,0.4990234375,0.49951171875,0.5000000596046448,0.49951171875,0.5,0.5009765625,0.5,0.5,0.4990234375,0.5,0.5,0.5,0.5,0.49951171875,0.4994354248046875,0.4990234375,0.500732421875,0.5,0.500732421875,0.500732421875,0.5,0.5,0.5,0.5,0.500244140625,0.4990234375,0.5,0.50048828125,0.5009765625,0.5,0.50048828125,0.4990234375,0.5,0.5009765625,0.5,0.5,0.5,0.5009765625,0.499755859375,0.5009765625,0.5,0.5009765625,0.4990234375,0.49951171875,0.4990234375,0.5,0.5009765625,0.5,0.5009765625,0.5,0.50042724609375,0.5,0.4990234375,0.4990234375,0.5,0.50048828125,0.5,0.49951171875,0.49951171875,0.5009765625,0.50048828125,0.5,0.500244140625,0.5,0.5009765625,0.5,0.5,0.49951171875,0.5,0.50048828125,0.5,0.5,0.49951171875,0.5,0.4990234375,0.499267578125,0.499053955078125,0.500732421875,0.49996185302734375,0.49951171875,0.5,0.500732421875,0.50048828125,0.499755859375,0.500157356262207,0.500244140625,0.5009765625,0.5009765625,0.50048828125,0.500732421875,0.5000386238098145,0.5,0.500274658203125,0.5009765625,0.5002899169921875,0.50048828125,0.499481201171875,0.5002613067626953,0.4990234375,0.4993896484375,0.50054931640625,0.4997711181640625,0.49904632568359375,0.499725341796875,0.500518798828125,0.5,0.49996185302734375,0.5000010132789612,0.4990234375,0.5000000596046448,0.499755859375,0.5000531673431396,0.5001888275146484,0.5000553131103516,0.5002403259277344,0.5007171630859375,0.5000386238098145,0.5000218152999878,0.5009765625,0.50067138671875,0.500732421875,0.5000083446502686,0.5,0.500335693359375,0.499053955078125,0.500244140625,0.49951171875,0.49951171875,0.5003814697265625,0.5003662109375,0.500030517578125,0.50048828125,0.500007688999176,0.5000839233398438,0.50048828125,0.5009765625,0.499755859375,0.5000201463699341,0.500640869140625,0.49973297119140625,0.5003986358642578,0.5000002384185791,0.4993896484375,0.49912261962890625,0.50006103515625,0.500065803527832,0.49953460693359375,0.5008506774902344,0.499053955078125,0.500396728515625,0.49957275390625,0.5007400512695312,0.5000662803649902,0.5000008940696716,0.499542236328125,0.4996490478515625,0.5001287460327148,0.5000095367431641,0.5000004172325134,0.50018310546875,0.4991455078125,0.5001220703125,0.49951171875,0.49983978271484375,0.500244140625,0.500732421875,0.5,0.50048828125,0.5009765625,0.5000152587890625,0.5000035762786865,0.5,0.5000400543212891,0.4993896484375,0.4993438720703125,0.5,0.4994354248046875,0.49951171875,0.49932861328125,0.49973297119140625,0.5,0.5,0.500518798828125,0.5,0.5000152587890625,0.5,0.5,0.5009765625,0.49932861328125,0.49916839599609375,0.500244140625,0.5,0.5,0.5,0.5002765655517578,0.49951171875,0.499969482421875,0.500579833984375,0.5005302429199219,0.5001220703125,0.50067138671875,0.4998779296875,0.50079345703125,0.49930572509765625,0.500244140625,0.49982452392578125,0.5005950927734375,0.4993896484375,0.5,0.500244140625,0.500244140625,0.500823974609375,0.5,0.500335693359375,0.500946044921875,0.500244140625,0.5001373291015625,0.50048828125,0.499755859375,0.4993896484375,0.499267578125,0.50079345703125,0.49903106689453125,0.5007171630859375,0.500732421875,0.4992828369140625,0.5007781982421875,0.4998626708984375,0.49945068359375,0.5003623962402344,0.5001220703125,0.4990386962890625,0.5,0.499664306640625,0.5009765625,0.50079345703125,0.5009498596191406,0.500023365020752,0.5000044107437134,0.5000013113021851,0.5000013709068298,0.5004081726074219,0.5000218152999878,0.5000033378601074,0.50048828125,0.500732421875,0.5000877380371094,0.5,0.5,0.5,0.4990997314453125,0.49913787841796875,0.5000113844871521,0.5004081726074219,0.5001373291015625,0.5000503063201904,0.4990234375,0.499237060546875,0.49910736083984375,0.50067138671875,0.50048828125,0.5008773803710938,0.4990692138671875,0.4996337890625,0.5008544921875,0.50018310546875,0.49932861328125,0.49938201904296875,0.49990081787109375,0.5003223419189453,0.49957275390625,0.49993896484375,0.50079345703125,0.500732421875,0.5000213384628296,0.4991455078125,0.500732421875,0.5,0.500762939453125,0.5000615119934082,0.499725341796875,0.5000472068786621,0.499237060546875,0.5008544921875,0.5009422302246094,0.5001068115234375,0.4996490478515625,0.5000149011611938,0.49951171875,0.5003662109375,0.5006103515625,0.5000013113021851,0.499420166015625,0.5002727508544922,0.5007591247558594,0.50042724609375,0.5000015497207642,0.5004081726074219,0.4996337890625,0.4990234375,0.5001130104064941,0.499725341796875,0.500213623046875,0.4990234375,0.4999542236328125,0.5000457763671875,0.5008354187011719,0.5000526905059814,0.5000066161155701,0.5005760192871094,0.5003433227539062,0.5000402927398682,0.5007514953613281,0.4991302490234375,0.5004997253417969,0.5006256103515625,0.49981689453125,0.5001163482666016,0.49981689453125,0.5008544921875,0.49939727783203125,0.5007400512695312,0.4994659423828125,0.5009040832519531,0.5000061988830566,0.49981689453125,0.500187873840332,0.5008316040039062,0.5003128051757812,0.500025749206543,0.5007972717285156,0.49920654296875,0.5000543594360352,0.5000362396240234,0.500093936920166,0.5001420974731445,0.4998321533203125,0.5003395080566406,0.49951171875,0.5007171630859375,0.5005035400390625,0.5006065368652344,0.5004482269287109,0.5005416870117188,0.5003890991210938,0.5008354187011719,0.5005226135253906,0.4990386962890625,0.5000309944152832,0.499298095703125,0.5004081726074219,0.5001192092895508,0.5000163316726685,0.5002107620239258,0.49916839599609375,0.5002613067626953,0.49913787841796875,0.4992828369140625,0.500244140625,0.5000720024108887,0.5002288818359375,0.500093936920166,0.500244140625,0.49987030029296875,0.5007972717285156,0.5001220703125,0.50054931640625,0.5002365112304688,0.4998321533203125,0.49951171875,0.5003337860107422,0.49932098388671875,0.5005340576171875,0.5001840591430664,0.5007514953613281,0.5007286071777344,0.5003128051757812,0.500396728515625,0.4993438720703125,0.50042724609375,0.49910736083984375,0.49996185302734375,0.5007286071777344,0.50091552734375,0.5000085234642029,0.5000615119934082,0.5002956390380859,0.5001564025878906,0.5000001192092896,0.5000002980232239,0.5000331401824951,0.5000226497650146,0.5000290870666504,0.5000424385070801,0.5001306533813477,0.5004558563232422,0.5006637573242188,0.5000226497650146,0.500084400177002,0.5001602172851562,0.5001344680786133,0.5004558563232422,0.5004768371582031,0.5003890991210938,0.500732421875,0.5002479553222656,0.5001964569091797,0.5000424385070801,0.5001001358032227,0.5001869201660156,0.5002632141113281,0.5001621246337891,0.5006332397460938,0.5008201599121094,0.5009498596191406,0.4996490478515625,0.4990997314453125,0.50042724609375,0.5006523132324219,0.5002994537353516,0.5003662109375,0.499755859375,0.499755859375,0.49945068359375,0.50067138671875,0.4997711181640625,0.500762939453125,0.4996795654296875,0.5002937316894531,0.5002555847167969,0.5000102519989014,0.5000603199005127,0.49930572509765625,0.5006637573242188,0.50042724609375,0.5008506774902344,0.5004024505615234,0.5003776550292969,0.5003509521484375,0.50003981590271,0.5007514953613281,0.5001897811889648,0.5005035400390625,0.49913787841796875,0.5006637573242188,0.49920654296875,0.5006637573242188,0.500147819519043,0.5003890991210938,0.5005836486816406,0.5000581741333008,0.5000252723693848,0.5001840591430664,0.5003433227539062,0.5007057189941406,0.499298095703125,0.4996337890625,0.50091552734375,0.5006637573242188,0.5001220703125,0.5006637573242188,0.4996337890625,0.5003776550292969,0.5003337860107422,0.5005683898925781,0.5007057189941406,0.4998779296875,0.5004405975341797,0.5001306533813477,0.500147819519043,0.4992828369140625,0.49913787841796875,0.5004558563232422,0.50042724609375,0.50054931640625,0.5004463195800781,0.5002498626708984,0.500244140625,0.5000677108764648,0.4990997314453125,0.5002012252807617,0.4995880126953125,0.5001678466796875,0.500126838684082,0.5002021789550781,0.5002670288085938,0.500126838684082,0.5000767707824707,0.5006637573242188,0.5009613037109375,0.499908447265625,0.4993438720703125,0.500152587890625,0.5008544921875,0.4996337890625,0.49930572509765625,0.500274658203125,0.50030517578125,0.5003662109375,0.5004863739013672,0.5000705718994141,0.5006675720214844,0.5001220703125,0.5,0.500732421875,0.5001220703125,0.500065803527832,0.49993133544921875,0.5001306533813477,0.5003757476806641,0.500823974609375,0.5004043579101562,0.5002155303955078,0.500213623046875,0.49913787841796875,0.4991607666015625,0.500885009765625,0.5000762939453125,0.49985504150390625,0.5004043579101562,0.499969482421875,0.5001220703125,0.4990997314453125,0.49957275390625,0.5,0.500244140625,0.500244140625,0.4993133544921875,0.5009765625,0.5003280639648438,0.500762939453125,0.4992828369140625,0.49951171875,0.49951171875,0.5,0.5,0.5009765625,0.50067138671875,0.5009651184082031,0.5002765655517578,0.49924468994140625,0.5003032684326172,0.49910736083984375,0.49973297119140625,0.5002861022949219,0.5000700950622559,0.5002288818359375,0.5006217956542969,0.5008506774902344,0.500147819519043,0.4998779296875,0.49996185302734375,0.500244140625,0.5009765625,0.49908447265625,0.50054931640625,0.499908447265625,0.500640869140625,0.500274658203125,0.499053955078125,0.49935150146484375,0.5008621215820312,0.5007972717285156,0.49976348876953125,0.5008888244628906,0.49932098388671875,0.499755859375,0.499359130859375,0.499053955078125,0.49942779541015625,0.499908447265625,0.4990234375,0.499908447265625,0.5009727478027344,0.5001220703125,0.49965667724609375,0.5003509521484375,0.500732421875,0.4993743896484375,0.49961090087890625,0.499847412109375,0.5,0.49932861328125,0.499847412109375,0.49950408935546875,0.5004959106445312,0.4996337890625,0.5007781982421875,0.5001983642578125,0.49942779541015625,0.499603271484375,0.499481201171875,0.49993896484375,0.5000815391540527,0.5000710487365723,0.49957275390625,0.5001039505004883,0.5,0.5,0.500152587890625,0.5,0.4990997314453125,0.5004825592041016,0.50042724609375,0.4991455078125,0.499114990234375,0.5009346008300781,0.5003223419189453,0.50079345703125,0.5000805854797363,0.4990997314453125,0.5000156164169312,0.5000056028366089,0.5000340938568115,0.500037431716919,0.5000834465026855,0.5000214576721191,0.499053955078125,0.5000441074371338,0.5000553131103516,0.5000209808349609,0.5002460479736328,0.50048828125,0.500732421875,0.5003662109375,0.5008468627929688,0.5,0.5006103515625,0.49953460693359375,0.4996337890625,0.5001840591430664,0.499755859375,0.500218391418457,0.50003981590271,0.5009269714355469,0.5001025199890137,0.4991912841796875,0.50042724609375,0.5009422302246094,0.50091552734375,0.50048828125,0.500244140625,0.50048828125,0.5,0.50048828125,0.5003108978271484,0.5009422302246094,0.5001888275146484,0.5001058578491211,0.5000228881835938,0.50091552734375,0.5002260208129883,0.499267578125,0.5000157356262207,0.5000464916229248,0.4993438720703125,0.500396728515625,0.500732421875,0.5,0.5,0.49951171875,0.5,0.50048828125,0.5,0.5,0.4990234375,0.5000007152557373,0.5003662109375,0.5,0.49996185302734375,0.49951171875,0.49920654296875,0.5003662109375,0.50030517578125,0.499786376953125,0.5008544921875,0.49951171875,0.4993896484375,0.5,0.5,0.49951171875,0.49951171875,0.5002050399780273,0.5,0.50048828125,0.5003337860107422,0.500518798828125,0.500274658203125,0.4995269775390625,0.5000350475311279,0.49953460693359375,0.5,0.499847412109375,0.500732421875,0.49930572509765625,0.49951171875,0.5006561279296875,0.49951171875,0.5,0.5001206398010254,0.500732421875,0.5002155303955078,0.500946044921875,0.5005340576171875,0.49909210205078125,0.499908447265625,0.49951171875,0.49951171875,0.5,0.4990234375,0.4990234375,0.500732421875,0.499908447265625,0.5008087158203125,0.5005149841308594,0.5000934600830078,0.500457763671875,0.4995574951171875,0.500213623046875,0.5000762939453125,0.5009193420410156,0.5002593994140625,0.5004348754882812,0.50018310546875,0.5005416870117188,0.5002317428588867,0.5004920959472656,0.5,0.5001220703125,0.5009765625,0.5,0.500762939453125,0.4996337890625,0.49951171875,0.500457763671875,0.5001964569091797,0.49912261962890625,0.5005683898925781,0.5002632141113281,0.5004997253417969,0.499359130859375,0.49915313720703125,0.5003986358642578,0.500019907951355,0.5000149011611938,0.5000002980232239,0.4990234375,0.5000607967376709,0.5000282526016235,0.49951171875,0.4991455078125,0.4990234375,0.5005035400390625,0.5009765625,0.5007781982421875,0.5000000596046448,0.5000000596046448,0.5000030994415283,0.5,0.5,0.5000013113021851,0.5,0.5006027221679688,0.4996337890625,0.5,0.500244140625,0.5009765625,0.499969482421875,0.500244140625,0.499603271484375,0.50042724609375,0.49951171875,0.4997711181640625,0.499755859375,0.500518798828125,0.5
Vestries,org,0.333984375,0.3330078125,0.3336588740348816,0.3333333432674408,0.3333333432674408,0.333740234375,0.333740234375,0.3333333432674408,0.3336588740348816,0.3326823115348816,0.33333343267440796,0.3328450620174408,0.3331705927848816,0.3333333432674408,0.3326823115348816,0.3333333730697632,0.3336588740348816,0.3336588740348816,0.3326823115348816,0.3330078125,0.333984375,0.3334147334098816,0.3331705927848816,0.3328450620174408,0.3336588740348816,0.3333333432674408,0.333740234375,0.3329264521598816,0.3336588740348816,0.3336588740348816,0.3336588740348816,0.3330078125,0.3334147334098816,0.3330078125,0.3336588740348816,0.3333333432674408,0.3328450620174408,0.3338216245174408,0.333740234375,0.3329264521598816,0.333984375,0.3326823115348816,0.3333333432674408,0.3333333432674408,0.3330078125,0.3330078125,0.3336995542049408,0.3333333432674408,0.333984375,0.3336588740348816,0.3333333432674408,0.3330078125,0.3333333432674408,0.3326823115348816,0.3338216245174408,0.3332926630973816,0.3337656855583191,0.3333333432674408,0.3326823115348816,0.3333333432674408,0.3332427442073822,0.333251953125,0.3336588740348816,0.3328857421875,0.3329264521598816,0.3333333432674408,0.3329264521598816,0.3330078125,0.3326416015625,0.3329264521598816,0.3330078125,0.3333333432674408,0.3333333432674408,0.3330078125,0.333251953125,0.3328450620174408,0.3330078125,0.3336588740348816,0.333740234375,0.333251953125,0.332763671875,0.3326823115348816,0.3333333432674408,0.3338623046875,0.3326823115348816,0.3335774838924408,0.3329569697380066,0.3333333432674408,0.3328450620174408,0.3326619565486908,0.33349609375,0.3323567807674408,0.3330892026424408,0.3336588740348816,0.3331705927848816,0.3328043818473816,0.3336588740348816,0.3330078125,0.3331705927848816,0.3336588740348816,0.3330078125,0.3330078125,0.3329264521598816,0.3339030146598816,0.33349609375,0.333984375,0.3330078125,0.3333333432674408,0.33349609375,0.3330078125,0.3330078125,0.3326823115348816,0.3330892026424408,0.3331095576286316,0.3326823115348816,0.3328450620174408,0.3328806757926941,0.3332112729549408,0.3327840268611908,0.3333389163017273,0.3339395523071289,0.33290594816207886,0.3332386016845703,0.3333050608634949,0.33291754126548767,0.33375486731529236,0.3331705927848816,0.33343505859375,0.3335622251033783,0.3333333432674408,0.3335368037223816,0.33290737867355347,0.33372753858566284,0.3327229917049408,0.3338267207145691,0.33349609375,0.33331555128097534,0.3337809443473816,0.33379873633384705,0.3332023620605469,0.33303117752075195,0.332855224609375,0.333984375,0.3335774838924408,0.3333371579647064,0.3328930735588074,0.3338216245174408,0.3335132598876953,0.333984375,0.3335673213005066,0.33308157324790955,0.33292198181152344,0.3339640498161316,0.3329671323299408,0.3328742980957031,0.33355316519737244,0.33367919921875,0.3327159881591797,0.33341893553733826,0.3334723711013794,0.33354729413986206,0.33311590552330017,0.3331349790096283,0.3333740234375,0.33377838134765625,0.33374279737472534,0.3336070477962494,0.332794189453125,0.333343505859375,0.3333028256893158,0.33367919921875,0.3337199091911316,0.3328450620174408,0.3337911069393158,0.3329671323299408,0.3337300717830658,0.33367919921875,0.3329060971736908,0.333984375,0.333465576171875,0.3327159881591797,0.3338826596736908,0.3336181640625,0.3331502377986908,0.33319091796875,0.33310192823410034,0.3327891230583191,0.33334121108055115,0.3333697021007538,0.333160400390625,0.33343505859375,0.33282470703125,0.3334757685661316,0.3329671323299408,0.333099365234375,0.3339030146598816,0.3337758481502533,0.33389538526535034,0.3329874873161316,0.3335368037223816,0.3339030146598816,0.3338216245174408,0.3330809473991394,0.3330078125,0.3338216245174408,0.333984375,0.3331095576286316,0.3339030146598816,0.3338623046875,0.3330078125,0.3330892026424408,0.3336080014705658,0.3326823115348816,0.3339742124080658,0.3328755795955658,0.3330332636833191,0.3332316279411316,0.33349609375,0.333587646484375,0.33349609375,0.3336588740348816,0.333740234375,0.3335164487361908,0.33349609375,0.3328654170036316,0.3326823115348816,0.3331502377986908,0.3328857421875,0.3338623046875,0.3328043818473816,0.3327229917049408,0.3337809443473816,0.33367919921875,0.3334554135799408,0.33349609375,0.33331298828125,0.3330485224723816,0.3332621455192566,0.3339030146598816,0.3333333432674408,0.33377838134765625,0.3329976499080658,0.3332723081111908,0.3329417109489441,0.3328043818473816,0.33280691504478455,0.3332252502441406,0.3337137699127197,0.3337504267692566,0.3334147334098816,0.3334808349609375,0.3332739770412445,0.3328450620174408,0.33318328857421875,0.3335418701171875,0.3336995542049408,0.3328857421875,0.3340250849723816,0.3330078125,0.3338419795036316,0.33310064673423767,0.3334147334098816,0.33380126953125,0.3336893916130066,0.3336588740348816,0.3325602412223816,0.3336588740348816,0.3328450620174408,0.3335774838924408,0.3333028256893158,0.33319091796875,0.3331807553768158,0.3333333432674408,0.3334147334098816,0.333465576171875,0.333251953125,0.3339030146598816,0.3336995542049408,0.3330892026424408,0.333740234375,0.3337249755859375,0.33355712890625,0.3326517939567566,0.3332723081111908,0.33349609375,0.3326416015625,0.3326823115348816,0.3338877558708191,0.3337199091911316,0.3333333432674408,0.3331807553768158,0.3328857421875,0.3335978388786316,0.3328450620174408,0.3326009213924408,0.3337809443473816,0.3335774838924408,0.3327789306640625,0.333465576171875,0.3329671323299408,0.3333740234375,0.333221435546875,0.33355712890625,0.3332112729549408,0.3339640498161316,0.3333333432674408,0.3330586850643158,0.3328450620174408,0.33329010009765625,0.3331705927848816,0.3330574035644531,0.3330892026424408,0.33343505859375,0.333953857421875,0.3335253596305847,0.33343505859375,0.3327655792236328,0.3329060971736908,0.3332621455192566,0.3339436948299408,0.3326924741268158,0.3338216245174408,0.333984375,0.3332112729549408,0.3326823115348816,0.3329264521598816,0.3331705927848816,0.3338623046875,0.3328450620174408,0.3330078125,0.3334147334098816,0.33392333984375,0.3338216245174408,0.3331705927848816,0.333251953125,0.33367919921875,0.333984375,0.3328450620174408,0.3331705927848816,0.333984375,0.332763671875,0.333404541015625,0.3334147334098816,0.33291882276535034,0.3338216245174408,0.3326823115348816,0.333740234375,0.3334147334098816,0.3336588740348816,0.333740234375,0.3339436948299408,0.3326619565486908,0.3339742124080658,0.3330078125,0.3338623046875,0.3337605893611908,0.3328501582145691,0.3333333432674408,0.3335774838924408,0.33294677734375,0.3333638608455658,0.3333333432674408,0.3335774838924408,0.3333842158317566,0.33349609375,0.3335368037223816,0.3330078125,0.3332723081111908,0.333984375,0.3333333432674408,0.3329874873161316,0.3330078125,0.3328857421875,0.3340047299861908,0.3328450620174408,0.3336588740348816,0.3336588740348816,0.333984375,0.3335368037223816,0.3336995542049408,0.3336588740348816,0.3328348994255066,0.3333333432674408,0.3338623046875,0.332763671875,0.3339030146598816,0.3330892026424408,0.333984375,0.3336588740348816,0.3329264521598816,0.3331095576286316,0.3325602412223816,0.3335034251213074,0.33379364013671875,0.333251953125,0.3335418701171875,0.33334168791770935,0.33333373069763184,0.3337491452693939,0.3335154950618744,0.33322906494140625,0.3328043818473816,0.3331298828125,0.3329060971736908,0.333770751953125,0.33346685767173767,0.3328450620174408,0.3326823115348816,0.3339436948299408,0.33349609375,0.3334147334098816,0.3329671323299408,0.3330078125,0.333740234375,0.333984375,0.33349609375,0.3338216245174408,0.3333333432674408,0.3333333432674408,0.33349609375,0.3333333432674408,0.33392971754074097,0.3337605893611908,0.332763671875,0.33274078369140625,0.3331705927848816,0.3330892026424408,0.3333536982536316,0.3336588740348816,0.3340657651424408,0.3329671323299408,0.333984375,0.3326823115348816,0.3331705927848816,0.3336283564567566,0.3334197998046875,0.3338216245174408,0.3339131772518158,0.33366915583610535,0.33294424414634705,0.3329550623893738,0.33349609375,0.3335774838924408,0.3336588740348816,0.33270263671875,0.3333740234375,0.3333333432674408,0.3326009213924408,0.3336181640625,0.3329264521598816,0.3337809443473816,0.3328857421875,0.3334554135799408,0.3331705927848816,0.3339436948299408,0.3334554135799408,0.3336588740348816,0.3335825800895691,0.3327840268611908,0.3330942988395691,0.33355712890625,0.3329264521598816,0.33294677734375,0.3329264521598816,0.3329671323299408,0.3331298828125,0.333740234375,0.3331705927848816,0.3333740234375,0.3336588740348816,0.3333333432674408,0.3336588740348816,0.3330078125,0.3336588740348816,0.3326823115348816,0.3331502377986908,0.333251953125,0.3339030146598816,0.3333333432674408,0.3339030146598816,0.3333943784236908,0.333984375,0.3333740234375,0.33306884765625,0.3331960141658783,0.3330078125,0.3338031768798828,0.33349609375,0.33338165283203125,0.3329671323299408,0.3327687680721283,0.3332316279411316,0.3327840268611908,0.3335164487361908,0.33299383521080017,0.33278021216392517,0.3334197998046875,0.3338216245174408,0.3327229917049408,0.333251953125,0.333984375,0.3336588740348816,0.3329264521598816,0.3328450620174408,0.3334147334098816,0.333740234375,0.3330078125,0.3329264521598816,0.3330485224723816,0.3328450620174408,0.3329264521598816,0.3333527445793152,0.3331705927848816,0.3333333432674408,0.333099365234375,0.3327229917049408,0.3326619565486908,0.3339030146598816,0.3331705927848816,0.3330078125,0.3333231806755066,0.3332316279411316,0.3326823115348816,0.333251953125,0.333251953125,0.333740234375,0.3333333432674408,0.3328857421875,0.3331502377986908,0.3338216245174408,0.3332926630973816,0.333984375,0.333333820104599,0.3333333432674408,0.3329060971736908,0.3328450620174408,0.3331705927848816,0.3333231806755066,0.33349609375,0.3338623046875,0.3336995542049408,0.3339640498161316,0.3333333432674408,0.3333333432674408,0.3333740234375,0.3328450620174408,0.33349609375,0.33295440673828125,0.3334147334098816,0.3334147334098816,0.3336385190486908,0.3337809443473816,0.3329823911190033,0.3332112729549408,0.3327229917049408,0.3330078125,0.3334554135799408,0.3335774838924408,0.33349609375,0.3327840268611908,0.3335774838924408,0.3336588740348816,0.3326823115348816,0.3330892026424408,0.3334147334098816,0.3330078125,0.33349609375,0.3338216245174408,0.332672119140625,0.3331400752067566,0.3337809443473816,0.3333536982536316,0.3337300717830658,0.3339436948299408,0.3330078125,0.33349609375,0.3339030146598816,0.3339030146598816,0.3329671323299408,0.3327840268611908,0.3336181640625,0.3338216245174408,0.333251953125,0.3330892026424408,0.3335774838924408,0.3329264521598816,0.3332621455192566,0.3331095576286316,0.3328450620174408,0.3330892026424408,0.3339030146598816,0.333251953125,0.3335774838924408,0.333984375,0.3326823115348816,0.33349609375,0.3338623046875,0.3330078125,0.333984375,0.3332926630973816,0.3331705927848816,0.3328450620174408,0.333251953125,0.33349609375,0.33349609375,0.3336588740348816,0.333251953125,0.3331705927848816,0.3333333432674408,0.3336588740348816,0.3335774838924408,0.3333333432674408,0.3333333432674408,0.3334147334098816,0.332763671875,0.3326823115348816,0.3333333432674408,0.33270263671875,0.3339640498161316,0.33369192481040955,0.33347925543785095,0.33362263441085815,0.3334372937679291,0.3337199091911316,0.33380126953125,0.33270263671875,0.3335978388786316,0.332763671875,0.3334147334098816,0.3328450620174408,0.333740234375,0.3333333432674408,0.3336588740348816,0.3329671323299408,0.3334147334098816,0.3331705927848816,0.3336181640625,0.33396658301353455,0.3331642150878906,0.3335368037223816,0.3339436948299408,0.333251953125,0.3337809443473816,0.3329874873161316,0.3331298828125,0.3339131772518158,0.333740234375,0.33337658643722534,0.3339640498161316,0.3333028256893158,0.3328857421875,0.3336588740348816,0.3327229917049408,0.33394306898117065,0.333251953125,0.3336080014705658,0.33381909132003784,0.33282470703125,0.3336181640625,0.3327840268611908,0.3335978388786316,0.3333333432674408,0.3339385986328125,0.33301544189453125,0.3331807553768158,0.332763671875,0.3339436948299408,0.333251953125,0.33349609375,0.3333333432674408,0.3333333432674408,0.3328857421875,0.33349609375,0.3328450620174408,0.3330892026424408,0.3333536982536316,0.3333333432674408,0.3336588740348816,0.3330078125,0.3336677551269531,0.33355712890625,0.3333231806755066,0.3337745666503906,0.3335673213005066,0.3327891230583191,0.3328043818473816,0.333984375,0.3330078125,0.3326823115348816,0.3335368037223816,0.33380126953125,0.33343505859375,0.3332621455192566,0.3339691162109375,0.332855224609375,0.3330281674861908,0.3338216245174408,0.3336893916130066,0.3336588740348816,0.3339131772518158,0.3339640498161316,0.3336995542049408,0.333251953125,0.3336588740348816,0.3330078125,0.332763671875,0.33251953125,0.3328348994255066,0.33340582251548767,0.33297857642173767,0.3332347869873047,0.3329823911190033,0.3339080810546875,0.33282727003097534,0.33349609375,0.3337605893611908,0.333984375,0.3330078125,0.33349609375,0.3334147334098816,0.3331705927848816,0.3335164487361908,0.333984375,0.3333015441894531,0.3339030146598816,0.3331146240234375,0.3338470458984375,0.3330218195915222,0.333251953125,0.3331349790096283,0.3329874873161316,0.3334248960018158,0.33270263671875,0.33365440368652344,0.3339742124080658,0.33349609375,0.3334554135799408,0.33383339643478394,0.3332265317440033,0.3332926630973816,0.3338470458984375,0.3337860107421875,0.333282470703125,0.3338419795036316,0.3336995542049408,0.3328208923339844,0.33393606543540955,0.3335762023925781,0.33324941992759705,0.33349609375,0.3334147334098816,0.3327433466911316,0.3326009213924408,0.3339436948299408,0.3335368037223816,0.3338216245174408,0.333740234375,0.3338572382926941,0.3335774838924408,0.3332112729549408,0.33285778760910034,0.3335368037223816,0.3331095576286316,0.3334452509880066,0.333160400390625,0.3326956629753113,0.3333333432674408,0.332804411649704,0.3334452509880066,0.3333333432674408,0.3333842158317566,0.3338623046875,0.3333333432674408,0.333740234375,0.3333638608455658,0.333740234375,0.3330892026424408,0.3335469663143158,0.3329874873161316,0.33312225341796875,0.3329213559627533,0.3327992856502533,0.3332112729549408,0.3327433466911316
Apparentements,org,0.3330078125,0.3336588740348816,0.3333333432674408,0.332804411649704,0.3336588740348816,0.3331705927848816,0.3326823115348816,0.3330078125,0.3328043818473816,0.3330078125,0.3333333432674408,0.3330078125,0.3333333432674408,0.3331705927848816,0.333984375,0.3333333432674408,0.3330078125,0.333984375,0.333984375,0.3330078125,0.333984375,0.3334147334098816,0.3330892026424408,0.332763671875,0.3331705927848816,0.3328450620174408,0.3331705927848816,0.3336588740348816,0.3333333432674408,0.3326823115348816,0.3326823115348816,0.3333333432674408,0.3338216245174408,0.3326823115348816,0.333984375,0.3338216245174408,0.3333333432674408,0.3326823115348816,0.3333333432674408,0.333251953125,0.3326823115348816,0.3336588740348816,0.33349609375,0.333984375,0.3338216245174408,0.3336588740348816,0.33251953125,0.3336588740348816,0.3333333432674408,0.3333333432674408,0.3333333432674408,0.3336588740348816,0.3329264521598816,0.3326823115348816,0.3333333432674408,0.333984375,0.3326823115348816,0.3330078125,0.3332926630973816,0.3336588740348816,0.3329264521598816,0.3336588740348816,0.3330078125,0.3330078125,0.3330078125,0.3333333432674408,0.333984375,0.3336588740348816,0.333984375,0.333984375,0.3338216245174408,0.3333333432674408,0.3326823115348816,0.3333333432674408,0.333984375,0.3333333432674408,0.333984375,0.3328043818473816,0.332763671875,0.3333333432674408,0.3330078125,0.3330078125,0.3331705927848816,0.3333333432674408,0.3334147334098816,0.333984375,0.3333333432674408,0.3335774838924408,0.3336588740348816,0.332763671875,0.3333333432674408,0.3333333432674408,0.3333333432674408,0.3333333432674408,0.3330078125,0.3338216245174408,0.3330078125,0.3333333432674408,0.3336588740348816,0.3336588740348816,0.333984375,0.3330078125,0.3336588740348816,0.3333333432674408,0.3330078125,0.3328450620174408,0.3333333432674408,0.3326823115348816,0.3328450620174408,0.3333333432674408,0.3333333432674408,0.3336588740348816,0.3326823115348816,0.33319091796875,0.3331705927848816,0.3333028256893158,0.3339436948299408,0.3336588740348816,0.3338216245174408,0.33333414793014526,0.3327847421169281,0.33368462324142456,0.333629846572876,0.33289146423339844,0.3332088887691498,0.33341455459594727,0.3333333432674408,0.3336080014705658,0.33357876539230347,0.3333333432674408,0.3330078125,0.33376821875572205,0.33306884765625,0.333251953125,0.33357495069503784,0.333740234375,0.33369192481040955,0.333740234375,0.333953857421875,0.333770751953125,0.33385929465293884,0.332977294921875,0.3335368037223816,0.333984375,0.3330892026424408,0.33347415924072266,0.33309173583984375,0.33292388916015625,0.3336283564567566,0.3326823115348816,0.3330078125,0.3330586850643158,0.3336995542049408,0.3332316279411316,0.3328501582145691,0.3328288495540619,0.3335774838924408,0.3329734802246094,0.33286285400390625,0.3336620330810547,0.3329760432243347,0.3327655792236328,0.3328043818473816,0.3332672119140625,0.3337790369987488,0.3330230712890625,0.33328694105148315,0.3336080014705658,0.3326823115348816,0.33359527587890625,0.3332926630973816,0.3329264521598816,0.3330892026424408,0.33294677734375,0.333740234375,0.333984375,0.3333740234375,0.3330281674861908,0.3336588740348816,0.3338623046875,0.3328348994255066,0.3333333432674408,0.3330078125,0.3336588740348816,0.3337605893611908,0.3336436152458191,0.3330841064453125,0.3333671987056732,0.33360356092453003,0.3327229917049408,0.3331705927848816,0.3328145444393158,0.3328755795955658,0.3332723081111908,0.3336385190486908,0.332763671875,0.3330485224723816,0.3338152766227722,0.3330078125,0.3338216245174408,0.33349609375,0.3326823115348816,0.3333161771297455,0.3331298828125,0.33349609375,0.3330078125,0.332965224981308,0.3338521420955658,0.3331705927848816,0.3328450620174408,0.3332112729549408,0.33328503370285034,0.3333536982536316,0.33324941992759705,0.3340352475643158,0.3331960141658783,0.3330485224723816,0.3326823115348816,0.3339436948299408,0.3326619565486908,0.3331705927848816,0.3338216245174408,0.333740234375,0.3333943784236908,0.33331298828125,0.3336588740348816,0.3330485224723816,0.3331095576286316,0.3326212763786316,0.333740234375,0.3336588740348816,0.3329417109489441,0.3333740234375,0.3338419795036316,0.33331298828125,0.33355712890625,0.3338623046875,0.3328959345817566,0.3327229917049408,0.3331502377986908,0.332763671875,0.33390936255455017,0.3327789306640625,0.3329111933708191,0.3333333432674408,0.3333549499511719,0.33311986923217773,0.33363544940948486,0.3340141177177429,0.3337195813655853,0.33384960889816284,0.33366426825523376,0.3334147334098816,0.3332011103630066,0.33383306860923767,0.3330078125,0.3333028256893158,0.3326416015625,0.332763671875,0.3332621455192566,0.33294805884361267,0.3336842954158783,0.3328654170036316,0.33391571044921875,0.3333333432674408,0.3334147334098816,0.3326823115348816,0.332763671875,0.3335368037223816,0.3328959345817566,0.3329976499080658,0.333099365234375,0.3328450620174408,0.3339030146598816,0.3328450620174408,0.333984375,0.3330892026424408,0.3336588740348816,0.3338216245174408,0.3333333432674408,0.3328857421875,0.3337504267692566,0.3337656855583191,0.333251953125,0.3333333432674408,0.3328450620174408,0.333740234375,0.3337199091911316,0.3330485224723816,0.3330129086971283,0.3338724970817566,0.33349609375,0.3329060971736908,0.3334147334098816,0.3329060971736908,0.332916259765625,0.3327229917049408,0.332977294921875,0.33327484130859375,0.3329366147518158,0.3336181640625,0.3330180048942566,0.3331705927848816,0.332916259765625,0.33331298828125,0.3330485224723816,0.3333943784236908,0.3338216245174408,0.3327392041683197,0.33349609375,0.3328450620174408,0.333251953125,0.3328145444393158,0.3331298828125,0.3336639404296875,0.3339131772518158,0.33294934034347534,0.3330078125,0.3326924741268158,0.333404541015625,0.33367919921875,0.3330485224723816,0.3328450620174408,0.3339030146598816,0.3328450620174408,0.3328654170036316,0.33349609375,0.3335368037223816,0.33392333984375,0.3326823115348816,0.3326823115348816,0.3327840268611908,0.3338623046875,0.3330892026424408,0.333160400390625,0.3336842954158783,0.3338216245174408,0.3328654170036316,0.332763671875,0.3336588740348816,0.333251953125,0.33355712890625,0.3329671323299408,0.3338584899902344,0.3333943784236908,0.33294677734375,0.3333536982536316,0.333953857421875,0.3333333432674408,0.3338623046875,0.3335368037223816,0.332794189453125,0.3333333432674408,0.3333333432674408,0.3338623046875,0.3336893916130066,0.3339487910270691,0.33349609375,0.332977294921875,0.3333689570426941,0.3330802917480469,0.3331095576286316,0.3339030146598816,0.3338724970817566,0.3330485224723816,0.3333333432674408,0.3341471552848816,0.33392333984375,0.3329264521598816,0.3327433466911316,0.3326823115348816,0.3339436948299408,0.3329264521598816,0.333740234375,0.3336588740348816,0.3338216245174408,0.3336588740348816,0.3338216245174408,0.3338114619255066,0.3329671323299408,0.3326823115348816,0.3327738642692566,0.3330078125,0.3337199091911316,0.3336995542049408,0.332763671875,0.3331705927848816,0.3334147334098816,0.333251953125,0.33367919921875,0.3332112729549408,0.3338216245174408,0.3331316113471985,0.3328450620174408,0.3335978388786316,0.33380126953125,0.3334200382232666,0.3333335518836975,0.33335942029953003,0.33377814292907715,0.33288905024528503,0.33343505859375,0.3328654170036316,0.33353933691978455,0.3330078125,0.33387884497642517,0.3327738642692566,0.3338623046875,0.33355712890625,0.3334147334098816,0.3330078125,0.3330790400505066,0.332763671875,0.3328450620174408,0.3338216245174408,0.3328043818473816,0.3327229917049408,0.3336385190486908,0.3330078125,0.3333740234375,0.3336181640625,0.3329620361328125,0.3332926630973816,0.33294677734375,0.33270263671875,0.3337809443473816,0.3330078125,0.3336080014705658,0.3333333432674408,0.3339436948299408,0.33279165625572205,0.3333333432674408,0.3334147334098816,0.3330078125,0.333465576171875,0.33318203687667847,0.3336181640625,0.332977294921875,0.33321163058280945,0.3337809443473816,0.3327166438102722,0.3333333432674408,0.3328043818473816,0.3330078125,0.33349609375,0.3337199091911316,0.3336588740348816,0.3326823115348816,0.3334554135799408,0.3330180048942566,0.3330892026424408,0.3338521420955658,0.3339030146598816,0.3335774838924408,0.33392333984375,0.3327229917049408,0.3333333432674408,0.332763671875,0.3329671323299408,0.3334147334098816,0.3333740234375,0.3328450620174408,0.3329874873161316,0.33327484130859375,0.3327382504940033,0.333251953125,0.3337199091911316,0.333251953125,0.3334248960018158,0.3338216245174408,0.333984375,0.333984375,0.3326823115348816,0.3334147334098816,0.333984375,0.3338216245174408,0.3330485224723816,0.3333740234375,0.3329264521598816,0.3330078125,0.3338521420955658,0.333251953125,0.3327738642692566,0.33349609375,0.33297985792160034,0.3331705927848816,0.3333028256893158,0.333251953125,0.3338419795036316,0.333251953125,0.3335927426815033,0.3331400752067566,0.332763671875,0.3338419795036316,0.33319854736328125,0.33291882276535034,0.3328654170036316,0.3332926630973816,0.3329264521598816,0.3338216245174408,0.3336385190486908,0.3337199091911316,0.3329671323299408,0.333251953125,0.3334147334098816,0.3334554135799408,0.33349609375,0.3335774838924408,0.3338623046875,0.3338114619255066,0.3328450620174408,0.33333539962768555,0.3330892026424408,0.3336588740348816,0.3332112729549408,0.33349609375,0.3330078125,0.3328450620174408,0.3336588740348816,0.3331095576286316,0.33294424414634705,0.3334554135799408,0.3328450620174408,0.3333740234375,0.3339030146598816,0.3331705927848816,0.3333333432674408,0.3339436948299408,0.3329671323299408,0.33349609375,0.3332112729549408,0.3331705927848816,0.3333333432674408,0.333251953125,0.3331705927848816,0.3337605893611908,0.3333333432674408,0.3333333432674408,0.3336588740348816,0.332733154296875,0.33343505859375,0.3335062861442566,0.3330586850643158,0.3331705927848816,0.333740234375,0.33349609375,0.3331705927848816,0.3332774043083191,0.3336385190486908,0.3338419795036316,0.3338979184627533,0.3332112729549408,0.3327840268611908,0.3327433466911316,0.3335368037223816,0.3339030146598816,0.333984375,0.3331705927848816,0.3329671323299408,0.3332316279411316,0.3335368037223816,0.3331705927848816,0.3330078125,0.3332112729549408,0.332763671875,0.3333333432674408,0.3334147334098816,0.3338623046875,0.3330892026424408,0.33370208740234375,0.3334147334098816,0.3331553339958191,0.3333842158317566,0.333770751953125,0.3340250849723816,0.333099365234375,0.3333333432674408,0.3328348994255066,0.3328450620174408,0.3336385190486908,0.3332417905330658,0.3335368037223816,0.3328450620174408,0.3336080014705658,0.333251953125,0.3335774838924408,0.3333791196346283,0.3334452509880066,0.3328857421875,0.33270263671875,0.3336588740348816,0.3331705927848816,0.3329671323299408,0.3338216245174408,0.3333333432674408,0.3339640498161316,0.3329671323299408,0.33349609375,0.3329264521598816,0.3333333432674408,0.3338216245174408,0.3339335322380066,0.33380126953125,0.3333333432674408,0.3338216245174408,0.3330078125,0.3331705927848816,0.3330892026424408,0.3338826596736908,0.3333333432674408,0.3336385190486908,0.3332926630973816,0.3328450620174408,0.3338216245174408,0.3332926630973816,0.3333943784236908,0.333984375,0.3339640498161316,0.3335368037223816,0.3333384394645691,0.33333462476730347,0.3336915969848633,0.3335348963737488,0.3328450620174408,0.3337911069393158,0.3329264521598816,0.3338623046875,0.3329264521598816,0.3333943784236908,0.333465576171875,0.3333333432674408,0.3328450620174408,0.3330078125,0.3333333432674408,0.3326823115348816,0.33349609375,0.33319091796875,0.33284252882003784,0.33293581008911133,0.3336995542049408,0.33270263671875,0.3338521420955658,0.3338674008846283,0.33294424414634705,0.333984375,0.3328450620174408,0.33349609375,0.3332112729549408,0.3332112729549408,0.3338521420955658,0.3334147334098816,0.3339691162109375,0.33331298828125,0.33357876539230347,0.3339182734489441,0.3336995542049408,0.33286985754966736,0.33305105566978455,0.3333587646484375,0.3339131772518158,0.33374279737472534,0.3328450620174408,0.33318838477134705,0.332763671875,0.3331298828125,0.33331298828125,0.3330892026424408,0.33320873975753784,0.3326823115348816,0.333740234375,0.3329264521598816,0.3334147334098816,0.3330078125,0.3335774838924408,0.33349609375,0.333251953125,0.33282470703125,0.3338826596736908,0.3327229917049408,0.3335723876953125,0.3328348994255066,0.33358001708984375,0.33354634046554565,0.3333282470703125,0.3338775634765625,0.33318328857421875,0.3335774838924408,0.33392333984375,0.3329976499080658,0.3334147334098816,0.3338826596736908,0.3333740234375,0.3330892026424408,0.3332621455192566,0.3327840268611908,0.3327128291130066,0.3328450620174408,0.33320873975753784,0.3332977294921875,0.3326009213924408,0.3338216245174408,0.3328450620174408,0.3329671323299408,0.3338216245174408,0.33251953125,0.3328857421875,0.3332926630973816,0.3328094482421875,0.33295440673828125,0.3327687680721283,0.3338101804256439,0.333404541015625,0.3335285186767578,0.3335673213005066,0.3327229917049408,0.3330892026424408,0.3326823115348816,0.3335774838924408,0.3330078125,0.3338216245174408,0.3336588740348816,0.333740234375,0.3337809443473816,0.33293914794921875,0.3334452509880066,0.3337962031364441,0.33270519971847534,0.3338521420955658,0.3334757685661316,0.33278149366378784,0.33388012647628784,0.33366650342941284,0.333740234375,0.3335164487361908,0.3336404263973236,0.33356159925460815,0.3335774838924408,0.3336741328239441,0.3332977294921875,0.3337809443473816,0.3334452509880066,0.333251953125,0.3329658508300781,0.3328043818473816,0.3333689570426941,0.3332774043083191,0.3339347839355469,0.33279675245285034,0.33286795020103455,0.3338419795036316,0.3335978388786316,0.33363598585128784,0.3328959345817566,0.3335469663143158,0.3333333432674408,0.3338216245174408,0.3328654170036316,0.3336029052734375,0.3337453305721283,0.3333958089351654,0.3337993621826172,0.3333943784236908,0.33379873633384705,0.3333333432674408,0.333465576171875,0.3333373963832855,0.3333333432674408,0.3334452509880066,0.3333333432674408,0.3333333432674408,0.3338572382926941,0.33392080664634705,0.3333638608455658,0.33292388916015625,0.3337332606315613,0.3330281674861908,0.3333333432674408,0.3334147334098816,0.33304089307785034,0.3328997492790222,0.3339742124080658,0.3334147334098816,0.3338419795036316,0.3335825800895691
Gorgio,org,0.3333333432674408,0.3331705927848816,0.3330078125,0.3333333730697632,0.3333333432674408,0.3326823115348816,0.3334147334098816,0.3326823115348816,0.3338216245174408,0.3336588740348816,0.3333333432674408,0.3333333432674408,0.3338216245174408,0.3331705927848816,0.333984375,0.3333333432674408,0.3330078125,0.333984375,0.333984375,0.333984375,0.3336588740348816,0.3336588740348816,0.333984375,0.33349609375,0.333984375,0.333984375,0.3330078125,0.333740234375,0.3336588740348816,0.3326823115348816,0.3326823115348816,0.3330078125,0.3334147334098816,0.3326823115348816,0.3336588740348816,0.3336588740348816,0.3330078125,0.333984375,0.333740234375,0.3332112729549408,0.333984375,0.3326823115348816,0.3339742124080658,0.333984375,0.3328450620174408,0.333251953125,0.3337199091911316,0.3333333432674408,0.3333333432674408,0.3336588740348816,0.3326823115348816,0.3331705927848816,0.333984375,0.3333333432674408,0.3330078125,0.3326009213924408,0.3336385190486908,0.3338216245174408,0.333251953125,0.3330078125,0.33287304639816284,0.3329264521598816,0.3333333432674408,0.3331705927848816,0.3330078125,0.33251953125,0.3336588740348816,0.33349609375,0.3331705927848816,0.3331705927848816,0.3334147334098816,0.3336588740348816,0.3330078125,0.3336588740348816,0.333984375,0.3330078125,0.3336588740348816,0.3335774838924408,0.3328450620174408,0.33349609375,0.3336588740348816,0.3333333432674408,0.333740234375,0.3333333432674408,0.3336588740348816,0.3333333432674408,0.3339436948299408,0.3328450620174408,0.3333333432674408,0.3338216245174408,0.3333333432674408,0.3333333432674408,0.3331502377986908,0.3333333432674408,0.3330078125,0.3335774838924408,0.3330078125,0.3333333432674408,0.33349609375,0.3333333432674408,0.3333333432674408,0.3330078125,0.3333333432674408,0.3333333432674408,0.33251953125,0.3330078125,0.3336588740348816,0.3336588740348816,0.3333333432674408,0.3336588740348816,0.3336588740348816,0.3336588740348816,0.3337809443473816,0.333740234375,0.3330078125,0.33392333984375,0.333221435546875,0.3332417905330658,0.3334757685661316,0.33333930373191833,0.3330669403076172,0.33363598585128784,0.33272045850753784,0.33288320899009705,0.3332011103630066,0.33377742767333984,0.3333333432674408,0.3336995542049408,0.33342236280441284,0.3328450620174408,0.332763671875,0.332916259765625,0.33329519629478455,0.3333333432674408,0.332977294921875,0.3338623046875,0.3329620361328125,0.33355712890625,0.3338572382926941,0.33347320556640625,0.3334471583366394,0.3329874873161316,0.3332926630973816,0.3327128291130066,0.3339424133300781,0.333770751953125,0.3336588740348816,0.3336181640625,0.3330078125,0.3326823115348816,0.33349609375,0.3330180048942566,0.3328043818473816,0.33303579688072205,0.33389538526535034,0.33302563428878784,0.33268484473228455,0.3331044614315033,0.3331553339958191,0.3337593078613281,0.3335418701171875,0.3336995542049408,0.33340710401535034,0.3331807553768158,0.3338521420955658,0.3334859311580658,0.3335418701171875,0.3336893916130066,0.33321890234947205,0.3328234553337097,0.3330586850643158,0.3338623046875,0.333251953125,0.3327433466911316,0.3335978388786316,0.33364105224609375,0.3330485224723816,0.3338216245174408,0.3330078125,0.3330892026424408,0.33308476209640503,0.3327840268611908,0.3323567807674408,0.332763671875,0.3327077329158783,0.3339284360408783,0.3332875669002533,0.3333568274974823,0.33335408568382263,0.3328196406364441,0.3326823115348816,0.3329060971736908,0.3336944580078125,0.332916259765625,0.33384960889816284,0.3339385986328125,0.3330892026424408,0.33270263671875,0.3334147334098816,0.3334554135799408,0.3336588740348816,0.333740234375,0.3333638608455658,0.3333333432674408,0.3338216245174408,0.3335368037223816,0.3336283564567566,0.3334554135799408,0.3329874873161316,0.3333740234375,0.33349609375,0.333160400390625,0.333740234375,0.33349609375,0.3333943784236908,0.3330180048942566,0.3338419795036316,0.3336588740348816,0.3333333432674408,0.333984375,0.3336588740348816,0.3333333432674408,0.3330892026424408,0.3339030146598816,0.3329264521598816,0.3338216245174408,0.333740234375,0.3339436948299408,0.3334757685661316,0.3334147334098816,0.3336995542049408,0.3328043818473816,0.3330892026424408,0.3329671323299408,0.3338419795036316,0.3330892026424408,0.3336588740348816,0.33319091796875,0.3333943784236908,0.3333333432674408,0.3332468867301941,0.3327586054801941,0.33392333984375,0.3330586850643158,0.3335774838924408,0.3327738642692566,0.33346623182296753,0.3327408730983734,0.3336315155029297,0.3333028256893158,0.33377838134765625,0.3337251543998718,0.3326823115348816,0.3338623046875,0.3332926630973816,0.3338419795036316,0.3330078125,0.3328450620174408,0.3336588740348816,0.3336588740348816,0.33322781324386597,0.3336588740348816,0.3339436948299408,0.3334197998046875,0.3326009213924408,0.3330892026424408,0.3328450620174408,0.33349609375,0.3340657651424408,0.3335164487361908,0.333343505859375,0.33336639404296875,0.3338216245174408,0.3336588740348816,0.33349609375,0.3330078125,0.3334554135799408,0.3338216245174408,0.3335774838924408,0.3330078125,0.333984375,0.33394622802734375,0.333038330078125,0.3337199091911316,0.3336588740348816,0.3329874873161316,0.3328450620174408,0.3336283564567566,0.3329366147518158,0.3331705927848816,0.333770751953125,0.3326823115348816,0.3337199091911316,0.3333333432674408,0.332763671875,0.3336080014705658,0.3336588740348816,0.3338674008846283,0.3334554135799408,0.3328450620174408,0.3328450620174408,0.3327178955078125,0.3338216245174408,0.3336893916130066,0.3329671323299408,0.333984375,0.33349609375,0.3329671323299408,0.3331654965877533,0.3330892026424408,0.3331248164176941,0.3332112729549408,0.3331960141658783,0.3337199091911316,0.33355712890625,0.3338216245174408,0.3329251706600189,0.33380126953125,0.3335978388786316,0.3330892026424408,0.3326823115348816,0.3334554135799408,0.33251953125,0.3330078125,0.3333333432674408,0.333984375,0.33349609375,0.333740234375,0.3326823115348816,0.333740234375,0.3328450620174408,0.333984375,0.3336588740348816,0.332763671875,0.3338216245174408,0.33349609375,0.3328450620174408,0.3333536982536316,0.333984375,0.3334147334098816,0.3341471552848816,0.333740234375,0.3330892026424408,0.33347320556640625,0.333251953125,0.3328450620174408,0.3334147334098816,0.3338114619255066,0.3339335322380066,0.333740234375,0.3330892026424408,0.3332926630973816,0.3339030146598816,0.3335774838924408,0.3331705927848816,0.3335774838924408,0.3330485224723816,0.3333740234375,0.3336385190486908,0.3330942988395691,0.33349609375,0.333251953125,0.33349609375,0.3328450620174408,0.33349609375,0.333251953125,0.3330892026424408,0.3333333432674408,0.3330078125,0.33349609375,0.3328450620174408,0.3338623046875,0.3337809443473816,0.3328450620174408,0.333251953125,0.3336588740348816,0.3333333432674408,0.3330078125,0.33349609375,0.333740234375,0.3328450620174408,0.3328857421875,0.3333333432674408,0.3337199091911316,0.3328450620174408,0.3341471552848816,0.3341471552848816,0.3328857421875,0.333984375,0.33349609375,0.332763671875,0.33349609375,0.33317631483078003,0.3328959345817566,0.3333333432674408,0.3329060971736908,0.33354637026786804,0.3333415985107422,0.3327433466911316,0.33394116163253784,0.3335774838924408,0.3338419795036316,0.3336283564567566,0.3333333432674408,0.333740234375,0.3332112729549408,0.3330485224723816,0.3336588740348816,0.332763671875,0.3326823115348816,0.3334147334098816,0.3332926630973816,0.333984375,0.3339436948299408,0.3330078125,0.3333333432674408,0.3332112729549408,0.3326823115348816,0.3328450620174408,0.332763671875,0.3330485224723816,0.33392333984375,0.3336588740348816,0.3332316279411316,0.3330942988395691,0.3326416015625,0.3334554135799408,0.3334554135799408,0.3333333432674408,0.3334147334098816,0.333160400390625,0.33349609375,0.332763671875,0.3336588740348816,0.333404541015625,0.33282470703125,0.333251953125,0.3329874873161316,0.33310064673423767,0.3339030146598816,0.3334147334098816,0.33349609375,0.3328043818473816,0.3333333432674408,0.3333333432674408,0.332763671875,0.3343099057674408,0.3326823115348816,0.3335774838924408,0.3327229917049408,0.3339030146598816,0.3332417905330658,0.3334147334098816,0.333740234375,0.3333740234375,0.3333536982536316,0.3336588740348816,0.3328145444393158,0.3328654170036316,0.3334757685661316,0.3330078125,0.3336690366268158,0.3334147334098816,0.3330586850643158,0.333740234375,0.3326416015625,0.3330892026424408,0.3336588740348816,0.333740234375,0.3341064453125,0.3336995542049408,0.3330078125,0.3335774838924408,0.3333333432674408,0.3338216245174408,0.3329264521598816,0.3331705927848816,0.3331298828125,0.3326823115348816,0.3330078125,0.3336385190486908,0.3330892026424408,0.3328755795955658,0.333831787109375,0.3335978388786316,0.3333333432674408,0.3327128291130066,0.33349609375,0.3326924741268158,0.3332621455192566,0.3329111933708191,0.3328959345817566,0.3335164487361908,0.3328857421875,0.3329925537109375,0.33355459570884705,0.3336995542049408,0.3328450620174408,0.3334554135799408,0.3336995542049408,0.332763671875,0.3335774838924408,0.333984375,0.3336588740348816,0.3331705927848816,0.3331705927848816,0.3330078125,0.333251953125,0.3334147334098816,0.3330485224723816,0.3334147334098816,0.33356985449790955,0.3339436948299408,0.3333333432674408,0.3328857421875,0.3339030146598816,0.3329874873161316,0.3328450620174408,0.3339030146598816,0.333251953125,0.3338216245174408,0.3336588740348816,0.3333333432674408,0.3330078125,0.333740234375,0.3326823115348816,0.3328450620174408,0.3337199091911316,0.3335774838924408,0.3333333432674408,0.3335368037223816,0.3338216245174408,0.33333390951156616,0.3339436948299408,0.3333333432674408,0.3331807553768158,0.3336588740348816,0.3330485224723816,0.3333333432674408,0.3330485224723816,0.33343505859375,0.3332723081111908,0.333984375,0.3336588740348816,0.3339030146598816,0.3326823115348816,0.3331705927848816,0.3328654170036316,0.3328450620174408,0.3327840268611908,0.3327840268611908,0.3331705927848816,0.3338623046875,0.333740234375,0.3330078125,0.33392333984375,0.332733154296875,0.3327229917049408,0.3326416015625,0.33306884765625,0.3328450620174408,0.3333333432674408,0.3336588740348816,0.3336588740348816,0.3331705927848816,0.333984375,0.3333333432674408,0.3335774838924408,0.33313751220703125,0.3337758481502533,0.3338216245174408,0.33343505859375,0.3330586850643158,0.3328857421875,0.3330892026424408,0.3334147334098816,0.3328857421875,0.3329671323299408,0.332763671875,0.3339030146598816,0.3335774838924408,0.3336588740348816,0.3330078125,0.3338216245174408,0.3338216245174408,0.3326823115348816,0.33306884765625,0.332763671875,0.3330180048942566,0.333740234375,0.33380126953125,0.3335774838924408,0.3338216245174408,0.3336588740348816,0.3335774838924408,0.332763671875,0.3332112729549408,0.3328450620174408,0.3332112729549408,0.3331705927848816,0.3336588740348816,0.3329874873161316,0.3330892026424408,0.3334147334098816,0.3336588740348816,0.3330078125,0.3334147334098816,0.333984375,0.3339030146598816,0.3326823115348816,0.3335774838924408,0.33349609375,0.3328450620174408,0.33349609375,0.3333333432674408,0.3336588740348816,0.33349609375,0.3336690366268158,0.3331298828125,0.3336385190486908,0.33314770460128784,0.33351773023605347,0.3335387110710144,0.3328348994255066,0.3328348994255066,0.3330892026424408,0.3329264521598816,0.3329569697380066,0.3336588740348816,0.3335368037223816,0.3338521420955658,0.333251953125,0.3332112729549408,0.332763671875,0.3333333432674408,0.3330078125,0.3327229917049408,0.33292898535728455,0.33286795020103455,0.3330485224723816,0.3329264521598816,0.3331298828125,0.3329874873161316,0.3336385190486908,0.3335774838924408,0.3330078125,0.3336588740348816,0.3331705927848816,0.3335774838924408,0.3330281674861908,0.3336588740348816,0.3333333432674408,0.3327840268611908,0.3329283595085144,0.3333333432674408,0.3331400752067566,0.33333081007003784,0.3334147334098816,0.3333333432674408,0.33282470703125,0.3336385190486908,0.3336588740348816,0.3334706723690033,0.33367919921875,0.3331705927848816,0.3327229917049408,0.333984375,0.333740234375,0.3331298828125,0.3339030146598816,0.3336588740348816,0.3336588740348816,0.3330078125,0.3335368037223816,0.3337809443473816,0.333587646484375,0.3335368037223816,0.33349609375,0.33349609375,0.3327840268611908,0.3331044614315033,0.33278149366378784,0.33316802978515625,0.3331960141658783,0.3334299921989441,0.3327229917049408,0.3330078125,0.3336588740348816,0.33349609375,0.33349609375,0.3330078125,0.3331705927848816,0.3328450620174408,0.33392333984375,0.33349609375,0.33331298828125,0.3328959345817566,0.33349609375,0.3338419795036316,0.3328857421875,0.3338623046875,0.3339030146598816,0.3329264521598816,0.3330078125,0.3326823115348816,0.3329264521598816,0.3335774838924408,0.3335164487361908,0.33359020948410034,0.3334897458553314,0.333984375,0.3337535858154297,0.33367475867271423,0.3333638608455658,0.3338216245174408,0.3330892026424408,0.3330078125,0.3335368037223816,0.3331705927848816,0.3326823115348816,0.333251953125,0.332794189453125,0.3335774838924408,0.3331858515739441,0.3332112729549408,0.3332570493221283,0.3336995542049408,0.33295950293540955,0.3327433466911316,0.3331451416015625,0.3330892026424408,0.33273571729660034,0.333831787109375,0.3330027461051941,0.3336181640625,0.33292898535728455,0.3338623046875,0.3332774043083191,0.3327433466911316,0.3330167233943939,0.333099365234375,0.33282217383384705,0.33356475830078125,0.3333943784236908,0.3327077329158783,0.33379873633384705,0.3328806757926941,0.3335062861442566,0.33381399512290955,0.3335368037223816,0.3333333432674408,0.3339742124080658,0.3326823115348816,0.3333333432674408,0.3330078125,0.3333333432674408,0.3328450620174408,0.3337199091911316,0.333740234375,0.3328450620174408,0.3336995542049408,0.3332417905330658,0.3330485224723816,0.33333486318588257,0.3330892026424408,0.33334583044052124,0.3333333432674408,0.33333438634872437,0.33333539962768555,0.3333333432674408,0.3333740234375,0.3338623046875,0.3328654170036316,0.332763671875,0.3331349790096283,0.3327229917049408,0.3329111933708191,0.3330078125,0.33349609375,0.3335774838924408,0.3331705927848816,0.3333333432674408,0.3339640498161316,0.3330892026424408
Nepouite,org,0.2501220703125,0.250244140625,0.25048828125,0.2500000596046448,0.25048828125,0.249755859375,0.25007200241088867,0.25048828125,0.24993896484375,0.2501220703125,0.2500000298023224,0.25,0.25,0.250244140625,0.2498779296875,0.2500000298023224,0.2498779296875,0.24951171875,0.24957275390625,0.25,0.249755859375,0.2503662109375,0.2500019073486328,0.25,0.25048828125,0.250244140625,0.2503662109375,0.25048828125,0.25048828125,0.2501220703125,0.2496337890625,0.2498779296875,0.24993896484375,0.25,0.24951171875,0.2498016357421875,0.24969482421875,0.249755859375,0.2498779296875,0.2496337890625,0.2494659423828125,0.25,0.2495269775390625,0.25,0.24951171875,0.2504730224609375,0.24993896484375,0.249755859375,0.2498779296875,0.250244140625,0.25,0.25018310546875,0.25,0.2503662109375,0.25,0.25006103515625,0.24968719482421875,0.2502899169921875,0.25048828125,0.24957275390625,0.2497401237487793,0.249725341796875,0.24993896484375,0.25006103515625,0.2503662109375,0.2501220703125,0.249755859375,0.2501220703125,0.25006103515625,0.25006103515625,0.249755859375,0.25,0.250244140625,0.25,0.2496337890625,0.2501220703125,0.2498779296875,0.24951171875,0.250152587890625,0.25042724609375,0.25030517578125,0.250091552734375,0.249755859375,0.25,0.2503662109375,0.25042724609375,0.250640869140625,0.24969482421875,0.25,0.25006103515625,0.249755859375,0.250244140625,0.25011444091796875,0.250244140625,0.2501220703125,0.250091552734375,0.250030517578125,0.249420166015625,0.250152587890625,0.25,0.25,0.24993896484375,0.250244140625,0.250244140625,0.24951171875,0.24951171875,0.249755859375,0.2498779296875,0.25,0.24981689453125,0.25,0.249755859375,0.25,0.250213623046875,0.24951171875,0.249755859375,0.2501983642578125,0.2504854202270508,0.2497711181640625,0.25,0.24974951148033142,0.24967843294143677,0.250425785779953,0.2502436637878418,0.250460147857666,0.25009334087371826,0.249755859375,0.2500152587890625,0.24953460693359375,0.250030517578125,0.2496337890625,0.2500419616699219,0.24976158142089844,0.250244140625,0.2496490478515625,0.25054931640625,0.2503204345703125,0.2501678466796875,0.2501029968261719,0.24981689453125,0.2498917579650879,0.2496795654296875,0.25018310546875,0.24957275390625,0.24961471557617188,0.2503471374511719,0.24989700317382812,0.24957656860351562,0.25,0.2501659393310547,0.2500267028808594,0.2497711181640625,0.2500152587890625,0.2497425079345703,0.24952316284179688,0.24971246719360352,0.2502555847167969,0.24973440170288086,0.25032973289489746,0.25001195073127747,0.24982130527496338,0.2500181198120117,0.2495288848876953,0.25042724609375,0.24992942810058594,0.2501983642578125,0.2499256134033203,0.24953460693359375,0.2503662109375,0.250152587890625,0.24969482421875,0.25030517578125,0.24981689453125,0.250518798828125,0.24994659423828125,0.2497711181640625,0.24969100952148438,0.2496185302734375,0.24974822998046875,0.2498779296875,0.2495708465576172,0.24976348876953125,0.2503662109375,0.250152587890625,0.250213623046875,0.25014686584472656,0.2503204345703125,0.2500404715538025,0.25013256072998047,0.250274658203125,0.24993896484375,0.24976730346679688,0.2500114440917969,0.25018310546875,0.2499847412109375,0.250244140625,0.25030517578125,0.24994659423828125,0.250213623046875,0.250091552734375,0.2493896484375,0.25018310546875,0.24999713897705078,0.2496337890625,0.250244140625,0.24993133544921875,0.25006103515625,0.24967193603515625,0.249847412109375,0.24951171875,0.24951171875,0.24993896484375,0.250213623046875,0.24968719482421875,0.2506103515625,0.249755859375,0.25,0.25048828125,0.24990272521972656,0.25,0.25048828125,0.249908447265625,0.2498321533203125,0.24966049194335938,0.249786376953125,0.250244140625,0.249969482421875,0.25048828125,0.24951171875,0.24981689453125,0.25003814697265625,0.24981689453125,0.2496337890625,0.2499847412109375,0.24953460693359375,0.25030517578125,0.250579833984375,0.2497100830078125,0.24999237060546875,0.2499847412109375,0.24951171875,0.25008392333984375,0.2496490478515625,0.250274658203125,0.2498779296875,0.2496805191040039,0.2501785457134247,0.25037217140197754,0.250336617231369,0.24953460693359375,0.25005292892456055,0.24988657236099243,0.2499542236328125,0.250244140625,0.250335693359375,0.24954986572265625,0.25,0.249725341796875,0.25030517578125,0.250091552734375,0.24967551231384277,0.2503662109375,0.250244140625,0.25030517578125,0.249755859375,0.25027942657470703,0.2496337890625,0.2503662109375,0.2501068115234375,0.2503204345703125,0.25026702880859375,0.2504158020019531,0.24981689453125,0.250091552734375,0.2496337890625,0.2498779296875,0.249542236328125,0.250244140625,0.24957275390625,0.2499237060546875,0.2501678466796875,0.2496166229248047,0.25011634826660156,0.24988555908203125,0.250244140625,0.2501983642578125,0.249755859375,0.2501049041748047,0.2501983642578125,0.25042724609375,0.2501945495605469,0.249755859375,0.24951934814453125,0.2498779296875,0.2498626708984375,0.24981451034545898,0.2501373291015625,0.249542236328125,0.25006103515625,0.25048828125,0.2500457763671875,0.249755859375,0.250274658203125,0.249755859375,0.249847412109375,0.249603271484375,0.25030517578125,0.24969482421875,0.25043296813964844,0.2497100830078125,0.2501983642578125,0.2501220703125,0.24997329711914062,0.25018310546875,0.2501029968261719,0.2503662109375,0.25043296813964844,0.2495880126953125,0.2497711181640625,0.249908447265625,0.24978256225585938,0.25006103515625,0.24951171875,0.250396728515625,0.25,0.25,0.2501220703125,0.2497711181640625,0.249603271484375,0.2503662109375,0.249664306640625,0.2496337890625,0.25048828125,0.2496337890625,0.2498779296875,0.25018310546875,0.25030517578125,0.250213623046875,0.250152587890625,0.25018310546875,0.24951171875,0.250274658203125,0.2498779296875,0.24951934814453125,0.24993896484375,0.25,0.2500152587890625,0.24993133544921875,0.25017547607421875,0.2496337890625,0.2502593994140625,0.24987030029296875,0.249847412109375,0.24969482421875,0.2498779296875,0.250152587890625,0.24969482421875,0.249786376953125,0.25030517578125,0.250457763671875,0.249755859375,0.2500152587890625,0.250457763671875,0.24997711181640625,0.250244140625,0.2496337890625,0.249847412109375,0.25018310546875,0.249664306640625,0.249603271484375,0.249664306640625,0.24959564208984375,0.25030517578125,0.249755859375,0.25042724609375,0.24951171875,0.2498779296875,0.250244140625,0.250152587890625,0.24969482421875,0.25018310546875,0.25,0.249755859375,0.24957275390625,0.2503662109375,0.24951171875,0.2501220703125,0.24951171875,0.2498779296875,0.2496337890625,0.25,0.2493896484375,0.2500060200691223,0.25031208992004395,0.2500419616699219,0.24981307983398438,0.2500000298023224,0.25,0.25001540780067444,0.2503166198730469,0.2503776550292969,0.25028228759765625,0.2503509521484375,0.24993896484375,0.2497100830078125,0.2498779296875,0.249847412109375,0.2503662109375,0.24969482421875,0.2501220703125,0.2503662109375,0.25030517578125,0.250244140625,0.249542236328125,0.25,0.250518798828125,0.250244140625,0.2504844665527344,0.2501220703125,0.24981689453125,0.249755859375,0.250244140625,0.250030517578125,0.24969482421875,0.25043392181396484,0.25030517578125,0.250244140625,0.24957275390625,0.2503662109375,0.250030517578125,0.25009727478027344,0.250244140625,0.25030517578125,0.25018310546875,0.2495880126953125,0.2503196895122528,0.2498779296875,0.2496185302734375,0.2497408539056778,0.24988269805908203,0.2502492070198059,0.2503662109375,0.250244140625,0.249755859375,0.2501220703125,0.25018310546875,0.2506103515625,0.25,0.25042724609375,0.25030517578125,0.2503662109375,0.2498931884765625,0.24981689453125,0.250244140625,0.24981689453125,0.25022125244140625,0.25030517578125,0.24961090087890625,0.24977493286132812,0.25031471252441406,0.25032806396484375,0.2501869201660156,0.2498779296875,0.25006103515625,0.25,0.2498779296875,0.2498779296875,0.24951171875,0.25,0.24993896484375,0.25,0.249755859375,0.2501220703125,0.249755859375,0.25042724609375,0.2501983642578125,0.25018310546875,0.2503814697265625,0.250244140625,0.250244140625,0.24995994567871094,0.25030517578125,0.2502899169921875,0.2498321533203125,0.2502765655517578,0.2496337890625,0.24995988607406616,0.2498779296875,0.2496795654296875,0.24980926513671875,0.25009918212890625,0.2495574951171875,0.24980926513671875,0.249847412109375,0.25,0.24973106384277344,0.24967575073242188,0.249969482421875,0.2499237060546875,0.25054931640625,0.2501373291015625,0.249847412109375,0.250030517578125,0.25030517578125,0.2500152587890625,0.24993896484375,0.249755859375,0.249725341796875,0.25019073486328125,0.24993896484375,0.249755859375,0.24971772730350494,0.249664306640625,0.25048828125,0.24951171875,0.25048828125,0.24968719482421875,0.249755859375,0.249908447265625,0.25030517578125,0.250274658203125,0.24991989135742188,0.25018310546875,0.25030517578125,0.24957275390625,0.25018310546875,0.2503662109375,0.250457763671875,0.2496490478515625,0.249786376953125,0.249542236328125,0.2496337890625,0.25000035762786865,0.2503662109375,0.25040435791015625,0.24953460693359375,0.2498779296875,0.25046539306640625,0.25,0.25030517578125,0.250030517578125,0.25030517578125,0.250335693359375,0.249755859375,0.2498779296875,0.25,0.250091552734375,0.250091552734375,0.2501220703125,0.249755859375,0.2501983642578125,0.250213623046875,0.250274658203125,0.2498626708984375,0.249755859375,0.25042724609375,0.2502899169921875,0.2503662109375,0.249755859375,0.249755859375,0.2496337890625,0.25,0.2498321533203125,0.2498779296875,0.2503662109375,0.25,0.2501220703125,0.24969482421875,0.250244140625,0.2498302459716797,0.2502288818359375,0.2501983642578125,0.249664306640625,0.2498321533203125,0.25,0.2503662109375,0.25006103515625,0.25042724609375,0.250244140625,0.250244140625,0.25,0.2498779296875,0.24957275390625,0.25006103515625,0.24957275390625,0.250244140625,0.24979019165039062,0.24957275390625,0.2498779296875,0.24981689453125,0.24969482421875,0.2499542236328125,0.2493896484375,0.25,0.249755859375,0.2501678466796875,0.249664306640625,0.24993896484375,0.2496795654296875,0.25,0.24951171875,0.2500762939453125,0.25048828125,0.249481201171875,0.250457763671875,0.25006103515625,0.25042724609375,0.25042724609375,0.2503662109375,0.25,0.2498779296875,0.2503662109375,0.2503662109375,0.24993896484375,0.2501220703125,0.24993896484375,0.24962615966796875,0.2499227523803711,0.25006103515625,0.24955213069915771,0.2501404285430908,0.2503662109375,0.25039607286453247,0.249542236328125,0.250244140625,0.2498321533203125,0.250152587890625,0.250244140625,0.250152587890625,0.2499847412109375,0.25009918212890625,0.24964141845703125,0.249603271484375,0.249786376953125,0.250274658203125,0.25030517578125,0.2497711181640625,0.25006103515625,0.25026607513427734,0.2498779296875,0.25030517578125,0.249969482421875,0.250244140625,0.250030517578125,0.249664306640625,0.249725341796875,0.2502098083496094,0.2501220703125,0.2498779296875,0.25045013427734375,0.24951171875,0.250244140625,0.2504425048828125,0.25014376640319824,0.24993896484375,0.2496337890625,0.24961090087890625,0.250335693359375,0.24988555908203125,0.25012969970703125,0.2498626708984375,0.249664306640625,0.2503814697265625,0.25023841857910156,0.2505035400390625,0.2501220703125,0.2501220703125,0.2503204345703125,0.25006103515625,0.250030517578125,0.2503662109375,0.249664306640625,0.25042724609375,0.25006103515625,0.24996185302734375,0.2497406005859375,0.249603271484375,0.2501220703125,0.25030517578125,0.250335693359375,0.24966812133789062,0.24975967407226562,0.24996376037597656,0.2496490478515625,0.2501716613769531,0.25048828125,0.25,0.250244140625,0.2498779296875,0.24993896484375,0.250274658203125,0.2497100830078125,0.25018310546875,0.2496623992919922,0.24982833862304688,0.249664306640625,0.250457763671875,0.2498626708984375,0.250244140625,0.2497406005859375,0.24951171875,0.24969482421875,0.250518798828125,0.24981689453125,0.24961090087890625,0.2500152587890625,0.24964141845703125,0.25025177001953125,0.2503852844238281,0.2498631477355957,0.25029802322387695,0.2503318786621094,0.24985313415527344,0.2500419616699219,0.25006103515625,0.249755859375,0.2498779296875,0.24969482421875,0.250244140625,0.24969482421875,0.250244140625,0.24985313415527344,0.2497730255126953,0.24981117248535156,0.25006103515625,0.2498321533203125,0.25019073486328125,0.2504291534423828,0.2501068115234375,0.25049591064453125,0.24989891052246094,0.2498455047607422,0.250152587890625,0.24975252151489258,0.2496790885925293,0.2504081726074219,0.24964141845703125,0.25005149841308594,0.24991607666015625,0.2503776550292969,0.25,0.2500495910644531,0.2504234313964844,0.25006103515625,0.25019073486328125,0.2497873306274414,0.24987411499023438,0.2495899200439453,0.24990177154541016,0.250457763671875,0.2503662109375,0.24953079223632812,0.2505645751953125,0.25011730194091797,0.249664306640625,0.2502288818359375,0.2502288818359375,0.2496185302734375,0.249542236328125,0.24951171875,0.24965667724609375,0.25042724609375,0.24991607666015625,0.2501678764820099,0.2500572204589844,0.2502191662788391,0.25,0.2501678764820099,0.2501678466796875,0.25,0.24950790405273438,0.24990081787109375,0.2498779296875,0.2500457763671875,0.2502450942993164,0.2498016357421875,0.250244140625,0.25014257431030273,0.24981307983398438,0.25032806396484375,0.25006675720214844,0.250091552734375,0.2501678466796875,0.2503089904785156
Manufact,org,1.0,1.0,1.0,1.0,1.0,1.0,1.0,1.0,1.0,1.0,1.0,1.0,1.0,1.0,1.0,1.0,1.0,1.0,1.0,1.0,1.0,1.0,1.0,1.0,1.0,1.0,1.0,1.0,1.0,1.0,1.0,1.0,1.0,1.0,1.0,1.0,1.0,1.0,1.0,1.0,1.0,1.0,1.0,1.0,1.0,1.0,1.0,1.0,1.0,1.0,1.0,1.0,1.0,1.0,1.0,1.0,1.0,1.0,1.0,1.0,1.0,1.0,1.0,1.0,1.0,1.0,1.0,1.0,1.0,1.0,1.0,1.0,1.0,1.0,1.0,1.0,1.0,1.0,1.0,1.0,1.0,1.0,1.0,1.0,1.0,1.0,1.0,1.0,1.0,1.0,1.0,1.0,1.0,1.0,1.0,1.0,1.0,1.0,1.0,1.0,1.0,1.0,1.0,1.0,1.0,1.0,1.0,1.0,1.0,1.0,1.0,1.0,1.0,1.0,1.0,1.0,1.0,1.0,1.0,1.0,1.0,1.0,1.0,1.0,1.0,1.0,1.0,1.0,1.0,1.0,1.0,1.0,1.0,1.0,1.0,1.0,1.0,1.0,1.0,1.0,1.0,1.0,1.0,1.0,1.0,1.0,1.0,1.0,1.0,1.0,1.0,1.0,1.0,1.0,1.0,1.0,1.0,1.0,1.0,1.0,1.0,1.0,1.0,1.0,1.0,1.0,1.0,1.0,1.0,1.0,1.0,1.0,1.0,1.0,1.0,1.0,1.0,1.0,1.0,1.0,1.0,1.0,1.0,1.0,1.0,1.0,1.0,1.0,1.0,1.0,1.0,1.0,1.0,1.0,1.0,1.0,1.0,1.0,1.0,1.0,1.0,1.0,1.0,1.0,1.0,1.0,1.0,1.0,1.0,1.0,1.0,1.0,1.0,1.0,1.0,1.0,1.0,1.0,1.0,1.0,1.0,1.0,1.0,1.0,1.0,1.0,1.0,1.0,1.0,1.0,1.0,1.0,1.0,1.0,1.0,1.0,1.0,1.0,1.0,1.0,1.0,1.0,1.0,1.0,1.0,1.0,1.0,1.0,1.0,1.0,1.0,1.0,1.0,1.0,1.0,1.0,1.0,1.0,1.0,1.0,1.0,1.0,1.0,1.0,1.0,1.0,1.0,1.0,1.0,1.0,1.0,1.0,1.0,1.0,1.0,1.0,1.0,1.0,1.0,1.0,1.0,1.0,1.0,1.0,1.0,1.0,1.0,1.0,1.0,1.0,1.0,1.0,1.0,1.0,1.0,1.0,1.0,1.0,1.0,1.0,1.0,1.0,1.0,1.0,1.0,1.0,1.0,1.0,1.0,1.0,1.0,1.0,1.0,1.0,1.0,1.0,1.0,1.0,1.0,1.0,1.0,1.0,1.0,1.0,1.0,1.0,1.0,1.0,1.0,1.0,1.0,1.0,1.0,1.0,1.0,1.0,1.0,1.0,1.0,1.0,1.0,1.0,1.0,1.0,1.0,1.0,1.0,1.0,1.0,1.0,1.0,1.0,1.0,1.0,1.0,1.0,1.0,1.0,1.0,1.0,1.0,1.0,1.0,1.0,1.0,1.0,1.0,1.0,1.0,1.0,1.0,1.0,1.0,1.0,1.0,1.0,1.0,1.0,1.0,1.0,1.0,1.0,1.0,1.0,1.0,1.0,1.0,1.0,1.0,1.0,1.0,1.0,1.0,1.0,1.0,1.0,1.0,1.0,1.0,1.0,1.0,1.0,1.0,1.0,1.0,1.0,1.0,1.0,1.0,1.0,1.0,1.0,1.0,1.0,1.0,1.0,1.0,1.0,1.0,1.0,1.0,1.0,1.0,1.0,1.0,1.0,1.0,1.0,1.0,1.0,1.0,1.0,1.0,1.0,1.0,1.0,1.0,1.0,1.0,1.0,1.0,1.0,1.0,1.0,1.0,1.0,1.0,1.0,1.0,1.0,1.0,1.0,1.0,1.0,1.0,1.0,1.0,1.0,1.0,1.0,1.0,1.0,1.0,1.0,1.0,1.0,1.0,1.0,1.0,1.0,1.0,1.0,1.0,1.0,1.0,1.0,1.0,1.0,1.0,1.0,1.0,1.0,1.0,1.0,1.0,1.0,1.0,1.0,1.0,1.0,1.0,1.0,1.0,1.0,1.0,1.0,1.0,1.0,1.0,1.0,1.0,1.0,1.0,1.0,1.0,1.0,1.0,1.0,1.0,1.0,1.0,1.0,1.0,1.0,1.0,1.0,1.0,1.0,1.0,1.0,1.0,1.0,1.0,1.0,1.0,1.0,1.0,1.0,1.0,1.0,1.0,1.0,1.0,1.0,1.0,1.0,1.0,1.0,1.0,1.0,1.0,1.0,1.0,1.0,1.0,1.0,1.0,1.0,1.0,1.0,1.0,1.0,1.0,1.0,1.0,1.0,1.0,1.0,1.0,1.0,1.0,1.0,1.0,1.0,1.0,1.0,1.0,1.0,1.0,1.0,1.0,1.0,1.0,1.0,1.0,1.0,1.0,1.0,1.0,1.0,1.0,1.0,1.0,1.0,1.0,1.0,1.0,1.0,1.0,1.0,1.0,1.0,1.0,1.0,1.0,1.0,1.0,1.0,1.0,1.0,1.0,1.0,1.0,1.0,1.0,1.0,1.0,1.0,1.0,1.0,1.0,1.0,1.0,1.0,1.0,1.0,1.0,1.0,1.0,1.0,1.0,1.0,1.0,1.0,1.0,1.0,1.0,1.0,1.0,1.0,1.0,1.0,1.0,1.0,1.0,1.0,1.0,1.0,1.0,1.0,1.0,1.0,1.0,1.0,1.0,1.0,1.0,1.0,1.0,1.0,1.0,1.0,1.0,1.0,1.0,1.0,1.0,1.0,1.0,1.0,1.0,1.0,1.0,1.0,1.0,1.0,1.0,1.0,1.0,1.0,1.0,1.0,1.0,1.0,1.0,1.0,1.0,1.0,1.0,1.0,1.0,1.0,1.0,1.0,1.0,1.0,1.0,1.0,1.0,1.0,1.0,1.0,1.0,1.0,1.0,1.0,1.0,1.0,1.0,1.0,1.0,1.0,1.0,1.0,1.0,1.0,1.0,1.0,1.0,1.0,1.0,1.0,1.0,1.0,1.0,1.0,1.0,1.0,1.0,1.0,1.0,1.0,1.0,1.0,1.0,1.0,1.0,1.0,1.0,1.0,1.0,1.0,1.0,1.0,1.0,1.0,1.0,1.0,1.0,1.0,1.0,1.0,1.0,1.0,1.0,1.0,1.0,1.0,1.0,1.0,1.0,1.0,1.0,1.0,1.0,1.0,1.0,1.0,1.0,1.0,1.0,1.0,1.0,1.0,1.0,1.0,1.0,1.0,1.0,1.0,1.0,1.0,1.0,1.0,1.0,1.0,1.0,1.0,1.0,1.0,1.0,1.0,1.0,1.0
Remeet,org,0.3330078125,0.333984375,0.3330078125,0.3333333730697632,0.3333333432674408,0.333984375,0.3326823115348816,0.3333333432674408,0.3332926630973816,0.3326823115348816,0.333984375,0.3326823115348816,0.3336588740348816,0.3340657651424408,0.3330078125,0.3333333432674408,0.3330078125,0.3336588740348816,0.3326823115348816,0.3330078125,0.3326823115348816,0.3326823115348816,0.3333740234375,0.3326823115348816,0.3333333432674408,0.332763671875,0.3326823115348816,0.333984375,0.3330078125,0.333984375,0.3336588740348816,0.3330078125,0.3334147334098816,0.3330078125,0.3337605893611908,0.33349609375,0.333740234375,0.333984375,0.332763671875,0.3332977294921875,0.3336080014705658,0.3326823115348816,0.33306884765625,0.3333333432674408,0.3330078125,0.3338216245174408,0.33380126953125,0.3333333432674408,0.3326823115348816,0.3331705927848816,0.3336588740348816,0.33349609375,0.3336588740348816,0.3333333432674408,0.3336588740348816,0.3330485224723816,0.3339640498161316,0.3329264521598816,0.3332926630973816,0.3333333432674408,0.3334280848503113,0.333099365234375,0.3333333432674408,0.3331705927848816,0.3339030146598816,0.3326823115348816,0.3336588740348816,0.333984375,0.3331705927848816,0.3329264521598816,0.3330078125,0.3336588740348816,0.3336588740348816,0.3331705927848816,0.3330078125,0.3333333432674408,0.3330078125,0.3331705927848816,0.3331705927848816,0.3333333432674408,0.3330892026424408,0.333251953125,0.3331705927848816,0.3339640498161316,0.3326823115348816,0.3328450620174408,0.3338623046875,0.3334147334098816,0.3333333432674408,0.3338216245174408,0.3333333432674408,0.333984375,0.33392333984375,0.33349609375,0.3333333432674408,0.3331705927848816,0.3331705927848816,0.3330078125,0.33349609375,0.3330078125,0.3336588740348816,0.3330078125,0.3336588740348816,0.3336588740348816,0.3336588740348816,0.3330078125,0.3326823115348816,0.3330078125,0.3333333432674408,0.333984375,0.3333333432674408,0.3330078125,0.3326009213924408,0.3331248164176941,0.3331705927848816,0.3328857421875,0.3337249755859375,0.3332621455192566,0.3333333432674408,0.3333333730697632,0.33275288343429565,0.33376821875572205,0.3338448405265808,0.3337199091911316,0.33282470703125,0.3333702087402344,0.3336588740348816,0.3330485224723816,0.3326911926269531,0.3326823115348816,0.3329671323299408,0.332733154296875,0.33361563086509705,0.33392333984375,0.3339793086051941,0.3336181640625,0.3333028256893158,0.3330078125,0.33366140723228455,0.333160400390625,0.33388829231262207,0.3328450620174408,0.3329874873161316,0.3329264521598816,0.3339742124080658,0.3337199091911316,0.33357495069503784,0.3333282470703125,0.3333536982536316,0.3329264521598816,0.3334554135799408,0.3327128291130066,0.3329060971736908,0.33367031812667847,0.3329010009765625,0.332763671875,0.3331451416015625,0.3328336179256439,0.33364105224609375,0.3334244191646576,0.3331387937068939,0.332763671875,0.3329010009765625,0.3339640498161316,0.3326962888240814,0.3332316279411316,0.3332440257072449,0.3337911069393158,0.3333740234375,0.3335164487361908,0.33333587646484375,0.3339030146598816,0.3328450620174408,0.3335368037223816,0.3338216245174408,0.3326619565486908,0.3331095576286316,0.3341471552848816,0.3333333432674408,0.3336995542049408,0.33270263671875,0.3329264521598816,0.3328857421875,0.333740234375,0.3333333432674408,0.3339678645133972,0.3332723081111908,0.3333491086959839,0.33338484168052673,0.3336080014705658,0.3333333432674408,0.333282470703125,0.3332163691520691,0.333740234375,0.3331298828125,0.333740234375,0.3333740234375,0.3336283564567566,0.3337605893611908,0.333251953125,0.3334554135799408,0.3331705927848816,0.3328959345817566,0.3328450620174408,0.33349609375,0.3331705927848816,0.3328145444393158,0.3328857421875,0.3338216245174408,0.3328450620174408,0.33349609375,0.333038330078125,0.3330078125,0.3330078125,0.333740234375,0.3328806757926941,0.3338623046875,0.3339030146598816,0.3337148129940033,0.3329264521598816,0.3343099057674408,0.3330078125,0.3330892026424408,0.3327128291130066,0.3335368037223816,0.3336588740348816,0.3337809443473816,0.3330078125,0.3336283564567566,0.333984375,0.332763671875,0.3328348994255066,0.3336995542049408,0.3337809443473816,0.3335368037223816,0.333251953125,0.3333333432674408,0.3332316279411316,0.3328450620174408,0.332763671875,0.3336181640625,0.3327992856502533,0.333251953125,0.3337605893611908,0.3330078125,0.3329505920410156,0.3336426615715027,0.33350276947021484,0.33328408002853394,0.3338826596736908,0.3330014646053314,0.3335752487182617,0.333740234375,0.3334299921989441,0.3333218991756439,0.3326823115348816,0.3336995542049408,0.33331298828125,0.333984375,0.3333536982536316,0.3337695002555847,0.3335368037223816,0.3328450620174408,0.3327433466911316,0.3333333432674408,0.3335978388786316,0.333984375,0.3340047299861908,0.3329264521598816,0.3331044614315033,0.33372753858566284,0.33380126953125,0.3338216245174408,0.3328857421875,0.33276939392089844,0.3340250849723816,0.3335368037223816,0.3332112729549408,0.3327738642692566,0.3335622251033783,0.3329976499080658,0.3332011103630066,0.3333028256893158,0.3332112729549408,0.3333333432674408,0.33294677734375,0.3336588740348816,0.3330485224723816,0.3339030146598816,0.333740234375,0.33294677734375,0.3329264521598816,0.3329366147518158,0.3330078125,0.333465576171875,0.3327808380126953,0.3333740234375,0.33366650342941284,0.332733154296875,0.3333943784236908,0.3334147334098816,0.3338877558708191,0.3334554135799408,0.3329366147518158,0.3336588740348816,0.3330078125,0.33331298828125,0.333984375,0.3336601257324219,0.3340250849723816,0.3339742124080658,0.3330078125,0.3330790400505066,0.3331502377986908,0.3333638608455658,0.3331705927848816,0.332763671875,0.33367919921875,0.3336283564567566,0.3328857421875,0.3329874873161316,0.3336995542049408,0.333984375,0.3333333432674408,0.3333333432674408,0.33349609375,0.333984375,0.3333943784236908,0.3331705927848816,0.3338623046875,0.3331705927848816,0.3333740234375,0.3328450620174408,0.3333333432674408,0.3330586850643158,0.3339945673942566,0.3334147334098816,0.33319091796875,0.3337199091911316,0.333984375,0.333740234375,0.3326416015625,0.3332112729549408,0.3329925537109375,0.3334147334098816,0.3336588740348816,0.3337911069393158,0.3337605893611908,0.33282470703125,0.3335774838924408,0.3333333432674408,0.3339030146598816,0.33294677734375,0.3330078125,0.333984375,0.3336995542049408,0.333038330078125,0.3326823115348816,0.3339030146598816,0.3335368037223816,0.3338216245174408,0.333251953125,0.33251953125,0.3328450620174408,0.3340657651424408,0.3328450620174408,0.3326009213924408,0.3328450620174408,0.3338216245174408,0.3332112729549408,0.3330485224723816,0.3328654170036316,0.3329264521598816,0.3329671323299408,0.3338216245174408,0.33349609375,0.333984375,0.333984375,0.3331705927848816,0.333740234375,0.3329264521598816,0.3336588740348816,0.3339030146598816,0.3336181640625,0.3336588740348816,0.3330892026424408,0.3330892026424408,0.3336385190486908,0.3333333432674408,0.3335368037223816,0.3336181640625,0.3336588740348816,0.3337628245353699,0.3328437805175781,0.33397167921066284,0.3337504267692566,0.3334684371948242,0.33333373069763184,0.333251953125,0.3334605097770691,0.333465576171875,0.3333333432674408,0.3329213559627533,0.3330485224723816,0.3333333432674408,0.3330078125,0.33294677734375,0.3333333432674408,0.3331705927848816,0.3338216245174408,0.3333943784236908,0.3328857421875,0.3328450620174408,0.333740234375,0.3336588740348816,0.3328450620174408,0.3335164487361908,0.3328857421875,0.333984375,0.3336588740348816,0.333740234375,0.33345794677734375,0.3328450620174408,0.33349609375,0.3332710266113281,0.3328450620174408,0.332763671875,0.3333536982536316,0.3333333432674408,0.3338216245174408,0.3334503173828125,0.3336588740348816,0.3336588740348816,0.3330078125,0.3331654965877533,0.3333396911621094,0.3333943784236908,0.3334147334098816,0.33322229981422424,0.3338470458984375,0.33356016874313354,0.3330078125,0.3338216245174408,0.3330078125,0.3330892026424408,0.3335368037223816,0.3328450620174408,0.3338216245174408,0.3330892026424408,0.3330892026424408,0.3328450620174408,0.3333333432674408,0.3338216245174408,0.3331705927848816,0.3326416015625,0.33293914794921875,0.33251953125,0.3338521420955658,0.3336181640625,0.3329060971736908,0.333251953125,0.33302563428878784,0.3334147334098816,0.33367919921875,0.3334554135799408,0.3328857421875,0.3336588740348816,0.3331705927848816,0.3326823115348816,0.3328450620174408,0.3336588740348816,0.333984375,0.332763671875,0.3335774838924408,0.3338216245174408,0.3336181640625,0.3328450620174408,0.333251953125,0.3336588740348816,0.3338216245174408,0.3333536982536316,0.3336283564567566,0.3334147334098816,0.33320745825767517,0.33395037055015564,0.333740234375,0.33353090286254883,0.333984375,0.3336080014705658,0.3328043818473816,0.33346304297447205,0.3329213559627533,0.3333943784236908,0.3337199091911316,0.33388394117355347,0.3328183591365814,0.33290356397628784,0.3339030146598816,0.3339030146598816,0.333984375,0.3331298828125,0.3336995542049408,0.3338216245174408,0.3336588740348816,0.3334147334098816,0.333251953125,0.3336588740348816,0.333740234375,0.33392333984375,0.3329569697380066,0.3339030146598816,0.33356985449790955,0.3328043818473816,0.3333333432674408,0.3333943784236908,0.333251953125,0.3328450620174408,0.3330078125,0.332763671875,0.3338216245174408,0.332794189453125,0.3343099057674408,0.3330485224723816,0.3334147334098816,0.3330485224723816,0.3333333432674408,0.332763671875,0.3333536982536316,0.3339436948299408,0.3330485224723816,0.3333333432674408,0.332763671875,0.33333346247673035,0.33349609375,0.3329925537109375,0.3339436948299408,0.3330078125,0.3335774838924408,0.3333333432674408,0.3333943784236908,0.3333740234375,0.3326823115348816,0.33343505859375,0.3326823115348816,0.3328450620174408,0.3328450620174408,0.3331705927848816,0.3339793086051941,0.3329264521598816,0.3337809443473816,0.3339436948299408,0.332763671875,0.3333740234375,0.3332112729549408,0.3338216245174408,0.3333333432674408,0.3331705927848816,0.3333740234375,0.3330078125,0.3333536982536316,0.3335368037223816,0.3333333432674408,0.3333333432674408,0.333740234375,0.3328450620174408,0.3333333432674408,0.333984375,0.332763671875,0.3337605893611908,0.3338063657283783,0.3334147334098816,0.3339182734489441,0.3327229917049408,0.3339436948299408,0.3339436948299408,0.3331705927848816,0.3330078125,0.3332112729549408,0.333984375,0.3330892026424408,0.33294677734375,0.3328450620174408,0.3338216245174408,0.3339030146598816,0.3334147334098816,0.3333333432674408,0.33294677734375,0.3328450620174408,0.3338216245174408,0.3339030146598816,0.3335774838924408,0.3333536982536316,0.3336588740348816,0.3339030146598816,0.3331705927848816,0.3336690366268158,0.33380126953125,0.333984375,0.3338216245174408,0.3327229917049408,0.332763671875,0.3337199091911316,0.3328450620174408,0.3330892026424408,0.3335368037223816,0.3333333432674408,0.3335774838924408,0.3333333432674408,0.3338826596736908,0.3336588740348816,0.333740234375,0.3326823115348816,0.3333333432674408,0.3338623046875,0.3333333432674408,0.3334147334098816,0.3329671323299408,0.33392333984375,0.3338826596736908,0.3333779275417328,0.3333495557308197,0.3334488272666931,0.3333834111690521,0.333740234375,0.3339436948299408,0.33349609375,0.3331705927848816,0.3331705927848816,0.3331705927848816,0.3327840268611908,0.3332926630973816,0.3332112729549408,0.3336995542049408,0.3334554135799408,0.3336588740348816,0.3330078125,0.3330078125,0.33394497632980347,0.33298271894454956,0.3330078125,0.3338216245174408,0.3335469663143158,0.3336588740348816,0.3334757685661316,0.3330078125,0.3331705927848816,0.33349609375,0.3339436948299408,0.3326823115348816,0.3331095576286316,0.3329874873161316,0.3330892026424408,0.333648681640625,0.33365997672080994,0.3339030146598816,0.3327229917049408,0.3327252268791199,0.33391445875167847,0.3336181640625,0.3334757685661316,0.3338216245174408,0.3331705927848816,0.33292388916015625,0.3328348994255066,0.3338623046875,0.333251953125,0.3339436948299408,0.3332723081111908,0.333251953125,0.3336588740348816,0.3328450620174408,0.3333333432674408,0.3336588740348816,0.3326823115348816,0.3336588740348816,0.3337199091911316,0.333984375,0.3336588740348816,0.3331705927848816,0.3334757685661316,0.33270263671875,0.33349609375,0.333770751953125,0.3338521420955658,0.3337199091911316,0.3331095576286316,0.3333333432674408,0.33349609375,0.33349609375,0.333984375,0.3338216245174408,0.3333333432674408,0.3330892026424408,0.33386868238449097,0.333099365234375,0.3328450620174408,0.3326823115348816,0.3328654170036316,0.3335774838924408,0.3336588740348816,0.3328450620174408,0.3339030146598816,0.3325602412223816,0.3334147334098816,0.3333333432674408,0.33380126953125,0.3330078125,0.33295440673828125,0.33329010009765625,0.3333028256893158,0.3329060971736908,0.3333333432674408,0.3339030146598816,0.3331705927848816,0.33349609375,0.3338216245174408,0.3330078125,0.3334147334098816,0.3330078125,0.3330078125,0.333251953125,0.33282470703125,0.33270263671875,0.333740234375,0.333740234375,0.3334147334098816,0.33390045166015625,0.3331960141658783,0.33307647705078125,0.333099365234375,0.3337911069393158,0.33354949951171875,0.3334605097770691,0.3327586054801941,0.3327045440673828,0.33292898535728455,0.3339030146598816,0.3335673213005066,0.3332112729549408,0.3335978388786316,0.3338521420955658,0.332794189453125,0.333465576171875,0.3338216245174408,0.33331555128097534,0.3327535092830658,0.3334554135799408,0.333465576171875,0.3328043818473816,0.3336995542049408,0.3330892026424408,0.3336588740348816,0.3330078125,0.333160400390625,0.3330078125,0.3338216245174408,0.3338724970817566,0.3328704833984375,0.3337809443473816,0.3330281674861908,0.3336588740348816,0.3337809443473816,0.3328450620174408,0.3334452509880066,0.3330180048942566,0.3338227868080139,0.3333333432674408,0.3333408832550049,0.3334452509880066,0.3333333432674408,0.33392333984375,0.33306884765625,0.3328450620174408,0.3336995542049408,0.33282727003097534,0.333740234375,0.3335774838924408,0.33347830176353455,0.3335380554199219,0.3331400752067566,0.3332163691520691,0.3334452509880066,0.3337809443473816,0.3339436948299408
Encapsulate,org,0.3331705927848816,0.3326823115348816,0.3336588740348816,0.3334452509880066,0.3336588740348816,0.3331705927848816,0.3330078125,0.333984375,0.3327840268611908,0.333984375,0.3333333432674408,0.3326823115348816,0.3326823115348816,0.3333333432674408,0.333984375,0.3333333432674408,0.3336588740348816,0.333984375,0.333984375,0.3326823115348816,0.3330078125,0.3333333432674408,0.3336130976676941,0.333984375,0.3331705927848816,0.3330078125,0.333251953125,0.3343099057674408,0.3336588740348816,0.3336588740348816,0.3330078125,0.3333333432674408,0.3331298828125,0.3336588740348816,0.3337605893611908,0.3329264521598816,0.3338216245174408,0.3333333432674408,0.3336588740348816,0.333984375,0.3329264521598816,0.3330078125,0.3333333432674408,0.3326823115348816,0.3336588740348816,0.3330078125,0.3331705927848816,0.333984375,0.333984375,0.333984375,0.3330078125,0.3336588740348816,0.3336588740348816,0.3336588740348816,0.3333333432674408,0.3326823115348816,0.3329060971736908,0.33349609375,0.3338216245174408,0.3328450620174408,0.33332061767578125,0.3328450620174408,0.3330078125,0.3329671323299408,0.3329264521598816,0.3333333432674408,0.3330078125,0.3326823115348816,0.3336588740348816,0.3338216245174408,0.3333333432674408,0.333984375,0.333984375,0.3333333432674408,0.3330078125,0.3331705927848816,0.3333333432674408,0.3339030146598816,0.3330078125,0.3330078125,0.3338216245174408,0.3328450620174408,0.3331298828125,0.3330892026424408,0.3333333432674408,0.3330078125,0.3333333432674408,0.3335774838924408,0.3326823115348816,0.3336588740348816,0.3336588740348816,0.33349609375,0.3333333432674408,0.333251953125,0.3331705927848816,0.3338216245174408,0.3330078125,0.333984375,0.3336588740348816,0.3333333432674408,0.3336588740348816,0.3338216245174408,0.3330078125,0.3333333432674408,0.3328450620174408,0.3333333432674408,0.3331705927848816,0.3326823115348816,0.3330078125,0.3333333432674408,0.33349609375,0.3336588740348816,0.3338216245174408,0.3335368037223816,0.3333333432674408,0.3329060971736908,0.3339335322380066,0.333251953125,0.333740234375,0.3333333432674408,0.3328387141227722,0.33394402265548706,0.33362245559692383,0.33339691162109375,0.33341726660728455,0.3333456218242645,0.3326823115348816,0.3330892026424408,0.3338216245174408,0.3330892026424408,0.33349609375,0.3337809443473816,0.3332723081111908,0.3326823115348816,0.333953857421875,0.3335368037223816,0.3333028256893158,0.3333333432674408,0.3335151672363281,0.33355969190597534,0.3330790400505066,0.3329264521598816,0.33379873633384705,0.3327229917049408,0.333953857421875,0.3335978388786316,0.332916259765625,0.3338826596736908,0.3339030146598816,0.333251953125,0.332763671875,0.3331947326660156,0.3334147334098816,0.3334147334098816,0.33349609375,0.33302563428878784,0.333740234375,0.3330078125,0.3334795832633972,0.3339843451976776,0.33366236090660095,0.3336232602596283,0.3331992030143738,0.333038330078125,0.33335113525390625,0.3332926630973816,0.33382734656333923,0.3339742124080658,0.3339640498161316,0.33372753858566284,0.3333333432674408,0.3336588740348816,0.3338623046875,0.3335368037223816,0.3335774838924408,0.332794189453125,0.33355712890625,0.3335774838924408,0.3330078125,0.3338216245174408,0.3331705927848816,0.3333333432674408,0.33349609375,0.33349609375,0.3331705927848816,0.3338419795036316,0.3333333432674408,0.3331654965877533,0.3337809443473816,0.3331705927848816,0.3337809443473816,0.333251953125,0.33270263671875,0.3330180048942566,0.333251953125,0.3337199091911316,0.3329671323299408,0.3329671323299408,0.3338216245174408,0.3328450620174408,0.3330892026424408,0.33349609375,0.3332080841064453,0.3333333432674408,0.3332723081111908,0.3330485224723816,0.3330790400505066,0.3331349790096283,0.3333333432674408,0.3333333432674408,0.3327738642692566,0.3336283564567566,0.3335774838924408,0.3338623046875,0.3333740234375,0.3327433466911316,0.3336181640625,0.3335774838924408,0.3334859311580658,0.3334147334098816,0.3330078125,0.3326823115348816,0.3330485224723816,0.3331705927848816,0.33349609375,0.3333740234375,0.3334147334098816,0.3329671323299408,0.3337605893611908,0.3330078125,0.3336588740348816,0.33294677734375,0.3331502377986908,0.3338165283203125,0.3333740234375,0.3326823115348816,0.332763671875,0.3327229917049408,0.3333333432674408,0.3333333432674408,0.3333791196346283,0.3336181640625,0.33380126953125,0.3329671323299408,0.3332011103630066,0.333953857421875,0.33359527587890625,0.3334212303161621,0.3337554931640625,0.3327992856502533,0.3336417078971863,0.33297476172447205,0.333251953125,0.33306884765625,0.333038330078125,0.3330892026424408,0.3334147334098816,0.3338216245174408,0.3331705927848816,0.3333740234375,0.3336728513240814,0.3331705927848816,0.33359020948410034,0.3328043818473816,0.3328043818473816,0.3336588740348816,0.3330892026424408,0.33349609375,0.3328450620174408,0.3337199091911316,0.3335990905761719,0.3328043818473816,0.3336588740348816,0.3331705927848816,0.3337199091911316,0.3336588740348816,0.3327128291130066,0.3336588740348816,0.3330281674861908,0.3331705927848816,0.3338979184627533,0.3332112729549408,0.33343505859375,0.3329518735408783,0.3328043818473816,0.3333231806755066,0.3326823115348816,0.3327433466911316,0.333984375,0.332763671875,0.3337605893611908,0.3333333432674408,0.3335215449333191,0.3333333432674408,0.3332926630973816,0.333984375,0.33310192823410034,0.33277449011802673,0.33331045508384705,0.332763671875,0.333160400390625,0.3332112729549408,0.33306884765625,0.333251953125,0.332763671875,0.333251953125,0.333892822265625,0.3330942988395691,0.33360862731933594,0.33349609375,0.332763671875,0.3330892026424408,0.33358511328697205,0.3333994746208191,0.33349609375,0.3328450620174408,0.33321571350097656,0.33398693799972534,0.3336296081542969,0.33325642347335815,0.3339131772518158,0.3335062861442566,0.3328857421875,0.333709716796875,0.3338216245174408,0.3338216245174408,0.3335774838924408,0.33355712890625,0.3339742124080658,0.3328043818473816,0.3331705927848816,0.33380126953125,0.3336385190486908,0.3337605893611908,0.3330485224723816,0.3337148129940033,0.3328450620174408,0.3334147334098816,0.3331349790096283,0.3334147334098816,0.3328857421875,0.3328145444393158,0.3334757685661316,0.3327789306640625,0.3334248960018158,0.3335368037223816,0.332733154296875,0.33382415771484375,0.3326924741268158,0.333160400390625,0.3332723081111908,0.3335774838924408,0.3330281674861908,0.3330892026424408,0.3328450620174408,0.3338470458984375,0.3333486020565033,0.3336334228515625,0.3333333432674408,0.3331756591796875,0.3330892026424408,0.3337605893611908,0.3331705927848816,0.3338775634765625,0.3330892026424408,0.332763671875,0.3328450620174408,0.33360037207603455,0.3327840268611908,0.3327229917049408,0.3332417905330658,0.332855224609375,0.3339131772518158,0.3338216245174408,0.3339030146598816,0.3336588740348816,0.3330078125,0.333740234375,0.3338623046875,0.3328450620174408,0.3335062861442566,0.3336537778377533,0.3333333432674408,0.3335469663143158,0.333984375,0.3338826596736908,0.33343505859375,0.3339436948299408,0.3334554135799408,0.3335774838924408,0.3338216245174408,0.3335774838924408,0.3337016701698303,0.3327013850212097,0.3333994746208191,0.3328196406364441,0.33334705233573914,0.3333333730697632,0.3336569666862488,0.3327109217643738,0.33319854736328125,0.3328450620174408,0.3331349790096283,0.33306884765625,0.33374786376953125,0.33355712890625,0.333709716796875,0.3338216245174408,0.3334859311580658,0.33349609375,0.33331298828125,0.3335469663143158,0.333251953125,0.3338724970817566,0.3326823115348816,0.3338623046875,0.3328043818473816,0.3334147334098816,0.3335368037223816,0.33392333984375,0.3339030146598816,0.3335011899471283,0.33346813917160034,0.3328654170036316,0.33355459570884705,0.3336588740348816,0.333251953125,0.3336385190486908,0.3333333432674408,0.3337809443473816,0.33282470703125,0.3328450620174408,0.3331705927848816,0.333740234375,0.3339793086051941,0.3332316279411316,0.3338826596736908,0.3335774838924408,0.3327013850212097,0.3337199091911316,0.33338674902915955,0.3330078125,0.3333842158317566,0.3330078125,0.3332112729549408,0.3338623046875,0.3331298828125,0.3338216245174408,0.333221435546875,0.3336995542049408,0.3334248960018158,0.3337554931640625,0.3339640498161316,0.3334147334098816,0.3326924741268158,0.3327178955078125,0.3332723081111908,0.3333333432674408,0.3333689570426941,0.3332011103630066,0.333465576171875,0.3333365321159363,0.3337809443473816,0.33272647857666016,0.33291372656822205,0.3339793086051941,0.3334770202636719,0.333984375,0.3339436948299408,0.332763671875,0.33251953125,0.3333333432674408,0.3339030146598816,0.3335774838924408,0.33349609375,0.3335368037223816,0.3339131772518158,0.3328348994255066,0.33349609375,0.3333740234375,0.333740234375,0.3336588740348816,0.3337911069393158,0.33319091796875,0.3333689570426941,0.3338216245174408,0.33270263671875,0.3330078125,0.3336181640625,0.3339640498161316,0.3339793086051941,0.33367919921875,0.3337351679801941,0.333984375,0.33321890234947205,0.333526611328125,0.3338063657283783,0.3337504267692566,0.3336995542049408,0.3328755795955658,0.3330078125,0.3335368037223816,0.33310699462890625,0.3329671323299408,0.3333333432674408,0.3328043818473816,0.3327229917049408,0.3336995542049408,0.3329366147518158,0.3334147334098816,0.33349609375,0.3337708115577698,0.33349609375,0.3333333432674408,0.333984375,0.333404541015625,0.3334554135799408,0.33349609375,0.3330078125,0.3328043818473816,0.3337300717830658,0.3326416015625,0.333740234375,0.3328450620174408,0.3326823115348816,0.3330078125,0.3329264521598816,0.3335774838924408,0.3328450620174408,0.3338826596736908,0.3336588740348816,0.3333333432674408,0.33333346247673035,0.33380126953125,0.3336588740348816,0.3334330916404724,0.3323567807674408,0.3335113525390625,0.3328450620174408,0.33319091796875,0.3333536982536316,0.3328857421875,0.3333333432674408,0.3338623046875,0.333984375,0.332763671875,0.3337809443473816,0.3332723081111908,0.332763671875,0.3335520625114441,0.3336232602596283,0.33282470703125,0.33349609375,0.3334147334098816,0.3330078125,0.3331705927848816,0.3336893916130066,0.3332316279411316,0.333251953125,0.33270263671875,0.3333333432674408,0.333984375,0.3325602412223816,0.3333333432674408,0.33349609375,0.3326823115348816,0.3332926630973816,0.3328450620174408,0.3337148129940033,0.33275318145751953,0.3335774838924408,0.3334554135799408,0.33391571044921875,0.3334147334098816,0.3336588740348816,0.3337199091911316,0.3336588740348816,0.3334147334098816,0.3338724970817566,0.3330485224723816,0.3337605893611908,0.3336588740348816,0.3328450620174408,0.3336181640625,0.3326009213924408,0.3331705927848816,0.3338915705680847,0.3331197202205658,0.333984375,0.3332112729549408,0.333740234375,0.33349609375,0.3336588740348816,0.3336385190486908,0.3329264521598816,0.3329417109489441,0.3337809443473816,0.3330078125,0.3333333432674408,0.3333333432674408,0.3329264521598816,0.3332316279411316,0.3331502377986908,0.3333333432674408,0.3331705927848816,0.3328450620174408,0.333984375,0.3333333432674408,0.332763671875,0.3326823115348816,0.3334554135799408,0.333251953125,0.3336029052734375,0.332763671875,0.3333333432674408,0.33306884765625,0.3335622251033783,0.3338877558708191,0.332794189453125,0.3331451416015625,0.3334938883781433,0.33302372694015503,0.3328482508659363,0.33359020948410034,0.3327128291130066,0.3337300717830658,0.333251953125,0.333984375,0.3337554931640625,0.33317822217941284,0.3336588740348816,0.33270263671875,0.3336588740348816,0.33396658301353455,0.3336588740348816,0.3339030146598816,0.3331197202205658,0.33362579345703125,0.3334236145019531,0.3334554135799408,0.33293914794921875,0.3331248164176941,0.3329264521598816,0.3326854705810547,0.3336995542049408,0.3331705927848816,0.3328450620174408,0.333587646484375,0.3338114619255066,0.333038330078125,0.3337199091911316,0.3333943784236908,0.33294677734375,0.33345264196395874,0.3330078125,0.333880752325058,0.33362579345703125,0.33374151587486267,0.3334554135799408,0.3335673213005066,0.3338623046875,0.3326823115348816,0.3336150050163269,0.33327484130859375,0.3338114619255066,0.3337199091911316,0.3335368037223816,0.3327992856502533,0.3328450620174408,0.3330485224723816,0.3339436948299408,0.33319091796875,0.333740234375,0.3330892026424408,0.3331705927848816,0.33325451612472534,0.3330078125,0.3336588740348816,0.3338623046875,0.33331298828125,0.3328704833984375,0.3327789306640625,0.33319854736328125,0.3329823911190033,0.33327484130859375,0.3326924741268158,0.3330078125,0.3330281674861908,0.3335774838924408,0.3337199091911316,0.333251953125,0.33331298828125,0.33349609375,0.3334296643733978,0.3336334228515625,0.33343666791915894,0.3330892026424408,0.33362168073654175,0.33345603942871094,0.33396148681640625,0.333740234375,0.3330892026424408,0.3336588740348816,0.3328450620174408,0.333984375,0.33349609375,0.3330892026424408,0.3338877558708191,0.3335641324520111,0.33367031812667847,0.3330027461051941,0.33391571044921875,0.33355140686035156,0.33348339796066284,0.3327433466911316,0.3336588740348816,0.33349609375,0.3331705927848816,0.333251953125,0.3336588740348816,0.3330078125,0.3339030146598816,0.333740234375,0.33270519971847534,0.3328348994255066,0.33345556259155273,0.33385977149009705,0.3327980041503906,0.33370718359947205,0.33300527930259705,0.33335909247398376,0.33345794677734375,0.333343505859375,0.3339099884033203,0.3334878385066986,0.3333943784236908,0.3338826596736908,0.33371925354003906,0.3334808349609375,0.3327053487300873,0.3339640498161316,0.3333486020565033,0.333740234375,0.33324432373046875,0.33307141065597534,0.3334415853023529,0.33285778760910034,0.33348846435546875,0.3336283564567566,0.3336588740348816,0.3328450620174408,0.3338826596736908,0.33367919921875,0.3335368037223816,0.3331705927848816,0.3333333432674408,0.3336995542049408,0.33271855115890503,0.3338623046875,0.33292263746261597,0.33370527625083923,0.33362358808517456,0.3339589536190033,0.3333892822265625,0.3338419795036316,0.33333486318588257,0.3333333432674408,0.3328555226325989,0.33333343267440796,0.3333333432674408,0.3328348994255066,0.3327687680721283,0.3331044614315033,0.3339316248893738,0.33356475830078125,0.3328043818473816,0.33349609375,0.33392080664634705,0.33288702368736267,0.3336556851863861,0.33343505859375,0.33353424072265625,0.333740234375,0.3336315155029297
Monopodes,org,0.3326823115348816,0.3330078125,0.3330078125,0.333445280790329,0.3336588740348816,0.3334147334098816,0.33349609375,0.3331705927848816,0.333984375,0.3330078125,0.3334452509880066,0.3333333432674408,0.3336588740348816,0.3330078125,0.3326823115348816,0.3333333730697632,0.3336588740348816,0.333984375,0.3326823115348816,0.333984375,0.333984375,0.3333333432674408,0.333251953125,0.3328450620174408,0.3336588740348816,0.333740234375,0.3339030146598816,0.3334147334098816,0.3333333432674408,0.3333333432674408,0.3326823115348816,0.333984375,0.3338216245174408,0.3326823115348816,0.3336588740348816,0.3336588740348816,0.3333333432674408,0.3333333432674408,0.33349609375,0.3336588740348816,0.3335774838924408,0.3330078125,0.333984375,0.3330078125,0.3333333432674408,0.33349609375,0.33349609375,0.3326823115348816,0.3333333432674408,0.3330078125,0.3333333432674408,0.333251953125,0.3339030146598816,0.3326823115348816,0.3333333432674408,0.3336588740348816,0.3338623046875,0.3330078125,0.3336588740348816,0.3335774838924408,0.3331947326660156,0.333984375,0.3336588740348816,0.3336588740348816,0.3330078125,0.333984375,0.3330078125,0.333984375,0.3326823115348816,0.3328450620174408,0.3338216245174408,0.3333333432674408,0.3333333432674408,0.3333333432674408,0.3333333432674408,0.3336588740348816,0.3333333432674408,0.333984375,0.3333333432674408,0.3326823115348816,0.3336588740348816,0.333984375,0.3338216245174408,0.332763671875,0.3326823115348816,0.333251953125,0.333404541015625,0.333984375,0.3336588740348816,0.3336588740348816,0.3328450620174408,0.3333333432674408,0.3336588740348816,0.3333333432674408,0.3330078125,0.332763671875,0.33349609375,0.3330078125,0.333984375,0.3330078125,0.3326823115348816,0.3334147334098816,0.3333333432674408,0.3326823115348816,0.333984375,0.333984375,0.3336588740348816,0.3326823115348816,0.3336588740348816,0.3333333432674408,0.3326823115348816,0.3333333432674408,0.33294677734375,0.3337809443473816,0.3336588740348816,0.3330078125,0.3333740234375,0.3333333432674408,0.3335825800895691,0.3333565592765808,0.33309412002563477,0.33273857831954956,0.333392471075058,0.3337211608886719,0.33338040113449097,0.3334236741065979,0.3331705927848816,0.3330892026424408,0.3339436948299408,0.3338216245174408,0.3338826596736908,0.3329264521598816,0.3339335322380066,0.3330078125,0.3333028256893158,0.3331705927848816,0.33380126953125,0.33349609375,0.3333740234375,0.333282470703125,0.3335151672363281,0.3333740234375,0.3334554135799408,0.3333740234375,0.3330942988395691,0.33299511671066284,0.33346813917160034,0.3326962888240814,0.3327433466911316,0.33319091796875,0.3330078125,0.3329111933708191,0.3334147334098816,0.332763671875,0.3330281674861908,0.333667129278183,0.33328503370285034,0.3338826596736908,0.33383673429489136,0.33354252576828003,0.33315882086753845,0.3329862058162689,0.3338623046875,0.3335774838924408,0.3337199091911316,0.33319091796875,0.33273062109947205,0.3334147334098816,0.3336588740348816,0.3338623046875,0.333099365234375,0.3334147334098816,0.3330078125,0.3330485224723816,0.3339436948299408,0.33380126953125,0.3335368037223816,0.3334147334098816,0.3328450620174408,0.3336588740348816,0.3335368037223816,0.3335774838924408,0.3332926630973816,0.33349609375,0.3333333432674408,0.3330586850643158,0.33319091796875,0.3333744406700134,0.3337695002555847,0.3327840268611908,0.3326823115348816,0.33349609375,0.33331298828125,0.33349609375,0.33331298828125,0.3326823115348816,0.3340047299861908,0.3330892026424408,0.333740234375,0.3336588740348816,0.3328857421875,0.3330078125,0.33310192823410034,0.3343099057674408,0.3331705927848816,0.3326823115348816,0.3329213559627533,0.3333740234375,0.333984375,0.3330078125,0.332763671875,0.33396148681640625,0.3330892026424408,0.33367919921875,0.333984375,0.3330790400505066,0.3328450620174408,0.3330078125,0.3331654965877533,0.3328450620174408,0.3330078125,0.3337199091911316,0.333251953125,0.3332417905330658,0.3328450620174408,0.3333333432674408,0.3338216245174408,0.3330281674861908,0.3335774838924408,0.3331705927848816,0.3336385190486908,0.3336385190486908,0.3330078125,0.3328450620174408,0.3339030146598816,0.3336588740348816,0.3336588740348816,0.3336588740348816,0.33319091796875,0.33349609375,0.3335164487361908,0.3334605097770691,0.3330637812614441,0.3330841064453125,0.3333333432674408,0.3340250849723816,0.3334985673427582,0.33369243144989014,0.33310770988464355,0.3328336179256439,0.3328450620174408,0.3339676260948181,0.3332926630973816,0.3331400752067566,0.33380192518234253,0.3336588740348816,0.3335774838924408,0.3334147334098816,0.3333333432674408,0.3329264521598816,0.3332842290401459,0.3330078125,0.3332621455192566,0.3334554135799408,0.3336588740348816,0.3338521420955658,0.3336588740348816,0.333984375,0.332763671875,0.3335368037223816,0.3327382504940033,0.3339030146598816,0.333984375,0.3328450620174408,0.3337300717830658,0.3331705927848816,0.3338623046875,0.3330078125,0.3338826596736908,0.3333333432674408,0.3339436948299408,0.3334503173828125,0.3327738642692566,0.3338623046875,0.3333333432674408,0.3329671323299408,0.33294677734375,0.3337809443473816,0.3339436948299408,0.332763671875,0.3334554135799408,0.3333333432674408,0.3332926630973816,0.3330078125,0.3333333432674408,0.3338623046875,0.3331705927848816,0.3332875669002533,0.3328857421875,0.3330078125,0.3330078125,0.333404541015625,0.3328450620174408,0.3333943784236908,0.3334757685661316,0.3326009213924408,0.3330892026424408,0.332763671875,0.332763671875,0.3331705927848816,0.3333536982536316,0.3326009213924408,0.3334859311580658,0.333251953125,0.3328654170036316,0.3336385190486908,0.3335978388786316,0.332763671875,0.3334147334098816,0.3339030146598816,0.333831787109375,0.3334757685661316,0.3333333432674408,0.3330078125,0.3333333432674408,0.3336588740348816,0.3333333432674408,0.3333333432674408,0.333251953125,0.3336588740348816,0.3330078125,0.333251953125,0.33349609375,0.3326823115348816,0.3332112729549408,0.3334147334098816,0.3338623046875,0.3331705927848816,0.3328450620174408,0.3330078125,0.3331705927848816,0.3331298828125,0.3334554135799408,0.3330637812614441,0.3333333432674408,0.3326823115348816,0.33294677734375,0.3326619565486908,0.3339640498161316,0.3331705927848816,0.3332926630973816,0.3331298828125,0.3333333432674408,0.3331705927848816,0.3337199091911316,0.3336588740348816,0.3329264521598816,0.3328450620174408,0.3327229917049408,0.3335368037223816,0.3330078125,0.3326823115348816,0.33349609375,0.3330078125,0.333251953125,0.3328043818473816,0.3333333432674408,0.3329264521598816,0.3334147334098816,0.3339436948299408,0.3334147334098816,0.3330078125,0.3336588740348816,0.3338216245174408,0.3333333432674408,0.3326823115348816,0.3336588740348816,0.3330078125,0.3328043818473816,0.3335368037223816,0.3330078125,0.3336588740348816,0.333984375,0.3339030146598816,0.3337809443473816,0.3336588740348816,0.33349609375,0.333251953125,0.3328450620174408,0.3336588740348816,0.3333740234375,0.3336588740348816,0.333467960357666,0.33382415771484375,0.3326823115348816,0.3339030146598816,0.3333362936973572,0.3333333730697632,0.3336626887321472,0.3334605097770691,0.332763671875,0.333251953125,0.3327840268611908,0.3336588740348816,0.3339640498161316,0.3338216245174408,0.3336690366268158,0.3334147334098816,0.3335774838924408,0.3330485224723816,0.333831787109375,0.3336588740348816,0.3330078125,0.3327840268611908,0.3336588740348816,0.332763671875,0.3330078125,0.3337809443473816,0.3333333432674408,0.333251953125,0.3326823115348816,0.3335164487361908,0.3331705927848816,0.3334757685661316,0.33385977149009705,0.3331705927848816,0.3331705927848816,0.33349609375,0.3330078125,0.3335774838924408,0.3330078125,0.3330892026424408,0.333740234375,0.333984375,0.3336690366268158,0.33331936597824097,0.33349609375,0.3330078125,0.3333286941051483,0.3336995542049408,0.33345288038253784,0.332763671875,0.3335774838924408,0.333984375,0.3328450620174408,0.3330892026424408,0.333984375,0.3330078125,0.3328450620174408,0.3336588740348816,0.3333333432674408,0.3338623046875,0.332763671875,0.33349609375,0.333984375,0.33386993408203125,0.3336588740348816,0.3334096372127533,0.33319091796875,0.3331044614315033,0.33306884765625,0.3336995542049408,0.3326823115348816,0.3326009213924408,0.3339030146598816,0.33349609375,0.3333333432674408,0.3333333432674408,0.3339030146598816,0.3328450620174408,0.3340657651424408,0.3331705927848816,0.3326823115348816,0.3330078125,0.3338216245174408,0.3336588740348816,0.3328450620174408,0.333740234375,0.3338216245174408,0.3336995542049408,0.333740234375,0.3331705927848816,0.3334147334098816,0.3328959345817566,0.33360037207603455,0.3328450620174408,0.3328387141227722,0.3334147334098816,0.3331502377986908,0.3331298828125,0.33387503027915955,0.3338979184627533,0.3338826596736908,0.33270263671875,0.33328503370285034,0.3339659571647644,0.3338623046875,0.3335774838924408,0.3334147334098816,0.3328450620174408,0.3339640498161316,0.3339030146598816,0.3336181640625,0.3331705927848816,0.3338623046875,0.3331502377986908,0.3336588740348816,0.333740234375,0.3327840268611908,0.3338419795036316,0.3335774838924408,0.3333582878112793,0.3330078125,0.3330078125,0.3328450620174408,0.3330078125,0.332672119140625,0.3326823115348816,0.3328043818473816,0.3331705927848816,0.3337605893611908,0.3340250849723816,0.33349609375,0.3338216245174408,0.3333333432674408,0.3330078125,0.3331705927848816,0.3333943784236908,0.3334147334098816,0.3330281674861908,0.3330078125,0.3330892026424408,0.3333333432674408,0.332763671875,0.3339436948299408,0.3329874873161316,0.3326823115348816,0.3333943784236908,0.3333333432674408,0.3339030146598816,0.3332723081111908,0.3327229917049408,0.3339436948299408,0.3326823115348816,0.3331705927848816,0.3336588740348816,0.3337809443473816,0.3336995542049408,0.3329264521598816,0.332763671875,0.3335673213005066,0.33349609375,0.3327433466911316,0.3330485224723816,0.3333740234375,0.3331705927848816,0.3332112729549408,0.333251953125,0.3336588740348816,0.3333536982536316,0.33251953125,0.3333333432674408,0.3330892026424408,0.3330078125,0.33251953125,0.333984375,0.3333333432674408,0.3334147334098816,0.332794189453125,0.3338063657283783,0.3330485224723816,0.3328654170036316,0.3333943784236908,0.332763671875,0.3336588740348816,0.3330485224723816,0.3328450620174408,0.3329671323299408,0.3328043818473816,0.3330485224723816,0.333740234375,0.3331705927848816,0.3330078125,0.333740234375,0.3333333432674408,0.3326823115348816,0.3335978388786316,0.333984375,0.333251953125,0.3333842158317566,0.3330485224723816,0.3329264521598816,0.3326823115348816,0.3330892026424408,0.3330078125,0.3332316279411316,0.3335774838924408,0.3339030146598816,0.333740234375,0.3329671323299408,0.3333333432674408,0.3330078125,0.3330078125,0.3328450620174408,0.3338216245174408,0.3331705927848816,0.3333333432674408,0.3330078125,0.3331705927848816,0.33251953125,0.3327128291130066,0.3331705927848816,0.3332112729549408,0.3336588740348816,0.33349609375,0.3332112729549408,0.3331705927848816,0.3328145444393158,0.3335164487361908,0.3333652913570404,0.3333657681941986,0.3336111903190613,0.3334078788757324,0.33367919921875,0.3339436948299408,0.3333333432674408,0.33294677734375,0.333160400390625,0.3336995542049408,0.3336588740348816,0.3329264521598816,0.3328450620174408,0.3334554135799408,0.3331705927848816,0.3330078125,0.3333333432674408,0.3335368037223816,0.3331705927848816,0.3338610529899597,0.3331298828125,0.3329264521598816,0.33380126953125,0.3328043818473816,0.3327382504940033,0.3333333432674408,0.3330078125,0.3338216245174408,0.3333740234375,0.33306884765625,0.3329111933708191,0.333984375,0.3326823115348816,0.3331095576286316,0.33358892798423767,0.3333333432674408,0.33296966552734375,0.33284759521484375,0.33285269141197205,0.3333333432674408,0.3333842158317566,0.3332417905330658,0.3332926630973816,0.3329671323299408,0.3328145444393158,0.3327128291130066,0.3334452509880066,0.33349609375,0.33392333984375,0.3330892026424408,0.3336588740348816,0.3339030146598816,0.33349609375,0.3338216245174408,0.3331705927848816,0.3329060971736908,0.3335774838924408,0.3331705927848816,0.3328450620174408,0.33349609375,0.33299002051353455,0.3337726593017578,0.33354443311691284,0.33347606658935547,0.3335673213005066,0.33320364356040955,0.33300527930259705,0.3333333432674408,0.3330078125,0.3338216245174408,0.3330078125,0.3331095576286316,0.3339030146598816,0.33304089307785034,0.3337186276912689,0.3337809443473816,0.3329569697380066,0.3336995542049408,0.3338826596736908,0.3328145444393158,0.3332316279411316,0.3338419795036316,0.3328043818473816,0.3328857421875,0.3333740234375,0.33349609375,0.33392333984375,0.3335368037223816,0.33366140723228455,0.3333320617675781,0.333953857421875,0.3336639404296875,0.3327280879020691,0.33326977491378784,0.3339335322380066,0.3327738642692566,0.3329264521598816,0.333984375,0.3331298828125,0.3336588740348816,0.3333333432674408,0.3336588740348816,0.3328704833984375,0.3328043818473816,0.33323925733566284,0.3329366147518158,0.3332926630973816,0.3336944580078125,0.3335825800895691,0.33332571387290955,0.33318012952804565,0.33334097266197205,0.33392971754074097,0.33278530836105347,0.3337491452693939,0.33345794677734375,0.33380126953125,0.3330078125,0.33320364356040955,0.3330637812614441,0.3331960141658783,0.333831787109375,0.3327827453613281,0.3333486020565033,0.33294677734375,0.33392333984375,0.33352917432785034,0.3333015441894531,0.3329264521598816,0.3328450620174408,0.33294677734375,0.3336588740348816,0.333709716796875,0.3334554135799408,0.33327993750572205,0.3334147334098816,0.33349609375,0.3333333432674408,0.3335520625114441,0.3332112729549408,0.3330790400505066,0.3330739438533783,0.3330586850643158,0.3328043818473816,0.3334972858428955,0.3334522247314453,0.33333486318588257,0.3333333432674408,0.33333998918533325,0.3339773416519165,0.3333333432674408,0.3336334228515625,0.3334757685661316,0.3338216245174408,0.3329264521598816,0.3330485224723816,0.3331298828125,0.33316296339035034,0.33389410376548767,0.333221435546875,0.3332468867301941,0.3335368037223816,0.33294677734375,0.3339030146598816,0.333251953125
Leoncito,org,0.3333333432674408,0.3336588740348816,0.3330078125,0.3333333432674408,0.3336588740348816,0.3330078125,0.3333333432674408,0.3330078125,0.333984375,0.3326823115348816,0.33333343267440796,0.3331705927848816,0.3338216245174408,0.33349609375,0.3326823115348816,0.3333333432674408,0.33349609375,0.3326823115348816,0.3334147334098816,0.3326823115348816,0.333984375,0.333984375,0.3334147334098816,0.3331705927848816,0.3330078125,0.3329264521598816,0.3326823115348816,0.333984375,0.3330078125,0.3333333432674408,0.3336181640625,0.333984375,0.33355712890625,0.3330078125,0.3336181640625,0.3328450620174408,0.3338216245174408,0.3333333432674408,0.334228515625,0.3338216245174408,0.3329874873161316,0.3331705927848816,0.3337605893611908,0.3333333432674408,0.333740234375,0.332763671875,0.333282470703125,0.3326823115348816,0.3326823115348816,0.33349609375,0.3333333432674408,0.3328450620174408,0.3338216245174408,0.333984375,0.3336588740348816,0.333984375,0.3335368037223816,0.3331705927848816,0.3331400752067566,0.3332926630973816,0.33273062109947205,0.3328857421875,0.3338216245174408,0.3328450620174408,0.3326823115348816,0.3330078125,0.3336588740348816,0.3330078125,0.3330078125,0.3328450620174408,0.3326823115348816,0.3330078125,0.3328450620174408,0.3331705927848816,0.3330078125,0.3330078125,0.3336588740348816,0.3333333432674408,0.3338216245174408,0.332763671875,0.3333333432674408,0.333740234375,0.33270263671875,0.3331095576286316,0.3328450620174408,0.33343505859375,0.3326823115348816,0.3330078125,0.3330078125,0.3334147334098816,0.3328450620174408,0.3336588740348816,0.3327229917049408,0.3333333432674408,0.3330078125,0.333984375,0.3326823115348816,0.3336588740348816,0.3326823115348816,0.3336588740348816,0.3333333432674408,0.333984375,0.3336588740348816,0.3336588740348816,0.3336588740348816,0.3330078125,0.3336588740348816,0.3333333432674408,0.3333333432674408,0.3330078125,0.3330078125,0.3333333432674408,0.333740234375,0.3338216245174408,0.3333333432674408,0.3334147334098816,0.33318838477134705,0.3327586054801941,0.3333231806755066,0.33334100246429443,0.3336793780326843,0.33374279737472534,0.3336002230644226,0.33286285400390625,0.3335317075252533,0.3334340453147888,0.3329264521598816,0.3336385190486908,0.3338877558708191,0.3326823115348816,0.333221435546875,0.3338584899902344,0.33309683203697205,0.3338623046875,0.3333333432674408,0.3329671323299408,0.3327840268611908,0.3330078125,0.3338267207145691,0.3331298828125,0.33359718322753906,0.3331553339958191,0.3339640498161316,0.333251953125,0.33347320556640625,0.3330014646053314,0.33371734619140625,0.33278656005859375,0.3336080014705658,0.332763671875,0.3334859311580658,0.3338826596736908,0.3332926630973816,0.3333333432674408,0.33343505859375,0.33358892798423767,0.3336639404296875,0.3329569697380066,0.33278021216392517,0.33338654041290283,0.333099365234375,0.33385658264160156,0.33268803358078003,0.3338623046875,0.33370208740234375,0.3328437805175781,0.33298301696777344,0.3334147334098816,0.3339030146598816,0.3337605893611908,0.3329671323299408,0.3339030146598816,0.3326823115348816,0.3338419795036316,0.3338216245174408,0.3329264521598816,0.3326823115348816,0.3328450620174408,0.3333333432674408,0.3329264521598816,0.3339030146598816,0.33349609375,0.3334147334098816,0.3336588740348816,0.333251953125,0.3335469663143158,0.3329569697380066,0.3334215581417084,0.3335946500301361,0.3337605893611908,0.3331705927848816,0.3326823115348816,0.33355712890625,0.3334147334098816,0.3334248960018158,0.3338826596736908,0.3328145444393158,0.3331298828125,0.3328654170036316,0.3334147334098816,0.3337605893611908,0.3329671323299408,0.33295950293540955,0.3330078125,0.33349609375,0.3333333432674408,0.3328654170036316,0.3339030146598816,0.3326823115348816,0.33251953125,0.3331705927848816,0.33270263671875,0.3335673213005066,0.3327229917049408,0.3331705927848816,0.33306884765625,0.3336588740348816,0.33349609375,0.3334147334098816,0.3336588740348816,0.333984375,0.3333333432674408,0.3333333432674408,0.33282470703125,0.3333333432674408,0.3338216245174408,0.3328450620174408,0.3330129086971283,0.3335774838924408,0.3326823115348816,0.3328043818473816,0.3339436948299408,0.3330078125,0.3328450620174408,0.3331298828125,0.33349609375,0.3333333432674408,0.3331705927848816,0.3332011103630066,0.3328450620174408,0.3332316279411316,0.3329760432243347,0.33392333984375,0.3336080014705658,0.3326416015625,0.3329874873161316,0.3331705927848816,0.3334442973136902,0.3328437805175781,0.33355712890625,0.33392333984375,0.33335623145103455,0.3338216245174408,0.3332417905330658,0.3336283564567566,0.3335774838924408,0.3333333432674408,0.33349609375,0.3326823115348816,0.3329874873161316,0.3328298032283783,0.3328450620174408,0.3329264521598816,0.3338216245174408,0.3332112729549408,0.3329264521598816,0.3328450620174408,0.3338216245174408,0.33349609375,0.3335774838924408,0.33282470703125,0.3336588740348816,0.3334147334098816,0.33349609375,0.3330078125,0.333984375,0.3333333432674408,0.33349609375,0.3331705927848816,0.3336588740348816,0.3327891230583191,0.3326009213924408,0.33270263671875,0.3330485224723816,0.333984375,0.33343505859375,0.3333333432674408,0.3334554135799408,0.33294677734375,0.33349609375,0.3329264521598816,0.3330892026424408,0.33355712890625,0.3330078125,0.33380126953125,0.3334147334098816,0.3336588740348816,0.333587646484375,0.3328450620174408,0.3331705927848816,0.3333333432674408,0.3332926630973816,0.3341471552848816,0.332763671875,0.3328450620174408,0.3338216245174408,0.3332926630973816,0.3333333432674408,0.3331146240234375,0.3338521420955658,0.3332621455192566,0.3333333432674408,0.33386486768722534,0.3330892026424408,0.3334147334098816,0.3326823115348816,0.33380383253097534,0.3333333432674408,0.332763671875,0.3327433466911316,0.33373260498046875,0.3335368037223816,0.3333333432674408,0.3333333432674408,0.3330078125,0.3336588740348816,0.3338216245174408,0.3333333432674408,0.3338623046875,0.333740234375,0.3326823115348816,0.3338216245174408,0.333740234375,0.33349609375,0.3338623046875,0.3336588740348816,0.3330078125,0.3338216245174408,0.3336588740348816,0.333984375,0.3333333432674408,0.3336588740348816,0.3335774838924408,0.3338979184627533,0.3336588740348816,0.3333333432674408,0.333984375,0.3339640498161316,0.33343505859375,0.3326823115348816,0.3330892026424408,0.3336181640625,0.333251953125,0.3336588740348816,0.33349609375,0.3328654170036316,0.33349609375,0.3330078125,0.3341471552848816,0.3326823115348816,0.3333333432674408,0.3326823115348816,0.3330078125,0.3335774838924408,0.3328450620174408,0.3331705927848816,0.3330078125,0.3336588740348816,0.3330892026424408,0.33294677734375,0.3338216245174408,0.333740234375,0.33349609375,0.3330078125,0.3329264521598816,0.3328450620174408,0.3333333432674408,0.3338216245174408,0.3333740234375,0.3329264521598816,0.333740234375,0.3330078125,0.3331705927848816,0.33270263671875,0.3336588740348816,0.3333333432674408,0.3328450620174408,0.333740234375,0.3333333432674408,0.3331705927848816,0.3336588740348816,0.3333333432674408,0.3337338864803314,0.3331705927848816,0.3331502377986908,0.332763671875,0.33334824442863464,0.3333337903022766,0.3334808349609375,0.33356985449790955,0.333740234375,0.3329671323299408,0.3328348994255066,0.3327840268611908,0.3329671323299408,0.3336181640625,0.3328450620174408,0.3333333432674408,0.3328450620174408,0.3336588740348816,0.3336181640625,0.3334147334098816,0.3331705927848816,0.3335978388786316,0.3328857421875,0.33349609375,0.3333333432674408,0.33306884765625,0.3333333432674408,0.3330078125,0.3330078125,0.33294677734375,0.3336588740348816,0.3337911069393158,0.33387503027915955,0.3333943784236908,0.3333943784236908,0.3339030146598816,0.3330078125,0.3331705927848816,0.33316296339035034,0.3333333432674408,0.3333740234375,0.3333333432674408,0.3339436948299408,0.333526611328125,0.3334147334098816,0.3328450620174408,0.3335092067718506,0.3332112729549408,0.3338661193847656,0.3336588740348816,0.3329671323299408,0.3333333432674408,0.3335774838924408,0.3339030146598816,0.333984375,0.333251953125,0.3327229917049408,0.33349609375,0.3329671323299408,0.3328043818473816,0.3334554135799408,0.332763671875,0.3328450620174408,0.333465576171875,0.3333333432674408,0.3332163691520691,0.332794189453125,0.332733154296875,0.3326823115348816,0.3332417905330658,0.3334147334098816,0.3330078125,0.3337605893611908,0.3339030146598816,0.3326823115348816,0.3330078125,0.3336588740348816,0.333251953125,0.3331705927848816,0.3328450620174408,0.3335774838924408,0.33349609375,0.3326823115348816,0.3339030146598816,0.333984375,0.33355712890625,0.3338216245174408,0.3336588740348816,0.3334147334098816,0.3330892026424408,0.3337605893611908,0.333404541015625,0.33303070068359375,0.3326823115348816,0.33306822180747986,0.3338216245174408,0.3326924741268158,0.3334910273551941,0.3328806757926941,0.3339030146598816,0.3327229917049408,0.33349609375,0.33321890234947205,0.3333740234375,0.3334808349609375,0.333740234375,0.3337809443473816,0.3329264521598816,0.3329671323299408,0.3339030146598816,0.332763671875,0.3331705927848816,0.3332926630973816,0.3328043818473816,0.3328450620174408,0.3336588740348816,0.3327229917049408,0.3336385190486908,0.3333740234375,0.332855224609375,0.3334757685661316,0.3336588740348816,0.3333028256893158,0.3330078125,0.3329671323299408,0.3330078125,0.33331298828125,0.333740234375,0.3336385190486908,0.3334147334098816,0.3328450620174408,0.3330078125,0.3328450620174408,0.3330078125,0.3333333432674408,0.3330892026424408,0.33349609375,0.3337199091911316,0.333251953125,0.3330078125,0.333333820104599,0.3334554135799408,0.333465576171875,0.3331095576286316,0.3333333432674408,0.3330892026424408,0.3330078125,0.3335368037223816,0.333740234375,0.3330485224723816,0.3332316279411316,0.3331705927848816,0.3330078125,0.3333333432674408,0.3335368037223816,0.3339487910270691,0.333251953125,0.3331095576286316,0.3338623046875,0.3338216245174408,0.3334554135799408,0.3331400752067566,0.3330892026424408,0.3336588740348816,0.3337911069393158,0.33349609375,0.333984375,0.333160400390625,0.3331705927848816,0.333984375,0.3343099057674408,0.332763671875,0.3336588740348816,0.3333333432674408,0.3336588740348816,0.3332112729549408,0.3328196406364441,0.33270519971847534,0.3337809443473816,0.3330230712890625,0.333892822265625,0.333984375,0.33349609375,0.3336588740348816,0.3326823115348816,0.3336588740348816,0.3336588740348816,0.3330281674861908,0.3338216245174408,0.3338216245174408,0.3333333432674408,0.3331705927848816,0.3331298828125,0.3333333432674408,0.3336283564567566,0.3330078125,0.3336181640625,0.3328654170036316,0.3331298828125,0.3338419795036316,0.3338216245174408,0.3338216245174408,0.3333333432674408,0.3332112729549408,0.3330485224723816,0.3339030146598816,0.3328654170036316,0.3339436948299408,0.3334147334098816,0.3340047299861908,0.3330078125,0.3335774838924408,0.3334147334098816,0.3330078125,0.3339436948299408,0.3330078125,0.3335774838924408,0.3336588740348816,0.3335774838924408,0.3330078125,0.3336588740348816,0.3328450620174408,0.3329264521598816,0.3333333432674408,0.3333333432674408,0.3335774838924408,0.332794189453125,0.3339316248893738,0.3336121439933777,0.3336995542049408,0.3331845700740814,0.3336181640625,0.3331298828125,0.3338216245174408,0.3328450620174408,0.3337809443473816,0.3329264521598816,0.3326823115348816,0.3330434262752533,0.3329264521598816,0.3339436948299408,0.3336588740348816,0.3328450620174408,0.332763671875,0.3327992856502533,0.33319091796875,0.3330841064453125,0.3330485224723816,0.3327229917049408,0.3329264521598816,0.3332316279411316,0.3327280879020691,0.33349609375,0.3333740234375,0.3334147334098816,0.33349609375,0.33349609375,0.3336385190486908,0.3333333432674408,0.3326823115348816,0.3332926630973816,0.33278149366378784,0.3333333432674408,0.3333536982536316,0.3330586850643158,0.3334706723690033,0.3338216245174408,0.3335368037223816,0.3328348994255066,0.3336588740348816,0.3327178955078125,0.332763671875,0.3326823115348816,0.3336080014705658,0.333251953125,0.3335368037223816,0.332763671875,0.3333333432674408,0.3328450620174408,0.3333333432674408,0.3331705927848816,0.3330892026424408,0.3336588740348816,0.3333333432674408,0.333984375,0.3336588740348816,0.3333333432674408,0.3331076502799988,0.3328145444393158,0.3330281674861908,0.3329607844352722,0.3328043818473816,0.333282470703125,0.332672119140625,0.3336588740348816,0.3326823115348816,0.3332926630973816,0.3326823115348816,0.3336385190486908,0.333740234375,0.3335164487361908,0.333892822265625,0.3337605893611908,0.3334554135799408,0.33380126953125,0.3329264521598816,0.33306884765625,0.332763671875,0.3333333432674408,0.3336588740348816,0.3331705927848816,0.3326823115348816,0.33349609375,0.3332926630973816,0.3333333432674408,0.3332862854003906,0.333282470703125,0.33350247144699097,0.33355712890625,0.332855224609375,0.33331555128097534,0.3329620361328125,0.3335368037223816,0.3330078125,0.3333333432674408,0.3334554135799408,0.3336588740348816,0.3339436948299408,0.3336588740348816,0.3332672119140625,0.3338623046875,0.3328450620174408,0.3332926630973816,0.3330485224723816,0.33270263671875,0.33318328857421875,0.3333740234375,0.3337860107421875,0.3333473205566406,0.33394116163253784,0.33306884765625,0.3335520625114441,0.333709716796875,0.3336639404296875,0.3328450620174408,0.3327535092830658,0.3336385190486908,0.3338165283203125,0.3329620361328125,0.3335978388786316,0.3337605893611908,0.333343505859375,0.33349609375,0.33367919921875,0.3335978388786316,0.3330790400505066,0.33368682861328125,0.3328450620174408,0.3330485224723816,0.3337199091911316,0.3329264521598816,0.3326009213924408,0.3330078125,0.3336588740348816,0.3334554135799408,0.33362072706222534,0.333251953125,0.3331095576286316,0.3331095576286316,0.33386993408203125,0.3331807553768158,0.3333333432674408,0.3334147334098816,0.3333829343318939,0.3333333432674408,0.332804411649704,0.333445280790329,0.3333333432674408,0.3338216245174408,0.3333536982536316,0.3336181640625,0.333892822265625,0.33278149366378784,0.3338216245174408,0.3336232602596283,0.3338826596736908,0.3330892026424408,0.333648681640625,0.3331400752067566,0.3327840268611908,0.3333333432674408,0.33349609375
Patients,org,1.0,1.0,1.0,1.0,1.0,1.0,1.0,1.0,1.0,1.0,1.0,1.0,1.0,1.0,1.0,1.0,1.0,1.0,1.0,1.0,1.0,1.0,1.0,1.0,1.0,1.0,1.0,1.0,1.0,1.0,1.0,1.0,1.0,1.0,1.0,1.0,1.0,1.0,1.0,1.0,1.0,1.0,1.0,1.0,1.0,1.0,1.0,1.0,1.0,1.0,1.0,1.0,1.0,1.0,1.0,1.0,1.0,1.0,1.0,1.0,1.0,1.0,1.0,1.0,1.0,1.0,1.0,1.0,1.0,1.0,1.0,1.0,1.0,1.0,1.0,1.0,1.0,1.0,1.0,1.0,1.0,1.0,1.0,1.0,1.0,1.0,1.0,1.0,1.0,1.0,1.0,1.0,1.0,1.0,1.0,1.0,1.0,1.0,1.0,1.0,1.0,1.0,1.0,1.0,1.0,1.0,1.0,1.0,1.0,1.0,1.0,1.0,1.0,1.0,1.0,1.0,1.0,1.0,1.0,1.0,1.0,1.0,1.0,1.0,1.0,1.0,1.0,1.0,1.0,1.0,1.0,1.0,1.0,1.0,1.0,1.0,1.0,1.0,1.0,1.0,1.0,1.0,1.0,1.0,1.0,1.0,1.0,1.0,1.0,1.0,1.0,1.0,1.0,1.0,1.0,1.0,1.0,1.0,1.0,1.0,1.0,1.0,1.0,1.0,1.0,1.0,1.0,1.0,1.0,1.0,1.0,1.0,1.0,1.0,1.0,1.0,1.0,1.0,1.0,1.0,1.0,1.0,1.0,1.0,1.0,1.0,1.0,1.0,1.0,1.0,1.0,1.0,1.0,1.0,1.0,1.0,1.0,1.0,1.0,1.0,1.0,1.0,1.0,1.0,1.0,1.0,1.0,1.0,1.0,1.0,1.0,1.0,1.0,1.0,1.0,1.0,1.0,1.0,1.0,1.0,1.0,1.0,1.0,1.0,1.0,1.0,1.0,1.0,1.0,1.0,1.0,1.0,1.0,1.0,1.0,1.0,1.0,1.0,1.0,1.0,1.0,1.0,1.0,1.0,1.0,1.0,1.0,1.0,1.0,1.0,1.0,1.0,1.0,1.0,1.0,1.0,1.0,1.0,1.0,1.0,1.0,1.0,1.0,1.0,1.0,1.0,1.0,1.0,1.0,1.0,1.0,1.0,1.0,1.0,1.0,1.0,1.0,1.0,1.0,1.0,1.0,1.0,1.0,1.0,1.0,1.0,1.0,1.0,1.0,1.0,1.0,1.0,1.0,1.0,1.0,1.0,1.0,1.0,1.0,1.0,1.0,1.0,1.0,1.0,1.0,1.0,1.0,1.0,1.0,1.0,1.0,1.0,1.0,1.0,1.0,1.0,1.0,1.0,1.0,1.0,1.0,1.0,1.0,1.0,1.0,1.0,1.0,1.0,1.0,1.0,1.0,1.0,1.0,1.0,1.0,1.0,1.0,1.0,1.0,1.0,1.0,1.0,1.0,1.0,1.0,1.0,1.0,1.0,1.0,1.0,1.0,1.0,1.0,1.0,1.0,1.0,1.0,1.0,1.0,1.0,1.0,1.0,1.0,1.0,1.0,1.0,1.0,1.0,1.0,1.0,1.0,1.0,1.0,1.0,1.0,1.0,1.0,1.0,1.0,1.0,1.0,1.0,1.0,1.0,1.0,1.0,1.0,1.0,1.0,1.0,1.0,1.0,1.0,1.0,1.0,1.0,1.0,1.0,1.0,1.0,1.0,1.0,1.0,1.0,1.0,1.0,1.0,1.0,1.0,1.0,1.0,1.0,1.0,1.0,1.0,1.0,1.0,1.0,1.0,1.0,1.0,1.0,1.0,1.0,1.0,1.0,1.0,1.0,1.0,1.0,1.0,1.0,1.0,1.0,1.0,1.0,1.0,1.0,1.0,1.0,1.0,1.0,1.0,1.0,1.0,1.0,1.0,1.0,1.0,1.0,1.0,1.0,1.0,1.0,1.0,1.0,1.0,1.0,1.0,1.0,1.0,1.0,1.0,1.0,1.0,1.0,1.0,1.0,1.0,1.0,1.0,1.0,1.0,1.0,1.0,1.0,1.0,1.0,1.0,1.0,1.0,1.0,1.0,1.0,1.0,1.0,1.0,1.0,1.0,1.0,1.0,1.0,1.0,1.0,1.0,1.0,1.0,1.0,1.0,1.0,1.0,1.0,1.0,1.0,1.0,1.0,1.0,1.0,1.0,1.0,1.0,1.0,1.0,1.0,1.0,1.0,1.0,1.0,1.0,1.0,1.0,1.0,1.0,1.0,1.0,1.0,1.0,1.0,1.0,1.0,1.0,1.0,1.0,1.0,1.0,1.0,1.0,1.0,1.0,1.0,1.0,1.0,1.0,1.0,1.0,1.0,1.0,1.0,1.0,1.0,1.0,1.0,1.0,1.0,1.0,1.0,1.0,1.0,1.0,1.0,1.0,1.0,1.0,1.0,1.0,1.0,1.0,1.0,1.0,1.0,1.0,1.0,1.0,1.0,1.0,1.0,1.0,1.0,1.0,1.0,1.0,1.0,1.0,1.0,1.0,1.0,1.0,1.0,1.0,1.0,1.0,1.0,1.0,1.0,1.0,1.0,1.0,1.0,1.0,1.0,1.0,1.0,1.0,1.0,1.0,1.0,1.0,1.0,1.0,1.0,1.0,1.0,1.0,1.0,1.0,1.0,1.0,1.0,1.0,1.0,1.0,1.0,1.0,1.0,1.0,1.0,1.0,1.0,1.0,1.0,1.0,1.0,1.0,1.0,1.0,1.0,1.0,1.0,1.0,1.0,1.0,1.0,1.0,1.0,1.0,1.0,1.0,1.0,1.0,1.0,1.0,1.0,1.0,1.0,1.0,1.0,1.0,1.0,1.0,1.0,1.0,1.0,1.0,1.0,1.0,1.0,1.0,1.0,1.0,1.0,1.0,1.0,1.0,1.0,1.0,1.0,1.0,1.0,1.0,1.0,1.0,1.0,1.0,1.0,1.0,1.0,1.0,1.0,1.0,1.0,1.0,1.0,1.0,1.0,1.0,1.0,1.0,1.0,1.0,1.0,1.0,1.0,1.0,1.0,1.0,1.0,1.0,1.0,1.0,1.0,1.0,1.0,1.0,1.0,1.0,1.0,1.0,1.0,1.0,1.0,1.0,1.0,1.0,1.0,1.0,1.0,1.0,1.0,1.0,1.0,1.0,1.0,1.0,1.0,1.0,1.0,1.0,1.0,1.0,1.0,1.0,1.0,1.0,1.0,1.0,1.0,1.0,1.0,1.0,1.0,1.0,1.0,1.0,1.0,1.0,1.0,1.0,1.0,1.0,1.0,1.0,1.0,1.0,1.0,1.0,1.0,1.0,1.0,1.0,1.0,1.0,1.0,1.0,1.0,1.0,1.0,1.0,1.0,1.0,1.0,1.0,1.0,1.0,1.0
Invernesses,org,0.25030517578125,0.2501220703125,0.25019264221191406,0.2500000298023224,0.2498779296875,0.250244140625,0.2504079341888428,0.249969482421875,0.2496185302734375,0.2498779296875,0.25016021728515625,0.2498779296875,0.24993896484375,0.249755859375,0.249755859375,0.25,0.2503662109375,0.25,0.2498779296875,0.25,0.24957275390625,0.25,0.2498779296875,0.250244140625,0.2501220703125,0.2498779296875,0.249755859375,0.2498779296875,0.2498779296875,0.249755859375,0.2493896484375,0.2501220703125,0.25030517578125,0.25,0.2496337890625,0.25006103515625,0.2500934600830078,0.25,0.249755859375,0.24979400634765625,0.250396728515625,0.2501220703125,0.25030517578125,0.249755859375,0.25018310546875,0.250091552734375,0.25054931640625,0.25,0.24951171875,0.249755859375,0.25,0.24951171875,0.250244140625,0.249755859375,0.25,0.2498779296875,0.2503204345703125,0.2496337890625,0.25042724609375,0.249969482421875,0.24965667724609375,0.2501220703125,0.25006103515625,0.2503662109375,0.2498779296875,0.2496337890625,0.24993896484375,0.250244140625,0.2498779296875,0.24993896484375,0.250244140625,0.2501220703125,0.250244140625,0.2501220703125,0.250244140625,0.249755859375,0.25,0.2501373291015625,0.24981689453125,0.2498779296875,0.2501220703125,0.250396728515625,0.250213623046875,0.249908447265625,0.249847412109375,0.25,0.250274658203125,0.2498779296875,0.2501220703125,0.24977493286132812,0.2499542236328125,0.25,0.2494659423828125,0.24969482421875,0.2503662109375,0.24957275390625,0.25006103515625,0.2496337890625,0.25048828125,0.25048828125,0.25030517578125,0.250244140625,0.2501220703125,0.2496795654296875,0.2502899169921875,0.249755859375,0.24969482421875,0.25048828125,0.2498779296875,0.2501220703125,0.2501220703125,0.25,0.2497406005859375,0.2501220703125,0.2501220703125,0.2495574951171875,0.2497406005859375,0.249725341796875,0.24951171875,0.2500016391277313,0.24978265166282654,0.2503998875617981,0.2497037649154663,0.2495194673538208,0.2497873306274414,0.2501649260520935,0.2501220703125,0.249847412109375,0.2501220703125,0.25029754638671875,0.249755859375,0.2496795654296875,0.2501220703125,0.249725341796875,0.2498779296875,0.2501220703125,0.2502708435058594,0.249908447265625,0.24991416931152344,0.24985122680664062,0.2501962184906006,0.25016021728515625,0.24988555908203125,0.2504730224609375,0.2499408721923828,0.2500295639038086,0.2497234344482422,0.2502861022949219,0.2501983642578125,0.250030517578125,0.250335693359375,0.24998092651367188,0.2498016357421875,0.2501983642578125,0.2504425048828125,0.2501392364501953,0.24991607666015625,0.24982929229736328,0.25008630752563477,0.2501462697982788,0.25008702278137207,0.2496681809425354,0.2497844696044922,0.250152587890625,0.2495574951171875,0.24982404708862305,0.24975991249084473,0.24961113929748535,0.2504119873046875,0.249725341796875,0.2504081726074219,0.2505340576171875,0.2498779296875,0.24993515014648438,0.25018310546875,0.24985837936401367,0.250091552734375,0.2503013610839844,0.250244140625,0.2502784729003906,0.24957275390625,0.250213623046875,0.2503662109375,0.2497711181640625,0.2504081726074219,0.24983596801757812,0.24988365173339844,0.25001609325408936,0.25007379055023193,0.2502434253692627,0.25006103515625,0.24991798400878906,0.24959087371826172,0.2500638961791992,0.2496933937072754,0.2504081726074219,0.24993896484375,0.2504463195800781,0.249542236328125,0.2498779296875,0.2496337890625,0.2503662109375,0.24974322319030762,0.25016021728515625,0.250213623046875,0.250152587890625,0.25011444091796875,0.25002288818359375,0.2500457763671875,0.249725341796875,0.24969482421875,0.24988174438476562,0.2501678466796875,0.24993515014648438,0.250091552734375,0.25023651123046875,0.250457763671875,0.25,0.25014734268188477,0.250335693359375,0.2496337890625,0.250457763671875,0.25041961669921875,0.24982833862304688,0.25018310546875,0.25,0.25018310546875,0.2503223419189453,0.25042724609375,0.249755859375,0.25018310546875,0.24957275390625,0.2501983642578125,0.2500762939453125,0.2501678466796875,0.25037384033203125,0.24957275390625,0.24951171875,0.24957275390625,0.250152587890625,0.24979400634765625,0.2496013641357422,0.250244140625,0.2503623962402344,0.2498779296875,0.2499542236328125,0.2502446174621582,0.2501296103000641,0.2504582405090332,0.25011157989501953,0.2497110366821289,0.24951280653476715,0.2503662109375,0.24987411499023438,0.249969482421875,0.24990081787109375,0.250457763671875,0.250396728515625,0.2506103515625,0.24981689453125,0.2504844665527344,0.24964141845703125,0.2496490478515625,0.2499542236328125,0.2501220703125,0.2498931884765625,0.2503662109375,0.25054931640625,0.25006103515625,0.24990272521972656,0.249603271484375,0.24994564056396484,0.24951171875,0.250244140625,0.24973678588867188,0.249969482421875,0.25020599365234375,0.250244140625,0.24981689453125,0.249542236328125,0.2501869201660156,0.24975013732910156,0.25038909912109375,0.24954986572265625,0.2501220703125,0.25042724609375,0.2501220703125,0.24959564208984375,0.2500133514404297,0.249755859375,0.25011444091796875,0.25048828125,0.24954605102539062,0.25,0.25030517578125,0.25017738342285156,0.2497711181640625,0.2503929138183594,0.25,0.2495880126953125,0.24993896484375,0.2504901885986328,0.2495269775390625,0.24960899353027344,0.2502593994140625,0.24957275390625,0.2503547668457031,0.25030517578125,0.24987101554870605,0.250213623046875,0.249603271484375,0.2501220703125,0.2504997253417969,0.24984359741210938,0.2501869201660156,0.250030517578125,0.24965381622314453,0.249664306640625,0.250457763671875,0.24996185302734375,0.2499380111694336,0.25030517578125,0.25018310546875,0.2503662109375,0.25048828125,0.25,0.24996566772460938,0.24978256225585938,0.2498016357421875,0.250213623046875,0.2503204345703125,0.249847412109375,0.2501220703125,0.2505950927734375,0.2501373291015625,0.25011444091796875,0.2505340576171875,0.2500762939453125,0.25042724609375,0.24951171875,0.249755859375,0.250213623046875,0.25018310546875,0.24956321716308594,0.249755859375,0.25,0.2496337890625,0.2500152587890625,0.2499542236328125,0.250091552734375,0.24969482421875,0.2504005432128906,0.249908447265625,0.250244140625,0.2501373291015625,0.2500152587890625,0.250030517578125,0.250244140625,0.25,0.2497100830078125,0.2498779296875,0.25030517578125,0.24957275390625,0.24991607666015625,0.25006103515625,0.2504119873046875,0.24993896484375,0.24951171875,0.250274658203125,0.25018310546875,0.24951171875,0.2503204345703125,0.249725341796875,0.2501220703125,0.249603271484375,0.2498779296875,0.2501220703125,0.249908447265625,0.2497406005859375,0.250396728515625,0.24945068359375,0.24993896484375,0.25,0.2499237060546875,0.25030517578125,0.25006103515625,0.24951171875,0.2495574951171875,0.249755859375,0.2496337890625,0.2501220703125,0.250244140625,0.2504750192165375,0.2501678466796875,0.24969482421875,0.249908447265625,0.25001174211502075,0.25000131130218506,0.2503931522369385,0.2504161298274994,0.250100314617157,0.2498931884765625,0.24958419799804688,0.2504730224609375,0.24981689453125,0.24986648559570312,0.250091552734375,0.25,0.249755859375,0.24957275390625,0.24993896484375,0.25,0.250335693359375,0.249847412109375,0.24981689453125,0.25018310546875,0.25,0.2500762939453125,0.25,0.25,0.2498779296875,0.2501373291015625,0.250335693359375,0.25025177001953125,0.2504091262817383,0.250274658203125,0.24969482421875,0.250396728515625,0.250244140625,0.250213623046875,0.25014543533325195,0.25030517578125,0.2501220703125,0.25018310546875,0.2503242492675781,0.2503662109375,0.249725341796875,0.24988937377929688,0.2495214343070984,0.25041961669921875,0.2504119873046875,0.249603271484375,0.250152587890625,0.2496337890625,0.2498779296875,0.250396728515625,0.25,0.250244140625,0.24958038330078125,0.25,0.249755859375,0.2501678466796875,0.24951171875,0.250396728515625,0.2496337890625,0.24974822998046875,0.24993896484375,0.2498340606689453,0.2501640319824219,0.25017547607421875,0.2500762939453125,0.24970245361328125,0.25006103515625,0.2498016357421875,0.25,0.2498779296875,0.2496337890625,0.2503662109375,0.2501220703125,0.250213623046875,0.24993896484375,0.2501220703125,0.2503662109375,0.249755859375,0.25,0.250152587890625,0.2501220703125,0.24980926513671875,0.24951171875,0.249969482421875,0.2498455047607422,0.24981689453125,0.249664306640625,0.24979400634765625,0.2496356964111328,0.2503662109375,0.2497696876525879,0.2496337890625,0.24999237060546875,0.2496795654296875,0.24982452392578125,0.2498626708984375,0.2503509521484375,0.2498016357421875,0.25047826766967773,0.24958467483520508,0.24992752075195312,0.24981689453125,0.2503662109375,0.249755859375,0.249664306640625,0.249847412109375,0.24981689453125,0.249755859375,0.2503242492675781,0.2496337890625,0.249267578125,0.2499847412109375,0.2496795654296875,0.2495880126953125,0.24951171875,0.24972186982631683,0.2501220703125,0.249755859375,0.2495880126953125,0.2498321533203125,0.250091552734375,0.2496795654296875,0.24951171875,0.24951171875,0.24998092651367188,0.25048065185546875,0.2503662109375,0.24981689453125,0.25030517578125,0.250244140625,0.24993896484375,0.249664306640625,0.2497100830078125,0.2498760223388672,0.2496185302734375,0.2503662109375,0.25,0.250244140625,0.24958038330078125,0.2495574951171875,0.2501220703125,0.2503814697265625,0.25,0.25006103515625,0.2496337890625,0.25022125244140625,0.24984359741210938,0.249755859375,0.25042724609375,0.2501220703125,0.24981689453125,0.2500419616699219,0.25042724609375,0.249725341796875,0.25029754638671875,0.249755859375,0.24951171875,0.25030517578125,0.249755859375,0.249786376953125,0.2495269775390625,0.24969482421875,0.250244140625,0.25046539306640625,0.250274658203125,0.24969482421875,0.250030517578125,0.250091552734375,0.2498779296875,0.2496337890625,0.2498779296875,0.249755859375,0.24994659423828125,0.2503528594970703,0.24993896484375,0.25000762939453125,0.2498626708984375,0.2502593994140625,0.249755859375,0.25006103515625,0.25,0.2503662109375,0.25030517578125,0.249786376953125,0.24981689453125,0.24969482421875,0.250091552734375,0.249542236328125,0.2501220703125,0.24981689453125,0.24954986572265625,0.2495574951171875,0.25048828125,0.2501220703125,0.250152587890625,0.249908447265625,0.2496337890625,0.25,0.24951171875,0.25043487548828125,0.2503204345703125,0.250244140625,0.24958038330078125,0.2495880126953125,0.249755859375,0.25032615661621094,0.2501220703125,0.249542236328125,0.25048828125,0.25,0.25006103515625,0.2498779296875,0.250335693359375,0.24981689453125,0.25018310546875,0.24957275390625,0.25,0.2503662109375,0.24993896484375,0.250244140625,0.250030517578125,0.25048255920410156,0.25029563903808594,0.2501978874206543,0.250460684299469,0.25034427642822266,0.25023940205574036,0.250091552734375,0.250274658203125,0.2497406005859375,0.25042724609375,0.249847412109375,0.2501220703125,0.2498016357421875,0.25006103515625,0.25048828125,0.250030517578125,0.24969482421875,0.2493896484375,0.25030517578125,0.25040149688720703,0.2498035430908203,0.2498946189880371,0.249786376953125,0.2501220703125,0.2497100830078125,0.2502899169921875,0.24965572357177734,0.25,0.2500762939453125,0.25018310546875,0.2504730224609375,0.2501220703125,0.2498626708984375,0.25,0.25018310546875,0.24987030029296875,0.24989211559295654,0.250244140625,0.2503509521484375,0.24997425079345703,0.250091552734375,0.24973297119140625,0.25011444091796875,0.24969863891601562,0.2499847412109375,0.2501640319824219,0.2495441436767578,0.2497711181640625,0.250335693359375,0.250335693359375,0.2496795654296875,0.2498779296875,0.25030517578125,0.25,0.249755859375,0.2498779296875,0.25006103515625,0.25,0.249755859375,0.24993896484375,0.2501068115234375,0.2498779296875,0.24993515014648438,0.2495880126953125,0.25000762939453125,0.24955368041992188,0.24976158142089844,0.249542236328125,0.24971961975097656,0.25018310546875,0.2496337890625,0.2496337890625,0.24993896484375,0.25054931640625,0.24981689453125,0.25,0.25028038024902344,0.2502555847167969,0.24976158142089844,0.2499847412109375,0.2501068115234375,0.25006103515625,0.2501220703125,0.24969482421875,0.24965667724609375,0.24993896484375,0.2500762939453125,0.2498016357421875,0.24993896484375,0.249908447265625,0.24961280822753906,0.2498307228088379,0.249755859375,0.24959182739257812,0.2500755786895752,0.250152587890625,0.2500429153442383,0.2501678466796875,0.24993896484375,0.25042724609375,0.25043487548828125,0.2503662109375,0.249725341796875,0.25018310546875,0.2504005432128906,0.2496490478515625,0.2502155303955078,0.249603271484375,0.24988365173339844,0.24957275390625,0.25020408630371094,0.2500619888305664,0.2504696846008301,0.24980831146240234,0.24979162216186523,0.24951934814453125,0.24983882904052734,0.24978160858154297,0.24981117248535156,0.2504568099975586,0.2500438690185547,0.25018310546875,0.24972152709960938,0.2502765655517578,0.2499527931213379,0.25037097930908203,0.2502307891845703,0.2502613067626953,0.24959850311279297,0.24963760375976562,0.2503013610839844,0.2499065399169922,0.25030517578125,0.24991798400878906,0.24953651428222656,0.25,0.24988555908203125,0.250457763671875,0.250152587890625,0.2499542236328125,0.24982166290283203,0.24981689453125,0.2501640319824219,0.24958038330078125,0.24966907501220703,0.24967193603515625,0.2500000596046448,0.24980545043945312,0.2495129257440567,0.25,0.2500419616699219,0.25,0.25,0.2500343322753906,0.2495269775390625,0.249542236328125,0.24979400634765625,0.250213623046875,0.249725341796875,0.2502908706665039,0.2500724792480469,0.249847412109375,0.2503852844238281,0.25031185150146484,0.249786376953125,0.24970626831054688,0.2497236728668213
Glossiphonia,org,0.2498779296875,0.25,0.2496795654296875,0.25008392333984375,0.249755859375,0.250274658203125,0.2503090798854828,0.2501220703125,0.25,0.24993896484375,0.2500625252723694,0.2496337890625,0.249755859375,0.24981689453125,0.25,0.25,0.2501220703125,0.249755859375,0.25,0.24951171875,0.25,0.24950790405273438,0.24991607666015625,0.249755859375,0.24981689453125,0.2503662109375,0.2496337890625,0.24957275390625,0.2493896484375,0.250244140625,0.25030517578125,0.25,0.24981689453125,0.24951171875,0.249725341796875,0.250213623046875,0.25,0.2498779296875,0.25030517578125,0.2501220703125,0.2498321533203125,0.25,0.2501068115234375,0.2498931884765625,0.2498779296875,0.25030517578125,0.250244140625,0.24951171875,0.25,0.249755859375,0.2503662109375,0.249847412109375,0.2501373291015625,0.25,0.25,0.2498779296875,0.25028228759765625,0.249725341796875,0.2502899169921875,0.249755859375,0.24967217445373535,0.24969482421875,0.2501220703125,0.25,0.249755859375,0.2496337890625,0.2498779296875,0.24951171875,0.24951171875,0.2498779296875,0.25,0.250244140625,0.250244140625,0.25018310546875,0.249755859375,0.25,0.25,0.2504119873046875,0.250244140625,0.249755859375,0.2498779296875,0.2498779296875,0.249725341796875,0.2501220703125,0.24957275390625,0.2496795654296875,0.2496185302734375,0.2501220703125,0.2501220703125,0.25,0.249725341796875,0.25,0.24959945678710938,0.250244140625,0.249755859375,0.250274658203125,0.25030517578125,0.249755859375,0.25,0.25030517578125,0.24993896484375,0.25,0.25042724609375,0.25,0.24993896484375,0.2501220703125,0.2501220703125,0.2498779296875,0.2501220703125,0.249755859375,0.249755859375,0.2501220703125,0.2498931884765625,0.2496337890625,0.250244140625,0.2500152587890625,0.24984359741210938,0.250091552734375,0.2499847412109375,0.2500067353248596,0.25018545985221863,0.25032269954681396,0.2503468990325928,0.2503463625907898,0.2502085566520691,0.250030517578125,0.249542236328125,0.2502288818359375,0.25004005432128906,0.24945068359375,0.249786376953125,0.24956130981445312,0.2501106262207031,0.2495880126953125,0.24988555908203125,0.25018310546875,0.24978256225585938,0.25030517578125,0.2496318817138672,0.249664306640625,0.25006115436553955,0.24972915649414062,0.250152587890625,0.2503662109375,0.25035858154296875,0.2497469186782837,0.2504920959472656,0.2499074935913086,0.24999427795410156,0.2503204345703125,0.2500801086425781,0.25031280517578125,0.249725341796875,0.2503700256347656,0.2497868537902832,0.24985408782958984,0.250180721282959,0.2497882843017578,0.24954140186309814,0.2502145767211914,0.2503984570503235,0.249639630317688,0.250091552734375,0.249786376953125,0.24982452392578125,0.2503490447998047,0.24988067150115967,0.2500114440917969,0.2498321533203125,0.24969482421875,0.24955368041992188,0.249847412109375,0.24981689453125,0.249542236328125,0.24987030029296875,0.2498626708984375,0.2496185302734375,0.2501373291015625,0.249725341796875,0.249847412109375,0.24973678588867188,0.250274658203125,0.2497100830078125,0.25048828125,0.250396728515625,0.24970626831054688,0.25042724609375,0.2500733733177185,0.2501412630081177,0.2502098083496094,0.25022125244140625,0.2504615783691406,0.24964141845703125,0.25018310546875,0.2496795654296875,0.2499542236328125,0.2504425048828125,0.2502017021179199,0.250030517578125,0.24969482421875,0.250244140625,0.2499237060546875,0.24993324279785156,0.24974822998046875,0.25,0.2498779296875,0.2504549026489258,0.2501869201660156,0.24977874755859375,0.25006103515625,0.25026702880859375,0.25034475326538086,0.24992752075195312,0.24969768524169922,0.2495880126953125,0.2501068115234375,0.24976730346679688,0.250030517578125,0.2501344680786133,0.24993133544921875,0.2498779296875,0.250244140625,0.25022125244140625,0.2502288818359375,0.24976348876953125,0.2501220703125,0.2498016357421875,0.249755859375,0.249481201171875,0.2500767707824707,0.250091552734375,0.25051116943359375,0.24951553344726562,0.2500190734863281,0.249603271484375,0.250244140625,0.2495574951171875,0.24988937377929688,0.25046539306640625,0.24977874755859375,0.24953842163085938,0.2496786117553711,0.2496185302734375,0.2503509521484375,0.250213623046875,0.25038933753967285,0.2498437911272049,0.25018516182899475,0.24974730610847473,0.25032806396484375,0.2497711181640625,0.2503527104854584,0.2499237060546875,0.249786376953125,0.2496013641357422,0.2501220703125,0.25048255920410156,0.2504425048828125,0.25009918212890625,0.2500762939453125,0.2501087188720703,0.24982452392578125,0.25012779235839844,0.24946975708007812,0.2497100830078125,0.2494659423828125,0.2501220703125,0.250457763671875,0.25002098083496094,0.2503166198730469,0.2500953674316406,0.2497844696044922,0.250213623046875,0.2500762939453125,0.250030517578125,0.2502899169921875,0.24988555908203125,0.25,0.24950027465820312,0.25030517578125,0.24959564208984375,0.2504386901855469,0.2501811981201172,0.24957275390625,0.250244140625,0.25042724609375,0.25018310546875,0.25034332275390625,0.2502899169921875,0.2498321533203125,0.249786376953125,0.2496337890625,0.24981689453125,0.250152587890625,0.24957275390625,0.2504330575466156,0.2501964569091797,0.249908447265625,0.24965667724609375,0.2502174377441406,0.2501182556152344,0.24973058700561523,0.249664306640625,0.24966049194335938,0.24991941452026367,0.25012969970703125,0.249664306640625,0.2501220703125,0.24994421005249023,0.25020599365234375,0.2502861022949219,0.25020599365234375,0.25003910064697266,0.25048828125,0.2499713897705078,0.249847412109375,0.24995756149291992,0.2501983642578125,0.2500457763671875,0.249786376953125,0.2498302459716797,0.2501373291015625,0.249969482421875,0.2501220703125,0.24969482421875,0.2501220703125,0.24993896484375,0.250213623046875,0.2496337890625,0.2503662109375,0.2500457763671875,0.2503662109375,0.25048065185546875,0.2497406005859375,0.25006103515625,0.2501068115234375,0.2498607635498047,0.2501182556152344,0.25042724609375,0.25,0.25034332275390625,0.249786376953125,0.2497100830078125,0.2502284646034241,0.250030517578125,0.25045013427734375,0.24951171875,0.2503662109375,0.2502632141113281,0.249725341796875,0.2500762939453125,0.25012779235839844,0.24999618530273438,0.249603271484375,0.249664306640625,0.2502899169921875,0.249908447265625,0.25,0.250335693359375,0.25042724609375,0.2503814697265625,0.250244140625,0.2499237060546875,0.2494964599609375,0.249969482421875,0.2503662109375,0.24999237060546875,0.24979400634765625,0.250152587890625,0.2503662109375,0.249969482421875,0.2498321533203125,0.25048828125,0.25006103515625,0.25030517578125,0.25048828125,0.25018310546875,0.2503662109375,0.2499847412109375,0.2495574951171875,0.249969482421875,0.25,0.2503662109375,0.2503814697265625,0.249755859375,0.2503662109375,0.25,0.25030517578125,0.2503662109375,0.250244140625,0.25048828125,0.250518798828125,0.2500877380371094,0.2498776912689209,0.24974441528320312,0.24983596801757812,0.25011971592903137,0.25000593066215515,0.25036317110061646,0.25032925605773926,0.2501688003540039,0.25046539306640625,0.24991607666015625,0.2503509521484375,0.25048828125,0.249908447265625,0.2501068115234375,0.2498779296875,0.2501220703125,0.250244140625,0.250152587890625,0.24993896484375,0.250152587890625,0.2498626708984375,0.2503662109375,0.24969482421875,0.250213623046875,0.2502574920654297,0.250244140625,0.250213623046875,0.25048828125,0.2500772476196289,0.24957275390625,0.2496337890625,0.24964141845703125,0.25018310546875,0.2501220703125,0.2495880126953125,0.2496337890625,0.25018310546875,0.2500419616699219,0.249847412109375,0.2501220703125,0.2501220703125,0.2497100830078125,0.249664306640625,0.2497100830078125,0.249603271484375,0.25034788250923157,0.2500762939453125,0.249969482421875,0.250457763671875,0.25,0.249755859375,0.249664306640625,0.249908447265625,0.25018310546875,0.250152587890625,0.249847412109375,0.2503204345703125,0.24969482421875,0.250274658203125,0.2496795654296875,0.250244140625,0.2501220703125,0.2501106262207031,0.249755859375,0.25,0.25045013427734375,0.24994277954101562,0.2501220703125,0.249908447265625,0.25018310546875,0.25018310546875,0.2499237060546875,0.249755859375,0.2496337890625,0.2501220703125,0.249725341796875,0.250244140625,0.2503662109375,0.24969482421875,0.24969482421875,0.2501220703125,0.250091552734375,0.249755859375,0.25048828125,0.250091552734375,0.24993896484375,0.2497406005859375,0.24983787536621094,0.2496337890625,0.24981689453125,0.2504730224609375,0.25006866455078125,0.2498779296875,0.24976789951324463,0.24951171875,0.24996566772460938,0.2496490478515625,0.24953842163085938,0.2499837875366211,0.249664306640625,0.25017547607421875,0.2500448226928711,0.24986553192138672,0.24974441528320312,0.25,0.249725341796875,0.25030517578125,0.2501983642578125,0.25042724609375,0.250152587890625,0.24993896484375,0.25006866455078125,0.250213623046875,0.249755859375,0.2498321533203125,0.25002288818359375,0.24993133544921875,0.2503662109375,0.25001874566078186,0.2503662109375,0.2501220703125,0.2501983642578125,0.24969482421875,0.2496795654296875,0.25,0.250030517578125,0.249755859375,0.24991607666015625,0.2499704360961914,0.24981689453125,0.2498779296875,0.25018310546875,0.2496337890625,0.250244140625,0.25005340576171875,0.25014495849609375,0.2501058578491211,0.2496337890625,0.250396728515625,0.25000014901161194,0.250091552734375,0.2496337890625,0.25011444091796875,0.250244140625,0.249786376953125,0.25018310546875,0.2496337890625,0.250274658203125,0.250213623046875,0.24957275390625,0.25,0.2499237060546875,0.2501068115234375,0.24957275390625,0.250152587890625,0.2498779296875,0.24981689453125,0.2497100830078125,0.249542236328125,0.24996376037597656,0.2499847412109375,0.2498779296875,0.249847412109375,0.24974822998046875,0.249542236328125,0.24993896484375,0.24951171875,0.2503204345703125,0.2501220703125,0.250457763671875,0.249664306640625,0.25054931640625,0.24981689453125,0.2503662109375,0.249664306640625,0.25018787384033203,0.25029659271240234,0.25008392333984375,0.2496776580810547,0.2500152587890625,0.2497100830078125,0.2503509521484375,0.2499847412109375,0.25029754638671875,0.2498779296875,0.2499542236328125,0.25006866455078125,0.25028228759765625,0.25030517578125,0.250213623046875,0.24965667724609375,0.250091552734375,0.250396728515625,0.24964141845703125,0.25023651123046875,0.250244140625,0.2497406005859375,0.24957275390625,0.2502021789550781,0.2497100830078125,0.2500457763671875,0.2498779296875,0.2496337890625,0.2497100830078125,0.24993896484375,0.2502593994140625,0.2501220703125,0.2503662109375,0.24969482421875,0.2501220703125,0.249969482421875,0.24993896484375,0.250244140625,0.250213623046875,0.249755859375,0.25,0.250152587890625,0.2503204345703125,0.25006103515625,0.249908447265625,0.24993896484375,0.24951171875,0.250152587890625,0.24980926513671875,0.25,0.249847412109375,0.25008201599121094,0.2502474784851074,0.24998760223388672,0.24953699111938477,0.250091552734375,0.2496795654296875,0.2503204345703125,0.2504005432128906,0.2497711181640625,0.2502937316894531,0.24969482421875,0.24961090087890625,0.250091552734375,0.250091552734375,0.2496185302734375,0.2496337890625,0.2502593994140625,0.24998855590820312,0.24995803833007812,0.2504143714904785,0.2499847412109375,0.2498626708984375,0.250213623046875,0.2501678466796875,0.249542236328125,0.25031280517578125,0.25042724609375,0.250244140625,0.2499237060546875,0.24976110458374023,0.24961471557617188,0.2502479553222656,0.24969482421875,0.2501335144042969,0.25013303756713867,0.250152587890625,0.24956512451171875,0.24994468688964844,0.2500953674316406,0.24993133544921875,0.25022125244140625,0.2505035400390625,0.2498779296875,0.24988555908203125,0.2500476837158203,0.249847412109375,0.24993896484375,0.25005340576171875,0.25003814697265625,0.25,0.24969482421875,0.250213623046875,0.2503662109375,0.249755859375,0.25030517578125,0.2496185302734375,0.249786376953125,0.24951171875,0.250244140625,0.25030517578125,0.2501029968261719,0.2495136260986328,0.2503509521484375,0.2501230239868164,0.2503814697265625,0.2504692077636719,0.25036144256591797,0.24967193603515625,0.249755859375,0.250091552734375,0.249603271484375,0.24951171875,0.25043487548828125,0.249755859375,0.2501258850097656,0.25011444091796875,0.24974822998046875,0.24965667724609375,0.25002288818359375,0.249664306640625,0.24988555908203125,0.2501220703125,0.2500457763671875,0.2504425048828125,0.24982452392578125,0.25017547607421875,0.249847412109375,0.24965667724609375,0.2500343322753906,0.25017523765563965,0.24970245361328125,0.25040435791015625,0.24979114532470703,0.25041961669921875,0.25006866455078125,0.249603271484375,0.24969482421875,0.25048828125,0.2498016357421875,0.2498779296875,0.25,0.2501220703125,0.24988365173339844,0.249786376953125,0.25002288818359375,0.24951171875,0.24965286254882812,0.2501373291015625,0.24991226196289062,0.249847412109375,0.24957275390625,0.25031375885009766,0.24998855590820312,0.2500457763671875,0.2500572204589844,0.25034523010253906,0.2497539520263672,0.2498946189880371,0.250213623046875,0.25016307830810547,0.24970626831054688,0.2496929168701172,0.2504253387451172,0.24994659423828125,0.249755859375,0.2501811981201172,0.2504768371582031,0.24991989135742188,0.2504291534423828,0.249786376953125,0.25006103515625,0.2498779296875,0.2497406005859375,0.250030517578125,0.25043487548828125,0.24993896484375,0.249908447265625,0.25034332275390625,0.250396728515625,0.2501678466796875,0.2500457763671875,0.2501869201660156,0.2495250701904297,0.249969482421875,0.2500839829444885,0.2501955032348633,0.25000959634780884,0.25,0.2502100169658661,0.25000008940696716,0.25,0.24974441528320312,0.2496337890625,0.24951171875,0.2502250671386719,0.25031089782714844,0.25006103515625,0.25005340576171875,0.25019264221191406,0.25022125244140625,0.2499847412109375,0.25,0.250274658203125,0.249725341796875,0.2497100830078125
Hersall,org,0.3330078125,0.3331705927848816,0.3336588740348816,0.3333333730697632,0.333984375,0.3331705927848816,0.3326823115348816,0.3336588740348816,0.333984375,0.33349609375,0.3333333432674408,0.333740234375,0.3330892026424408,0.3336588740348816,0.3330078125,0.33333343267440796,0.3336588740348816,0.333984375,0.3336588740348816,0.333984375,0.3330078125,0.3336588740348816,0.3331705927848816,0.333984375,0.3336588740348816,0.33251953125,0.3336588740348816,0.3335774838924408,0.3330078125,0.3330078125,0.3326823115348816,0.3330078125,0.333740234375,0.3330078125,0.3326823115348816,0.3326823115348816,0.3330078125,0.3328450620174408,0.333984375,0.3331705927848816,0.3332316279411316,0.333984375,0.3328959345817566,0.3330078125,0.3336588740348816,0.3333333432674408,0.3339030146598816,0.3330078125,0.33251953125,0.3330078125,0.3336588740348816,0.33349609375,0.3330078125,0.3333333432674408,0.3331705927848816,0.3326009213924408,0.3338470458984375,0.3330078125,0.3338623046875,0.3336588740348816,0.33388298749923706,0.3328450620174408,0.3330078125,0.33349609375,0.3328450620174408,0.3338216245174408,0.333984375,0.3338216245174408,0.3333333432674408,0.3330078125,0.3331705927848816,0.3330078125,0.3330078125,0.3336588740348816,0.3336588740348816,0.3336588740348816,0.3330078125,0.3331705927848816,0.3336588740348816,0.33349609375,0.3333333432674408,0.333740234375,0.3336588740348816,0.3330078125,0.3336588740348816,0.3332112729549408,0.3326416015625,0.3330078125,0.3333333432674408,0.3330078125,0.333984375,0.3333333432674408,0.33342108130455017,0.3333333432674408,0.3336588740348816,0.3334147334098816,0.3336588740348816,0.3333333432674408,0.3336588740348816,0.3326823115348816,0.3333333432674408,0.3336588740348816,0.333984375,0.3333333432674408,0.3336588740348816,0.3338216245174408,0.3330078125,0.3333333432674408,0.3336588740348816,0.333984375,0.3333333432674408,0.3326823115348816,0.3338216245174408,0.3335774838924408,0.332763671875,0.333740234375,0.3328959345817566,0.33282470703125,0.3328857421875,0.33333343267440796,0.33290165662765503,0.3333168029785156,0.3336412310600281,0.33319091796875,0.3334401547908783,0.33333802223205566,0.3333333432674408,0.333984375,0.3336385190486908,0.333984375,0.3326416015625,0.33365124464035034,0.33334606885910034,0.3335774838924408,0.3337809443473816,0.3328450620174408,0.3333842158317566,0.33318838477134705,0.33346304297447205,0.3332621455192566,0.3337962031364441,0.3334910273551941,0.3335368037223816,0.3338216245174408,0.3328450620174408,0.33301544189453125,0.3332926630973816,0.3338470458984375,0.3330892026424408,0.3333333432674408,0.3328603208065033,0.3338877558708191,0.3337199091911316,0.33397263288497925,0.3329264521598816,0.33285078406333923,0.33358034491539,0.33333462476730347,0.3328043818473816,0.3337310552597046,0.33331045508384705,0.33350881934165955,0.3335011899471283,0.3335164487361908,0.33339691162109375,0.3335520625114441,0.3332907557487488,0.332794189453125,0.3337809443473816,0.333251953125,0.3327229917049408,0.33380126953125,0.3336181640625,0.3339436948299408,0.3336181640625,0.3327738642692566,0.3335774838924408,0.3328857421875,0.3335774838924408,0.33349609375,0.33282470703125,0.3329671323299408,0.3329264521598816,0.33294677734375,0.3334554135799408,0.332763671875,0.3334770202636719,0.33334943652153015,0.33339723944664,0.332763671875,0.3335164487361908,0.3328043818473816,0.3333842158317566,0.33343505859375,0.3335164487361908,0.33355712890625,0.3330586850643158,0.33317822217941284,0.3334147334098816,0.3326823115348816,0.3333333432674408,0.3326823115348816,0.33398184180259705,0.3333333432674408,0.3335774838924408,0.3332926630973816,0.3339284360408783,0.3330892026424408,0.3335774838924408,0.3333536982536316,0.333740234375,0.3330014646053314,0.3329213559627533,0.3329607844352722,0.3330892026424408,0.3338114619255066,0.3330281674861908,0.3330892026424408,0.3328145444393158,0.3336588740348816,0.3331705927848816,0.33349609375,0.3328450620174408,0.3330434262752533,0.33349609375,0.3330078125,0.332763671875,0.3331146240234375,0.333740234375,0.3331705927848816,0.3334554135799408,0.3336995542049408,0.3338623046875,0.33349609375,0.3333943784236908,0.3334554135799408,0.3335978388786316,0.3329264521598816,0.333587646484375,0.3338826596736908,0.33279675245285034,0.33397039771080017,0.3336029052734375,0.3337962031364441,0.333984375,0.33282470703125,0.33309683203697205,0.3332338333129883,0.3327484130859375,0.3339030146598816,0.3333028256893158,0.3332770764827728,0.3339436948299408,0.33380126953125,0.33302563428878784,0.3333333432674408,0.3336995542049408,0.3337809443473816,0.3334147334098816,0.3328043818473816,0.33372244238853455,0.3330485224723816,0.3331095576286316,0.33356475830078125,0.3332723081111908,0.3331705927848816,0.332763671875,0.3336588740348816,0.3331502377986908,0.33337658643722534,0.33392333984375,0.3335774838924408,0.3339030146598816,0.333251953125,0.3334554135799408,0.3330485224723816,0.3329874873161316,0.3326009213924408,0.3327433466911316,0.3326823115348816,0.3339030146598816,0.3339385986328125,0.33304595947265625,0.3337605893611908,0.3328857421875,0.3332723081111908,0.3329264521598816,0.3332977294921875,0.3332875669002533,0.3336385190486908,0.3338419795036316,0.3329264521598816,0.333465576171875,0.3333536982536316,0.3336588740348816,0.3326263427734375,0.3328654170036316,0.33275604248046875,0.3330892026424408,0.3325602412223816,0.3333740234375,0.3338572382926941,0.3330892026424408,0.3335622251033783,0.3328399658203125,0.3331298828125,0.33270263671875,0.3331705927848816,0.33363279700279236,0.332763671875,0.33304089307785034,0.3334147334098816,0.3335011899471283,0.3338521420955658,0.3335380554199219,0.3335978388786316,0.33317121863365173,0.3330790400505066,0.3333943784236908,0.33349609375,0.3330485224723816,0.3329264521598816,0.3333333432674408,0.332763671875,0.3336588740348816,0.333038330078125,0.3334147334098816,0.3330078125,0.3333028256893158,0.3338216245174408,0.3331095576286316,0.333251953125,0.33302053809165955,0.3334554135799408,0.33349609375,0.3334096372127533,0.3326924741268158,0.3334484100341797,0.3336588740348816,0.33349609375,0.3333333432674408,0.3339030146598816,0.332763671875,0.33368048071861267,0.3330078125,0.3337605893611908,0.3336181640625,0.333251953125,0.3330485224723816,0.3339030146598816,0.3336181640625,0.3333943784236908,0.333709716796875,0.3334147334098816,0.3335368037223816,0.333984375,0.333740234375,0.3330078125,0.3327433466911316,0.3335164487361908,0.3338521420955658,0.332763671875,0.3336741328239441,0.3329671323299408,0.332763671875,0.3336181640625,0.3330892026424408,0.3332926630973816,0.3332112729549408,0.333740234375,0.3328043818473816,0.3326823115348816,0.3333333432674408,0.3336588740348816,0.33349609375,0.3328450620174408,0.3330485224723816,0.3330078125,0.3328450620174408,0.3334147334098816,0.3336995542049408,0.3335774838924408,0.3330078125,0.3335164487361908,0.3335774838924408,0.3336588740348816,0.3336995542049408,0.3337809443473816,0.3331705927848816,0.3330078125,0.3329264521598816,0.3331705927848816,0.33372625708580017,0.33384960889816284,0.3331349790096283,0.33380126953125,0.3333556652069092,0.3333365321159363,0.33319091796875,0.3329407572746277,0.33304595947265625,0.3331960141658783,0.33367919921875,0.33380126953125,0.3333638608455658,0.3330790400505066,0.333709716796875,0.3328043818473816,0.3329264521598816,0.3339030146598816,0.3337809443473816,0.3334757685661316,0.3331705927848816,0.3338216245174408,0.3338826596736908,0.3333536982536316,0.3330892026424408,0.3338623046875,0.333984375,0.3330892026424408,0.3333333432674408,0.3326835632324219,0.3330892026424408,0.3340657651424408,0.33396339416503906,0.333740234375,0.3334147334098816,0.33380126953125,0.3330078125,0.3329264521598816,0.3333180844783783,0.3333333432674408,0.3335774838924408,0.333984375,0.33312225341796875,0.3332011103630066,0.3335774838924408,0.33349609375,0.33390340209007263,0.33303579688072205,0.33333897590637207,0.3330892026424408,0.333740234375,0.333740234375,0.33349609375,0.333740234375,0.333251953125,0.3334147334098816,0.333984375,0.3337605893611908,0.3330078125,0.33349609375,0.3327738642692566,0.3328857421875,0.3330078125,0.333709716796875,0.333984375,0.3338470458984375,0.3339640498161316,0.33354824781417847,0.3337554931640625,0.33293408155441284,0.3332112729549408,0.3329264521598816,0.3329264521598816,0.3331705927848816,0.3328450620174408,0.333740234375,0.3327840268611908,0.3331705927848816,0.3326823115348816,0.3330078125,0.3330078125,0.3330078125,0.3331705927848816,0.3333333432674408,0.3329264521598816,0.3338216245174408,0.3330078125,0.3331705927848816,0.3333536982536316,0.333251953125,0.3330078125,0.3327687680721283,0.33369001746177673,0.33349609375,0.3327973783016205,0.3336588740348816,0.3327484130859375,0.3335317075252533,0.3337453305721283,0.3335673213005066,0.3333943784236908,0.33282470703125,0.3332723081111908,0.3332621455192566,0.33332571387290955,0.3338216245174408,0.3335368037223816,0.3330892026424408,0.3333333432674408,0.3334147334098816,0.3338216245174408,0.3340657651424408,0.3328755795955658,0.333984375,0.3329264521598816,0.3329671323299408,0.3338826596736908,0.33349609375,0.3333333432674408,0.33336544036865234,0.3336588740348816,0.3330078125,0.333282470703125,0.3328857421875,0.3330078125,0.33367919921875,0.333251953125,0.3331705927848816,0.33355712890625,0.333343505859375,0.3327229917049408,0.33349609375,0.3330892026424408,0.3328450620174408,0.3336588740348816,0.3335113525390625,0.33294677734375,0.33349609375,0.3336080014705658,0.3334147334098816,0.33337435126304626,0.3327229917049408,0.3335368037223816,0.3339030146598816,0.333984375,0.3330892026424408,0.333984375,0.333984375,0.3339030146598816,0.33331298828125,0.3328450620174408,0.3338216245174408,0.3330892026424408,0.3338216245174408,0.3332112729549408,0.333221435546875,0.3326823115348816,0.3328450620174408,0.33319091796875,0.3336181640625,0.3331298828125,0.333251953125,0.3334147334098816,0.3338216245174408,0.3338623046875,0.3328857421875,0.3330892026424408,0.3326823115348816,0.3331705927848816,0.3333333432674408,0.3334147334098816,0.3333333432674408,0.3336588740348816,0.3333333432674408,0.333740234375,0.3339030146598816,0.3333028256893158,0.33290356397628784,0.3330892026424408,0.3339436948299408,0.3333587646484375,0.3330078125,0.3336181640625,0.33349609375,0.3339030146598816,0.333251953125,0.3331705927848816,0.3329264521598816,0.3338216245174408,0.3335774838924408,0.3334147334098816,0.3332723081111908,0.3331705927848816,0.3330078125,0.3331298828125,0.3331298828125,0.3332112729549408,0.3328043818473816,0.3338826596736908,0.3332112729549408,0.3330078125,0.3332112729549408,0.3328450620174408,0.3336588740348816,0.333740234375,0.333984375,0.332733154296875,0.3330281674861908,0.3333333432674408,0.3327535092830658,0.3334554135799408,0.3330078125,0.3329264521598816,0.3336588740348816,0.3339030146598816,0.3330078125,0.33349609375,0.3326823115348816,0.3330892026424408,0.3331705927848816,0.3334147334098816,0.3326823115348816,0.33331298828125,0.3329874873161316,0.3336588740348816,0.33282470703125,0.3338979184627533,0.33383941650390625,0.33354759216308594,0.33393096923828125,0.333740234375,0.3339640498161316,0.3339640498161316,0.3339030146598816,0.3336588740348816,0.3338623046875,0.33282470703125,0.3334147334098816,0.33349609375,0.3339030146598816,0.333984375,0.3331705927848816,0.3335774838924408,0.3336588740348816,0.3334401547908783,0.3334147334098816,0.3332967758178711,0.3333943784236908,0.3328959345817566,0.3331095576286316,0.3332366943359375,0.333587646484375,0.33349609375,0.333587646484375,0.3328450620174408,0.3338623046875,0.33349609375,0.3328857421875,0.3326619565486908,0.3333333432674408,0.3328450620174408,0.33373260498046875,0.3329264521598816,0.3333943784236908,0.3332112729549408,0.332977294921875,0.3338216245174408,0.33357495069503784,0.3327128291130066,0.3331705927848816,0.3338082730770111,0.33324307203292847,0.33338674902915955,0.3329671323299408,0.3334554135799408,0.3339030146598816,0.3327229917049408,0.3336181640625,0.3338623046875,0.3336995542049408,0.3330078125,0.3336385190486908,0.3336588740348816,0.3335978388786316,0.3335368037223816,0.3338216245174408,0.3333333432674408,0.33270391821861267,0.3330281674861908,0.3328043818473816,0.33394497632980347,0.3337605893611908,0.33282727003097534,0.3328501582145691,0.3336995542049408,0.3330078125,0.33282470703125,0.3330281674861908,0.3326009213924408,0.3329671323299408,0.332763671875,0.33373039960861206,0.3336181640625,0.3330332636833191,0.3331095576286316,0.3331654965877533,0.3336385190486908,0.333526611328125,0.3328450620174408,0.3333333432674408,0.3328959345817566,0.3333842158317566,0.333251953125,0.3336181640625,0.3334706723690033,0.3334673345088959,0.33396148681640625,0.3335774838924408,0.33340710401535034,0.33368080854415894,0.333516925573349,0.3331654965877533,0.3330892026424408,0.3336588740348816,0.3336588740348816,0.3332621455192566,0.333984375,0.3330078125,0.333984375,0.33283233642578125,0.3328450620174408,0.33380126953125,0.3331756591796875,0.3329823911190033,0.3329315185546875,0.3327433466911316,0.33289337158203125,0.33374279737472534,0.3333645761013031,0.33389347791671753,0.3336181640625,0.3331489562988281,0.33393606543540955,0.3338674008846283,0.3335774838924408,0.333831787109375,0.3337119519710541,0.3332662582397461,0.33392333984375,0.33367857336997986,0.33353742957115173,0.3337911069393158,0.33327484130859375,0.33359307050704956,0.33390554785728455,0.33373135328292847,0.3328908383846283,0.33380126953125,0.333984375,0.3339335322380066,0.333984375,0.3327980041503906,0.332763671875,0.333587646484375,0.3337605893611908,0.33362072706222534,0.333251953125,0.3338063657283783,0.3338864743709564,0.3335711359977722,0.3336385190486908,0.3326956629753113,0.3337453305721283,0.3328098654747009,0.3333333432674408,0.3334980607032776,0.33383461833000183,0.3333333432674408,0.33325958251953125,0.3333333432674408,0.333251953125,0.3328806757926941,0.3336232602596283,0.33289337158203125,0.3331197202205658,0.3330892026424408,0.33299002051353455,0.3327840268611908,0.33385977149009705,0.3327280879020691,0.332763671875,0.3330485224723816
Saccharuria,org,0.3343099057674408,0.3330078125,0.3338216245174408,0.33333539962768555,0.3336588740348816,0.3336181640625,0.33349609375,0.333984375,0.3336588740348816,0.333984375,0.3334486186504364,0.3330078125,0.3330078125,0.3330078125,0.333984375,0.3333333432674408,0.3336588740348816,0.333984375,0.3336588740348816,0.3336588740348816,0.3330078125,0.3332723081111908,0.3335774838924408,0.3340250849723816,0.3335774838924408,0.3338216245174408,0.333984375,0.3330078125,0.3326823115348816,0.3333333432674408,0.3326823115348816,0.3333333432674408,0.3338216245174408,0.3326823115348816,0.333984375,0.3330078125,0.3333333432674408,0.3333333432674408,0.3333333432674408,0.3331705927848816,0.3338623046875,0.3333333432674408,0.3333333432674408,0.3330078125,0.3333333432674408,0.3326823115348816,0.3333333432674408,0.3333333432674408,0.3333333432674408,0.3333333432674408,0.3333333432674408,0.33294677734375,0.3338216245174408,0.3333333432674408,0.3333333432674408,0.3338216245174408,0.33343505859375,0.3335774838924408,0.3336588740348816,0.3335774838924408,0.3330586850643158,0.3330078125,0.3336588740348816,0.3328450620174408,0.3330078125,0.3331705927848816,0.33251953125,0.3331705927848816,0.3330078125,0.3336588740348816,0.3330078125,0.3333333432674408,0.3343099057674408,0.3333333432674408,0.3331705927848816,0.3336588740348816,0.3326823115348816,0.3334147334098816,0.3330078125,0.33349609375,0.3331705927848816,0.3333333432674408,0.3331298828125,0.3336588740348816,0.3336588740348816,0.3330078125,0.3328450620174408,0.3336588740348816,0.333984375,0.3326823115348816,0.3336588740348816,0.3336588740348816,0.33270263671875,0.3333333432674408,0.3336588740348816,0.3341471552848816,0.3333333432674408,0.3326823115348816,0.3330078125,0.3338216245174408,0.3336588740348816,0.3333333432674408,0.3333333432674408,0.3336588740348816,0.3330078125,0.3333333432674408,0.333984375,0.3326823115348816,0.3336588740348816,0.3333333432674408,0.3333333432674408,0.3336588740348816,0.3338216245174408,0.3333333432674408,0.3333333432674408,0.3329264521598816,0.3336181640625,0.3328857421875,0.332763671875,0.33334898948669434,0.33366256952285767,0.33297738432884216,0.33278688788414,0.33309173583984375,0.33372530341148376,0.3336505889892578,0.3328450620174408,0.3336995542049408,0.3335927426815033,0.3326823115348816,0.33349609375,0.3330535888671875,0.33270263671875,0.33349609375,0.3336588740348816,0.3333333432674408,0.33343505859375,0.3331705927848816,0.3335164487361908,0.3329264521598816,0.3339627683162689,0.3328857421875,0.3326416015625,0.33349609375,0.3332723081111908,0.3339017331600189,0.3329060971736908,0.3339436948299408,0.3330892026424408,0.3333333432674408,0.3333028256893158,0.3336995542049408,0.3335774838924408,0.3334096372127533,0.33385342359542847,0.33376821875572205,0.3327992856502533,0.3332163691520691,0.3339076042175293,0.3334193229675293,0.33385562896728516,0.3331718444824219,0.3331298828125,0.3332723081111908,0.3333943784236908,0.3328857421875,0.332774817943573,0.3336995542049408,0.33270263671875,0.333740234375,0.3337605893611908,0.3336588740348816,0.3330078125,0.3339436948299408,0.3328450620174408,0.3337199091911316,0.33282470703125,0.3338216245174408,0.3336588740348816,0.3333333432674408,0.33387503027915955,0.3333740234375,0.33349609375,0.3331298828125,0.3327229917049408,0.332855224609375,0.3329722285270691,0.3333510160446167,0.3334276080131531,0.3333536982536316,0.3331705927848816,0.3334248960018158,0.333953857421875,0.3338216245174408,0.3327229917049408,0.3331807553768158,0.33343505859375,0.3329874873161316,0.3334554135799408,0.3328450620174408,0.3330078125,0.3333333432674408,0.3334248960018158,0.333984375,0.3333333432674408,0.3338623046875,0.3333333432674408,0.3328450620174408,0.3328450620174408,0.3336588740348816,0.3332112729549408,0.33326467871665955,0.3327840268611908,0.3329010009765625,0.3328043818473816,0.3334452509880066,0.3332926630973816,0.3331705927848816,0.33315786719322205,0.33349609375,0.3336588740348816,0.333984375,0.333740234375,0.3331298828125,0.3328450620174408,0.3336588740348816,0.33349609375,0.3326823115348816,0.3328450620174408,0.3333333432674408,0.333740234375,0.3329264521598816,0.3330892026424408,0.3328450620174408,0.3329264521598816,0.3336588740348816,0.3333333432674408,0.3330129086971283,0.3334147334098816,0.333740234375,0.3329366147518158,0.3330180048942566,0.3331298828125,0.332763671875,0.3330892026424408,0.3331095576286316,0.3334706723690033,0.3334372043609619,0.3330078125,0.33312734961509705,0.333770751953125,0.33274540305137634,0.3332926630973816,0.3333486020565033,0.3327229917049408,0.3334554135799408,0.333984375,0.3330078125,0.3334147334098816,0.3331298828125,0.3333231806755066,0.33349609375,0.33343505859375,0.333251953125,0.33349609375,0.3328450620174408,0.3336588740348816,0.3336588740348816,0.3339030146598816,0.33294677734375,0.3330892026424408,0.333587646484375,0.3336588740348816,0.3333333432674408,0.3339030146598816,0.3326823115348816,0.3339030146598816,0.333251953125,0.333984375,0.3336588740348816,0.3329060971736908,0.3336588740348816,0.333740234375,0.3330078125,0.3330078125,0.3335774838924408,0.332763671875,0.3331298828125,0.333740234375,0.3330281674861908,0.333740234375,0.3331705927848816,0.3338216245174408,0.3333333432674408,0.333984375,0.333740234375,0.33349609375,0.3331298828125,0.33349609375,0.333251953125,0.3333333432674408,0.3332926630973816,0.33349609375,0.3334147334098816,0.3329671323299408,0.333740234375,0.3330078125,0.3331705927848816,0.3337809443473816,0.3331298828125,0.3336944580078125,0.3333333432674408,0.33344778418540955,0.3330078125,0.332763671875,0.3336588740348816,0.3330942988395691,0.3338216245174408,0.3338623046875,0.3331705927848816,0.33274587988853455,0.3328450620174408,0.3333333432674408,0.3326823115348816,0.3333333432674408,0.333251953125,0.3328450620174408,0.333740234375,0.333740234375,0.3330078125,0.3332112729549408,0.3330078125,0.3326823115348816,0.3336588740348816,0.3337809443473816,0.333984375,0.3339436948299408,0.3335368037223816,0.3330078125,0.3329264521598816,0.33349609375,0.3328450620174408,0.332763671875,0.33353424072265625,0.333251953125,0.3331705927848816,0.3330892026424408,0.3332112729549408,0.3327178955078125,0.3330078125,0.33349609375,0.3335774838924408,0.3336588740348816,0.332763671875,0.33349609375,0.3338216245174408,0.3336588740348816,0.3333333432674408,0.3329264521598816,0.3335774838924408,0.33349609375,0.3334147334098816,0.3336588740348816,0.3329264521598816,0.3336588740348816,0.3331705927848816,0.333984375,0.3331705927848816,0.3333536982536316,0.333251953125,0.3331705927848816,0.3331095576286316,0.3333333432674408,0.333984375,0.3330078125,0.3331705927848816,0.3336588740348816,0.333740234375,0.333740234375,0.3331705927848816,0.3336588740348816,0.333740234375,0.3333333432674408,0.3336588740348816,0.3339030146598816,0.33349609375,0.3328450620174408,0.3335774838924408,0.3336588740348816,0.333984375,0.332763671875,0.33349609375,0.3329409062862396,0.3329223096370697,0.3334147334098816,0.3335368037223816,0.33335599303245544,0.3333335816860199,0.3332926630973816,0.33335623145103455,0.33367919921875,0.3330078125,0.3338826596736908,0.3335774838924408,0.3328450620174408,0.3333333432674408,0.3328450620174408,0.3339436948299408,0.3329264521598816,0.3333333432674408,0.333740234375,0.3326416015625,0.3333333432674408,0.3336181640625,0.3331705927848816,0.333984375,0.333251953125,0.3335774838924408,0.3330078125,0.3334147334098816,0.3328857421875,0.33345288038253784,0.3333740234375,0.333251953125,0.3339385986328125,0.33349609375,0.3326009213924408,0.3336588740348816,0.3333333432674408,0.3328450620174408,0.3338826596736908,0.33349609375,0.3328450620174408,0.3338216245174408,0.33351391553878784,0.333160400390625,0.3331705927848816,0.33319091796875,0.3327382802963257,0.3338826596736908,0.3337133824825287,0.33349609375,0.3328450620174408,0.3333333432674408,0.3328450620174408,0.3339436948299408,0.3330078125,0.3333333432674408,0.3339436948299408,0.33343505859375,0.3336588740348816,0.333740234375,0.3334147334098816,0.3330078125,0.3332926630973816,0.3336143493652344,0.3333333432674408,0.33370718359947205,0.3330485224723816,0.3327738642692566,0.3338979184627533,0.3339742124080658,0.332763671875,0.3327229917049408,0.3336588740348816,0.3326823115348816,0.3333333432674408,0.3336588740348816,0.3331095576286316,0.3326823115348816,0.3329264521598816,0.3329264521598816,0.333740234375,0.3329264521598816,0.3335774838924408,0.3335368037223816,0.3329264521598816,0.3333740234375,0.333984375,0.3328450620174408,0.3338419795036316,0.3328450620174408,0.3334554135799408,0.3328043818473816,0.3333587646484375,0.3330078125,0.33376869559288025,0.3336588740348816,0.3335673213005066,0.33299511671066284,0.333251953125,0.3328959345817566,0.3339640498161316,0.3332926630973816,0.3327178955078125,0.3338406980037689,0.3335215449333191,0.333740234375,0.332763671875,0.3333333432674408,0.3332417905330658,0.3334147334098816,0.33349609375,0.3338216245174408,0.3330485224723816,0.3331298828125,0.3333333432674408,0.3328450620174408,0.3338216245174408,0.33349609375,0.3331298828125,0.333770751953125,0.3329671323299408,0.3330078125,0.3332112729549408,0.3328450620174408,0.3327840268611908,0.3333333432674408,0.3328450620174408,0.3336588740348816,0.3330586850643158,0.333740234375,0.3333333432674408,0.3329264521598816,0.3328043818473816,0.333984375,0.3331705927848816,0.33343505859375,0.3338216245174408,0.332763671875,0.3330892026424408,0.3336588740348816,0.3333370089530945,0.3340250849723816,0.3337199091911316,0.3338623046875,0.333984375,0.3331705927848816,0.3333333432674408,0.3334147334098816,0.3329264521598816,0.333251953125,0.3329264521598816,0.3336588740348816,0.3329264521598816,0.3333333432674408,0.3334757685661316,0.3338521420955658,0.333740234375,0.3333333432674408,0.3331502377986908,0.3332112729549408,0.33282470703125,0.3328450620174408,0.3328450620174408,0.3333333432674408,0.3336995542049408,0.3326416015625,0.33349609375,0.3333791196346283,0.333984375,0.3330078125,0.3326823115348816,0.3333740234375,0.3328450620174408,0.3333333432674408,0.3338216245174408,0.3328450620174408,0.33336132764816284,0.333740234375,0.3328450620174408,0.3333231806755066,0.3335774838924408,0.3328450620174408,0.3333333432674408,0.3339436948299408,0.3332112729549408,0.3330078125,0.33331298828125,0.3331298828125,0.3333333432674408,0.3328450620174408,0.3330078125,0.3336588740348816,0.3336588740348816,0.3335774838924408,0.33306884765625,0.3330078125,0.3331502377986908,0.3327840268611908,0.333984375,0.3334147334098816,0.333984375,0.3334147334098816,0.3336588740348816,0.3339030146598816,0.3328857421875,0.3328450620174408,0.3327229917049408,0.33331298828125,0.3338216245174408,0.33349609375,0.3330892026424408,0.3338216245174408,0.3330078125,0.3330078125,0.3332926630973816,0.3326823115348816,0.3333333432674408,0.3333333432674408,0.3336385190486908,0.3336588740348816,0.3326823115348816,0.33349609375,0.3337809443473816,0.3329264521598816,0.3336181640625,0.333526611328125,0.33319091796875,0.3339802622795105,0.3338003158569336,0.33327168226242065,0.3334665298461914,0.3329060971736908,0.3336385190486908,0.33349609375,0.3338623046875,0.3330892026424408,0.3326416015625,0.333251953125,0.3333740234375,0.3331705927848816,0.33349609375,0.3336588740348816,0.3331705927848816,0.3332112729549408,0.3333028256893158,0.3337554931640625,0.33367156982421875,0.3337809443473816,0.3330892026424408,0.3336995542049408,0.33294677734375,0.3334197998046875,0.3330078125,0.3338216245174408,0.3330078125,0.3330078125,0.3333943784236908,0.3332723081111908,0.3333333432674408,0.3331705927848816,0.3330790400505066,0.33389443159103394,0.3333333432674408,0.3334452509880066,0.33326467871665955,0.3328755795955658,0.333740234375,0.333160400390625,0.3331705927848816,0.3336588740348816,0.33280372619628906,0.3332774043083191,0.3334452509880066,0.3327433466911316,0.3328857421875,0.3335368037223816,0.3333333432674408,0.3331705927848816,0.333740234375,0.3334147334098816,0.3330078125,0.3331705927848816,0.3339030146598816,0.3334554135799408,0.3339030146598816,0.3334147334098816,0.3331705927848816,0.3333079218864441,0.33349356055259705,0.3331502377986908,0.3330268859863281,0.33294677734375,0.3337421417236328,0.3331229090690613,0.3333333432674408,0.3330078125,0.332977294921875,0.3328450620174408,0.3330892026424408,0.333984375,0.3332977294921875,0.332733154296875,0.333984375,0.3327433466911316,0.3331298828125,0.3330078125,0.3336588740348816,0.3339436948299408,0.3333740234375,0.3328857421875,0.3338623046875,0.3335774838924408,0.3331705927848816,0.33367919921875,0.3329671323299408,0.33329010009765625,0.3328959345817566,0.3330078125,0.3332061767578125,0.33384960889816284,0.3335685729980469,0.3334439694881439,0.3328450620174408,0.3333333432674408,0.3336588740348816,0.3338623046875,0.3330078125,0.3329264521598816,0.3333333432674408,0.3332265317440033,0.3338114619255066,0.3328056335449219,0.3339335322380066,0.3339385986328125,0.3329569697380066,0.3331705927848816,0.3331705927848816,0.33349609375,0.332794189453125,0.33364105224609375,0.3332977294921875,0.33312225341796875,0.3331950604915619,0.3336181640625,0.3329264521598816,0.3327789306640625,0.3328806757926941,0.333404541015625,0.332855224609375,0.3334808349609375,0.3329010009765625,0.3339030146598816,0.3330230712890625,0.3332061767578125,0.33354315161705017,0.3337656855583191,0.33393096923828125,0.3335774838924408,0.3331705927848816,0.332763671875,0.3329671323299408,0.33342236280441284,0.3330892026424408,0.3333740234375,0.33349609375,0.333221435546875,0.3330078125,0.3334147334098816,0.33384960889816284,0.33367666602134705,0.3338063657283783,0.3334452509880066,0.3336741328239441,0.3333633840084076,0.3333333432674408,0.332804411649704,0.3334452509880066,0.3333333432674408,0.33321380615234375,0.3327484130859375,0.3334554135799408,0.333221435546875,0.332916259765625,0.3336181640625,0.3337605893611908,0.3328450620174408,0.33355459570884705,0.33364614844322205,0.332855224609375,0.3328043818473816,0.3332112729549408,0.3326962888240814
Dialog,org,1.0,1.0,1.0,1.0,1.0,1.0,1.0,1.0,1.0,1.0,1.0,1.0,1.0,1.0,1.0,1.0,1.0,1.0,1.0,1.0,1.0,1.0,1.0,1.0,1.0,1.0,1.0,1.0,1.0,1.0,1.0,1.0,1.0,1.0,1.0,1.0,1.0,1.0,1.0,1.0,1.0,1.0,1.0,1.0,1.0,1.0,1.0,1.0,1.0,1.0,1.0,1.0,1.0,1.0,1.0,1.0,1.0,1.0,1.0,1.0,1.0,1.0,1.0,1.0,1.0,1.0,1.0,1.0,1.0,1.0,1.0,1.0,1.0,1.0,1.0,1.0,1.0,1.0,1.0,1.0,1.0,1.0,1.0,1.0,1.0,1.0,1.0,1.0,1.0,1.0,1.0,1.0,1.0,1.0,1.0,1.0,1.0,1.0,1.0,1.0,1.0,1.0,1.0,1.0,1.0,1.0,1.0,1.0,1.0,1.0,1.0,1.0,1.0,1.0,1.0,1.0,1.0,1.0,1.0,1.0,1.0,1.0,1.0,1.0,1.0,1.0,1.0,1.0,1.0,1.0,1.0,1.0,1.0,1.0,1.0,1.0,1.0,1.0,1.0,1.0,1.0,1.0,1.0,1.0,1.0,1.0,1.0,1.0,1.0,1.0,1.0,1.0,1.0,1.0,1.0,1.0,1.0,1.0,1.0,1.0,1.0,1.0,1.0,1.0,1.0,1.0,1.0,1.0,1.0,1.0,1.0,1.0,1.0,1.0,1.0,1.0,1.0,1.0,1.0,1.0,1.0,1.0,1.0,1.0,1.0,1.0,1.0,1.0,1.0,1.0,1.0,1.0,1.0,1.0,1.0,1.0,1.0,1.0,1.0,1.0,1.0,1.0,1.0,1.0,1.0,1.0,1.0,1.0,1.0,1.0,1.0,1.0,1.0,1.0,1.0,1.0,1.0,1.0,1.0,1.0,1.0,1.0,1.0,1.0,1.0,1.0,1.0,1.0,1.0,1.0,1.0,1.0,1.0,1.0,1.0,1.0,1.0,1.0,1.0,1.0,1.0,1.0,1.0,1.0,1.0,1.0,1.0,1.0,1.0,1.0,1.0,1.0,1.0,1.0,1.0,1.0,1.0,1.0,1.0,1.0,1.0,1.0,1.0,1.0,1.0,1.0,1.0,1.0,1.0,1.0,1.0,1.0,1.0,1.0,1.0,1.0,1.0,1.0,1.0,1.0,1.0,1.0,1.0,1.0,1.0,1.0,1.0,1.0,1.0,1.0,1.0,1.0,1.0,1.0,1.0,1.0,1.0,1.0,1.0,1.0,1.0,1.0,1.0,1.0,1.0,1.0,1.0,1.0,1.0,1.0,1.0,1.0,1.0,1.0,1.0,1.0,1.0,1.0,1.0,1.0,1.0,1.0,1.0,1.0,1.0,1.0,1.0,1.0,1.0,1.0,1.0,1.0,1.0,1.0,1.0,1.0,1.0,1.0,1.0,1.0,1.0,1.0,1.0,1.0,1.0,1.0,1.0,1.0,1.0,1.0,1.0,1.0,1.0,1.0,1.0,1.0,1.0,1.0,1.0,1.0,1.0,1.0,1.0,1.0,1.0,1.0,1.0,1.0,1.0,1.0,1.0,1.0,1.0,1.0,1.0,1.0,1.0,1.0,1.0,1.0,1.0,1.0,1.0,1.0,1.0,1.0,1.0,1.0,1.0,1.0,1.0,1.0,1.0,1.0,1.0,1.0,1.0,1.0,1.0,1.0,1.0,1.0,1.0,1.0,1.0,1.0,1.0,1.0,1.0,1.0,1.0,1.0,1.0,1.0,1.0,1.0,1.0,1.0,1.0,1.0,1.0,1.0,1.0,1.0,1.0,1.0,1.0,1.0,1.0,1.0,1.0,1.0,1.0,1.0,1.0,1.0,1.0,1.0,1.0,1.0,1.0,1.0,1.0,1.0,1.0,1.0,1.0,1.0,1.0,1.0,1.0,1.0,1.0,1.0,1.0,1.0,1.0,1.0,1.0,1.0,1.0,1.0,1.0,1.0,1.0,1.0,1.0,1.0,1.0,1.0,1.0,1.0,1.0,1.0,1.0,1.0,1.0,1.0,1.0,1.0,1.0,1.0,1.0,1.0,1.0,1.0,1.0,1.0,1.0,1.0,1.0,1.0,1.0,1.0,1.0,1.0,1.0,1.0,1.0,1.0,1.0,1.0,1.0,1.0,1.0,1.0,1.0,1.0,1.0,1.0,1.0,1.0,1.0,1.0,1.0,1.0,1.0,1.0,1.0,1.0,1.0,1.0,1.0,1.0,1.0,1.0,1.0,1.0,1.0,1.0,1.0,1.0,1.0,1.0,1.0,1.0,1.0,1.0,1.0,1.0,1.0,1.0,1.0,1.0,1.0,1.0,1.0,1.0,1.0,1.0,1.0,1.0,1.0,1.0,1.0,1.0,1.0,1.0,1.0,1.0,1.0,1.0,1.0,1.0,1.0,1.0,1.0,1.0,1.0,1.0,1.0,1.0,1.0,1.0,1.0,1.0,1.0,1.0,1.0,1.0,1.0,1.0,1.0,1.0,1.0,1.0,1.0,1.0,1.0,1.0,1.0,1.0,1.0,1.0,1.0,1.0,1.0,1.0,1.0,1.0,1.0,1.0,1.0,1.0,1.0,1.0,1.0,1.0,1.0,1.0,1.0,1.0,1.0,1.0,1.0,1.0,1.0,1.0,1.0,1.0,1.0,1.0,1.0,1.0,1.0,1.0,1.0,1.0,1.0,1.0,1.0,1.0,1.0,1.0,1.0,1.0,1.0,1.0,1.0,1.0,1.0,1.0,1.0,1.0,1.0,1.0,1.0,1.0,1.0,1.0,1.0,1.0,1.0,1.0,1.0,1.0,1.0,1.0,1.0,1.0,1.0,1.0,1.0,1.0,1.0,1.0,1.0,1.0,1.0,1.0,1.0,1.0,1.0,1.0,1.0,1.0,1.0,1.0,1.0,1.0,1.0,1.0,1.0,1.0,1.0,1.0,1.0,1.0,1.0,1.0,1.0,1.0,1.0,1.0,1.0,1.0,1.0,1.0,1.0,1.0,1.0,1.0,1.0,1.0,1.0,1.0,1.0,1.0,1.0,1.0,1.0,1.0,1.0,1.0,1.0,1.0,1.0,1.0,1.0,1.0,1.0,1.0,1.0,1.0,1.0,1.0,1.0,1.0,1.0,1.0,1.0,1.0,1.0,1.0,1.0,1.0,1.0,1.0,1.0,1.0,1.0,1.0,1.0,1.0,1.0,1.0,1.0,1.0,1.0,1.0,1.0,1.0,1.0,1.0,1.0,1.0,1.0,1.0,1.0,1.0,1.0,1.0,1.0,1.0,1.0,1.0,1.0,1.0,1.0,1.0,1.0,1.0,1.0,1.0,1.0,1.0,1.0,1.0,1.0,1.0,1.0,1.0,1.0,1.0
Disamis,org,0.3336588740348816,0.3339030146598816,0.3330078125,0.3333333730697632,0.3335774838924408,0.3330078125,0.3334147334098816,0.333984375,0.3326823115348816,0.3326823115348816,0.3334147334098816,0.3333333432674408,0.3323567807674408,0.333984375,0.3326823115348816,0.33333343267440796,0.3336588740348816,0.3326823115348816,0.3337605893611908,0.333984375,0.333984375,0.3330078125,0.3330892026424408,0.3333333432674408,0.3331705927848816,0.3336588740348816,0.3336588740348816,0.3330078125,0.3336588740348816,0.333984375,0.3330078125,0.3330078125,0.332763671875,0.333984375,0.3334147334098816,0.333984375,0.3334147334098816,0.3333333432674408,0.3333943784236908,0.3332926630973816,0.3332316279411316,0.3330078125,0.3335774838924408,0.333984375,0.3333333432674408,0.3333333432674408,0.3332621455192566,0.3333333432674408,0.3333333432674408,0.3331705927848816,0.3326823115348816,0.3333333432674408,0.3339030146598816,0.3333333432674408,0.3333333432674408,0.3332112729549408,0.33282470703125,0.3328654170036316,0.3333740234375,0.3329264521598816,0.3338623046875,0.333251953125,0.3330078125,0.3333333432674408,0.3333333432674408,0.3330078125,0.333984375,0.3333333432674408,0.333984375,0.3330078125,0.3333333432674408,0.3336588740348816,0.3336588740348816,0.3333333432674408,0.3336588740348816,0.3333333432674408,0.3333333432674408,0.3339436948299408,0.33349609375,0.333984375,0.3326823115348816,0.33349609375,0.3330078125,0.3327229917049408,0.3326823115348816,0.3338216245174408,0.3333333432674408,0.333984375,0.3336588740348816,0.3326823115348816,0.3330078125,0.333984375,0.333251953125,0.3336588740348816,0.3338216245174408,0.3331298828125,0.3330078125,0.333984375,0.3336588740348816,0.3330078125,0.3336588740348816,0.3333333432674408,0.3333333432674408,0.3336588740348816,0.3333333432674408,0.333984375,0.3333333432674408,0.3326823115348816,0.3330078125,0.3333333432674408,0.3336588740348816,0.3333333432674408,0.3327229917049408,0.33270263671875,0.3330078125,0.3339030146598816,0.333648681640625,0.3330078125,0.332733154296875,0.3333359956741333,0.3334161639213562,0.33368176221847534,0.3333830237388611,0.33390045166015625,0.3330129086971283,0.3329760730266571,0.3333740234375,0.3334147334098816,0.3338457942008972,0.3329264521598816,0.3334554135799408,0.333587646484375,0.33387821912765503,0.3340657651424408,0.333770751953125,0.3332112729549408,0.33349609375,0.3335164487361908,0.3336690366268158,0.3335368037223816,0.33324718475341797,0.3333587646484375,0.33349609375,0.3331705927848816,0.3337287902832031,0.3333587646484375,0.33389919996261597,0.33270901441574097,0.3328450620174408,0.3337199091911316,0.3328654170036316,0.3339640498161316,0.3337809443473816,0.33331298828125,0.3339640498161316,0.3329264521598816,0.332977294921875,0.3338775634765625,0.33271536231040955,0.33397039771080017,0.3328183591365814,0.33341217041015625,0.3338470458984375,0.3328043818473816,0.33315977454185486,0.3334147334098816,0.3336274027824402,0.3332011103630066,0.3337809443473816,0.3326975703239441,0.3329518735408783,0.333709716796875,0.3338216245174408,0.3327840268611908,0.332763671875,0.3334757685661316,0.33349609375,0.3333333432674408,0.3333333432674408,0.333587646484375,0.3337605893611908,0.33349609375,0.3333333432674408,0.332763671875,0.332763671875,0.332763671875,0.3332468867301941,0.33334943652153015,0.33335408568382263,0.3339742124080658,0.3329264521598816,0.3328654170036316,0.3329874873161316,0.3334554135799408,0.33380126953125,0.3333740234375,0.3336995542049408,0.3334808349609375,0.333648681640625,0.3338623046875,0.3333333432674408,0.3334554135799408,0.3328196406364441,0.3326823115348816,0.3326823115348816,0.3337300717830658,0.3335774838924408,0.3328857421875,0.3339640498161316,0.3338623046875,0.33349609375,0.3333638608455658,0.3339436948299408,0.3331807553768158,0.3331705927848816,0.3335317075252533,0.3336588740348816,0.332763671875,0.33306884765625,0.332763671875,0.3328450620174408,0.3331705927848816,0.3326009213924408,0.3328145444393158,0.3331705927848816,0.3333333432674408,0.3332926630973816,0.3328043818473816,0.3333333432674408,0.333740234375,0.3326416015625,0.3332316279411316,0.3332112729549408,0.333251953125,0.3336385190486908,0.33331298828125,0.3329671323299408,0.3332926630973816,0.3329264521598816,0.33270263671875,0.332763671875,0.33307141065597534,0.33270263671875,0.3328043818473816,0.3330078125,0.3329569697380066,0.33368366956710815,0.3335742652416229,0.3328377604484558,0.3333282470703125,0.33368557691574097,0.3337550163269043,0.3326823115348816,0.3338775634765625,0.3329060971736908,0.3333333432674408,0.333740234375,0.3328654170036316,0.3326823115348816,0.3336588740348816,0.33298492431640625,0.3333333432674408,0.3339030146598816,0.3338623046875,0.3330892026424408,0.333038330078125,0.3339030146598816,0.3326823115348816,0.3329264521598816,0.3339640498161316,0.3339030146598816,0.3328348994255066,0.3338216245174408,0.3331298828125,0.3337199091911316,0.3333333432674408,0.3339030146598816,0.3326823115348816,0.33349609375,0.3335368037223816,0.3331095576286316,0.332794189453125,0.3337911069393158,0.333740234375,0.3333333432674408,0.33367919921875,0.3328043818473816,0.3330078125,0.3329264521598816,0.3330078125,0.3329671323299408,0.3338623046875,0.3332926630973816,0.3333333432674408,0.3337199091911316,0.3334147334098816,0.332763671875,0.3328959345817566,0.3336995542049408,0.3338216245174408,0.3328654170036316,0.3329060971736908,0.333251953125,0.3336690366268158,0.3330485224723816,0.3339030146598816,0.3333536982536316,0.333740234375,0.33304405212402344,0.3334554135799408,0.3329823911190033,0.3334554135799408,0.33317822217941284,0.3337300717830658,0.3326619565486908,0.33349609375,0.3330841064453125,0.3333943784236908,0.3335368037223816,0.33331298828125,0.33361563086509705,0.3335774838924408,0.3336588740348816,0.3330078125,0.3343099057674408,0.333251953125,0.333984375,0.333984375,0.33270263671875,0.3328654170036316,0.3334147334098816,0.3339436948299408,0.3331298828125,0.333251953125,0.3329060971736908,0.3332723081111908,0.333740234375,0.3332926630973816,0.333251953125,0.3330078125,0.3326009213924408,0.3338216245174408,0.3337809443473816,0.3327096402645111,0.3338623046875,0.3333333432674408,0.3332112729549408,0.333251953125,0.3330892026424408,0.3335164487361908,0.3331705927848816,0.3336080014705658,0.333282470703125,0.3335774838924408,0.3336995542049408,0.3334757685661316,0.333526611328125,0.3326823115348816,0.333251953125,0.3334706723690033,0.333984375,0.333740234375,0.3332112729549408,0.3329264521598816,0.3333333432674408,0.3336588740348816,0.3331705927848816,0.3333333432674408,0.3336588740348816,0.3336588740348816,0.3330281674861908,0.3327229917049408,0.3338216245174408,0.3330892026424408,0.3330078125,0.332763671875,0.333984375,0.3336588740348816,0.333740234375,0.3331705927848816,0.3331705927848816,0.3339030146598816,0.333251953125,0.3339640498161316,0.3330078125,0.3333333432674408,0.3326823115348816,0.33367919921875,0.3338216245174408,0.3339030146598816,0.3337809443473816,0.3333333432674408,0.33301830291748047,0.3328704833984375,0.3333028256893158,0.3329874873161316,0.3336558938026428,0.33333897590637207,0.333526611328125,0.33344364166259766,0.3328298032283783,0.3328654170036316,0.332763671875,0.3332926630973816,0.3334554135799408,0.333984375,0.3337199091911316,0.333984375,0.3336588740348816,0.33349609375,0.3337605893611908,0.3329264521598816,0.3333333432674408,0.3330892026424408,0.3330078125,0.3330078125,0.3330892026424408,0.33380126953125,0.33349609375,0.33349609375,0.3326823115348816,0.3330892026424408,0.3326823115348816,0.3328857421875,0.33332061767578125,0.3328450620174408,0.333984375,0.3338623046875,0.3333333432674408,0.3332926630973816,0.33287304639816284,0.3338216245174408,0.3328450620174408,0.333251953125,0.3336690366268158,0.3329264521598816,0.3339436948299408,0.333984375,0.33307012915611267,0.3336181640625,0.33324941992759705,0.333984375,0.3328857421875,0.3330078125,0.3330078125,0.3336181640625,0.3336588740348816,0.3338216245174408,0.3336385190486908,0.3338216245174408,0.333251953125,0.3327840268611908,0.3339030146598816,0.3334147334098816,0.3330078125,0.3333079218864441,0.3341471552848816,0.33306884765625,0.33380126953125,0.3331502377986908,0.3338572382926941,0.33343762159347534,0.3335368037223816,0.3328755795955658,0.333251953125,0.3335774838924408,0.3333943784236908,0.333984375,0.3327535092830658,0.3328450620174408,0.3336588740348816,0.3341471552848816,0.3326823115348816,0.3333333432674408,0.3326823115348816,0.3336181640625,0.33349609375,0.3327229917049408,0.3326823115348816,0.3328450620174408,0.3328857421875,0.333251953125,0.3329671323299408,0.3337300717830658,0.33277004957199097,0.3338216245174408,0.33298319578170776,0.3335774838924408,0.3329366147518158,0.3334147334098816,0.33306884765625,0.3332265317440033,0.3338623046875,0.3334554135799408,0.3331400752067566,0.33337530493736267,0.333526611328125,0.3334147334098816,0.3331502377986908,0.3338216245174408,0.3331502377986908,0.33349609375,0.3333333432674408,0.333984375,0.3334147334098816,0.333251953125,0.3338216245174408,0.3330078125,0.3336385190486908,0.3329671323299408,0.3332926630973816,0.33372244238853455,0.3334147334098816,0.3330078125,0.3338623046875,0.3330892026424408,0.3332316279411316,0.3338216245174408,0.3339030146598816,0.333251953125,0.3331960141658783,0.3329264521598816,0.3333333432674408,0.3336588740348816,0.333251953125,0.3331705927848816,0.3333333432674408,0.3327840268611908,0.332763671875,0.3332112729549408,0.3334147334098816,0.3336588740348816,0.3333427906036377,0.3330892026424408,0.3334452509880066,0.3332926630973816,0.3328450620174408,0.33349609375,0.3330078125,0.3337605893611908,0.3337809443473816,0.3338826596736908,0.33319091796875,0.333984375,0.333251953125,0.3330078125,0.3338216245174408,0.333740234375,0.3339030146598816,0.3338216245174408,0.3327840268611908,0.332763671875,0.3332926630973816,0.3339030146598816,0.3331705927848816,0.3336588740348816,0.3331298828125,0.3336588740348816,0.332763671875,0.332763671875,0.3336588740348816,0.3333333432674408,0.3328450620174408,0.3336181640625,0.33349609375,0.3333333432674408,0.333984375,0.3336588740348816,0.3327229917049408,0.3336029052734375,0.3332112729549408,0.3327433466911316,0.3329569697380066,0.3336995542049408,0.3329671323299408,0.3337809443473816,0.333251953125,0.3328450620174408,0.3331705927848816,0.3330078125,0.3330485224723816,0.3333333432674408,0.3338216245174408,0.3327433466911316,0.3332926630973816,0.3336588740348816,0.3328348994255066,0.3328450620174408,0.3333333432674408,0.3339030146598816,0.3336588740348816,0.3334147334098816,0.3328450620174408,0.3333333432674408,0.3336588740348816,0.3329671323299408,0.3334554135799408,0.3335774838924408,0.3332112729549408,0.3328450620174408,0.3328450620174408,0.3328450620174408,0.3329264521598816,0.3339030146598816,0.3326823115348816,0.3336588740348816,0.3328450620174408,0.3330078125,0.33349609375,0.3333333432674408,0.3338623046875,0.3329264521598816,0.3331705927848816,0.3324788510799408,0.3336588740348816,0.3331705927848816,0.3335774838924408,0.3331502377986908,0.3339030146598816,0.33353933691978455,0.3331960141658783,0.3330586850643158,0.3333953022956848,0.3331298828125,0.3333333432674408,0.333984375,0.3331298828125,0.3335774838924408,0.3329264521598816,0.3337809443473816,0.3332926630973816,0.333282470703125,0.333740234375,0.3330078125,0.3336588740348816,0.3330078125,0.3336181640625,0.3329569697380066,0.33359402418136597,0.3331298828125,0.3329264521598816,0.3327229917049408,0.33349609375,0.3330485224723816,0.33367919921875,0.3329671323299408,0.3332926630973816,0.3330281674861908,0.3333333432674408,0.3339640498161316,0.332763671875,0.3333333432674408,0.3329671323299408,0.3338419795036316,0.3333333432674408,0.3326823115348816,0.3332926630973816,0.3326517939567566,0.3328450620174408,0.3331705927848816,0.3337554931640625,0.333984375,0.333282470703125,0.3333740234375,0.3333333432674408,0.3336588740348816,0.3338216245174408,0.33294677734375,0.3331705927848816,0.3332112729549408,0.3331502377986908,0.3336588740348816,0.3330078125,0.333984375,0.3336588740348816,0.3326823115348816,0.3330078125,0.3333333432674408,0.33349609375,0.33367919921875,0.33294677734375,0.332763671875,0.3339373469352722,0.3327229917049408,0.3337389826774597,0.3327535092830658,0.3335774838924408,0.3336588740348816,0.3331197202205658,0.333251953125,0.333251953125,0.332763671875,0.3333536982536316,0.33355712890625,0.333740234375,0.3338216245174408,0.3331298828125,0.3332112729549408,0.3330281674861908,0.3328450620174408,0.3330078125,0.3333333432674408,0.3334147334098816,0.3339030146598816,0.33349609375,0.3329671323299408,0.3333333432674408,0.3331705927848816,0.3335673213005066,0.3338216245174408,0.3338724970817566,0.3332112729549408,0.3332316279411316,0.3334757685661316,0.3336181640625,0.3330078125,0.3333333432674408,0.333251953125,0.3330078125,0.3338216245174408,0.3330078125,0.3334554135799408,0.3336181640625,0.3338623046875,0.3328450620174408,0.33343505859375,0.3333333432674408,0.3327738642692566,0.333038330078125,0.3333943784236908,0.3338216245174408,0.3331502377986908,0.333740234375,0.3335978388786316,0.3332621455192566,0.3336283564567566,0.3329264521598816,0.33349609375,0.3330790400505066,0.3339284360408783,0.3330078125,0.3333536982536316,0.3339436948299408,0.3333333432674408,0.333984375,0.3329264521598816,0.33349609375,0.3330892026424408,0.3337351679801941,0.3328857421875,0.3328450620174408,0.3334147334098816,0.3333333432674408,0.3334503173828125,0.3330078125,0.3330892026424408,0.3328450620174408,0.3334147334098816,0.3336588740348816,0.3328654170036316,0.333984375,0.3338216245174408,0.3336181640625,0.332804411649704,0.3327128291130066,0.3333408832550049,0.3333333432674408,0.3338235318660736,0.3334452509880066,0.3333333432674408,0.3327840268611908,0.3337809443473816,0.33349609375,0.3330485224723816,0.33294677734375,0.3328450620174408,0.3330637812614441,0.333251953125,0.3331502377986908,0.3330485224723816,0.3331298828125,0.3336588740348816,0.3331705927848816,0.333892822265625
Ultralenient,org,0.25018310546875,0.24957275390625,0.25,0.2500000298023224,0.2501220703125,0.249755859375,0.24971318244934082,0.25,0.24957275390625,0.250244140625,0.2500000596046448,0.24951171875,0.249755859375,0.2496337890625,0.249755859375,0.2500000298023224,0.25,0.249755859375,0.25,0.249755859375,0.2493896484375,0.2494049072265625,0.24945068359375,0.249847412109375,0.2498779296875,0.24969482421875,0.250274658203125,0.2503662109375,0.2496337890625,0.250244140625,0.25030517578125,0.25,0.24993896484375,0.249755859375,0.249725341796875,0.25042724609375,0.2498779296875,0.249755859375,0.2496795654296875,0.24993896484375,0.24981689453125,0.2503662109375,0.24957275390625,0.2498779296875,0.250244140625,0.250244140625,0.25032806396484375,0.2496337890625,0.249755859375,0.24951171875,0.25,0.2501182556152344,0.2499847412109375,0.250244140625,0.2503662109375,0.249755859375,0.2499542236328125,0.2496337890625,0.249603271484375,0.2506103515625,0.25055694580078125,0.2498779296875,0.2498016357421875,0.2501220703125,0.25,0.2496337890625,0.24951171875,0.24981689453125,0.250244140625,0.2496337890625,0.250244140625,0.2498779296875,0.2503662109375,0.25,0.2496337890625,0.2498779296875,0.249755859375,0.24954986572265625,0.25018310546875,0.250244140625,0.24951171875,0.24951171875,0.249725341796875,0.25,0.249755859375,0.249969482421875,0.25,0.250335693359375,0.2497406005859375,0.250244140625,0.25,0.25,0.25034332275390625,0.2498779296875,0.2498779296875,0.2501373291015625,0.24951171875,0.2503662109375,0.25,0.25,0.249908447265625,0.24985504150390625,0.250457763671875,0.25,0.25,0.25,0.2501220703125,0.25,0.249755859375,0.250244140625,0.2498779296875,0.2498779296875,0.24957275390625,0.250396728515625,0.2498779296875,0.2503662109375,0.2499847412109375,0.2502250671386719,0.2502288818359375,0.2500046491622925,0.24961605668067932,0.24967776238918304,0.2499893456697464,0.25038519501686096,0.24958094954490662,0.25032883882522583,0.25030517578125,0.249847412109375,0.25042724609375,0.2501983642578125,0.24993896484375,0.2503662109375,0.250244140625,0.24969482421875,0.2499866485595703,0.249847412109375,0.250244140625,0.24969482421875,0.25040626525878906,0.25031280517578125,0.24962496757507324,0.2500762939453125,0.24951171875,0.250244140625,0.25048065185546875,0.25040435791015625,0.2501983642578125,0.25045204162597656,0.24993896484375,0.2502288818359375,0.25048828125,0.2501220703125,0.249969482421875,0.24993515014648438,0.2496795654296875,0.25032806396484375,0.2498340606689453,0.25023651123046875,0.2500343322753906,0.2500946819782257,0.24993896484375,0.2499713897705078,0.2501678466796875,0.2500152587890625,0.24957656860351562,0.249908447265625,0.2497103214263916,0.24957275390625,0.2503223419189453,0.24998855590820312,0.25014495849609375,0.250335693359375,0.2499237060546875,0.24990081787109375,0.2500457763671875,0.24957275390625,0.24957275390625,0.25,0.24951934814453125,0.250213623046875,0.25,0.25,0.24957275390625,0.2503662109375,0.24969482421875,0.249969482421875,0.2498016357421875,0.2500816583633423,0.2503540515899658,0.2496490478515625,0.2496337890625,0.24957942962646484,0.24972152709960938,0.2505950927734375,0.249664306640625,0.2500762939453125,0.250335693359375,0.2500190734863281,0.2503662109375,0.2501220703125,0.2504425048828125,0.2502593994140625,0.2500419616699219,0.2504425048828125,0.2501220703125,0.25030517578125,0.25048828125,0.25,0.24993896484375,0.2503662109375,0.24993896484375,0.2498931884765625,0.25006103515625,0.25034332275390625,0.249755859375,0.2503089904785156,0.2501964569091797,0.2501220703125,0.249725341796875,0.24981689453125,0.249969482421875,0.2498779296875,0.24951171875,0.25031280517578125,0.2500152587890625,0.24951171875,0.2503509521484375,0.250396728515625,0.25018310546875,0.249755859375,0.2498016357421875,0.2496490478515625,0.2503662109375,0.2503662109375,0.25,0.24996185302734375,0.25,0.2498931884765625,0.250030517578125,0.2498779296875,0.25030517578125,0.2495269775390625,0.2498779296875,0.2495269775390625,0.250213623046875,0.250075101852417,0.24978232383728027,0.25025084614753723,0.2504108250141144,0.24951934814453125,0.24985218048095703,0.2499592900276184,0.24981689453125,0.24999237060546875,0.2501678466796875,0.2496337890625,0.25,0.2504997253417969,0.24981689453125,0.250091552734375,0.24952411651611328,0.250244140625,0.25022125244140625,0.2501068115234375,0.2503662109375,0.24997329711914062,0.2496337890625,0.2496337890625,0.2495880126953125,0.24959564208984375,0.2495555877685547,0.25031566619873047,0.2498779296875,0.2497406005859375,0.2497425079345703,0.249755859375,0.2499542236328125,0.24981689453125,0.24981689453125,0.2496337890625,0.24968719482421875,0.24973249435424805,0.2496166229248047,0.2500152587890625,0.25,0.250091552734375,0.25018310546875,0.250274658203125,0.249786376953125,0.25042724609375,0.24957275390625,0.249847412109375,0.24985504150390625,0.2498779296875,0.2496795654296875,0.2500877380371094,0.249603271484375,0.25037384033203125,0.249908447265625,0.25042724609375,0.2500152587890625,0.2503223419189453,0.2498779296875,0.249969482421875,0.24968719482421875,0.250152587890625,0.249969482421875,0.25030517578125,0.2497549057006836,0.249755859375,0.2501339912414551,0.2496795654296875,0.24955224990844727,0.249755859375,0.2498011589050293,0.2496337890625,0.24999713897705078,0.25000762939453125,0.25011444091796875,0.2502098083496094,0.2497730255126953,0.250152587890625,0.25,0.249755859375,0.2496337890625,0.2498779296875,0.24981689453125,0.250457763671875,0.25,0.249847412109375,0.250030517578125,0.249847412109375,0.249603271484375,0.25018310546875,0.2496185302734375,0.24995040893554688,0.2503662109375,0.25028228759765625,0.2498779296875,0.2503662109375,0.25018310546875,0.2500953674316406,0.24993896484375,0.2504723072052002,0.24975204467773438,0.24999237060546875,0.249725341796875,0.2502288818359375,0.25020599365234375,0.250396728515625,0.249847412109375,0.2496185302734375,0.2496337890625,0.250244140625,0.250274658203125,0.24983978271484375,0.25042724609375,0.25018310546875,0.250091552734375,0.25042724609375,0.2501869201660156,0.2503204345703125,0.24969482421875,0.25038909912109375,0.25018310546875,0.2496337890625,0.2498779296875,0.2497100830078125,0.25042724609375,0.25006103515625,0.250030517578125,0.25,0.2498779296875,0.249847412109375,0.2495880126953125,0.24957275390625,0.25006103515625,0.2496337890625,0.250396728515625,0.249725341796875,0.24951171875,0.250030517578125,0.25,0.250152587890625,0.25018310546875,0.2501220703125,0.2500152587890625,0.25048828125,0.25030517578125,0.2498779296875,0.249725341796875,0.24969482421875,0.24971187114715576,0.24995708465576172,0.24984169006347656,0.24991226196289062,0.25007447600364685,0.2500004470348358,0.25039196014404297,0.25019344687461853,0.24968409538269043,0.2498340606689453,0.24959182739257812,0.2503204345703125,0.24981689453125,0.24986648559570312,0.24953842163085938,0.250244140625,0.2497406005859375,0.25048828125,0.24958038330078125,0.24953460693359375,0.250152587890625,0.250244140625,0.249755859375,0.250335693359375,0.2503509521484375,0.2501564025878906,0.2501220703125,0.2497100830078125,0.2503814697265625,0.24981021881103516,0.2498321533203125,0.24981689453125,0.25005626678466797,0.25,0.25,0.25017547607421875,0.24969482421875,0.2497406005859375,0.2499237060546875,0.25,0.25030517578125,0.249755859375,0.24956417083740234,0.2502098083496094,0.250244140625,0.25017547607421875,0.24956434965133667,0.24959564208984375,0.24998855590820312,0.249725341796875,0.25042724609375,0.249755859375,0.2502899169921875,0.2504425048828125,0.25018310546875,0.249847412109375,0.24964141845703125,0.250152587890625,0.25,0.249542236328125,0.2497406005859375,0.2504425048828125,0.2500762939453125,0.24960708618164062,0.250213623046875,0.2495574951171875,0.2500762939453125,0.24965476989746094,0.2497711181640625,0.24959373474121094,0.24969482421875,0.2498626708984375,0.2503204345703125,0.24981689453125,0.2501220703125,0.25006103515625,0.25011444091796875,0.2503662109375,0.25018310546875,0.2498779296875,0.250244140625,0.24981689453125,0.2498779296875,0.249542236328125,0.25048828125,0.249481201171875,0.250244140625,0.25018310546875,0.2503471374511719,0.2498779296875,0.24979782104492188,0.249603271484375,0.24973201751708984,0.2496337890625,0.2503211498260498,0.2503662109375,0.24999237060546875,0.25051116943359375,0.24962997436523438,0.2496185302734375,0.2496337890625,0.249786376953125,0.25034618377685547,0.24968624114990234,0.24960708618164062,0.249755859375,0.249908447265625,0.249603271484375,0.249847412109375,0.25030517578125,0.250457763671875,0.24957275390625,0.24973678588867188,0.2498016357421875,0.2498779296875,0.250335693359375,0.2498626708984375,0.24993896484375,0.25006103515625,0.25005078315734863,0.2496337890625,0.250244140625,0.2504425048828125,0.2496337890625,0.2500152587890625,0.249755859375,0.249725341796875,0.24981689453125,0.2499237060546875,0.24993896484375,0.250274658203125,0.2496337890625,0.249755859375,0.249755859375,0.2498779296875,0.250152587890625,0.250457763671875,0.24993896484375,0.249755859375,0.250244140625,0.25,0.24951171875,0.25009918212890625,0.24974441528320312,0.25006103515625,0.25054931640625,0.2496337890625,0.249755859375,0.250244140625,0.2497406005859375,0.25042724609375,0.2498779296875,0.2501220703125,0.25,0.2496795654296875,0.24982833862304688,0.250518798828125,0.2499847412109375,0.25016021728515625,0.25006103515625,0.249969482421875,0.2499542236328125,0.250244140625,0.25,0.24993896484375,0.24981689453125,0.24969482421875,0.24961471557617188,0.24951171875,0.25,0.2494659423828125,0.249786376953125,0.2503662109375,0.249755859375,0.2498779296875,0.2498779296875,0.2502899169921875,0.24983978271484375,0.2501678466796875,0.249908447265625,0.25016021728515625,0.24968719482421875,0.24993896484375,0.25003814697265625,0.24993896484375,0.249603271484375,0.249664306640625,0.249786376953125,0.2495574951171875,0.25018310546875,0.2501220703125,0.249786376953125,0.2503204345703125,0.2501220703125,0.25038909912109375,0.249755859375,0.250579833984375,0.2501983642578125,0.2498626708984375,0.249847412109375,0.250244140625,0.2501220703125,0.2496337890625,0.2498016357421875,0.24969482421875,0.2503662109375,0.2500762939453125,0.250244140625,0.24951171875,0.25034332275390625,0.249725341796875,0.25018310546875,0.24981689453125,0.2501220703125,0.250244140625,0.250244140625,0.250244140625,0.249755859375,0.25018310546875,0.24945068359375,0.249755859375,0.250396728515625,0.24969482421875,0.249908447265625,0.250213623046875,0.2501220703125,0.25042724609375,0.2503182888031006,0.2501748204231262,0.24959850311279297,0.24953079223632812,0.25035858154296875,0.2498931884765625,0.249755859375,0.25,0.24957275390625,0.25,0.2501373291015625,0.250335693359375,0.250091552734375,0.2497406005859375,0.2501220703125,0.25042724609375,0.2501220703125,0.24981689453125,0.24976348876953125,0.24956393241882324,0.250030517578125,0.249755859375,0.25014495849609375,0.2500457763671875,0.25011348724365234,0.25042724609375,0.25018310546875,0.250274658203125,0.250396728515625,0.2500152587890625,0.2496204376220703,0.24951171875,0.24973297119140625,0.24983978271484375,0.2501411437988281,0.250244140625,0.25009918212890625,0.2496013641357422,0.25012826919555664,0.25048065185546875,0.24990463256835938,0.2498149871826172,0.25018310546875,0.2500419616699219,0.250335693359375,0.24979400634765625,0.2501373291015625,0.25,0.2496318817138672,0.2501220703125,0.2500457763671875,0.24981689453125,0.2496337890625,0.2496337890625,0.24993896484375,0.2504119873046875,0.2498321533203125,0.24951171875,0.2498779296875,0.2498779296875,0.2503471374511719,0.24994277954101562,0.2504081726074219,0.25,0.24979400634765625,0.25003623962402344,0.250457763671875,0.249969482421875,0.25054931640625,0.249847412109375,0.25046539306640625,0.249847412109375,0.24993896484375,0.2503814697265625,0.25000858306884766,0.24957275390625,0.249603271484375,0.250244140625,0.2498016357421875,0.2503204345703125,0.249908447265625,0.25006103515625,0.249969482421875,0.2498321533203125,0.250244140625,0.25016021728515625,0.2501678466796875,0.250274658203125,0.24990177154541016,0.25043487548828125,0.24976301193237305,0.25043296813964844,0.24973583221435547,0.25038909912109375,0.24959564208984375,0.2501258850097656,0.2498779296875,0.249755859375,0.249725341796875,0.25,0.24951171875,0.2499542236328125,0.2501373291015625,0.24962615966796875,0.2504692077636719,0.2495574951171875,0.25035858154296875,0.2504119873046875,0.24996185302734375,0.2503318786621094,0.24985313415527344,0.25045108795166016,0.2497539520263672,0.24994659423828125,0.25006103515625,0.25013065338134766,0.2500190734863281,0.25017786026000977,0.24968910217285156,0.2501688003540039,0.2504463195800781,0.2499847412109375,0.24968719482421875,0.24959373474121094,0.25017547607421875,0.24980926513671875,0.2496185302734375,0.24959564208984375,0.25012969970703125,0.2502288818359375,0.2500457763671875,0.250579833984375,0.25009918212890625,0.25,0.24974822998046875,0.24957275390625,0.25030517578125,0.2501220703125,0.25045013427734375,0.249603271484375,0.25038909912109375,0.2496662139892578,0.24956130981445312,0.24983978271484375,0.2501678466796875,0.25006866455078125,0.2496655285358429,0.25,0.24968579411506653,0.25,0.25,0.25048065185546875,0.2502555847167969,0.24958038330078125,0.24961090087890625,0.24992752075195312,0.24967193603515625,0.2504425048828125,0.24976730346679688,0.25026702880859375,0.24959564208984375,0.2499542236328125,0.2503204345703125,0.25006103515625,0.250152587890625
Phlebostrepsis,org,0.1432756781578064,0.1428571492433548,0.142717644572258,0.1428571492433548,0.1429269015789032,0.142822265625,0.14290457963943481,0.14276123046875,0.1428437978029251,0.142822265625,0.1430315375328064,0.1428571492433548,0.1428920328617096,0.1427699625492096,0.1429966539144516,0.14285723865032196,0.14306640625,0.1426827609539032,0.1431187242269516,0.142578125,0.1429966539144516,0.1425868570804596,0.14300537109375,0.14266832172870636,0.142717644572258,0.1428571492433548,0.14274707436561584,0.1429966539144516,0.1428571492433548,0.1426478922367096,0.1428571492433548,0.1427350789308548,0.142822265625,0.142717644572258,0.1426478922367096,0.14292363822460175,0.1429051011800766,0.14306640625,0.14288330078125,0.1429269015789032,0.1426042914390564,0.1427873969078064,0.1430598795413971,0.142974853515625,0.1426130086183548,0.1431187242269516,0.142852783203125,0.1428135484457016,0.1426827609539032,0.14306640625,0.1428571492433548,0.142842635512352,0.1430489718914032,0.142717644572258,0.1428571492433548,0.142822265625,0.14311109483242035,0.14271709322929382,0.1429356187582016,0.1431100070476532,0.14298796653747559,0.1428745836019516,0.14288330078125,0.1429835855960846,0.1430315375328064,0.1427001953125,0.1426304429769516,0.1428920328617096,0.1430402547121048,0.1426653265953064,0.1426304429769516,0.1427873969078064,0.1427525132894516,0.142822265625,0.1430315375328064,0.1431012898683548,0.1427873969078064,0.1430315375328064,0.1428048312664032,0.1425737738609314,0.142717644572258,0.1427437961101532,0.1430925726890564,0.1427699625492096,0.1427525132894516,0.1430882066488266,0.14284570515155792,0.1428571492433548,0.1429792195558548,0.1429879367351532,0.1426827609539032,0.142961785197258,0.14297103881835938,0.1427001953125,0.1429181843996048,0.14276123046875,0.1430576890707016,0.1427525132894516,0.1428571492433548,0.1429705023765564,0.1431012898683548,0.1429399847984314,0.1429966539144516,0.142839714884758,0.1426217257976532,0.1428920328617096,0.1428615152835846,0.1429966539144516,0.1429879367351532,0.1429269015789032,0.142839714884758,0.1429269015789032,0.1428745836019516,0.1430141031742096,0.1428571492433548,0.1426675021648407,0.1430031955242157,0.142839714884758,0.1427590548992157,0.14286492764949799,0.14300094544887543,0.14267058670520782,0.14281995594501495,0.1428939402103424,0.14303140342235565,0.14296549558639526,0.142656609416008,0.1428745836019516,0.14258956909179688,0.1427830308675766,0.1428309977054596,0.1430620551109314,0.14299121499061584,0.142717644572258,0.1431056559085846,0.1425606906414032,0.1428266316652298,0.142717644572258,0.14278221130371094,0.143035888671875,0.14261041581630707,0.1426021158695221,0.1430141031742096,0.1427873969078064,0.1429966539144516,0.14260974526405334,0.14279066026210785,0.1430598795413971,0.1429181843996048,0.142822265625,0.1426304429769516,0.14278194308280945,0.1430489718914032,0.1426239013671875,0.14265687763690948,0.14292827248573303,0.1429378092288971,0.14276123046875,0.14260537922382355,0.14312955737113953,0.14262336492538452,0.14273563027381897,0.14266858994960785,0.1427525132894516,0.1426893025636673,0.14258794486522675,0.14297935366630554,0.1429334431886673,0.1427830308675766,0.1429378092288971,0.1430031955242157,0.1430315375328064,0.1428745836019516,0.142839714884758,0.14301007986068726,0.1428004801273346,0.1430315375328064,0.1428745836019516,0.1427699625492096,0.143083855509758,0.1428811252117157,0.142778679728508,0.1426653265953064,0.1429269015789032,0.1426130086183548,0.142809197306633,0.1426718682050705,0.14288675785064697,0.1426110714673996,0.1430489718914032,0.1428484320640564,0.14292854070663452,0.14302444458007812,0.1429051011800766,0.1427045613527298,0.1429378092288971,0.1431034654378891,0.14295196533203125,0.1431841254234314,0.143022820353508,0.1427873969078064,0.1430271714925766,0.1426653265953064,0.1427830308675766,0.142822265625,0.1428571492433548,0.1425999253988266,0.1426653265953064,0.1426827609539032,0.143144890666008,0.142717644572258,0.1426936686038971,0.142839714884758,0.1430380791425705,0.1428920328617096,0.1429879367351532,0.1427830308675766,0.1427764892578125,0.1428070068359375,0.1429269015789032,0.142961785197258,0.142578125,0.1425694078207016,0.1426958441734314,0.1425694078207016,0.1431012898683548,0.1429530680179596,0.1430707722902298,0.14312744140625,0.1430010199546814,0.1430751383304596,0.1425890326499939,0.1426827609539032,0.142656609416008,0.1427263617515564,0.1430925726890564,0.1427001953125,0.14273399114608765,0.1426631510257721,0.14306640625,0.1430031955242157,0.1426958441734314,0.14286695420742035,0.14278630912303925,0.1430141031742096,0.14305905997753143,0.14303384721279144,0.14290593564510345,0.14263099431991577,0.14264652132987976,0.14257703721523285,0.1426374316215515,0.1427743136882782,0.1426827609539032,0.142687126994133,0.14288330078125,0.1430315375328064,0.142974853515625,0.1428048312664032,0.1426304429769516,0.14271436631679535,0.1428484320640564,0.1427873969078064,0.1429879367351532,0.1427525132894516,0.14262744784355164,0.1429094672203064,0.1428440660238266,0.1429334431886673,0.1428004801273346,0.1428942084312439,0.1427263617515564,0.142839714884758,0.1428353488445282,0.14290837943553925,0.1426348090171814,0.1429792195558548,0.142717644572258,0.1429443359375,0.1427263617515564,0.14308330416679382,0.1427873969078064,0.1427089273929596,0.1429530680179596,0.1428571492433548,0.1428920328617096,0.1430315375328064,0.1428440660238266,0.14300864934921265,0.143083855509758,0.14287132024765015,0.1431187242269516,0.1430097371339798,0.1426130086183548,0.143022820353508,0.1426653265953064,0.142913818359375,0.1428179144859314,0.1429792195558548,0.1427089273929596,0.142913818359375,0.1427873969078064,0.1426827609539032,0.1427350789308548,0.1430751383304596,0.1429792195558548,0.1428004801273346,0.142961785197258,0.14291246235370636,0.14303646981716156,0.1426478922367096,0.1429443359375,0.1426784098148346,0.1425759494304657,0.142608642578125,0.1429705023765564,0.14276014268398285,0.1428658664226532,0.142608642578125,0.1429399847984314,0.14309093356132507,0.1426478922367096,0.1429269015789032,0.1428745836019516,0.1428920328617096,0.143022820353508,0.1426653265953064,0.1427568793296814,0.143114373087883,0.1431012898683548,0.1431100070476532,0.1431536078453064,0.1429813951253891,0.1426130086183548,0.1428920328617096,0.142578125,0.1429944783449173,0.1429181843996048,0.1428353488445282,0.1429269015789032,0.1429443359375,0.1429770439863205,0.1428745836019516,0.14284808933734894,0.1427699625492096,0.142717644572258,0.14300537109375,0.1427089273929596,0.1428288072347641,0.1428571492433548,0.1429356187582016,0.1428048312664032,0.1431078314781189,0.1426653265953064,0.1425803154706955,0.1431187242269516,0.1428571492433548,0.1425258219242096,0.1429879367351532,0.142931267619133,0.14312744140625,0.1429443359375,0.1428266316652298,0.142931267619133,0.1429094672203064,0.143083855509758,0.1428440660238266,0.1428876668214798,0.1431710422039032,0.1430402547121048,0.1426653265953064,0.14312744140625,0.142717644572258,0.1429879367351532,0.142961785197258,0.1426304429769516,0.142822265625,0.14309583604335785,0.1429269015789032,0.14263916015625,0.1429269015789032,0.1427873969078064,0.1427873969078064,0.1428920328617096,0.1428135484457016,0.142961785197258,0.1428920328617096,0.142595574259758,0.1430315375328064,0.1429269015789032,0.1426478922367096,0.1428920328617096,0.14291031658649445,0.14313311874866486,0.14305877685546875,0.1427982896566391,0.14285895228385925,0.14285790920257568,0.14270050823688507,0.14300790429115295,0.1426061987876892,0.1428721398115158,0.1429203599691391,0.1428135484457016,0.1430446207523346,0.1426718682050705,0.1429094672203064,0.143022820353508,0.1426914781332016,0.1432407945394516,0.1429465264081955,0.1429879367351532,0.1428920328617096,0.1428571492433548,0.1429269015789032,0.14288440346717834,0.1428048312664032,0.1430860310792923,0.1429269015789032,0.1428745836019516,0.1427873969078064,0.14262717962265015,0.1426609605550766,0.14276123046875,0.14265388250350952,0.1431034654378891,0.1427873969078064,0.1429269015789032,0.1431012898683548,0.1429269015789032,0.14289312064647675,0.142900750041008,0.1425519734621048,0.1428920328617096,0.1428593248128891,0.14301300048828125,0.1429094672203064,0.1428920328617096,0.14261677861213684,0.14277786016464233,0.1425865888595581,0.142839714884758,0.142687126994133,0.1426827609539032,0.1427263617515564,0.1426653265953064,0.1426827609539032,0.1425258219242096,0.1428593248128891,0.14283590018749237,0.1426827609539032,0.1431688666343689,0.1429443359375,0.142822265625,0.1429269015789032,0.1430642306804657,0.1427830308675766,0.14267295598983765,0.1427350789308548,0.1427241861820221,0.1428549736738205,0.1426631510257721,0.1427350789308548,0.1426653265953064,0.1428571492433548,0.1429269015789032,0.14306640625,0.142839714884758,0.142809197306633,0.1430576890707016,0.142791748046875,0.1428920328617096,0.1426653265953064,0.142809197306633,0.1428764909505844,0.143083855509758,0.1430315375328064,0.142839714884758,0.1426130086183548,0.143022820353508,0.142565056681633,0.1429181843996048,0.1426130086183548,0.14288875460624695,0.14271655678749084,0.142717644572258,0.14261385798454285,0.1428571492433548,0.1426282674074173,0.1427285373210907,0.1426108330488205,0.14290401339530945,0.1426478922367096,0.1426914781332016,0.14310020208358765,0.1430598795413971,0.1428942084312439,0.1430315375328064,0.1426827609539032,0.1426130086183548,0.1428920328617096,0.1429443359375,0.14306640625,0.1426653265953064,0.14278167486190796,0.1427699625492096,0.142717644572258,0.142822265625,0.1431056559085846,0.1428920328617096,0.142778679728508,0.14288659393787384,0.1426304429769516,0.1429966539144516,0.1429508775472641,0.1427699625492096,0.1429661363363266,0.1427961140871048,0.1428745836019516,0.1427001953125,0.14276123046875,0.14254871010780334,0.142961785197258,0.1430489718914032,0.1428920328617096,0.1428920328617096,0.142578125,0.1431361734867096,0.1431318074464798,0.14284133911132812,0.1429835855960846,0.1431361734867096,0.14286687970161438,0.1426914781332016,0.1426609605550766,0.1429181843996048,0.142822265625,0.1428353488445282,0.1428745836019516,0.14289747178554535,0.1431318074464798,0.1430620551109314,0.14300537109375,0.1428571492433548,0.142900750041008,0.1428571492433548,0.1428745836019516,0.1427416205406189,0.1426478922367096,0.14288330078125,0.142687126994133,0.1427437961101532,0.1426653265953064,0.142595574259758,0.1429269015789032,0.1426827609539032,0.1428658664226532,0.1430315375328064,0.1427699625492096,0.142578125,0.142822265625,0.142822265625,0.1429705023765564,0.1426478922367096,0.1430925726890564,0.1427263617515564,0.1431361734867096,0.142778679728508,0.14276941120624542,0.14293834567070007,0.1427001953125,0.142816960811615,0.14271655678749084,0.1429574191570282,0.1426042914390564,0.1426042914390564,0.1429792195558548,0.1427699625492096,0.1426522433757782,0.1429705023765564,0.1427961140871048,0.1428571492433548,0.1428048312664032,0.1426173746585846,0.1429705023765564,0.1428571492433548,0.14288330078125,0.142900750041008,0.1428920328617096,0.14288330078125,0.14306640625,0.14312744140625,0.1429094672203064,0.1427525132894516,0.1428920328617096,0.1427721381187439,0.1426130086183548,0.143144890666008,0.1426587849855423,0.1428135484457016,0.142809197306633,0.1426326334476471,0.1427350789308548,0.1430426388978958,0.14264461398124695,0.142595574259758,0.142656609416008,0.1426827609539032,0.143144890666008,0.1427873969078064,0.14306640625,0.1426827609539032,0.1428048312664032,0.1429966539144516,0.1427525132894516,0.14300537109375,0.1429443359375,0.14260169863700867,0.1426980197429657,0.14297299087047577,0.14300444722175598,0.14306150376796722,0.14307962357997894,0.1430315375328064,0.1430271714925766,0.1427525132894516,0.1428135484457016,0.142839714884758,0.1430315375328064,0.1428745836019516,0.143144890666008,0.1431187242269516,0.1429399847984314,0.1429356187582016,0.1428484320640564,0.142931267619133,0.14258304238319397,0.1429269015789032,0.14301839470863342,0.1425824910402298,0.1429116427898407,0.142931267619133,0.1429029256105423,0.1428876668214798,0.1428571492433548,0.1427699625492096,0.143144890666008,0.1429094672203064,0.1426544189453125,0.14305442571640015,0.1428571492433548,0.1429094672203064,0.14278630912303925,0.14287453889846802,0.142839714884758,0.14265552163124084,0.1431034654378891,0.14269611239433289,0.14275360107421875,0.14293590188026428,0.1428440660238266,0.1427089273929596,0.1428820788860321,0.14297103881835938,0.1427089273929596,0.14285606145858765,0.1429029256105423,0.1431165486574173,0.1429530680179596,0.1428004801273346,0.14269693195819855,0.1426042914390564,0.1426653265953064,0.142717644572258,0.1427350789308548,0.1429879367351532,0.1426762193441391,0.1428506076335907,0.1428266316652298,0.1429331749677658,0.14306335151195526,0.1429269015789032,0.14297877252101898,0.14270347356796265,0.14304739236831665,0.14267949759960175,0.1429530680179596,0.1427263617515564,0.14285442233085632,0.1431209146976471,0.14301900565624237,0.1430882066488266,0.14310401678085327,0.1425999253988266,0.1428920328617096,0.1427852213382721,0.1430467963218689,0.142717644572258,0.14262500405311584,0.1428549736738205,0.1431012898683548,0.1427873969078064,0.1426740437746048,0.1428157389163971,0.1426653265953064,0.142715185880661,0.14289911091327667,0.1430380791425705,0.14262349903583527,0.14278630912303925,0.14279529452323914,0.1428440660238266,0.1429508775472641,0.1426868438720703,0.14296641945838928,0.143022820353508,0.1428571492433548,0.1430010199546814,0.142822265625,0.1428309977054596,0.142578125,0.14260824024677277,0.1430794894695282,0.1430424302816391,0.1427721381187439,0.14284154772758484,0.14265936613082886,0.14279542863368988,0.14262472093105316,0.14304713904857635,0.1426958441734314,0.14290714263916016,0.14270034432411194,0.1426909863948822,0.14295974373817444,0.1430773138999939,0.14290259778499603,0.14303548634052277,0.14301519095897675,0.14267264306545258,0.14268331229686737,0.1428057849407196,0.1426064670085907,0.14298629760742188,0.1428496539592743,0.14277730882167816,0.14293071627616882,0.14268779754638672,0.14266559481620789,0.142748162150383,0.14300537109375,0.1431296318769455,0.143035888671875,0.1428895741701126,0.1428179144859314,0.14260755479335785,0.1431318074464798,0.1425912082195282,0.14306640625,0.14267894625663757,0.14267650246620178,0.14284297823905945,0.1429966539144516,0.1431441307067871,0.14289188385009766,0.14309093356132507,0.1428571492433548,0.14291518926620483,0.14291830360889435,0.1428571492433548,0.14265987277030945,0.14291927218437195,0.1427655965089798,0.1429879367351532,0.14285360276699066,0.1428811252117157,0.1425933837890625,0.14262734353542328,0.1427721381187439,0.14289720356464386,0.1428571492433548,0.14308057725429535,0.14279066026210785,0.14303262531757355
Cainite,org,0.3326823115348816,0.3330078125,0.3326823115348816,0.33333343267440796,0.3330078125,0.3331705927848816,0.3334147334098816,0.3330078125,0.3326823115348816,0.3335774838924408,0.3333333432674408,0.3333333432674408,0.3336588740348816,0.3326823115348816,0.3326823115348816,0.3333333730697632,0.3326823115348816,0.3336588740348816,0.333984375,0.3330078125,0.3326823115348816,0.3330078125,0.3328857421875,0.3326823115348816,0.3339030146598816,0.33251953125,0.333740234375,0.3330078125,0.3336588740348816,0.3333333432674408,0.3330078125,0.3330078125,0.3332926630973816,0.3336181640625,0.3333333432674408,0.3330078125,0.3326823115348816,0.3330078125,0.3336588740348816,0.3328043818473816,0.3336588740348816,0.3328450620174408,0.3338623046875,0.3333333432674408,0.3338216245174408,0.3336588740348816,0.3330485224723816,0.3333333432674408,0.3330078125,0.3336588740348816,0.3336588740348816,0.3330078125,0.3331705927848816,0.3330078125,0.3336588740348816,0.3329264521598816,0.3331553339958191,0.33349609375,0.3326619565486908,0.3330078125,0.3335997462272644,0.3338216245174408,0.3333333432674408,0.33349609375,0.33349609375,0.3333333432674408,0.3326823115348816,0.3330078125,0.3333333432674408,0.3333333432674408,0.3330078125,0.3336588740348816,0.3333333432674408,0.3331705927848816,0.3326823115348816,0.3330078125,0.3330078125,0.3332926630973816,0.3330892026424408,0.3330892026424408,0.333251953125,0.332763671875,0.3329264521598816,0.333984375,0.3333333432674408,0.3336588740348816,0.3329264521598816,0.3330078125,0.3326823115348816,0.3330078125,0.3328450620174408,0.3336588740348816,0.3337605893611908,0.33349609375,0.3333333432674408,0.3334554135799408,0.333251953125,0.3330078125,0.3330078125,0.333984375,0.3333333432674408,0.3333333432674408,0.3333333432674408,0.3328450620174408,0.3333333432674408,0.3333333432674408,0.3330078125,0.3333333432674408,0.3333333432674408,0.3333333432674408,0.3333333432674408,0.3330078125,0.3331705927848816,0.332763671875,0.3331705927848816,0.3326924741268158,0.3339640498161316,0.3339131772518158,0.333984375,0.33334487676620483,0.33394476771354675,0.33366474509239197,0.3329165577888489,0.33302053809165955,0.3331890106201172,0.33346694707870483,0.3338216245174408,0.3331095576286316,0.332763671875,0.33349609375,0.33331298828125,0.3330116271972656,0.33315786719322205,0.3328857421875,0.33355712890625,0.3338216245174408,0.3336385190486908,0.3334554135799408,0.33302053809165955,0.333251953125,0.33398184180259705,0.3330078125,0.3336588740348816,0.3330078125,0.3335215449333191,0.3331807553768158,0.33310192823410034,0.3339385986328125,0.333251953125,0.3331705927848816,0.3331095576286316,0.332977294921875,0.33349609375,0.332794189453125,0.33397039771080017,0.33319091796875,0.3338775634765625,0.33337149024009705,0.3327433466911316,0.33385705947875977,0.3336842954158783,0.3334147334098816,0.3333333432674408,0.332763671875,0.3333384394645691,0.3335774838924408,0.3335418701171875,0.3328043818473816,0.3337911069393158,0.33319091796875,0.3335469663143158,0.3336588740348816,0.3328450620174408,0.3334554135799408,0.333740234375,0.3332926630973816,0.3329671323299408,0.3329264521598816,0.3336588740348816,0.3337809443473816,0.3337605893611908,0.3327229917049408,0.3334147334098816,0.332763671875,0.3330485224723816,0.33322906494140625,0.3328450620174408,0.3333709239959717,0.3335447311401367,0.3330892026424408,0.3333333432674408,0.33349609375,0.3331298828125,0.3338216245174408,0.3333638608455658,0.3335978388786316,0.3331298828125,0.333831787109375,0.3335368037223816,0.3334147334098816,0.333251953125,0.3330078125,0.3335723876953125,0.333251953125,0.3330078125,0.3336181640625,0.3339335322380066,0.3335368037223816,0.3339030146598816,0.3330078125,0.333984375,0.3336944580078125,0.3330485224723816,0.3336232602596283,0.3338623046875,0.3336029052734375,0.3335368037223816,0.3330078125,0.3338674008846283,0.3337809443473816,0.3328450620174408,0.3337809443473816,0.3337809443473816,0.3332316279411316,0.33349609375,0.3333333432674408,0.3339436948299408,0.33367919921875,0.3337809443473816,0.3333333432674408,0.3329264521598816,0.3328450620174408,0.3330485224723816,0.3330078125,0.3330078125,0.333251953125,0.3332723081111908,0.33331298828125,0.3327128291130066,0.3330078125,0.33306884765625,0.3337605893611908,0.3329060971736908,0.3328043818473816,0.3335774838924408,0.3328450620174408,0.33346685767173767,0.33345720171928406,0.3328654170036316,0.3330485224723816,0.3329417109489441,0.3327929973602295,0.3332926630973816,0.3339182734489441,0.332977294921875,0.3331705927848816,0.3333333432674408,0.3332316279411316,0.333984375,0.332794189453125,0.3334401547908783,0.3339030146598816,0.3329976499080658,0.3338623046875,0.3328450620174408,0.3330892026424408,0.33349609375,0.3331298828125,0.3330078125,0.3333638608455658,0.3333638608455658,0.3337809443473816,0.333984375,0.3335164487361908,0.33381909132003784,0.3336588740348816,0.333251953125,0.3329264521598816,0.3338826596736908,0.3331705927848816,0.3336385190486908,0.3328043818473816,0.3331400752067566,0.3334757685661316,0.3333333432674408,0.3331705927848816,0.3333333432674408,0.3328857421875,0.3337809443473816,0.3334554135799408,0.3336995542049408,0.3326823115348816,0.3330892026424408,0.3333333432674408,0.3330078125,0.3330078125,0.3333333432674408,0.333404541015625,0.3328450620174408,0.332733154296875,0.3328857421875,0.3337199091911316,0.3330078125,0.3334452509880066,0.3328857421875,0.333984375,0.33367919921875,0.333740234375,0.3328501582145691,0.3324788510799408,0.3332112729549408,0.3333333432674408,0.333343505859375,0.333251953125,0.3335978388786316,0.3334147334098816,0.3330097198486328,0.3337809443473816,0.3330485224723816,0.3329264521598816,0.33378857374191284,0.333251953125,0.3333333432674408,0.332763671875,0.3336588740348816,0.3335774838924408,0.3324381709098816,0.3336181640625,0.3336995542049408,0.333740234375,0.3339030146598816,0.3331705927848816,0.3336588740348816,0.333740234375,0.3336181640625,0.3329264521598816,0.333251953125,0.3334147334098816,0.3334147334098816,0.3336588740348816,0.3330078125,0.3330485224723816,0.3330892026424408,0.3333689570426941,0.3330078125,0.3336588740348816,0.3339436948299408,0.3331298828125,0.3333740234375,0.333984375,0.3331705927848816,0.33349609375,0.332916259765625,0.333984375,0.3338826596736908,0.3335774838924408,0.3331298828125,0.3330892026424408,0.3328857421875,0.3333333432674408,0.3338216245174408,0.3331705927848816,0.3338216245174408,0.3326823115348816,0.3326009213924408,0.3331298828125,0.3330078125,0.3336588740348816,0.3336588740348816,0.3333333432674408,0.333740234375,0.3330892026424408,0.3333333432674408,0.333740234375,0.3326823115348816,0.3326823115348816,0.3330078125,0.3328450620174408,0.3326823115348816,0.3334452509880066,0.3341471552848816,0.3336588740348816,0.3333333432674408,0.3339284360408783,0.3337809443473816,0.3333333432674408,0.3330078125,0.3328450620174408,0.3333333432674408,0.3333333432674408,0.3333333432674408,0.3333333432674408,0.33323416113853455,0.33370208740234375,0.3335062861442566,0.3329060971736908,0.33360904455184937,0.3336258828639984,0.3336893916130066,0.33312925696372986,0.3335355222225189,0.3330180048942566,0.332763671875,0.333984375,0.3338623046875,0.333984375,0.3330078125,0.3336588740348816,0.3336588740348816,0.333740234375,0.3338216245174408,0.3336588740348816,0.3336588740348816,0.3338724970817566,0.3333333432674408,0.3330078125,0.3329264521598816,0.3329060971736908,0.3327229917049408,0.3335978388786316,0.3331705927848816,0.3330841064453125,0.3330892026424408,0.3336588740348816,0.33282470703125,0.3333333432674408,0.3330078125,0.3338114619255066,0.3336588740348816,0.3332926630973816,0.3333791196346283,0.3330078125,0.3329671323299408,0.3336588740348816,0.3331960141658783,0.33287811279296875,0.3333333432674408,0.3329264521598816,0.33325275778770447,0.3327891230583191,0.33289211988449097,0.3331705927848816,0.3335774838924408,0.3331705927848816,0.33349609375,0.33349609375,0.3331705927848816,0.333984375,0.333038330078125,0.3336588740348816,0.3330078125,0.3327229917049408,0.3336588740348816,0.3329264521598816,0.33349609375,0.3330180048942566,0.3330078125,0.3334859311580658,0.3331095576286316,0.3333536982536316,0.3328145444393158,0.3330942988395691,0.3329264521598816,0.3332366943359375,0.3331298828125,0.33349609375,0.3333333432674408,0.3328450620174408,0.33349609375,0.3330078125,0.3333333432674408,0.3326823115348816,0.33349609375,0.3328450620174408,0.3333333432674408,0.3335774838924408,0.3330078125,0.3331705927848816,0.3338216245174408,0.3330078125,0.3327840268611908,0.3338216245174408,0.33392333984375,0.3331756591796875,0.3338391184806824,0.3333333432674408,0.3338988721370697,0.3330078125,0.3329671323299408,0.33368682861328125,0.3336995542049408,0.3335469663143158,0.332763671875,0.3336181640625,0.3337554931640625,0.33293789625167847,0.333953857421875,0.3336588740348816,0.3331705927848816,0.3329264521598816,0.3330078125,0.332763671875,0.3329264521598816,0.3330078125,0.333404541015625,0.3334147334098816,0.3333333432674408,0.3338216245174408,0.3339335322380066,0.3338623046875,0.3336588740348816,0.3334011435508728,0.3330892026424408,0.3330078125,0.3327229917049408,0.3335774838924408,0.3334147334098816,0.3329671323299408,0.3328450620174408,0.3330078125,0.332763671875,0.3337809443473816,0.3331705927848816,0.3338216245174408,0.3330078125,0.3331705927848816,0.33349609375,0.3329671323299408,0.3335368037223816,0.3338826596736908,0.3332926630973816,0.3330078125,0.33333343267440796,0.3327128291130066,0.3329315185546875,0.332855224609375,0.3330078125,0.33282470703125,0.3330078125,0.3329264521598816,0.333984375,0.3328857421875,0.3328043818473816,0.3329264521598816,0.3333740234375,0.33349609375,0.3332926630973816,0.3331502377986908,0.3328450620174408,0.3328450620174408,0.3331756591796875,0.33349609375,0.3326619565486908,0.3329264521598816,0.3328450620174408,0.3328450620174408,0.3329264521598816,0.3335774838924408,0.3331705927848816,0.3333689570426941,0.3326823115348816,0.3330078125,0.333984375,0.332763671875,0.3333333432674408,0.3336588740348816,0.3331705927848816,0.333984375,0.3330535888671875,0.33312225341796875,0.3332112729549408,0.3333333432674408,0.3332011103630066,0.3330485224723816,0.3330078125,0.33349609375,0.33251953125,0.3340657651424408,0.33270263671875,0.3339030146598816,0.3328450620174408,0.3330078125,0.333984375,0.3333333432674408,0.333984375,0.3331705927848816,0.3332723081111908,0.33349609375,0.333251953125,0.3330078125,0.3331705927848816,0.333740234375,0.3333333432674408,0.3330078125,0.3330078125,0.3334147334098816,0.3333740234375,0.3338216245174408,0.3329671323299408,0.333740234375,0.3333333432674408,0.3328654170036316,0.3333333432674408,0.3333333432674408,0.333251953125,0.333984375,0.3333333432674408,0.3336588740348816,0.3336588740348816,0.3333333432674408,0.3333333432674408,0.333984375,0.3333333432674408,0.3330078125,0.33349609375,0.3336588740348816,0.3328654170036316,0.3332926630973816,0.3329874873161316,0.33325958251953125,0.33362293243408203,0.33375486731529236,0.3337211608886719,0.3338623046875,0.33380126953125,0.3339030146598816,0.3329874873161316,0.3330892026424408,0.3335774838924408,0.3326823115348816,0.333251953125,0.3336588740348816,0.3325602412223816,0.3335774838924408,0.33349609375,0.334228515625,0.333709716796875,0.3330637812614441,0.3336029052734375,0.3328450620174408,0.3333333432674408,0.333251953125,0.3332926630973816,0.3338216245174408,0.3338216245174408,0.333099365234375,0.33349609375,0.3336588740348816,0.3336588740348816,0.3333943784236908,0.3333333432674408,0.333251953125,0.3331502377986908,0.3332723081111908,0.3328450620174408,0.3338216245174408,0.3335774838924408,0.33391064405441284,0.3329010009765625,0.3327687680721283,0.3326772153377533,0.3326823115348816,0.3331794738769531,0.333160400390625,0.3332112729549408,0.3333740234375,0.3335368037223816,0.3335774838924408,0.3333333432674408,0.3335774838924408,0.3337809443473816,0.333740234375,0.3336588740348816,0.3336588740348816,0.3336588740348816,0.3331705927848816,0.3328450620174408,0.3336588740348816,0.3330078125,0.3329060971736908,0.33332571387290955,0.3332163691520691,0.3333079218864441,0.3329010009765625,0.3338114619255066,0.3331248164176941,0.3333333432674408,0.3338216245174408,0.3339030146598816,0.3328450620174408,0.3333333432674408,0.333251953125,0.3334147334098816,0.3331095576286316,0.33270263671875,0.3336181640625,0.3335774838924408,0.3334757685661316,0.3335673213005066,0.3333028256893158,0.33294677734375,0.3329264521598816,0.3331705927848816,0.33349609375,0.3327229917049408,0.3329671323299408,0.3326823115348816,0.3336753845214844,0.3333689570426941,0.3338419795036316,0.33349609375,0.3333231806755066,0.33326977491378784,0.3327433466911316,0.3338216245174408,0.3336588740348816,0.3333333432674408,0.3329264521598816,0.3326823115348816,0.33349609375,0.33349609375,0.3330485224723816,0.3329874873161316,0.3332316279411316,0.3332926630973816,0.33306884765625,0.3339030146598816,0.3330586850643158,0.333740234375,0.3327382504940033,0.33319729566574097,0.3339742124080658,0.3331705927848816,0.3332875669002533,0.3331095576286316,0.3330078125,0.3326823115348816,0.333526611328125,0.3336842954158783,0.3335011899471283,0.33291372656822205,0.3331807553768158,0.33355712890625,0.33349609375,0.3333384394645691,0.3332417905330658,0.3332621455192566,0.3330078125,0.3337199091911316,0.3331705927848816,0.3329671323299408,0.3332112729549408,0.333740234375,0.3328043818473816,0.3331705927848816,0.3336588740348816,0.3338216245174408,0.3336995542049408,0.3331705927848816,0.333984375,0.3338419795036316,0.3333180844783783,0.3332112729549408,0.3333333432674408,0.3328857421875,0.3326956629753113,0.3333333432674408,0.33280637860298157,0.3333333730697632,0.3333333432674408,0.333740234375,0.3336385190486908,0.3334554135799408,0.3329264521598816,0.3334554135799408,0.333740234375,0.3330892026424408,0.3327840268611908,0.3337809443473816,0.3335368037223816,0.33355712890625,0.3330078125,0.3333333432674408,0.3331705927848816
Australian,org,1.0,1.0,1.0,1.0,1.0,1.0,1.0,1.0,1.0,1.0,1.0,1.0,1.0,1.0,1.0,1.0,1.0,1.0,1.0,1.0,1.0,1.0,1.0,1.0,1.0,1.0,1.0,1.0,1.0,1.0,1.0,1.0,1.0,1.0,1.0,1.0,1.0,1.0,1.0,1.0,1.0,1.0,1.0,1.0,1.0,1.0,1.0,1.0,1.0,1.0,1.0,1.0,1.0,1.0,1.0,1.0,1.0,1.0,1.0,1.0,1.0,1.0,1.0,1.0,1.0,1.0,1.0,1.0,1.0,1.0,1.0,1.0,1.0,1.0,1.0,1.0,1.0,1.0,1.0,1.0,1.0,1.0,1.0,1.0,1.0,1.0,1.0,1.0,1.0,1.0,1.0,1.0,1.0,1.0,1.0,1.0,1.0,1.0,1.0,1.0,1.0,1.0,1.0,1.0,1.0,1.0,1.0,1.0,1.0,1.0,1.0,1.0,1.0,1.0,1.0,1.0,1.0,1.0,1.0,1.0,1.0,1.0,1.0,1.0,1.0,1.0,1.0,1.0,1.0,1.0,1.0,1.0,1.0,1.0,1.0,1.0,1.0,1.0,1.0,1.0,1.0,1.0,1.0,1.0,1.0,1.0,1.0,1.0,1.0,1.0,1.0,1.0,1.0,1.0,1.0,1.0,1.0,1.0,1.0,1.0,1.0,1.0,1.0,1.0,1.0,1.0,1.0,1.0,1.0,1.0,1.0,1.0,1.0,1.0,1.0,1.0,1.0,1.0,1.0,1.0,1.0,1.0,1.0,1.0,1.0,1.0,1.0,1.0,1.0,1.0,1.0,1.0,1.0,1.0,1.0,1.0,1.0,1.0,1.0,1.0,1.0,1.0,1.0,1.0,1.0,1.0,1.0,1.0,1.0,1.0,1.0,1.0,1.0,1.0,1.0,1.0,1.0,1.0,1.0,1.0,1.0,1.0,1.0,1.0,1.0,1.0,1.0,1.0,1.0,1.0,1.0,1.0,1.0,1.0,1.0,1.0,1.0,1.0,1.0,1.0,1.0,1.0,1.0,1.0,1.0,1.0,1.0,1.0,1.0,1.0,1.0,1.0,1.0,1.0,1.0,1.0,1.0,1.0,1.0,1.0,1.0,1.0,1.0,1.0,1.0,1.0,1.0,1.0,1.0,1.0,1.0,1.0,1.0,1.0,1.0,1.0,1.0,1.0,1.0,1.0,1.0,1.0,1.0,1.0,1.0,1.0,1.0,1.0,1.0,1.0,1.0,1.0,1.0,1.0,1.0,1.0,1.0,1.0,1.0,1.0,1.0,1.0,1.0,1.0,1.0,1.0,1.0,1.0,1.0,1.0,1.0,1.0,1.0,1.0,1.0,1.0,1.0,1.0,1.0,1.0,1.0,1.0,1.0,1.0,1.0,1.0,1.0,1.0,1.0,1.0,1.0,1.0,1.0,1.0,1.0,1.0,1.0,1.0,1.0,1.0,1.0,1.0,1.0,1.0,1.0,1.0,1.0,1.0,1.0,1.0,1.0,1.0,1.0,1.0,1.0,1.0,1.0,1.0,1.0,1.0,1.0,1.0,1.0,1.0,1.0,1.0,1.0,1.0,1.0,1.0,1.0,1.0,1.0,1.0,1.0,1.0,1.0,1.0,1.0,1.0,1.0,1.0,1.0,1.0,1.0,1.0,1.0,1.0,1.0,1.0,1.0,1.0,1.0,1.0,1.0,1.0,1.0,1.0,1.0,1.0,1.0,1.0,1.0,1.0,1.0,1.0,1.0,1.0,1.0,1.0,1.0,1.0,1.0,1.0,1.0,1.0,1.0,1.0,1.0,1.0,1.0,1.0,1.0,1.0,1.0,1.0,1.0,1.0,1.0,1.0,1.0,1.0,1.0,1.0,1.0,1.0,1.0,1.0,1.0,1.0,1.0,1.0,1.0,1.0,1.0,1.0,1.0,1.0,1.0,1.0,1.0,1.0,1.0,1.0,1.0,1.0,1.0,1.0,1.0,1.0,1.0,1.0,1.0,1.0,1.0,1.0,1.0,1.0,1.0,1.0,1.0,1.0,1.0,1.0,1.0,1.0,1.0,1.0,1.0,1.0,1.0,1.0,1.0,1.0,1.0,1.0,1.0,1.0,1.0,1.0,1.0,1.0,1.0,1.0,1.0,1.0,1.0,1.0,1.0,1.0,1.0,1.0,1.0,1.0,1.0,1.0,1.0,1.0,1.0,1.0,1.0,1.0,1.0,1.0,1.0,1.0,1.0,1.0,1.0,1.0,1.0,1.0,1.0,1.0,1.0,1.0,1.0,1.0,1.0,1.0,1.0,1.0,1.0,1.0,1.0,1.0,1.0,1.0,1.0,1.0,1.0,1.0,1.0,1.0,1.0,1.0,1.0,1.0,1.0,1.0,1.0,1.0,1.0,1.0,1.0,1.0,1.0,1.0,1.0,1.0,1.0,1.0,1.0,1.0,1.0,1.0,1.0,1.0,1.0,1.0,1.0,1.0,1.0,1.0,1.0,1.0,1.0,1.0,1.0,1.0,1.0,1.0,1.0,1.0,1.0,1.0,1.0,1.0,1.0,1.0,1.0,1.0,1.0,1.0,1.0,1.0,1.0,1.0,1.0,1.0,1.0,1.0,1.0,1.0,1.0,1.0,1.0,1.0,1.0,1.0,1.0,1.0,1.0,1.0,1.0,1.0,1.0,1.0,1.0,1.0,1.0,1.0,1.0,1.0,1.0,1.0,1.0,1.0,1.0,1.0,1.0,1.0,1.0,1.0,1.0,1.0,1.0,1.0,1.0,1.0,1.0,1.0,1.0,1.0,1.0,1.0,1.0,1.0,1.0,1.0,1.0,1.0,1.0,1.0,1.0,1.0,1.0,1.0,1.0,1.0,1.0,1.0,1.0,1.0,1.0,1.0,1.0,1.0,1.0,1.0,1.0,1.0,1.0,1.0,1.0,1.0,1.0,1.0,1.0,1.0,1.0,1.0,1.0,1.0,1.0,1.0,1.0,1.0,1.0,1.0,1.0,1.0,1.0,1.0,1.0,1.0,1.0,1.0,1.0,1.0,1.0,1.0,1.0,1.0,1.0,1.0,1.0,1.0,1.0,1.0,1.0,1.0,1.0,1.0,1.0,1.0,1.0,1.0,1.0,1.0,1.0,1.0,1.0,1.0,1.0,1.0,1.0,1.0,1.0,1.0,1.0,1.0,1.0,1.0,1.0,1.0,1.0,1.0,1.0,1.0,1.0,1.0,1.0,1.0,1.0,1.0,1.0,1.0,1.0,1.0,1.0,1.0,1.0,1.0,1.0,1.0,1.0,1.0,1.0,1.0,1.0,1.0,1.0,1.0,1.0,1.0,1.0,1.0,1.0,1.0,1.0,1.0,1.0,1.0,1.0,1.0,1.0,1.0,1.0,1.0,1.0,1.0,1.0,1.0
Layout,org,1.0,1.0,1.0,1.0,1.0,1.0,1.0,1.0,1.0,1.0,1.0,1.0,1.0,1.0,1.0,1.0,1.0,1.0,1.0,1.0,1.0,1.0,1.0,1.0,1.0,1.0,1.0,1.0,1.0,1.0,1.0,1.0,1.0,1.0,1.0,1.0,1.0,1.0,1.0,1.0,1.0,1.0,1.0,1.0,1.0,1.0,1.0,1.0,1.0,1.0,1.0,1.0,1.0,1.0,1.0,1.0,1.0,1.0,1.0,1.0,1.0,1.0,1.0,1.0,1.0,1.0,1.0,1.0,1.0,1.0,1.0,1.0,1.0,1.0,1.0,1.0,1.0,1.0,1.0,1.0,1.0,1.0,1.0,1.0,1.0,1.0,1.0,1.0,1.0,1.0,1.0,1.0,1.0,1.0,1.0,1.0,1.0,1.0,1.0,1.0,1.0,1.0,1.0,1.0,1.0,1.0,1.0,1.0,1.0,1.0,1.0,1.0,1.0,1.0,1.0,1.0,1.0,1.0,1.0,1.0,1.0,1.0,1.0,1.0,1.0,1.0,1.0,1.0,1.0,1.0,1.0,1.0,1.0,1.0,1.0,1.0,1.0,1.0,1.0,1.0,1.0,1.0,1.0,1.0,1.0,1.0,1.0,1.0,1.0,1.0,1.0,1.0,1.0,1.0,1.0,1.0,1.0,1.0,1.0,1.0,1.0,1.0,1.0,1.0,1.0,1.0,1.0,1.0,1.0,1.0,1.0,1.0,1.0,1.0,1.0,1.0,1.0,1.0,1.0,1.0,1.0,1.0,1.0,1.0,1.0,1.0,1.0,1.0,1.0,1.0,1.0,1.0,1.0,1.0,1.0,1.0,1.0,1.0,1.0,1.0,1.0,1.0,1.0,1.0,1.0,1.0,1.0,1.0,1.0,1.0,1.0,1.0,1.0,1.0,1.0,1.0,1.0,1.0,1.0,1.0,1.0,1.0,1.0,1.0,1.0,1.0,1.0,1.0,1.0,1.0,1.0,1.0,1.0,1.0,1.0,1.0,1.0,1.0,1.0,1.0,1.0,1.0,1.0,1.0,1.0,1.0,1.0,1.0,1.0,1.0,1.0,1.0,1.0,1.0,1.0,1.0,1.0,1.0,1.0,1.0,1.0,1.0,1.0,1.0,1.0,1.0,1.0,1.0,1.0,1.0,1.0,1.0,1.0,1.0,1.0,1.0,1.0,1.0,1.0,1.0,1.0,1.0,1.0,1.0,1.0,1.0,1.0,1.0,1.0,1.0,1.0,1.0,1.0,1.0,1.0,1.0,1.0,1.0,1.0,1.0,1.0,1.0,1.0,1.0,1.0,1.0,1.0,1.0,1.0,1.0,1.0,1.0,1.0,1.0,1.0,1.0,1.0,1.0,1.0,1.0,1.0,1.0,1.0,1.0,1.0,1.0,1.0,1.0,1.0,1.0,1.0,1.0,1.0,1.0,1.0,1.0,1.0,1.0,1.0,1.0,1.0,1.0,1.0,1.0,1.0,1.0,1.0,1.0,1.0,1.0,1.0,1.0,1.0,1.0,1.0,1.0,1.0,1.0,1.0,1.0,1.0,1.0,1.0,1.0,1.0,1.0,1.0,1.0,1.0,1.0,1.0,1.0,1.0,1.0,1.0,1.0,1.0,1.0,1.0,1.0,1.0,1.0,1.0,1.0,1.0,1.0,1.0,1.0,1.0,1.0,1.0,1.0,1.0,1.0,1.0,1.0,1.0,1.0,1.0,1.0,1.0,1.0,1.0,1.0,1.0,1.0,1.0,1.0,1.0,1.0,1.0,1.0,1.0,1.0,1.0,1.0,1.0,1.0,1.0,1.0,1.0,1.0,1.0,1.0,1.0,1.0,1.0,1.0,1.0,1.0,1.0,1.0,1.0,1.0,1.0,1.0,1.0,1.0,1.0,1.0,1.0,1.0,1.0,1.0,1.0,1.0,1.0,1.0,1.0,1.0,1.0,1.0,1.0,1.0,1.0,1.0,1.0,1.0,1.0,1.0,1.0,1.0,1.0,1.0,1.0,1.0,1.0,1.0,1.0,1.0,1.0,1.0,1.0,1.0,1.0,1.0,1.0,1.0,1.0,1.0,1.0,1.0,1.0,1.0,1.0,1.0,1.0,1.0,1.0,1.0,1.0,1.0,1.0,1.0,1.0,1.0,1.0,1.0,1.0,1.0,1.0,1.0,1.0,1.0,1.0,1.0,1.0,1.0,1.0,1.0,1.0,1.0,1.0,1.0,1.0,1.0,1.0,1.0,1.0,1.0,1.0,1.0,1.0,1.0,1.0,1.0,1.0,1.0,1.0,1.0,1.0,1.0,1.0,1.0,1.0,1.0,1.0,1.0,1.0,1.0,1.0,1.0,1.0,1.0,1.0,1.0,1.0,1.0,1.0,1.0,1.0,1.0,1.0,1.0,1.0,1.0,1.0,1.0,1.0,1.0,1.0,1.0,1.0,1.0,1.0,1.0,1.0,1.0,1.0,1.0,1.0,1.0,1.0,1.0,1.0,1.0,1.0,1.0,1.0,1.0,1.0,1.0,1.0,1.0,1.0,1.0,1.0,1.0,1.0,1.0,1.0,1.0,1.0,1.0,1.0,1.0,1.0,1.0,1.0,1.0,1.0,1.0,1.0,1.0,1.0,1.0,1.0,1.0,1.0,1.0,1.0,1.0,1.0,1.0,1.0,1.0,1.0,1.0,1.0,1.0,1.0,1.0,1.0,1.0,1.0,1.0,1.0,1.0,1.0,1.0,1.0,1.0,1.0,1.0,1.0,1.0,1.0,1.0,1.0,1.0,1.0,1.0,1.0,1.0,1.0,1.0,1.0,1.0,1.0,1.0,1.0,1.0,1.0,1.0,1.0,1.0,1.0,1.0,1.0,1.0,1.0,1.0,1.0,1.0,1.0,1.0,1.0,1.0,1.0,1.0,1.0,1.0,1.0,1.0,1.0,1.0,1.0,1.0,1.0,1.0,1.0,1.0,1.0,1.0,1.0,1.0,1.0,1.0,1.0,1.0,1.0,1.0,1.0,1.0,1.0,1.0,1.0,1.0,1.0,1.0,1.0,1.0,1.0,1.0,1.0,1.0,1.0,1.0,1.0,1.0,1.0,1.0,1.0,1.0,1.0,1.0,1.0,1.0,1.0,1.0,1.0,1.0,1.0,1.0,1.0,1.0,1.0,1.0,1.0,1.0,1.0,1.0,1.0,1.0,1.0,1.0,1.0,1.0,1.0,1.0,1.0,1.0,1.0,1.0,1.0,1.0,1.0,1.0,1.0,1.0,1.0,1.0,1.0,1.0,1.0,1.0,1.0,1.0,1.0,1.0,1.0,1.0,1.0,1.0,1.0,1.0,1.0,1.0,1.0,1.0,1.0,1.0,1.0,1.0,1.0,1.0,1.0,1.0,1.0,1.0,1.0,1.0,1.0,1.0
Manubaliste,org,0.2501220703125,0.24951171875,0.249664306640625,0.2500000596046448,0.250244140625,0.24957275390625,0.25015008449554443,0.24993896484375,0.24976348876953125,0.249755859375,0.2500000298023224,0.2503662109375,0.2501220703125,0.2498779296875,0.25,0.2500000596046448,0.2501220703125,0.2498779296875,0.2503814697265625,0.25,0.249755859375,0.24985504150390625,0.24976348876953125,0.2496337890625,0.25018310546875,0.2501068115234375,0.25054931640625,0.25048828125,0.25,0.250244140625,0.25018310546875,0.2498779296875,0.250244140625,0.2496337890625,0.25030517578125,0.25030517578125,0.2503662109375,0.2496337890625,0.25018310546875,0.249755859375,0.2503013610839844,0.2501220703125,0.2493896484375,0.249755859375,0.25,0.24980926513671875,0.249725341796875,0.25,0.25,0.25,0.250244140625,0.24981689453125,0.25,0.2496337890625,0.2503662109375,0.24951171875,0.24979400634765625,0.24969482421875,0.249755859375,0.2503509521484375,0.24991965293884277,0.2506103515625,0.25,0.2501220703125,0.2496337890625,0.250244140625,0.250244140625,0.25,0.249755859375,0.2503662109375,0.249755859375,0.2498779296875,0.250244140625,0.24951171875,0.2498779296875,0.25048828125,0.249755859375,0.25006103515625,0.2503662109375,0.2503662109375,0.2501220703125,0.25042724609375,0.249542236328125,0.2496337890625,0.2496337890625,0.24951171875,0.249664306640625,0.250244140625,0.250244140625,0.24951171875,0.249755859375,0.25,0.2501373291015625,0.250244140625,0.249786376953125,0.249969482421875,0.2498779296875,0.25,0.249755859375,0.249786376953125,0.25,0.2501220703125,0.2503662109375,0.249755859375,0.25,0.250244140625,0.25,0.25,0.249267578125,0.250244140625,0.24951171875,0.249755859375,0.249786376953125,0.250244140625,0.25006103515625,0.2494964599609375,0.2503957748413086,0.24987030029296875,0.24993896484375,0.2500004768371582,0.24951574206352234,0.25021883845329285,0.2504388988018036,0.2495894432067871,0.249739408493042,0.25010985136032104,0.25006103515625,0.25030517578125,0.2502174377441406,0.2501220703125,0.25006103515625,0.24988555908203125,0.250091552734375,0.2503662109375,0.24968719482421875,0.249786376953125,0.25006103515625,0.2496185302734375,0.25019073486328125,0.250335693359375,0.24994659423828125,0.24973297119140625,0.25030517578125,0.250213623046875,0.2498779296875,0.24977493286132812,0.2501258850097656,0.25012969970703125,0.2498779296875,0.250335693359375,0.249603271484375,0.24993896484375,0.250335693359375,0.24982833862304688,0.2501792907714844,0.25046348571777344,0.2503814697265625,0.2500877380371094,0.24968528747558594,0.2504056692123413,0.24957239627838135,0.2497854232788086,0.250274658203125,0.2503814697265625,0.24974441528320312,0.2502279281616211,0.2498033046722412,0.2503395080566406,0.25019073486328125,0.2500152587890625,0.2499847412109375,0.2503662109375,0.250244140625,0.24979782104492188,0.24964141845703125,0.2496490478515625,0.24965667724609375,0.2497100830078125,0.25006103515625,0.2498779296875,0.2495574951171875,0.25030517578125,0.2498779296875,0.250244140625,0.2503814697265625,0.249847412109375,0.2498931884765625,0.2500374913215637,0.2501487731933594,0.24983596801757812,0.25042724609375,0.2502174377441406,0.2502269744873047,0.250091552734375,0.24992752075195312,0.250030517578125,0.250457763671875,0.2503776550292969,0.24985504150390625,0.250091552734375,0.24993896484375,0.249847412109375,0.24977588653564453,0.249755859375,0.2501220703125,0.249755859375,0.2504596710205078,0.250213623046875,0.25,0.24951171875,0.2498779296875,0.24991607666015625,0.24999237060546875,0.24988174438476562,0.25042724609375,0.2502002716064453,0.24981689453125,0.25030517578125,0.25040626525878906,0.2498779296875,0.250213623046875,0.24957275390625,0.250152587890625,0.2502164840698242,0.25018310546875,0.25006103515625,0.25018310546875,0.2502288818359375,0.24995994567871094,0.249755859375,0.2501983642578125,0.2498779296875,0.249755859375,0.2503662109375,0.2498779296875,0.2501220703125,0.2501220703125,0.2500762939453125,0.24988555908203125,0.25042724609375,0.24990081787109375,0.24965286254882812,0.2504119873046875,0.25018310546875,0.249755859375,0.25043725967407227,0.24960270524024963,0.25008606910705566,0.2496861219406128,0.2502708435058594,0.2497882843017578,0.25026246905326843,0.2503662109375,0.24962139129638672,0.24981689453125,0.250091552734375,0.25,0.2502155303955078,0.250091552734375,0.2495880126953125,0.24951171875,0.2498779296875,0.2501220703125,0.249603271484375,0.24981689453125,0.249755859375,0.24951171875,0.249847412109375,0.25024986267089844,0.2503204345703125,0.25046539306640625,0.2504119873046875,0.250244140625,0.249969482421875,0.25043630599975586,0.24951171875,0.24993896484375,0.2503662109375,0.25006103515625,0.2501373291015625,0.24971771240234375,0.24991893768310547,0.25004100799560547,0.24991226196289062,0.2501220703125,0.25,0.25,0.2501068115234375,0.2502288818359375,0.25042724609375,0.2503509521484375,0.25025177001953125,0.2497100830078125,0.25,0.24957275390625,0.250152587890625,0.24993896484375,0.25041961669921875,0.2504730224609375,0.249755859375,0.25018310546875,0.24968719482421875,0.24957275390625,0.2505035400390625,0.2499542236328125,0.249969482421875,0.24991607666015625,0.24981689453125,0.25026917457580566,0.2496337890625,0.24983596801757812,0.24969482421875,0.24950790405273438,0.2501678466796875,0.24977779388427734,0.249847412109375,0.2501105070114136,0.2497844696044922,0.24956130981445312,0.25022315979003906,0.2503395080566406,0.249542236328125,0.25,0.25006103515625,0.25030517578125,0.2501220703125,0.250244140625,0.2496337890625,0.249847412109375,0.24951171875,0.2501945495605469,0.25048828125,0.249725341796875,0.2495574951171875,0.2496337890625,0.249481201171875,0.2498016357421875,0.2497406005859375,0.24993896484375,0.2501220703125,0.25042724609375,0.24969482421875,0.2498779296875,0.2495594024658203,0.25048828125,0.25006103515625,0.24969482421875,0.249969482421875,0.25030517578125,0.24969482421875,0.2496337890625,0.25006103515625,0.24957275390625,0.250274658203125,0.249603271484375,0.25048828125,0.2498779296875,0.25,0.25006103515625,0.25025177001953125,0.249755859375,0.250213623046875,0.250335693359375,0.250335693359375,0.25048828125,0.25006103515625,0.2501068115234375,0.24957275390625,0.25006103515625,0.2503662109375,0.25,0.2499237060546875,0.25,0.249847412109375,0.2503662109375,0.2496337890625,0.250244140625,0.2501220703125,0.25,0.2496337890625,0.2501220703125,0.25018310546875,0.250244140625,0.2504425048828125,0.2498779296875,0.25030517578125,0.25018310546875,0.250152587890625,0.249755859375,0.2501220703125,0.249786376953125,0.250244140625,0.2502973675727844,0.2502727508544922,0.24955081939697266,0.24974822998046875,0.25000452995300293,0.2500002980232239,0.25031429529190063,0.2501974105834961,0.2500953674316406,0.25008392333984375,0.25012969970703125,0.2498779296875,0.249969482421875,0.24987030029296875,0.2503242492675781,0.249755859375,0.25042724609375,0.2503662109375,0.2500152587890625,0.25031280517578125,0.249755859375,0.25020599365234375,0.25,0.2496337890625,0.2501068115234375,0.25005340576171875,0.249755859375,0.2496337890625,0.2497711181640625,0.25033271312713623,0.2503471374511719,0.2501220703125,0.25002288818359375,0.250244140625,0.24993896484375,0.24979400634765625,0.2501068115234375,0.24997329711914062,0.25016021728515625,0.25048828125,0.249725341796875,0.2498779296875,0.2495098114013672,0.24967780709266663,0.250457763671875,0.2497406005859375,0.24983258545398712,0.24952006340026855,0.25030970573425293,0.2503662109375,0.2503662109375,0.250244140625,0.249786376953125,0.2501220703125,0.2498779296875,0.2503662109375,0.2504405975341797,0.2497100830078125,0.250457763671875,0.250274658203125,0.249603271484375,0.2498626708984375,0.25030517578125,0.24957561492919922,0.24969482421875,0.25013160705566406,0.2498931884765625,0.2503643035888672,0.2500934600830078,0.24969005584716797,0.2497711181640625,0.250274658203125,0.2501220703125,0.250244140625,0.25006103515625,0.250030517578125,0.2505035400390625,0.25,0.249755859375,0.2501220703125,0.25006103515625,0.25018310546875,0.2498779296875,0.24965667724609375,0.25006103515625,0.24981689453125,0.25,0.25030517578125,0.250030517578125,0.24981689453125,0.25048828125,0.24996566772460938,0.24982452392578125,0.2498779296875,0.2496734857559204,0.24969482421875,0.24959564208984375,0.2502593994140625,0.2503395080566406,0.249908447265625,0.249755859375,0.2503509521484375,0.24962425231933594,0.24986720085144043,0.24963760375976562,0.25018310546875,0.2501220703125,0.2498779296875,0.249755859375,0.25042724609375,0.24993896484375,0.250244140625,0.25000762939453125,0.249664306640625,0.249755859375,0.2503662109375,0.249908447265625,0.2498931884765625,0.25,0.2500145435333252,0.24951171875,0.25,0.24968719482421875,0.250152587890625,0.25026702880859375,0.24993896484375,0.25042724609375,0.24951171875,0.24957275390625,0.24993896484375,0.2496337890625,0.249755859375,0.2503662109375,0.2498779296875,0.25042724609375,0.2504730224609375,0.250244140625,0.25032806396484375,0.2503662109375,0.249755859375,0.25000008940696716,0.24981689453125,0.25009727478027344,0.2499237060546875,0.24981689453125,0.2501373291015625,0.25,0.25018310546875,0.24981689453125,0.25006103515625,0.25023651123046875,0.2501220703125,0.249664306640625,0.25,0.249969482421875,0.2497406005859375,0.24945068359375,0.24981689453125,0.2498779296875,0.24951171875,0.2497100830078125,0.2498779296875,0.2503662109375,0.25006103515625,0.2498016357421875,0.250091552734375,0.249755859375,0.2501678466796875,0.24969482421875,0.25048828125,0.25018310546875,0.249725341796875,0.249755859375,0.25,0.250244140625,0.250244140625,0.25030517578125,0.25020599365234375,0.249755859375,0.24973297119140625,0.250335693359375,0.249969482421875,0.249755859375,0.24993896484375,0.24993896484375,0.2500762939453125,0.25,0.250091552734375,0.2498779296875,0.2496337890625,0.2496337890625,0.2499237060546875,0.24957275390625,0.2496337890625,0.2504730224609375,0.2496337890625,0.25030517578125,0.25042724609375,0.2499847412109375,0.2503662109375,0.2501220703125,0.2499542236328125,0.2501220703125,0.2497100830078125,0.2498779296875,0.250244140625,0.2501220703125,0.250213623046875,0.249664306640625,0.24997329711914062,0.249725341796875,0.25048828125,0.24951171875,0.2498779296875,0.250213623046875,0.25030517578125,0.249847412109375,0.25048828125,0.249847412109375,0.249664306640625,0.2501220703125,0.249786376953125,0.25048828125,0.25018310546875,0.2496337890625,0.24964523315429688,0.25018310546875,0.25034981966018677,0.24952110648155212,0.24995040893554688,0.2500629425048828,0.2504119873046875,0.250091552734375,0.25018310546875,0.25048065185546875,0.249847412109375,0.249969482421875,0.2501220703125,0.24967193603515625,0.24951171875,0.250244140625,0.250091552734375,0.250274658203125,0.2496490478515625,0.250091552734375,0.2501506805419922,0.24958133697509766,0.250244140625,0.24981689453125,0.249725341796875,0.250213623046875,0.2504444122314453,0.24993896484375,0.2500762939453125,0.249786376953125,0.2504425048828125,0.24981689453125,0.2500762939453125,0.24957275390625,0.2501792907714844,0.2503471374511719,0.2497730255126953,0.250091552734375,0.24985885620117188,0.24968242645263672,0.2501716613769531,0.24956130981445312,0.249786376953125,0.2499237060546875,0.2498779296875,0.25017452239990234,0.24970436096191406,0.2501220703125,0.2502861022949219,0.2501220703125,0.24990081787109375,0.2497711181640625,0.249603271484375,0.249908447265625,0.25,0.250091552734375,0.249969482421875,0.24981689453125,0.25030517578125,0.2504119873046875,0.2495574951171875,0.2498779296875,0.24988937377929688,0.2502632141113281,0.24989700317382812,0.24975204467773438,0.2501220703125,0.25034332275390625,0.24999237060546875,0.250396728515625,0.249847412109375,0.2502288818359375,0.250030517578125,0.250091552734375,0.250244140625,0.2494964599609375,0.25000762939453125,0.2504692077636719,0.2498016357421875,0.2495574951171875,0.250335693359375,0.25003814697265625,0.249542236328125,0.2498321533203125,0.24945068359375,0.2501983642578125,0.249755859375,0.249969482421875,0.250335693359375,0.25002288818359375,0.250457763671875,0.24993896484375,0.2503843307495117,0.2499237060546875,0.2503013610839844,0.2500457763671875,0.25,0.24979019165039062,0.25,0.249755859375,0.250335693359375,0.25,0.24957275390625,0.25018310546875,0.24987030029296875,0.24981689453125,0.24954986572265625,0.249664306640625,0.24991226196289062,0.250335693359375,0.24953651428222656,0.2503662109375,0.2501373291015625,0.2502899169921875,0.25001049041748047,0.24969196319580078,0.25026988983154297,0.24963760375976562,0.25043487548828125,0.24977779388427734,0.24960899353027344,0.25009918212890625,0.25037384033203125,0.24978256225585938,0.2500724792480469,0.25037384033203125,0.25011444091796875,0.249542236328125,0.2497406005859375,0.2503166198730469,0.2503395080566406,0.2501678466796875,0.2499542236328125,0.24973678588867188,0.24978256225585938,0.2504768371582031,0.24961090087890625,0.25006103515625,0.249969482421875,0.25042724609375,0.25020599365234375,0.250335693359375,0.249786376953125,0.2498626708984375,0.24962997436523438,0.249908447265625,0.2500000298023224,0.249603271484375,0.2504912316799164,0.25,0.2501678466796875,0.2500000298023224,0.25,0.24948883056640625,0.2504119873046875,0.249603271484375,0.25016021728515625,0.24969482421875,0.2496337890625,0.24964141845703125,0.250030517578125,0.2501392364501953,0.25041675567626953,0.24982452392578125,0.24956321716308594,0.2499847412109375,0.250457763671875
Thermopleion,org,0.2498779296875,0.2498779296875,0.250244140625,0.25,0.249755859375,0.24993896484375,0.2500625252723694,0.2498779296875,0.2502775192260742,0.250244140625,0.25,0.250244140625,0.249755859375,0.25048828125,0.25,0.2500000298023224,0.2496337890625,0.25,0.24957275390625,0.25,0.25018310546875,0.250091552734375,0.25018310546875,0.249664306640625,0.24951171875,0.2503662109375,0.249847412109375,0.250244140625,0.25,0.2503662109375,0.2493896484375,0.2498779296875,0.249786376953125,0.25,0.249725341796875,0.2506103515625,0.25,0.249755859375,0.249755859375,0.24993896484375,0.24960708618164062,0.2498779296875,0.24953460693359375,0.25030517578125,0.249755859375,0.25029754638671875,0.25048828125,0.25,0.25018310546875,0.2501220703125,0.2498779296875,0.24977874755859375,0.24988555908203125,0.25,0.25048828125,0.2498779296875,0.2497711181640625,0.2500190734863281,0.2498321533203125,0.250579833984375,0.2499246597290039,0.24951171875,0.249908447265625,0.25,0.24969482421875,0.2496337890625,0.2498779296875,0.249755859375,0.249755859375,0.2503662109375,0.250244140625,0.25,0.25,0.2498779296875,0.2496337890625,0.250244140625,0.25,0.250457763671875,0.2498779296875,0.25,0.2498779296875,0.24957275390625,0.25041961669921875,0.250030517578125,0.2501220703125,0.25026702880859375,0.25054931640625,0.249847412109375,0.25,0.2501220703125,0.2498779296875,0.250244140625,0.24988842010498047,0.2496337890625,0.25,0.249298095703125,0.2498779296875,0.2498779296875,0.25,0.2496337890625,0.25,0.2501220703125,0.25,0.250213623046875,0.25,0.2496337890625,0.249755859375,0.249755859375,0.24957275390625,0.25,0.25,0.2498779296875,0.249603271484375,0.250030517578125,0.249755859375,0.25018310546875,0.24999618530273438,0.24968338012695312,0.24953460693359375,0.2500024735927582,0.24999317526817322,0.2501494586467743,0.24958525598049164,0.25029993057250977,0.2500278949737549,0.25038665533065796,0.25042724609375,0.25016021728515625,0.2502117156982422,0.24945449829101562,0.2502288818359375,0.24982929229736328,0.25009727478027344,0.25048828125,0.24993133544921875,0.25018310546875,0.24964523315429688,0.250244140625,0.24982166290283203,0.2502632141113281,0.2503316402435303,0.2501983642578125,0.2495269775390625,0.2501220703125,0.2500762939453125,0.2501564025878906,0.24996376037597656,0.2503242492675781,0.2498321533203125,0.25054931640625,0.24978256225585938,0.250244140625,0.24957275390625,0.24961328506469727,0.24971771240234375,0.24985527992248535,0.25025177001953125,0.2504425048828125,0.2496182918548584,0.25019174814224243,0.2502250671386719,0.2500009536743164,0.2502021789550781,0.24973297119140625,0.25011253356933594,0.24951457977294922,0.24954605102539062,0.2501983642578125,0.2503204345703125,0.2502593994140625,0.24961090087890625,0.250213623046875,0.250244140625,0.25031280517578125,0.2499237060546875,0.250213623046875,0.25030517578125,0.249755859375,0.24981689453125,0.249725341796875,0.2499542236328125,0.2496337890625,0.25030517578125,0.2503814697265625,0.24974822998046875,0.2498607635498047,0.24989891052246094,0.25003015995025635,0.2500457763671875,0.25018310546875,0.2501220703125,0.2495899200439453,0.24994277954101562,0.2498779296875,0.2497406005859375,0.249542236328125,0.250274658203125,0.2499675750732422,0.24973678588867188,0.249603271484375,0.25030517578125,0.2496185302734375,0.24988937377929688,0.25054168701171875,0.24993896484375,0.249908447265625,0.24978065490722656,0.25025177001953125,0.2496337890625,0.2501220703125,0.2498779296875,0.24954891204833984,0.250335693359375,0.24997615814208984,0.2498779296875,0.24977493286132812,0.25006866455078125,0.250457763671875,0.25032806396484375,0.2496185302734375,0.249420166015625,0.249542236328125,0.2497406005859375,0.24987411499023438,0.250244140625,0.249755859375,0.25018310546875,0.2501373291015625,0.249725341796875,0.249755859375,0.24977874755859375,0.24981689453125,0.249542236328125,0.2496337890625,0.250518798828125,0.2501220703125,0.250335693359375,0.2501373291015625,0.2496795654296875,0.250244140625,0.2501068115234375,0.2495574951171875,0.24969482421875,0.2496337890625,0.2504119873046875,0.24976348876953125,0.250311017036438,0.25042223930358887,0.2497117519378662,0.25043678283691406,0.2495899200439453,0.2499246597290039,0.2501068115234375,0.2496490478515625,0.249603271484375,0.25048828125,0.250244140625,0.24969482421875,0.25,0.24969482421875,0.2498340606689453,0.2495574951171875,0.2501678466796875,0.250152587890625,0.2498779296875,0.24977493286132812,0.249755859375,0.2503662109375,0.24969482421875,0.249725341796875,0.24971771240234375,0.25037384033203125,0.25030517578125,0.249969482421875,0.250091552734375,0.25042724609375,0.250213623046875,0.2501220703125,0.2501220703125,0.250244140625,0.250457763671875,0.25005578994750977,0.24977493286132812,0.24991607666015625,0.24969482421875,0.249725341796875,0.25,0.24993133544921875,0.250030517578125,0.249969482421875,0.2501678466796875,0.2501220703125,0.2503204345703125,0.249908447265625,0.25030517578125,0.2503204345703125,0.24957275390625,0.2502288818359375,0.249481201171875,0.25,0.2495574951171875,0.25030517578125,0.2496337890625,0.2502288818359375,0.25045013427734375,0.24969482421875,0.2503814697265625,0.250335693359375,0.2503623962402344,0.249786376953125,0.25,0.2501220703125,0.25025081634521484,0.2504730224609375,0.25042724609375,0.249664306640625,0.2501544952392578,0.2499237060546875,0.2503662109375,0.249847412109375,0.2497568130493164,0.2499847412109375,0.249755859375,0.2501220703125,0.24951171875,0.2498779296875,0.249908447265625,0.2504425048828125,0.2496337890625,0.25006103515625,0.249755859375,0.2501220703125,0.2495880126953125,0.250213623046875,0.24993896484375,0.2497711181640625,0.25,0.25,0.250213623046875,0.249755859375,0.2498779296875,0.250335693359375,0.249603271484375,0.25025081634521484,0.24951171875,0.250213623046875,0.249725341796875,0.24985504150390625,0.2501068115234375,0.24981689453125,0.24957275390625,0.250213623046875,0.2497711181640625,0.2498779296875,0.25030517578125,0.2503662109375,0.24969482421875,0.250244140625,0.250335693359375,0.25030517578125,0.249755859375,0.25048828125,0.25016021728515625,0.25,0.24945068359375,0.250274658203125,0.2498779296875,0.2501678466796875,0.24957275390625,0.249908447265625,0.250244140625,0.24951171875,0.249725341796875,0.249755859375,0.24969482421875,0.2503662109375,0.2501220703125,0.2501220703125,0.25,0.25,0.25,0.2503662109375,0.249755859375,0.250396728515625,0.25018310546875,0.24969482421875,0.24993896484375,0.24951171875,0.25018310546875,0.2496337890625,0.24981689453125,0.2501220703125,0.2500018775463104,0.24982166290283203,0.24982547760009766,0.25003814697265625,0.2500000298023224,0.2500000298023224,0.25002825260162354,0.24984416365623474,0.2499523162841797,0.24984359741210938,0.2496013641357422,0.249542236328125,0.2503204345703125,0.2502288818359375,0.249755859375,0.24932861328125,0.250152587890625,0.25,0.2503814697265625,0.249603271484375,0.24981689453125,0.250274658203125,0.2498779296875,0.24993896484375,0.25030517578125,0.2498626708984375,0.25,0.2503662109375,0.249755859375,0.2499542236328125,0.249542236328125,0.24981689453125,0.25015783309936523,0.249542236328125,0.250091552734375,0.25,0.2496337890625,0.2505035400390625,0.25048255920410156,0.25042724609375,0.2498779296875,0.2501220703125,0.24967193603515625,0.25011610984802246,0.25006103515625,0.24993896484375,0.2498020976781845,0.25042247772216797,0.2495383620262146,0.25,0.249755859375,0.249755859375,0.250244140625,0.250213623046875,0.24951171875,0.25018310546875,0.2500152587890625,0.2501983642578125,0.25,0.25032806396484375,0.2502899169921875,0.250518798828125,0.25006103515625,0.24953079223632812,0.249755859375,0.24971961975097656,0.25030517578125,0.2495899200439453,0.2502632141113281,0.24951696395874023,0.24981689453125,0.2498779296875,0.24969482421875,0.24981689453125,0.25042724609375,0.249664306640625,0.249908447265625,0.250244140625,0.250244140625,0.25006103515625,0.249755859375,0.25048828125,0.2494354248046875,0.250091552734375,0.250244140625,0.2503662109375,0.24981689453125,0.2494049072265625,0.2494983673095703,0.25006103515625,0.24957656860351562,0.2500762939453125,0.2501075267791748,0.2496337890625,0.24952703714370728,0.249755859375,0.250274658203125,0.24977874755859375,0.24979400634765625,0.2501811981201172,0.2500152587890625,0.25037384033203125,0.2504696846008301,0.25033998489379883,0.24986743927001953,0.249755859375,0.2501373291015625,0.24969482421875,0.24993896484375,0.250244140625,0.2501068115234375,0.249755859375,0.24957275390625,0.2500457763671875,0.24969482421875,0.2500152587890625,0.2496795654296875,0.2498016357421875,0.249786376953125,0.24981689453125,0.2498779296875,0.25,0.250244140625,0.249755859375,0.24985504150390625,0.24951171875,0.249755859375,0.2503662109375,0.2504386901855469,0.25025463104248047,0.25018310546875,0.24993896484375,0.24969482421875,0.25,0.2496337890625,0.2498016357421875,0.249664306640625,0.25011157989501953,0.2500152587890625,0.250244140625,0.2500017285346985,0.249847412109375,0.2497406005859375,0.24981689453125,0.25,0.2503662109375,0.25,0.25042724609375,0.25018310546875,0.2503814697265625,0.2495574951171875,0.249725341796875,0.24969482421875,0.25,0.2498016357421875,0.2503948211669922,0.25042724609375,0.249847412109375,0.2503814697265625,0.24969482421875,0.25003814697265625,0.249755859375,0.249755859375,0.249755859375,0.250244140625,0.250213623046875,0.25018310546875,0.25048828125,0.249847412109375,0.25,0.250579833984375,0.2496337890625,0.2498779296875,0.249755859375,0.2501220703125,0.250274658203125,0.24997711181640625,0.2499523162841797,0.25018310546875,0.2501211166381836,0.2503204345703125,0.249786376953125,0.250152587890625,0.2501220703125,0.24957275390625,0.249755859375,0.24981689453125,0.2498016357421875,0.2501983642578125,0.25,0.2498779296875,0.249908447265625,0.25018310546875,0.249755859375,0.2502002716064453,0.2496337890625,0.250030517578125,0.24954986572265625,0.24969482421875,0.24977874755859375,0.25048828125,0.2501220703125,0.2503662109375,0.25042724609375,0.250152587890625,0.25048828125,0.2495574951171875,0.24957275390625,0.25018310546875,0.25038909912109375,0.25030517578125,0.24951171875,0.2501220703125,0.25042724609375,0.2501220703125,0.25,0.2501220703125,0.25,0.249542236328125,0.249908447265625,0.25,0.249755859375,0.24993896484375,0.249603271484375,0.24957275390625,0.249908447265625,0.250335693359375,0.2496393918991089,0.2504064440727234,0.24989080429077148,0.250277042388916,0.2497711181640625,0.25048828125,0.24993896484375,0.24969482421875,0.25048828125,0.2503662109375,0.24993896484375,0.25,0.2496337890625,0.249908447265625,0.2496337890625,0.2501220703125,0.25018310546875,0.249542236328125,0.2502279281616211,0.2503013610839844,0.25030517578125,0.24969482421875,0.25,0.250152587890625,0.25025177001953125,0.25,0.24969482421875,0.2496337890625,0.2498779296875,0.24988174438476562,0.24974441528320312,0.25042724609375,0.250335693359375,0.2496337890625,0.2498340606689453,0.249755859375,0.25005340576171875,0.2501850128173828,0.24950313568115234,0.2498321533203125,0.24997711181640625,0.2495269775390625,0.250244140625,0.24968719482421875,0.25018882751464844,0.24969482421875,0.25003814697265625,0.249847412109375,0.25030517578125,0.2503662109375,0.2501983642578125,0.25,0.249755859375,0.250244140625,0.2498931884765625,0.250457763671875,0.2497100830078125,0.24969482421875,0.250244140625,0.2501220703125,0.24979782104492188,0.24954891204833984,0.25040435791015625,0.2499239444732666,0.2501373291015625,0.2497859001159668,0.2501564025878906,0.2496337890625,0.249755859375,0.2496185302734375,0.25,0.250244140625,0.250244140625,0.2498626708984375,0.24951171875,0.249542236328125,0.24957275390625,0.2496795654296875,0.24957275390625,0.2500762939453125,0.24951171875,0.250244140625,0.25042724609375,0.2496185302734375,0.2498779296875,0.24969482421875,0.250244140625,0.2501983642578125,0.2503700256347656,0.249664306640625,0.24957275390625,0.24990081787109375,0.24986648559570312,0.24982070922851562,0.24962425231933594,0.24996185302734375,0.250244140625,0.249755859375,0.25048828125,0.250244140625,0.2503662109375,0.249755859375,0.2499065399169922,0.24978256225585938,0.2497100830078125,0.25054931640625,0.25018310546875,0.249664306640625,0.2501373291015625,0.24962997436523438,0.24971771240234375,0.2502403259277344,0.2498321533203125,0.25003814697265625,0.25,0.25046539306640625,0.2503328323364258,0.24991321563720703,0.2500114440917969,0.2503390312194824,0.2496185302734375,0.24991607666015625,0.25020790100097656,0.249969482421875,0.2501983642578125,0.2498607635498047,0.24992752075195312,0.24980926513671875,0.24958038330078125,0.2500743865966797,0.25046539306640625,0.24974822998046875,0.250396728515625,0.250244140625,0.2502174377441406,0.249847412109375,0.24998092651367188,0.250244140625,0.2496490478515625,0.2501373291015625,0.250030517578125,0.2501983642578125,0.24983978271484375,0.25019073486328125,0.2501678764820099,0.25054168701171875,0.25000959634780884,0.25,0.2500610649585724,0.25000008940696716,0.25,0.249603271484375,0.250091552734375,0.2497100830078125,0.2501220703125,0.24970626831054688,0.2501220703125,0.2504081726074219,0.2500801086425781,0.249786376953125,0.2498779296875,0.249725341796875,0.25008392333984375,0.25046539306640625,0.250091552734375
Subdichotomies,org,0.1668701171875,0.1665446013212204,0.1669921875,0.1666666865348816,0.1668294370174408,0.1669108122587204,0.16675499081611633,0.1666158139705658,0.16656765341758728,0.16680908203125,0.16694276034832,0.1668294370174408,0.1668294370174408,0.1665446013212204,0.1669921875,0.1666666716337204,0.1669515073299408,0.1669921875,0.1663411557674408,0.1668294370174408,0.1669921875,0.1668720245361328,0.1666107177734375,0.16668701171875,0.1667022705078125,0.1667073667049408,0.1668141782283783,0.1666056364774704,0.1668294370174408,0.1666666716337204,0.1664835661649704,0.1664632260799408,0.1668192595243454,0.16650390625,0.166748046875,0.166595458984375,0.1666971892118454,0.1668294370174408,0.16656494140625,0.1666768491268158,0.16639837622642517,0.1667073667049408,0.166473388671875,0.1668294370174408,0.1665242612361908,0.1663258969783783,0.166534423828125,0.1667684018611908,0.166748046875,0.1666666716337204,0.1665852963924408,0.1666615903377533,0.1666259765625,0.1666666716337204,0.1666666716337204,0.16668701171875,0.16680908203125,0.1665293425321579,0.1666005551815033,0.166595458984375,0.16677729785442352,0.1664327085018158,0.1666463315486908,0.16650390625,0.1664835661649704,0.16668701171875,0.1666666716337204,0.1668701171875,0.1663818359375,0.1668294370174408,0.1666666716337204,0.1666666716337204,0.1665852963924408,0.1668294370174408,0.1669515073299408,0.1665852963924408,0.166748046875,0.1663920134305954,0.1669515073299408,0.1666819304227829,0.16693115234375,0.1668497771024704,0.1668650358915329,0.1670176237821579,0.1668497771024704,0.1670074462890625,0.1665242612361908,0.1668294370174408,0.166748046875,0.1668701171875,0.16650390625,0.1664225310087204,0.16673025488853455,0.1665852963924408,0.1665751188993454,0.16650390625,0.166748046875,0.1669108122587204,0.1668294370174408,0.1666259765625,0.1666666716337204,0.166748046875,0.166748046875,0.1667073667049408,0.1668294370174408,0.1666666716337204,0.16650390625,0.166748046875,0.16650390625,0.166748046875,0.166748046875,0.1666666716337204,0.1666259765625,0.1667073667049408,0.1666666716337204,0.1664632260799408,0.1664937436580658,0.1669718474149704,0.1666514128446579,0.16667819023132324,0.16656208038330078,0.16645416617393494,0.16688501834869385,0.16690024733543396,0.16697494685649872,0.1667034924030304,0.1665547788143158,0.1664632260799408,0.166665717959404,0.1663462370634079,0.1665242612361908,0.1668802946805954,0.1668974608182907,0.16668701171875,0.16653697192668915,0.1664225310087204,0.16696994006633759,0.1667277067899704,0.16680209338665009,0.16659483313560486,0.16642546653747559,0.1669057309627533,0.166778564453125,0.1666666716337204,0.16648197174072266,0.16639773547649384,0.16672644019126892,0.16659419238567352,0.16663360595703125,0.16680908203125,0.1664632260799408,0.16679129004478455,0.1669362485408783,0.16689810156822205,0.16673247516155243,0.16690263152122498,0.16696421802043915,0.16665586829185486,0.1667095422744751,0.1666954755783081,0.16673414409160614,0.1669376790523529,0.16647720336914062,0.1664021909236908,0.16692909598350525,0.1669178009033203,0.16671113669872284,0.16679048538208008,0.1665852963924408,0.1669718474149704,0.1665903776884079,0.1665446013212204,0.1665751188993454,0.1663818359375,0.16675280034542084,0.16658782958984375,0.1663614958524704,0.16661708056926727,0.166534423828125,0.1667684018611908,0.1663970947265625,0.1669158935546875,0.16693115234375,0.1668294370174408,0.1666666716337204,0.16687330603599548,0.16652044653892517,0.16678540408611298,0.16638073325157166,0.16640663146972656,0.16693115234375,0.1667277067899704,0.16664886474609375,0.1665802001953125,0.166900634765625,0.16648165881633759,0.16647085547447205,0.16635005176067352,0.1667582243680954,0.1666971892118454,0.1668802946805954,0.1665242612361908,0.16677284240722656,0.16648101806640625,0.1665547788143158,0.1667887419462204,0.1666126251220703,0.16690954566001892,0.1664327085018158,0.166748046875,0.1667734831571579,0.1667531430721283,0.1665242612361908,0.16664378345012665,0.1668294370174408,0.1667073667049408,0.16650263965129852,0.1666666716337204,0.16695913672447205,0.1667277067899704,0.1667073667049408,0.1669413298368454,0.16680908203125,0.16657257080078125,0.1666717529296875,0.1666666716337204,0.1663614958524704,0.1666971892118454,0.16680908203125,0.1668294370174408,0.16635386645793915,0.1665446013212204,0.1669413298368454,0.16693115234375,0.16668701171875,0.16632080078125,0.1666259765625,0.1665700376033783,0.1669057309627533,0.1667073667049408,0.166656494140625,0.1666259765625,0.16652297973632812,0.16641490161418915,0.1668294370174408,0.1667989194393158,0.1665414273738861,0.1663740873336792,0.16684851050376892,0.16697058081626892,0.1669718474149704,0.1668965071439743,0.166748046875,0.1667633056640625,0.1663462370634079,0.1666259765625,0.1668701171875,0.1665700376033783,0.16680908203125,0.16654586791992188,0.16645050048828125,0.16650390625,0.1667836606502533,0.1668701171875,0.16656494140625,0.16683325171470642,0.1664225310087204,0.1667277067899704,0.16645559668540955,0.1667684018611908,0.1667277067899704,0.1669209897518158,0.166748046875,0.1670023649930954,0.1668701171875,0.1666005551815033,0.1667073667049408,0.1668294370174408,0.1667277067899704,0.16644287109375,0.16656240820884705,0.16643397510051727,0.1669260710477829,0.1664581298828125,0.16650390625,0.1666463315486908,0.16668701171875,0.1666717529296875,0.1665751188993454,0.1669515073299408,0.16644541919231415,0.1668802946805954,0.1669464111328125,0.16698965430259705,0.166961669921875,0.1664937436580658,0.16657257080078125,0.16642379760742188,0.1666056364774704,0.1666768491268158,0.1666615903377533,0.1667633056640625,0.1663818359375,0.16688792407512665,0.16672515869140625,0.1667226254940033,0.1664632260799408,0.1666412353515625,0.16681163012981415,0.16656796634197235,0.1665802001953125,0.1668701171875,0.16691717505455017,0.16686248779296875,0.16651153564453125,0.1668192595243454,0.1665261685848236,0.1667836606502533,0.1668294370174408,0.16657766699790955,0.16643142700195312,0.16638946533203125,0.1667633056640625,0.1662394255399704,0.166748046875,0.1667887419462204,0.1664276123046875,0.1667531430721283,0.1665446013212204,0.1669565886259079,0.1664632260799408,0.1666259765625,0.1670125424861908,0.1664835661649704,0.1667684018611908,0.1667073667049408,0.16661326587200165,0.1667582243680954,0.16668701171875,0.1663818359375,0.1665293425321579,0.1664021909236908,0.1669362485408783,0.16646862030029297,0.1668294370174408,0.1666158139705658,0.166839599609375,0.1664632260799408,0.1668446958065033,0.166473388671875,0.1667277067899704,0.1665293425321579,0.16644541919231415,0.1669718474149704,0.1665496826171875,0.16672897338867188,0.1669515073299408,0.16692352294921875,0.1664632260799408,0.16675949096679688,0.1664632260799408,0.1667887419462204,0.1667633056640625,0.1666005551815033,0.166748046875,0.166351318359375,0.1664784848690033,0.1663920134305954,0.1666361540555954,0.1670328825712204,0.1667277067899704,0.1666259765625,0.1667684018611908,0.1666768491268158,0.1670328825712204,0.1663818359375,0.1665446013212204,0.1668497771024704,0.1668294370174408,0.1669921875,0.1669921875,0.1666666716337204,0.16650390625,0.16636912524700165,0.1664021909236908,0.1664225310087204,0.16656494140625,0.1664530485868454,0.1666463315486908,0.1669108122587204,0.1666361540555954,0.1669108122587204,0.16681842505931854,0.16657797992229462,0.16686376929283142,0.16652679443359375,0.16667458415031433,0.16666752099990845,0.16681146621704102,0.1666615903377533,0.1669464111328125,0.1669158935546875,0.1664276123046875,0.16650390625,0.166717529296875,0.1668853759765625,0.1667073667049408,0.166748046875,0.16678111255168915,0.1668701171875,0.1664072722196579,0.1665802001953125,0.1670125424861908,0.1670328825712204,0.1666666716337204,0.166748046875,0.1666259765625,0.16687075793743134,0.1663818359375,0.1666666716337204,0.1665293425321579,0.16686344146728516,0.16636721789836884,0.1666717529296875,0.16675186157226562,0.16681289672851562,0.1666666716337204,0.166717529296875,0.16656494140625,0.1667073667049408,0.16678619384765625,0.1665852963924408,0.16656494140625,0.16650390625,0.16672007739543915,0.16643206775188446,0.1664225310087204,0.1665446013212204,0.1665627360343933,0.16644287109375,0.16655731201171875,0.1669921875,0.1668497771024704,0.1664632260799408,0.1669108122587204,0.166778564453125,0.1666259765625,0.1667684018611908,0.16657257080078125,0.1664225310087204,0.16680908203125,0.1665446013212204,0.1664225310087204,0.1667277067899704,0.166717529296875,0.16643016040325165,0.1668497771024704,0.16665522754192352,0.16676077246665955,0.1665872037410736,0.16671960055828094,0.16685549914836884,0.1669158935546875,0.16689905524253845,0.1669362485408783,0.1665852963924408,0.1668955534696579,0.16650390625,0.1666259765625,0.1667277067899704,0.1668446958065033,0.1666056364774704,0.1664021909236908,0.1664327085018158,0.16683578491210938,0.16676077246665955,0.1666463315486908,0.1665242612361908,0.16644287109375,0.1665852963924408,0.16664886474609375,0.1663818359375,0.16678747534751892,0.16643652319908142,0.16634559631347656,0.1666259765625,0.16695129871368408,0.1663614958524704,0.1664632260799408,0.16690127551555634,0.16644033789634705,0.1668853759765625,0.16661326587200165,0.1664937436580658,0.16637548804283142,0.1665654182434082,0.16692861914634705,0.166473388671875,0.1665293425321579,0.166748046875,0.16693115234375,0.16680908203125,0.1665140837430954,0.166748046875,0.16631445288658142,0.1668345183134079,0.1664021909236908,0.1667073667049408,0.1666971892118454,0.16676077246665955,0.1666615903377533,0.1667589247226715,0.1663818359375,0.1667073667049408,0.1667226254940033,0.1665446013212204,0.1663614958524704,0.1667887419462204,0.1669718474149704,0.1666666716337204,0.16657130420207977,0.16649119555950165,0.1670125424861908,0.1665547788143158,0.1668701171875,0.1665852963924408,0.1669921875,0.166900634765625,0.1666259765625,0.1666024625301361,0.1666666716337204,0.1666666716337204,0.16666673123836517,0.1667226254940033,0.16680908203125,0.1668701171875,0.166748046875,0.16650390625,0.166748046875,0.1664174497127533,0.1668701171875,0.1666158139705658,0.1666463315486908,0.1664021909236908,0.16656494140625,0.1666666716337204,0.1668701171875,0.16696040332317352,0.166748046875,0.1668345183134079,0.1668548583984375,0.1668192595243454,0.1664225310087204,0.1665547788143158,0.166839599609375,0.1669057309627533,0.166656494140625,0.1664225310087204,0.1667073667049408,0.1668516844511032,0.1668701171875,0.1665852963924408,0.166595458984375,0.1668853759765625,0.1665446013212204,0.1665852963924408,0.1663818359375,0.1667073667049408,0.166656494140625,0.16673406958580017,0.16680908203125,0.16697248816490173,0.16685359179973602,0.1669209897518158,0.1669108122587204,0.1669108122587204,0.1668497771024704,0.1666259765625,0.1666768491268158,0.1668752133846283,0.166748046875,0.1664632260799408,0.1667073667049408,0.1668955534696579,0.1668904721736908,0.1668497771024704,0.16694895923137665,0.1663614958524704,0.1664327085018158,0.1664530485868454,0.1664530485868454,0.1667582243680954,0.16650390625,0.1668497771024704,0.1668294370174408,0.16647720336914062,0.1667073667049408,0.1664632260799408,0.1666666716337204,0.166656494140625,0.166748046875,0.1666615903377533,0.1668904721736908,0.1667303740978241,0.1669667661190033,0.1669515073299408,0.1669718474149704,0.1665852963924408,0.1663004606962204,0.1667073667049408,0.1664327085018158,0.1667073667049408,0.1662394255399704,0.1664835661649704,0.1666971892118454,0.1663716733455658,0.1668243408203125,0.1667378842830658,0.1663309782743454,0.16637858748435974,0.16685962677001953,0.16647371649742126,0.1668197363615036,0.16634368896484375,0.1664225310087204,0.1669515073299408,0.16650390625,0.1667684018611908,0.1662699431180954,0.1663665771484375,0.166778564453125,0.1666463315486908,0.1669871062040329,0.16656494140625,0.1663920134305954,0.16678111255168915,0.1665191650390625,0.16647593677043915,0.16650423407554626,0.1663614958524704,0.1668345183134079,0.1667378842830658,0.1666666716337204,0.16654205322265625,0.1664225310087204,0.166748046875,0.1663818359375,0.1665903776884079,0.16669592261314392,0.166778564453125,0.1668802946805954,0.1664276123046875,0.16683197021484375,0.16641268134117126,0.1667887419462204,0.1665058135986328,0.16665124893188477,0.1668686866760254,0.16675059497356415,0.16638311743736267,0.16637611389160156,0.1663818359375,0.16645178198814392,0.1668904721736908,0.166412353515625,0.16648229956626892,0.1664225310087204,0.16680145263671875,0.16632080078125,0.1665140837430954,0.1665802001953125,0.1664632260799408,0.1667073667049408,0.166748046875,0.166961669921875,0.1664530485868454,0.1666768491268158,0.1665852963924408,0.1669921875,0.16667334735393524,0.16654269397258759,0.16692733764648438,0.16641387343406677,0.1663970947265625,0.166900634765625,0.16698329150676727,0.166290283203125,0.1665242612361908,0.1665852963924408,0.1664835661649704,0.1668599545955658,0.1670125424861908,0.16687774658203125,0.16679637134075165,0.16669082641601562,0.16688792407512665,0.1668701171875,0.1664276123046875,0.1665751188993454,0.166473388671875,0.1664021909236908,0.1666463315486908,0.1665242612361908,0.1666463315486908,0.1666056364774704,0.1664835661649704,0.166778564453125,0.16656240820884705,0.16687393188476562,0.166635200381279,0.16683197021484375,0.16653871536254883,0.1669667661190033,0.16656240820884705,0.1667734831571579,0.1665395200252533,0.1666666716337204,0.16645050048828125,0.166748046875,0.1670125424861908,0.1666056364774704,0.1663716733455658,0.16645050048828125,0.16678619384765625,0.1668294370174408,0.16697058081626892,0.16686248779296875,0.16692733764648438,0.16687266528606415,0.1666698455810547,0.16692733764648438,0.16664695739746094,0.16691908240318298,0.16642189025878906,0.16634845733642578,0.16679129004478455,0.16646303236484528,0.16683101654052734,0.16698932647705078,0.16650208830833435,0.16635195910930634,0.1667226254940033,0.16671881079673767,0.1666056364774704,0.16656875610351562,0.16647212207317352,0.16681289672851562,0.1663665771484375,0.16686885058879852,0.166534423828125,0.16695372760295868,0.16684341430664062,0.1668192595243454,0.1667836606502533,0.166717529296875,0.16629156470298767,0.166778564453125,0.1669635772705078,0.1668904721736908,0.16694259643554688,0.16663360595703125,0.16692416369915009,0.1666005551815033,0.16666671633720398,0.1667836606502533,0.1663527488708496,0.1666666716337204,0.16671034693717957,0.1666666716337204,0.1666666716337204,0.16685104370117188,0.16640345752239227,0.1664225310087204,0.1665547788143158,0.16674041748046875,0.1666463315486908,0.16644605994224548,0.16657957434654236,0.16661643981933594,0.16665300726890564,0.1668294370174408,0.16672611236572266,0.166412353515625,0.16647593677043915
Aguglia,org,0.3331705927848816,0.3336588740348816,0.3336588740348816,0.3333333432674408,0.3336588740348816,0.3330078125,0.3330078125,0.3328450620174408,0.3328450620174408,0.3330078125,0.3334452509880066,0.3336588740348816,0.3336588740348816,0.3330078125,0.333984375,0.3333333432674408,0.3339030146598816,0.3336588740348816,0.3337605893611908,0.3326823115348816,0.3336588740348816,0.3329874873161316,0.3331705927848816,0.3330892026424408,0.3331705927848816,0.3334147334098816,0.333740234375,0.332763671875,0.3336588740348816,0.333984375,0.3336588740348816,0.3330078125,0.3330078125,0.3336588740348816,0.3330078125,0.3331298828125,0.3330078125,0.3336588740348816,0.33349609375,0.3335164487361908,0.3339436948299408,0.3331705927848816,0.333251953125,0.3336588740348816,0.3326823115348816,0.332763671875,0.3334452509880066,0.3333333432674408,0.3328450620174408,0.3336588740348816,0.333984375,0.333984375,0.3327229917049408,0.3333333432674408,0.3333333432674408,0.3326823115348816,0.3338216245174408,0.3343099057674408,0.3332316279411316,0.33349609375,0.3330434262752533,0.333251953125,0.333984375,0.3338216245174408,0.333984375,0.3330078125,0.333984375,0.333984375,0.333984375,0.3330078125,0.3333333432674408,0.3330078125,0.333984375,0.333984375,0.3336588740348816,0.3336588740348816,0.3326823115348816,0.3336995542049408,0.3326823115348816,0.3338216245174408,0.3333333432674408,0.333251953125,0.333984375,0.3336588740348816,0.3336588740348816,0.3340250849723816,0.333740234375,0.3328450620174408,0.3341471552848816,0.3333333432674408,0.3333333432674408,0.3333333432674408,0.333251953125,0.3330078125,0.3330078125,0.3328450620174408,0.3330078125,0.3333333432674408,0.3330078125,0.3330078125,0.3333333432674408,0.3333333432674408,0.3333333432674408,0.3333333432674408,0.3333333432674408,0.3333333432674408,0.3333333432674408,0.3333333432674408,0.3333333432674408,0.3333333432674408,0.3333333432674408,0.3326823115348816,0.3335774838924408,0.3339589536190033,0.3336588740348816,0.3328450620174408,0.332916259765625,0.3334248960018158,0.3338623046875,0.333484023809433,0.333892822265625,0.3335469663143158,0.33350563049316406,0.33376312255859375,0.33282470703125,0.33384355902671814,0.3335774838924408,0.3329264521598816,0.3339131772518158,0.3331705927848816,0.333251953125,0.333343505859375,0.333404541015625,0.3333333432674408,0.3338623046875,0.33349609375,0.33282470703125,0.3335774838924408,0.3337860107421875,0.3339284360408783,0.3338584899902344,0.3336080014705658,0.3338216245174408,0.3338216245174408,0.3332265317440033,0.332916259765625,0.33282470703125,0.33397039771080017,0.3335774838924408,0.3331705927848816,0.33367919921875,0.3331400752067566,0.333251953125,0.33319091796875,0.3329620361328125,0.3331044614315033,0.332977294921875,0.3334147334098816,0.333770751953125,0.3335590362548828,0.332733154296875,0.3339742124080658,0.3336893916130066,0.3330485224723816,0.3330434262752533,0.33390045166015625,0.33392462134361267,0.333953857421875,0.3327229917049408,0.33379873633384705,0.33392333984375,0.3328959345817566,0.3336588740348816,0.3339030146598816,0.3331298828125,0.3329264521598816,0.3327229917049408,0.3330078125,0.3333333432674408,0.3336588740348816,0.3335368037223816,0.333984375,0.3334147334098816,0.333251953125,0.3329264521598816,0.333251953125,0.332977294921875,0.3334161639213562,0.3334129750728607,0.3331502377986908,0.33349609375,0.3330281674861908,0.3335622251033783,0.332763671875,0.33306884765625,0.3331705927848816,0.33380126953125,0.3338623046875,0.3327840268611908,0.3335774838924408,0.3331705927848816,0.33251953125,0.33319854736328125,0.3331705927848816,0.3334554135799408,0.3330892026424408,0.3334147334098816,0.3336588740348816,0.3326823115348816,0.3338826596736908,0.3331705927848816,0.3334554135799408,0.3338826596736908,0.332763671875,0.3331705927848816,0.3336385190486908,0.3327433466911316,0.3331705927848816,0.3330485224723816,0.3331705927848816,0.3336588740348816,0.333984375,0.3338216245174408,0.3335673213005066,0.332763671875,0.3336588740348816,0.3331298828125,0.33368000388145447,0.33264923095703125,0.3330281674861908,0.3340657651424408,0.3329264521598816,0.3335774838924408,0.3337809443473816,0.3335774838924408,0.3339030146598816,0.333740234375,0.33319091796875,0.3332926630973816,0.3336588740348816,0.3330078125,0.3331705927848816,0.3329671323299408,0.332763671875,0.3331298828125,0.33379238843917847,0.33301758766174316,0.33356064558029175,0.33381134271621704,0.3335215449333191,0.33386993408203125,0.33356738090515137,0.3327229917049408,0.3328043818473816,0.33301037549972534,0.3338216245174408,0.3338724970817566,0.3333333432674408,0.3331298828125,0.333587646484375,0.33290737867355347,0.3338470458984375,0.3336588740348816,0.3330892026424408,0.3335368037223816,0.3339436948299408,0.3331705927848816,0.3333333432674408,0.3326009213924408,0.3338114619255066,0.33306884765625,0.3331095576286316,0.3333943784236908,0.3338623046875,0.3339487910270691,0.33294677734375,0.3336588740348816,0.3340657651424408,0.3330485224723816,0.3330078125,0.3335164487361908,0.3331400752067566,0.3333536982536316,0.33349609375,0.3328450620174408,0.332763671875,0.333984375,0.3332112729549408,0.333984375,0.3333740234375,0.3333333432674408,0.3339030146598816,0.3326823115348816,0.3330892026424408,0.3338419795036316,0.33354824781417847,0.3333536982536316,0.333526611328125,0.3334147334098816,0.3327229917049408,0.3340657651424408,0.33331298828125,0.3331705927848816,0.3338470458984375,0.3332112729549408,0.333251953125,0.3339030146598816,0.3336588740348816,0.333293616771698,0.333251953125,0.3339030146598816,0.3330078125,0.33313751220703125,0.3331960141658783,0.3334147334098816,0.3338216245174408,0.333892822265625,0.3334859311580658,0.333343505859375,0.3337351679801941,0.3333994746208191,0.3338216245174408,0.3341471552848816,0.3333333432674408,0.3338216245174408,0.3336588740348816,0.3330078125,0.333251953125,0.333984375,0.333740234375,0.3338216245174408,0.3333536982536316,0.3336283564567566,0.3327229917049408,0.33380126953125,0.3334248960018158,0.3335774838924408,0.333526611328125,0.3330892026424408,0.3336588740348816,0.3331705927848816,0.332763671875,0.3329671323299408,0.33365949988365173,0.3330078125,0.333251953125,0.3335164487361908,0.3331502377986908,0.3330892026424408,0.3326823115348816,0.3337504267692566,0.3327535092830658,0.3328450620174408,0.3333333432674408,0.3338826596736908,0.3339436948299408,0.3332112729549408,0.333984375,0.3339030146598816,0.3338724970817566,0.3337199091911316,0.3326823115348816,0.3328450620174408,0.3329264521598816,0.3336588740348816,0.333251953125,0.3336588740348816,0.3336181640625,0.33349609375,0.33251953125,0.333740234375,0.3334554135799408,0.3336588740348816,0.332763671875,0.333251953125,0.3333333432674408,0.3338216245174408,0.3338216245174408,0.3331960141658783,0.3329264521598816,0.3336588740348816,0.3338826596736908,0.3330078125,0.3334147334098816,0.3334554135799408,0.3334147334098816,0.3328450620174408,0.3328857421875,0.3326823115348816,0.3328450620174408,0.3338623046875,0.3328450620174408,0.3335506319999695,0.3329823911190033,0.33282470703125,0.33319091796875,0.3334737718105316,0.33333367109298706,0.333282470703125,0.33338865637779236,0.33304405212402344,0.3328043818473816,0.3327535092830658,0.3326823115348816,0.333770751953125,0.33306884765625,0.33380126953125,0.3326823115348816,0.3340047299861908,0.3336588740348816,0.3326823115348816,0.3330078125,0.33349609375,0.332763671875,0.3328450620174408,0.3329264521598816,0.3336181640625,0.3334147334098816,0.333984375,0.3339030146598816,0.3330078125,0.3329722285270691,0.3328043818473816,0.33270263671875,0.3327115476131439,0.3330078125,0.3330078125,0.3332112729549408,0.3336588740348816,0.3338216245174408,0.3332926630973816,0.3336588740348816,0.3335774838924408,0.3328450620174408,0.3331248164176941,0.3334808349609375,0.3328043818473816,0.3332316279411316,0.3331127166748047,0.3338050842285156,0.3332945704460144,0.3333333432674408,0.3329671323299408,0.3330078125,0.3335774838924408,0.3326823115348816,0.3333333432674408,0.33349609375,0.3338623046875,0.3329264521598816,0.3331705927848816,0.3331502377986908,0.3333333432674408,0.3326823115348816,0.332763671875,0.3336944580078125,0.3338216245174408,0.3329671323299408,0.3328145444393158,0.3338724970817566,0.3329315185546875,0.3328857421875,0.3331705927848816,0.3328043818473816,0.3332926630973816,0.3333333432674408,0.33349609375,0.3333333432674408,0.3328450620174408,0.3336588740348816,0.333251953125,0.33349609375,0.3330078125,0.332763671875,0.3334554135799408,0.3330078125,0.3330078125,0.3330892026424408,0.3330078125,0.3328450620174408,0.3327229917049408,0.3330078125,0.333740234375,0.3339436948299408,0.33295950293540955,0.3336588740348816,0.3338206708431244,0.3326823115348816,0.33294677734375,0.333740234375,0.33392333984375,0.3336385190486908,0.33349609375,0.33367919921875,0.33306121826171875,0.3330129086971283,0.3336080014705658,0.332763671875,0.3335673213005066,0.3338216245174408,0.333740234375,0.3335368037223816,0.3335368037223816,0.3328450620174408,0.3331705927848816,0.3327229917049408,0.3336588740348816,0.3329264521598816,0.3338623046875,0.333984375,0.3330078125,0.33334845304489136,0.3336588740348816,0.3333333432674408,0.3337605893611908,0.333984375,0.3327229917049408,0.332763671875,0.3331705927848816,0.3328450620174408,0.3329366147518158,0.3341064453125,0.3329264521598816,0.3339030146598816,0.3330078125,0.3338216245174408,0.3326823115348816,0.33349609375,0.3338623046875,0.33331298828125,0.3333740234375,0.3334147334098816,0.3333336114883423,0.3332926630973816,0.33331298828125,0.3330892026424408,0.3330078125,0.3328043818473816,0.3328450620174408,0.3338216245174408,0.3328450620174408,0.3339030146598816,0.3332112729549408,0.3330078125,0.3336181640625,0.3330078125,0.3326823115348816,0.332916259765625,0.3335368037223816,0.3329264521598816,0.3329874873161316,0.3338216245174408,0.333740234375,0.3338216245174408,0.3335774838924408,0.3329671323299408,0.3334147334098816,0.3333333432674408,0.3336588740348816,0.33355712890625,0.33349609375,0.3330078125,0.3333333432674408,0.3326823115348816,0.3338216245174408,0.3326823115348816,0.3326823115348816,0.3331705927848816,0.3336944580078125,0.33349609375,0.3339030146598816,0.333526611328125,0.3335368037223816,0.3327229917049408,0.3330892026424408,0.3340250849723816,0.3336588740348816,0.3328450620174408,0.33251953125,0.3330281674861908,0.333251953125,0.3328450620174408,0.33349609375,0.3336995542049408,0.3328857421875,0.3328450620174408,0.3338419795036316,0.3334147334098816,0.33349609375,0.33270263671875,0.3332926630973816,0.3339030146598816,0.333251953125,0.33349609375,0.3333333432674408,0.3339436948299408,0.3330485224723816,0.3328450620174408,0.3338419795036316,0.3339030146598816,0.3334147334098816,0.3333333432674408,0.3333333432674408,0.333984375,0.3336588740348816,0.3330078125,0.3331705927848816,0.3333333432674408,0.33349609375,0.333984375,0.3328857421875,0.3333333432674408,0.3330078125,0.3330078125,0.3333333432674408,0.3336588740348816,0.3338216245174408,0.333404541015625,0.3336385190486908,0.3327133059501648,0.3337758481502533,0.333953857421875,0.33353108167648315,0.3336588740348816,0.3331705927848816,0.3336588740348816,0.3335774838924408,0.33349609375,0.3333333432674408,0.33294677734375,0.3334147334098816,0.3333333432674408,0.3328450620174408,0.3333333432674408,0.3336588740348816,0.3333333432674408,0.3335317075252533,0.332977294921875,0.3332354426383972,0.3336181640625,0.3330892026424408,0.3326823115348816,0.3327433466911316,0.3336080014705658,0.333251953125,0.3338419795036316,0.3329264521598816,0.3336995542049408,0.3333333432674408,0.3334401547908783,0.3330078125,0.33349609375,0.3338724970817566,0.3329296112060547,0.3338216245174408,0.33357495069503784,0.3338470458984375,0.3335043787956238,0.3331705927848816,0.333892822265625,0.3336588740348816,0.33349609375,0.33331298828125,0.3338521420955658,0.3336385190486908,0.3336995542049408,0.3333333432674408,0.3328450620174408,0.333740234375,0.333740234375,0.33349609375,0.3333333432674408,0.3336588740348816,0.3336995542049408,0.3339436948299408,0.3329366147518158,0.3336588740348816,0.3338216245174408,0.3333333432674408,0.3326924741268158,0.3334757685661316,0.3331553339958191,0.3329569697380066,0.3334910273551941,0.33376312255859375,0.3337605893611908,0.3333333432674408,0.333984375,0.3334147334098816,0.3326823115348816,0.333740234375,0.3331502377986908,0.3329264521598816,0.3330129086971283,0.3336588740348816,0.3336995542049408,0.3332112729549408,0.3334147334098816,0.3330078125,0.3337809443473816,0.3333333432674408,0.3329264521598816,0.3332926630973816,0.3331298828125,0.333984375,0.3334554135799408,0.3331705927848816,0.33297476172447205,0.33312734961509705,0.33296966552734375,0.3337199091911316,0.33397549390792847,0.3333333432674408,0.3335774838924408,0.3332926630973816,0.33349609375,0.3338216245174408,0.3335368037223816,0.3333333432674408,0.3338216245174408,0.3333333432674408,0.333740234375,0.333251953125,0.3337199091911316,0.3336588740348816,0.3339030146598816,0.3336181640625,0.3335774838924408,0.3334503173828125,0.33349609375,0.3331298828125,0.33339691162109375,0.3337911069393158,0.33306884765625,0.3329191207885742,0.33380126953125,0.33367919921875,0.3333486020565033,0.33316802978515625,0.33274078369140625,0.3328145444393158,0.3335062861442566,0.3331502377986908,0.33270263671875,0.33349609375,0.33270263671875,0.3327840268611908,0.3333536982536316,0.33386993408203125,0.3330485224723816,0.3330078125,0.33270263671875,0.33319091796875,0.333984375,0.3331705927848816,0.333984375,0.3336181640625,0.33379364013671875,0.3331298828125,0.3334859311580658,0.3329366147518158,0.33367666602134705,0.3339335322380066,0.3328555226325989,0.33359020948410034,0.3333633840084076,0.3333333432674408,0.3339872360229492,0.3334452509880066,0.3333333432674408,0.3326823115348816,0.3330586850643158,0.3326823115348816,0.3339640498161316,0.33345288038253784,0.3330180048942566,0.3335164487361908,0.333984375,0.3336588740348816,0.3336080014705658,0.3334554135799408,0.3339030146598816,0.3328450620174408,0.333282470703125
Hamulous,org,0.5,0.4990234375,0.4990234375,0.5000000596046448,0.5,0.49951171875,0.500244140625,0.500732421875,0.500244140625,0.5,0.49920654296875,0.5009765625,0.5,0.5,0.5,0.5,0.5,0.5,0.5,0.4990234375,0.4990234375,0.500732421875,0.4990234375,0.4990234375,0.4990234375,0.5,0.500732421875,0.5,0.5,0.5,0.5,0.5,0.4990234375,0.5,0.5,0.4990234375,0.5009765625,0.4990234375,0.49951171875,0.499755859375,0.5,0.5,0.4990234375,0.5,0.5,0.5,0.4993896484375,0.4990234375,0.5009765625,0.49951171875,0.5,0.500732421875,0.49951171875,0.5,0.4990234375,0.4990234375,0.4990234375,0.4990234375,0.500732421875,0.49951171875,0.50048828125,0.5,0.4990234375,0.5,0.5,0.5009765625,0.5,0.5,0.5,0.50048828125,0.5,0.5,0.5,0.5009765625,0.5,0.5,0.5,0.500244140625,0.4990234375,0.50048828125,0.49951171875,0.499755859375,0.499267578125,0.5009765625,0.5,0.5,0.4996337890625,0.5,0.4990234375,0.4993896484375,0.5,0.5,0.499755859375,0.5,0.5,0.5,0.5,0.49951171875,0.5,0.5,0.5,0.5,0.4990234375,0.4990234375,0.5,0.5009765625,0.5,0.5,0.5009765625,0.4990234375,0.5,0.4990234375,0.5,0.500244140625,0.5,0.4996795654296875,0.499755859375,0.4990234375,0.500244140625,0.5000013113021851,0.50067138671875,0.500640869140625,0.49908447265625,0.499542236328125,0.5,0.500065803527832,0.500732421875,0.500244140625,0.4991302490234375,0.4990234375,0.4990234375,0.49919891357421875,0.499481201171875,0.5,0.49920654296875,0.5,0.5004425048828125,0.49920654296875,0.49968719482421875,0.500152587890625,0.5009269714355469,0.4993133544921875,0.4993896484375,0.5009765625,0.49981689453125,0.4996795654296875,0.4998016357421875,0.500244140625,0.50048828125,0.49951171875,0.500244140625,0.5001220703125,0.5,0.499664306640625,0.49945068359375,0.4991455078125,0.49939727783203125,0.49993896484375,0.5003814697265625,0.49993133544921875,0.49988555908203125,0.49908447265625,0.50067138671875,0.4993896484375,0.49985504150390625,0.499725341796875,0.50091552734375,0.500030517578125,0.5,0.499481201171875,0.49976348876953125,0.500244140625,0.5,0.4993896484375,0.500732421875,0.499755859375,0.500732421875,0.4990234375,0.5,0.5,0.5001220703125,0.50048828125,0.4990234375,0.4993896484375,0.49932861328125,0.5006561279296875,0.49920654296875,0.5000450611114502,0.5001897811889648,0.50079345703125,0.49951171875,0.50054931640625,0.4998931884765625,0.499267578125,0.49945068359375,0.5009765625,0.49993896484375,0.4996337890625,0.5009765625,0.50048828125,0.5,0.4990234375,0.4991455078125,0.5,0.5009765625,0.5,0.499755859375,0.500244140625,0.500732421875,0.4990234375,0.5,0.49951171875,0.500732421875,0.49981689453125,0.4990234375,0.5005950927734375,0.50048828125,0.5,0.4996337890625,0.5,0.5001220703125,0.500244140625,0.5,0.4993896484375,0.5009765625,0.4990234375,0.50048828125,0.49945068359375,0.50048828125,0.5009765625,0.50018310546875,0.49951171875,0.499267578125,0.49951171875,0.5,0.5,0.5,0.5,0.499755859375,0.499755859375,0.49908447265625,0.49968719482421875,0.49951171875,0.500823974609375,0.5009765625,0.4990692138671875,0.49985504150390625,0.5003032684326172,0.4991302490234375,0.5003871917724609,0.49938201904296875,0.5008087158203125,0.5003662109375,0.5009727478027344,0.5009765625,0.50048828125,0.5009765625,0.49951171875,0.5,0.5006103515625,0.49996185302734375,0.500732421875,0.5003662109375,0.5006103515625,0.499755859375,0.499267578125,0.49951171875,0.50048828125,0.4990234375,0.499267578125,0.49951171875,0.500885009765625,0.4990234375,0.50048828125,0.50030517578125,0.5,0.500732421875,0.500244140625,0.49951171875,0.5,0.500946044921875,0.500732421875,0.5,0.4991455078125,0.4990234375,0.499755859375,0.5,0.5003662109375,0.499267578125,0.50048828125,0.5005645751953125,0.499755859375,0.4993896484375,0.5,0.4991455078125,0.5,0.50048828125,0.5005035400390625,0.49951171875,0.5,0.5,0.499267578125,0.4991455078125,0.499267578125,0.4990234375,0.5,0.4991455078125,0.50048828125,0.499359130859375,0.5,0.4993133544921875,0.499755859375,0.5003814697265625,0.5,0.5,0.4996337890625,0.49927520751953125,0.4993896484375,0.499786376953125,0.5008544921875,0.49959564208984375,0.4990234375,0.5,0.4990234375,0.5009765625,0.50048828125,0.5,0.49951171875,0.49957275390625,0.49951171875,0.5,0.500732421875,0.5001220703125,0.5,0.5001220703125,0.50048828125,0.4990234375,0.50048828125,0.49993896484375,0.50048828125,0.500244140625,0.499755859375,0.50048828125,0.5004119873046875,0.49951171875,0.5,0.499267578125,0.49969482421875,0.5001220703125,0.500732421875,0.50048828125,0.500732421875,0.5,0.49951171875,0.49951171875,0.4996337890625,0.5009765625,0.5009765625,0.5,0.499755859375,0.49951171875,0.50048828125,0.4990234375,0.4996337890625,0.4990234375,0.4990234375,0.50048828125,0.4990234375,0.500732421875,0.500732421875,0.499755859375,0.500732421875,0.4990234375,0.50048828125,0.4990234375,0.499267578125,0.5009765625,0.5,0.5001220703125,0.5008544921875,0.5,0.5,0.499267578125,0.4993896484375,0.4993896484375,0.5,0.49951171875,0.5001220703125,0.499755859375,0.5,0.499755859375,0.4990234375,0.5005683898925781,0.49951171875,0.500244140625,0.499755859375,0.5002202987670898,0.5000011920928955,0.499847412109375,0.5002155303955078,0.49932861328125,0.4990234375,0.4998779296875,0.500732421875,0.5,0.5009765625,0.5001220703125,0.5,0.500732421875,0.500244140625,0.49951171875,0.500244140625,0.5,0.499267578125,0.499755859375,0.5006103515625,0.50048828125,0.5,0.4990234375,0.50048828125,0.5,0.50006103515625,0.500244140625,0.499755859375,0.5001611709594727,0.50048828125,0.49951171875,0.499755859375,0.4990234375,0.5008544921875,0.500762939453125,0.5009765625,0.499755859375,0.5,0.500274658203125,0.499114990234375,0.4990234375,0.50042724609375,0.4998779296875,0.50048828125,0.5005645751953125,0.49951171875,0.50048828125,0.5,0.5,0.49951171875,0.5009765625,0.49951171875,0.50042724609375,0.4990234375,0.500732421875,0.50042724609375,0.500732421875,0.4993896484375,0.50048828125,0.499542236328125,0.5,0.49920654296875,0.50079345703125,0.500244140625,0.50079345703125,0.4991455078125,0.499267578125,0.5008544921875,0.500732421875,0.50048828125,0.5,0.49951171875,0.4990234375,0.49951171875,0.5,0.49951171875,0.500732421875,0.4990234375,0.5,0.500732421875,0.49951171875,0.50042724609375,0.5,0.500732421875,0.4990234375,0.4990234375,0.500762939453125,0.49969482421875,0.50042724609375,0.5,0.4993438720703125,0.5,0.49908447265625,0.5001220703125,0.500244140625,0.500244140625,0.499755859375,0.500244140625,0.5003662109375,0.4998779296875,0.49920654296875,0.500732421875,0.5006103515625,0.50048828125,0.500732421875,0.500732421875,0.500732421875,0.5,0.5,0.500457763671875,0.500732421875,0.50048828125,0.5008544921875,0.500946044921875,0.499755859375,0.5000039339065552,0.5001220703125,0.5,0.4993896484375,0.500244140625,0.500244140625,0.5,0.500732421875,0.4990234375,0.49908447265625,0.5,0.5,0.49951171875,0.50048828125,0.5009765625,0.50048828125,0.499267578125,0.500244140625,0.5,0.49981689453125,0.5,0.5000001788139343,0.50030517578125,0.50018310546875,0.5003814697265625,0.49951171875,0.49920654296875,0.5009765625,0.5003662109375,0.500244140625,0.49945068359375,0.49920654296875,0.4990234375,0.49951171875,0.49951171875,0.5001220703125,0.5005035400390625,0.500732421875,0.49932861328125,0.50067138671875,0.4991455078125,0.500244140625,0.4990234375,0.500244140625,0.500244140625,0.49981689453125,0.5,0.500244140625,0.500823974609375,0.49951171875,0.5,0.5,0.4990234375,0.5,0.5,0.5,0.500244140625,0.5001220703125,0.49969482421875,0.499267578125,0.49973297119140625,0.499542236328125,0.49981689453125,0.50048828125,0.4990234375,0.5009765625,0.5,0.5,0.499755859375,0.5,0.500732421875,0.5,0.500732421875,0.49932861328125,0.49951171875,0.499725341796875,0.4998779296875,0.5001220703125,0.499755859375,0.499755859375,0.500732421875,0.4990234375,0.500244140625,0.5009765625,0.499542236328125,0.5009765625,0.49951171875,0.499176025390625,0.5008392333984375,0.4991455078125,0.4993896484375,0.5,0.5009765625,0.5,0.5,0.4996337890625,0.5,0.499267578125,0.50048828125,0.50006103515625,0.500244140625,0.5009765625,0.5009765625,0.5009765625,0.50048828125,0.4990234375,0.500701904296875,0.5006103515625,0.5005340576171875,0.50048828125,0.49993133544921875,0.5007743835449219,0.49969482421875,0.500244140625,0.500732421875,0.5,0.499908447265625,0.4990234375,0.49951171875,0.5009765625,0.5,0.5006103515625,0.50048828125,0.500244140625,0.50079345703125,0.50054931640625,0.5008697509765625,0.5006103515625,0.5008544921875,0.50048828125,0.500335693359375,0.49981689453125,0.5000457763671875,0.4990234375,0.5009765625,0.499755859375,0.5009765625,0.499847412109375,0.5006332397460938,0.50048828125,0.499755859375,0.49993896484375,0.4991455078125,0.4990234375,0.499420166015625,0.499847412109375,0.49945068359375,0.5001220703125,0.5003662109375,0.4993133544921875,0.5,0.49927520751953125,0.49908447265625,0.499267578125,0.499755859375,0.4993896484375,0.4998779296875,0.500244140625,0.4990234375,0.49951171875,0.5009765625,0.49951171875,0.500244140625,0.5008544921875,0.5003662109375,0.500732421875,0.5,0.50048828125,0.4992828369140625,0.500762939453125,0.5005340576171875,0.5007209777832031,0.4994659423828125,0.500213623046875,0.5001068115234375,0.5009765625,0.5009765625,0.499755859375,0.500732421875,0.4990234375,0.4990234375,0.5006103515625,0.500579833984375,0.500244140625,0.50018310546875,0.5003662109375,0.5008544921875,0.49951171875,0.5006103515625,0.49981689453125,0.50048828125,0.5001220703125,0.49969482421875,0.500732421875,0.499542236328125,0.500244140625,0.500396728515625,0.50067138671875,0.499969482421875,0.4991455078125,0.4992828369140625,0.5007858276367188,0.4990692138671875,0.4998779296875,0.5,0.5,0.499267578125,0.49951171875,0.500244140625,0.5,0.499176025390625,0.49969482421875,0.49981689453125,0.499755859375,0.5000152587890625,0.499176025390625,0.500823974609375,0.5006103515625,0.50054931640625,0.50018310546875,0.49999237060546875,0.49988555908203125,0.5004177093505859,0.4990234375,0.5005645751953125,0.4998779296875,0.500335693359375,0.49908447265625,0.4994964599609375,0.49945068359375,0.49981689453125,0.500732421875,0.50006103515625,0.4994964599609375,0.49953460693359375,0.4997100830078125,0.499725341796875,0.4991912841796875,0.5009765625,0.5,0.5,0.5009765625,0.50048828125,0.5,0.49951171875,0.5008544921875,0.49981689453125,0.4998779296875,0.4993896484375,0.4996337890625,0.499114990234375,0.5009765625,0.5,0.4994354248046875,0.5000011324882507,0.5,0.5000000596046448,0.5,0.5,0.499755859375,0.5005340576171875,0.49951171875,0.499176025390625,0.499847412109375,0.4991455078125,0.50054931640625,0.5007781982421875,0.49993133544921875,0.50006103515625,0.50067138671875,0.500152587890625,0.4998779296875,0.500152587890625
Skokiaan,org,0.3330078125,0.333984375,0.333984375,0.33333539962768555,0.3336588740348816,0.3331705927848816,0.3334147334098816,0.3330078125,0.3333536982536316,0.3333333432674408,0.3336130976676941,0.333984375,0.333984375,0.3328450620174408,0.3330078125,0.3333333432674408,0.3336588740348816,0.333984375,0.3334147334098816,0.333984375,0.3330078125,0.333984375,0.33392333984375,0.3326823115348816,0.3330078125,0.3330078125,0.3336588740348816,0.3330078125,0.3336588740348816,0.3333333432674408,0.3330078125,0.333740234375,0.3338623046875,0.3330078125,0.333984375,0.3336588740348816,0.3333333432674408,0.3336588740348816,0.3330078125,0.3331298828125,0.3336181640625,0.3333333432674408,0.334228515625,0.3338216245174408,0.3336588740348816,0.333831787109375,0.3329264521598816,0.3336588740348816,0.3333333432674408,0.3326823115348816,0.3333333432674408,0.3333333432674408,0.3334554135799408,0.3326823115348816,0.3333333432674408,0.3331298828125,0.3328450620174408,0.3334452509880066,0.3338216245174408,0.332763671875,0.3334197998046875,0.3328450620174408,0.3335774838924408,0.333740234375,0.3328450620174408,0.3326823115348816,0.3336588740348816,0.333984375,0.3328450620174408,0.3326823115348816,0.3326823115348816,0.3326823115348816,0.333984375,0.3336588740348816,0.3330078125,0.3336588740348816,0.3330078125,0.333984375,0.3326823115348816,0.3332926630973816,0.3326823115348816,0.3338216245174408,0.333740234375,0.3330078125,0.333740234375,0.33331298828125,0.3336181640625,0.3333333432674408,0.33270263671875,0.333984375,0.3333333432674408,0.3326823115348816,0.3333333432674408,0.3330078125,0.333984375,0.3326823115348816,0.3330078125,0.3333333432674408,0.3326823115348816,0.3338216245174408,0.3336588740348816,0.3336588740348816,0.3333333432674408,0.3338216245174408,0.3333333432674408,0.3330078125,0.3330078125,0.333984375,0.3330078125,0.3333333432674408,0.3333333432674408,0.3333333432674408,0.3334147334098816,0.333984375,0.33367919921875,0.333282470703125,0.3331298828125,0.3339030146598816,0.3338216245174408,0.3333357572555542,0.3338235318660736,0.333443820476532,0.33378857374191284,0.33279675245285034,0.3328361511230469,0.3335186839103699,0.3334757685661316,0.3329671323299408,0.3332112729549408,0.3334147334098816,0.333709716796875,0.33380126953125,0.3337860107421875,0.3329264521598816,0.3338216245174408,0.3341471552848816,0.3328043818473816,0.3326823115348816,0.3339691162109375,0.3339640498161316,0.3339131772518158,0.3329671323299408,0.332733154296875,0.332763671875,0.33365124464035034,0.3335215449333191,0.3333536982536316,0.3334859311580658,0.3330078125,0.3328450620174408,0.3329671323299408,0.33367919921875,0.3333333432674408,0.3337504267692566,0.3330586850643158,0.33395132422447205,0.33336514234542847,0.3339589536190033,0.33278021216392517,0.3337959945201874,0.3333282470703125,0.3335622251033783,0.332977294921875,0.3338623046875,0.3334248960018158,0.33372244238853455,0.33315786719322205,0.3329111933708191,0.3328857421875,0.3328857421875,0.3335978388786316,0.3336995542049408,0.3335164487361908,0.3327229917049408,0.3332621455192566,0.3334147334098816,0.3338623046875,0.3331705927848816,0.3336588740348816,0.33349609375,0.332763671875,0.3334554135799408,0.3328450620174408,0.3328857421875,0.333343505859375,0.3327229917049408,0.3331095576286316,0.3334188461303711,0.3334938883781433,0.3332316279411316,0.3338623046875,0.3331298828125,0.3329976499080658,0.33306884765625,0.333892822265625,0.3331705927848816,0.33380126953125,0.3329569697380066,0.3329264521598816,0.3333333432674408,0.333587646484375,0.3336385190486908,0.3333702087402344,0.3333333432674408,0.3330078125,0.33349609375,0.3329060971736908,0.3337860107421875,0.3329060971736908,0.3341064453125,0.3331705927848816,0.333251953125,0.3333943784236908,0.332916259765625,0.3328450620174408,0.33352407813072205,0.3333333432674408,0.3329264521598816,0.33306884765625,0.3330078125,0.3333333432674408,0.33349609375,0.3339030146598816,0.3331502377986908,0.3336588740348816,0.33349609375,0.333740234375,0.332763671875,0.333984375,0.3333333432674408,0.3339030146598816,0.3338216245174408,0.33349609375,0.333251953125,0.3326009213924408,0.333984375,0.3333333432674408,0.3329671323299408,0.3334338068962097,0.332763671875,0.3335469663143158,0.3336944580078125,0.3332316279411316,0.3332977294921875,0.33351898193359375,0.3336944580078125,0.3332653045654297,0.33354276418685913,0.33358001708984375,0.33389028906822205,0.3334401547908783,0.33322271704673767,0.3330078125,0.3328450620174408,0.333648681640625,0.3336181640625,0.3333333432674408,0.3338216245174408,0.3326823115348816,0.3335978388786316,0.33397167921066284,0.3333333432674408,0.33251953125,0.3328450620174408,0.3335774838924408,0.3339030146598816,0.3333333432674408,0.3326823115348816,0.3343099057674408,0.3333333432674408,0.3336588740348816,0.3327535092830658,0.3331705927848816,0.333984375,0.3328450620174408,0.3326823115348816,0.3331705927848816,0.3326823115348816,0.3326823115348816,0.3333333432674408,0.3339436948299408,0.333709716796875,0.3339335322380066,0.3333333432674408,0.3326823115348816,0.33282470703125,0.3333333432674408,0.3331705927848816,0.3333740234375,0.3331705927848816,0.3334859311580658,0.3329264521598816,0.3333740234375,0.3338216245174408,0.3330078125,0.3328450620174408,0.3326823115348816,0.33282470703125,0.3336588740348816,0.3336181640625,0.3336385190486908,0.3333638608455658,0.3326823115348816,0.3336588740348816,0.3338216245174408,0.3335774838924408,0.3329722285270691,0.3330078125,0.3337389826774597,0.3329060971736908,0.3332366943359375,0.3330485224723816,0.3339335322380066,0.3330892026424408,0.3336385190486908,0.3330078125,0.33342742919921875,0.333251953125,0.3336283564567566,0.332763671875,0.3327382504940033,0.3333333432674408,0.3336588740348816,0.332763671875,0.3333333432674408,0.3330078125,0.3335774838924408,0.333740234375,0.3333740234375,0.33349609375,0.3331705927848816,0.3328450620174408,0.3338216245174408,0.333740234375,0.3335774838924408,0.3338623046875,0.332763671875,0.3336588740348816,0.3333333432674408,0.3330078125,0.3330078125,0.3336588740348816,0.33349609375,0.33350881934165955,0.3331705927848816,0.3328450620174408,0.3333333432674408,0.333526611328125,0.3338419795036316,0.3335774838924408,0.33251953125,0.33349609375,0.333984375,0.3331705927848816,0.3330485224723816,0.33349609375,0.3330078125,0.3326823115348816,0.3336588740348816,0.3332926630973816,0.3331298828125,0.3330078125,0.3330078125,0.3327229917049408,0.3331705927848816,0.3329264521598816,0.33251953125,0.3331705927848816,0.3332112729549408,0.3331298828125,0.3333333432674408,0.3332112729549408,0.33349609375,0.33349609375,0.3336588740348816,0.333251953125,0.3330078125,0.3328857421875,0.3337809443473816,0.3338216245174408,0.3330078125,0.3338216245174408,0.3326823115348816,0.3330078125,0.3330078125,0.3334147334098816,0.3329264521598816,0.3332723081111908,0.3331705927848816,0.33349609375,0.3338216245174408,0.3330078125,0.33358389139175415,0.33290356397628784,0.333984375,0.33349609375,0.33333903551101685,0.33333370089530945,0.33314037322998047,0.33342963457107544,0.33290165662765503,0.33319091796875,0.3338114619255066,0.3328043818473816,0.333038330078125,0.33286285400390625,0.3339335322380066,0.3336588740348816,0.3329671323299408,0.3333333432674408,0.3330485224723816,0.3338216245174408,0.3331705927848816,0.332763671875,0.332763671875,0.3330078125,0.3335774838924408,0.3339030146598816,0.3333333432674408,0.3330078125,0.3338216245174408,0.33331045508384705,0.3328857421875,0.3329264521598816,0.3333638608455658,0.332763671875,0.333984375,0.3332417905330658,0.33349609375,0.3329264521598816,0.3333486020565033,0.3326823115348816,0.3326823115348816,0.3331705927848816,0.3328450620174408,0.333892822265625,0.3328450620174408,0.333404541015625,0.33306026458740234,0.3337300717830658,0.3332417905330658,0.3336588740348816,0.33349609375,0.3326823115348816,0.3330078125,0.3331298828125,0.3330078125,0.3330078125,0.3339742124080658,0.3329264521598816,0.3330485224723816,0.3328654170036316,0.3330078125,0.3339030146598816,0.3330485224723816,0.3330942988395691,0.3328450620174408,0.3334147334098816,0.3335368037223816,0.3333231806755066,0.333251953125,0.3330841064453125,0.333984375,0.3330485224723816,0.333740234375,0.3339030146598816,0.3334147334098816,0.33349609375,0.33380126953125,0.33251953125,0.3335368037223816,0.3331705927848816,0.3338216245174408,0.3333333432674408,0.3340657651424408,0.3339436948299408,0.333984375,0.3336588740348816,0.3336588740348816,0.3330078125,0.3340657651424408,0.3330078125,0.3330485224723816,0.33277639746665955,0.3327115476131439,0.3330078125,0.3338610529899597,0.3332112729549408,0.3337911069393158,0.3328959345817566,0.3329925537109375,0.3332723081111908,0.3334147334098816,0.33349609375,0.3336436152458191,0.3327738642692566,0.3327382504940033,0.3336588740348816,0.33319091796875,0.3333333432674408,0.3331705927848816,0.3328857421875,0.3336995542049408,0.3333333432674408,0.3331502377986908,0.3328450620174408,0.3333333432674408,0.3330078125,0.3335774838924408,0.3339030146598816,0.3339030146598816,0.33356985449790955,0.33349609375,0.3333333432674408,0.3332011103630066,0.33349609375,0.3337809443473816,0.33349609375,0.3328857421875,0.3329264521598816,0.3337249755859375,0.3332723081111908,0.3330078125,0.3336588740348816,0.3336588740348816,0.3326823115348816,0.333984375,0.3337809443473816,0.3330892026424408,0.3336181640625,0.3335774838924408,0.3333333432674408,0.3333367109298706,0.3339030146598816,0.3338623046875,0.3333333432674408,0.3333333432674408,0.3336588740348816,0.3333333432674408,0.3335368037223816,0.3329671323299408,0.3339640498161316,0.3338826596736908,0.3333333432674408,0.3329976499080658,0.3333333432674408,0.3330281674861908,0.33396658301353455,0.3331705927848816,0.3333333432674408,0.3339131772518158,0.3332112729549408,0.3326416015625,0.3331298828125,0.3339436948299408,0.3336588740348816,0.3332112729549408,0.3326416015625,0.3330892026424408,0.3332316279411316,0.3330078125,0.3333333432674408,0.3336588740348816,0.3326823115348816,0.3328450620174408,0.3326823115348816,0.3328450620174408,0.33349609375,0.3334401547908783,0.3331095576286316,0.332763671875,0.33376821875572205,0.3334910273551941,0.33319091796875,0.3335774838924408,0.3327229917049408,0.3336181640625,0.332763671875,0.3332926630973816,0.3336385190486908,0.3337809443473816,0.3334147334098816,0.3336588740348816,0.3331095576286316,0.3339030146598816,0.33349609375,0.333892822265625,0.3333333432674408,0.3329060971736908,0.3330892026424408,0.33380126953125,0.3327229917049408,0.3336588740348816,0.3338216245174408,0.3330078125,0.3334147334098816,0.3330485224723816,0.3338216245174408,0.3328043818473816,0.3339436948299408,0.3331705927848816,0.332733154296875,0.3333333432674408,0.3338216245174408,0.33251953125,0.3336588740348816,0.3339436948299408,0.3336588740348816,0.3330078125,0.3336588740348816,0.3331705927848816,0.3330078125,0.3333333432674408,0.3331705927848816,0.3338216245174408,0.3329264521598816,0.3336181640625,0.3335368037223816,0.3330485224723816,0.33315151929855347,0.332855224609375,0.33374595642089844,0.3328285217285156,0.3336283564567566,0.3336181640625,0.3337809443473816,0.3337605893611908,0.333984375,0.3336588740348816,0.3331705927848816,0.3334147334098816,0.3333333432674408,0.3333740234375,0.333984375,0.3336588740348816,0.3338216245174408,0.3339436948299408,0.3334859311580658,0.3338114619255066,0.3335774838924408,0.3332926630973816,0.3338216245174408,0.33306884765625,0.3331298828125,0.3338216245174408,0.332916259765625,0.3330892026424408,0.333251953125,0.3332112729549408,0.3334452509880066,0.333740234375,0.3333333432674408,0.333648681640625,0.33277639746665955,0.3333333432674408,0.3332011103630066,0.33379364013671875,0.3333727717399597,0.3327229917049408,0.333251953125,0.333282470703125,0.3328450620174408,0.332977294921875,0.333831787109375,0.3330078125,0.3338826596736908,0.3330078125,0.3331298828125,0.3331705927848816,0.3326823115348816,0.33343505859375,0.3336588740348816,0.3328450620174408,0.3336181640625,0.3330892026424408,0.33355712890625,0.3334554135799408,0.3331705927848816,0.332763671875,0.3336080014705658,0.3336893916130066,0.3337148129940033,0.33277639746665955,0.3334452509880066,0.33338674902915955,0.3329976499080658,0.3330078125,0.3334147334098816,0.3338216245174408,0.3335774838924408,0.3334147334098816,0.3336588740348816,0.33380126953125,0.3332723081111908,0.3339436948299408,0.3328857421875,0.3327433466911316,0.3335774838924408,0.3339436948299408,0.3334147334098816,0.33270263671875,0.3331705927848816,0.333251953125,0.333251953125,0.3333333432674408,0.3329264521598816,0.3333333432674408,0.333251953125,0.3327624201774597,0.33331298828125,0.3335978388786316,0.333587646484375,0.3333333432674408,0.3332621455192566,0.3329060971736908,0.3330078125,0.3333333432674408,0.3327229917049408,0.3331705927848816,0.3331705927848816,0.3338216245174408,0.33281201124191284,0.3335368037223816,0.3328603208065033,0.3331705927848816,0.333831787109375,0.3335011899471283,0.3335622251033783,0.3338826596736908,0.3331095576286316,0.3338623046875,0.3328399658203125,0.3331044614315033,0.33330535888671875,0.3327013850212097,0.3337860107421875,0.3336588740348816,0.3333028256893158,0.3334706723690033,0.3328298032283783,0.3334808349609375,0.333465576171875,0.3339691162109375,0.3330281674861908,0.3328654170036316,0.33355459570884705,0.333465576171875,0.333770751953125,0.3334197998046875,0.33392333984375,0.33349609375,0.3332112729549408,0.3331095576286316,0.3337605893611908,0.3326823115348816,0.3330078125,0.3339436948299408,0.333953857421875,0.3331705927848816,0.3333943784236908,0.33306884765625,0.3329366147518158,0.3339030146598816,0.3333892822265625,0.3327433466911316,0.33269035816192627,0.3333333432674408,0.33333438634872437,0.3334452509880066,0.3333333432674408,0.3328959345817566,0.3329366147518158,0.3330892026424408,0.3332112729549408,0.3335978388786316,0.33282470703125,0.3338419795036316,0.3336181640625,0.3333943784236908,0.333465576171875,0.3334147334098816,0.3326924741268158,0.3333740234375,0.3339030146598816
Opacate,org,0.3326823115348816,0.3331705927848816,0.3336588740348816,0.3333333730697632,0.3330078125,0.3331705927848816,0.3329366147518158,0.3330078125,0.3330078125,0.3330078125,0.33329519629478455,0.3326823115348816,0.3333333432674408,0.3333333432674408,0.3326823115348816,0.3333333432674408,0.3336588740348816,0.3330078125,0.3336588740348816,0.3326823115348816,0.3336588740348816,0.3336588740348816,0.33355712890625,0.3330078125,0.3336588740348816,0.3326823115348816,0.3343099057674408,0.3326823115348816,0.3336588740348816,0.3333333432674408,0.3336588740348816,0.3330078125,0.3334147334098816,0.333984375,0.3337605893611908,0.3338623046875,0.3333333432674408,0.3336588740348816,0.33349609375,0.3336995542049408,0.3332011103630066,0.3330078125,0.3333333432674408,0.333984375,0.3330078125,0.333251953125,0.3335062861442566,0.3333333432674408,0.3330078125,0.3326823115348816,0.333984375,0.3330078125,0.333740234375,0.3330078125,0.3333333432674408,0.333740234375,0.333740234375,0.3333333432674408,0.3334757685661316,0.3340250849723816,0.3331705927848816,0.3331705927848816,0.3326823115348816,0.3336588740348816,0.3330078125,0.3333333432674408,0.333984375,0.3336588740348816,0.3330078125,0.3333333432674408,0.3333333432674408,0.333984375,0.3336588740348816,0.3330078125,0.3330078125,0.333984375,0.333984375,0.3333333432674408,0.3336588740348816,0.3328450620174408,0.3330078125,0.3333333432674408,0.3330485224723816,0.3336588740348816,0.333984375,0.3336588740348816,0.3335774838924408,0.3343099057674408,0.33349609375,0.3333333432674408,0.3333333432674408,0.3333333432674408,0.3333333432674408,0.3330078125,0.3336588740348816,0.3338216245174408,0.3330078125,0.333984375,0.3330078125,0.3330078125,0.3330078125,0.3338216245174408,0.3336588740348816,0.3336588740348816,0.3336588740348816,0.3336588740348816,0.3333333432674408,0.3333333432674408,0.3330078125,0.3330078125,0.3333333432674408,0.3326823115348816,0.3330892026424408,0.3339030146598816,0.3326823115348816,0.3328450620174408,0.3334147334098816,0.3337605893611908,0.333740234375,0.3333333432674408,0.33272361755371094,0.3330669403076172,0.3338979184627533,0.3326924741268158,0.3331451416015625,0.3334321975708008,0.3338216245174408,0.332763671875,0.3330586850643158,0.3333333432674408,0.3334147334098816,0.3331451416015625,0.33282470703125,0.333251953125,0.3332723081111908,0.3328450620174408,0.3334757685661316,0.3328450620174408,0.33268865942955017,0.3328348994255066,0.3337338864803314,0.333740234375,0.3338216245174408,0.333984375,0.33314260840415955,0.3337453305721283,0.3338267207145691,0.3336995542049408,0.3336588740348816,0.3336588740348816,0.3328450620174408,0.3328043818473816,0.3328450620174408,0.3336080014705658,0.3336181640625,0.3336995542049408,0.3330078125,0.3333028256893158,0.33333587646484375,0.3334953188896179,0.3339322507381439,0.33353424072265625,0.333465576171875,0.33355712890625,0.33331298828125,0.3339742124080658,0.333282470703125,0.3335368037223816,0.3326823115348816,0.333709716796875,0.3331502377986908,0.3330485224723816,0.333740234375,0.3337911069393158,0.3329569697380066,0.333984375,0.3339640498161316,0.3333333432674408,0.3333333432674408,0.3332112729549408,0.3338623046875,0.3329264521598816,0.3336588740348816,0.3333333432674408,0.3336995542049408,0.3330332636833191,0.3339436948299408,0.3328094482421875,0.3336823880672455,0.3333638608455658,0.3323567807674408,0.3334757685661316,0.3329060971736908,0.3338216245174408,0.3338216245174408,0.33294677734375,0.3328450620174408,0.33356475830078125,0.3336181640625,0.3329671323299408,0.333984375,0.3326823115348816,0.3333536982536316,0.3334147334098816,0.3334147334098816,0.33349609375,0.33312225341796875,0.3334147334098816,0.3339030146598816,0.3336588740348816,0.333740234375,0.3331298828125,0.333251953125,0.33355712890625,0.3338216245174408,0.3332672119140625,0.3331705927848816,0.3330078125,0.33380126953125,0.3326823115348816,0.3331705927848816,0.3333333432674408,0.3326823115348816,0.3333536982536316,0.3336588740348816,0.3328450620174408,0.3328450620174408,0.3333536982536316,0.33380126953125,0.3330078125,0.3339030146598816,0.3333333432674408,0.3336588740348816,0.3333333432674408,0.3333333432674408,0.3332112729549408,0.3330078125,0.3338216245174408,0.33349609375,0.333984375,0.3328959345817566,0.3336385190486908,0.3337605893611908,0.3332417905330658,0.3336181640625,0.3333943784236908,0.3327535092830658,0.33359527587890625,0.3338712155818939,0.33349609375,0.332916259765625,0.3337993621826172,0.3330078125,0.3327077329158783,0.3333180844783783,0.33349609375,0.3338623046875,0.3331298828125,0.3331705927848816,0.3331705927848816,0.33339691162109375,0.3336588740348816,0.3335774838924408,0.3338165283203125,0.3333740234375,0.3333384394645691,0.3333333432674408,0.3330078125,0.3330078125,0.33272045850753784,0.33383435010910034,0.3330281674861908,0.3330078125,0.3329264521598816,0.3329264521598816,0.3333333432674408,0.33392333984375,0.3330078125,0.3330892026424408,0.3335774838924408,0.3334452509880066,0.3337605893611908,0.3336385190486908,0.3334757685661316,0.33349609375,0.3335011899471283,0.3331705927848816,0.3336385190486908,0.33355712890625,0.3333333432674408,0.3327229917049408,0.3338267207145691,0.333740234375,0.3326823115348816,0.3340250849723816,0.3334147334098816,0.3326823115348816,0.3333536982536316,0.3333740234375,0.3336588740348816,0.3333333432674408,0.3331146240234375,0.3332417905330658,0.3328857421875,0.3339030146598816,0.3330078125,0.3333842158317566,0.333251953125,0.33322906494140625,0.333953857421875,0.3329874873161316,0.3330078125,0.3334554135799408,0.3336893916130066,0.3331705927848816,0.33380126953125,0.3339526057243347,0.3339335322380066,0.3333231806755066,0.3329060971736908,0.3339284360408783,0.3328043818473816,0.3328450620174408,0.3338216245174408,0.333984375,0.3326823115348816,0.3336588740348816,0.33349609375,0.3330485224723816,0.3331705927848816,0.33355712890625,0.3336588740348816,0.3335774838924408,0.333740234375,0.3334554135799408,0.3333943784236908,0.3330078125,0.3329264521598816,0.3334757685661316,0.333984375,0.332763671875,0.3337199091911316,0.3326823115348816,0.3338368833065033,0.3330078125,0.3334147334098816,0.3330892026424408,0.3329060971736908,0.333740234375,0.3331705927848816,0.333251953125,0.3332926630973816,0.3338216245174408,0.3335774838924408,0.3338623046875,0.333251953125,0.3330892026424408,0.3336588740348816,0.3336181640625,0.3330485224723816,0.3333333432674408,0.3330281674861908,0.3332926630973816,0.3335774838924408,0.3330078125,0.3330078125,0.3335774838924408,0.33349609375,0.3328450620174408,0.3334554135799408,0.3330892026424408,0.3330485224723816,0.33343505859375,0.3335774838924408,0.3328043818473816,0.3338216245174408,0.3329264521598816,0.3338216245174408,0.3329671323299408,0.3333333432674408,0.3338216245174408,0.3339030146598816,0.3330078125,0.332763671875,0.33349609375,0.3338216245174408,0.3335774838924408,0.3333943784236908,0.3336588740348816,0.3330078125,0.3340657651424408,0.3328450620174408,0.3334234654903412,0.3335011899471283,0.333251953125,0.3328857421875,0.3333570659160614,0.33333343267440796,0.332855224609375,0.3331960141658783,0.333984375,0.3331705927848816,0.3328959345817566,0.3328450620174408,0.333251953125,0.33380126953125,0.332763671875,0.33349609375,0.3329671323299408,0.3341471552848816,0.3330485224723816,0.333251953125,0.3330078125,0.3331502377986908,0.3326009213924408,0.3335774838924408,0.333740234375,0.3339030146598816,0.3333333432674408,0.3329264521598816,0.3332723081111908,0.33393988013267517,0.3333333432674408,0.3334554135799408,0.33294677734375,0.3338216245174408,0.3334147334098816,0.333740234375,0.3330078125,0.3334554135799408,0.3334452509880066,0.33349609375,0.332763671875,0.33251953125,0.33343505859375,0.3339640498161316,0.333740234375,0.33306884765625,0.3329702317714691,0.333984375,0.33277004957199097,0.33349609375,0.33349609375,0.3330078125,0.3330078125,0.332763671875,0.333984375,0.33349609375,0.3329060971736908,0.3330892026424408,0.3336588740348816,0.333984375,0.3337809443473816,0.3334147334098816,0.3336588740348816,0.333740234375,0.3336588740348816,0.3338216245174408,0.3338419795036316,0.3331400752067566,0.3330180048942566,0.3330892026424408,0.3323567807674408,0.3328450620174408,0.3330485224723816,0.3332926630973816,0.3335368037223816,0.3333333432674408,0.3332112729549408,0.3328450620174408,0.33349609375,0.3331705927848816,0.3333333432674408,0.3328450620174408,0.3328450620174408,0.3329671323299408,0.333984375,0.3333740234375,0.333984375,0.3331705927848816,0.3333333432674408,0.3332926630973816,0.3331705927848816,0.3336181640625,0.33376216888427734,0.3336995542049408,0.3336505889892578,0.3326823115348816,0.333740234375,0.3337300717830658,0.333984375,0.3328654170036316,0.3338623046875,0.3330485224723816,0.33327484130859375,0.33349165320396423,0.3336130976676941,0.3330078125,0.3330485224723816,0.33349609375,0.3336588740348816,0.332763671875,0.3336588740348816,0.3336588740348816,0.3326009213924408,0.3335774838924408,0.3333333432674408,0.33349609375,0.3330485224723816,0.3335774838924408,0.3326823115348816,0.3333527445793152,0.3331705927848816,0.3333333432674408,0.3331705927848816,0.3333333432674408,0.3332112729549408,0.3326823115348816,0.333251953125,0.3338216245174408,0.3333028256893158,0.33349609375,0.3329264521598816,0.333740234375,0.3336588740348816,0.3333333432674408,0.3330078125,0.3327229917049408,0.3331705927848816,0.3329264521598816,0.3326823115348816,0.3338216245174408,0.3333333432674408,0.3334147334098816,0.3334503173828125,0.3330078125,0.3330078125,0.3329264521598816,0.333984375,0.33343505859375,0.3331197202205658,0.333740234375,0.3338216245174408,0.3330892026424408,0.3330078125,0.3338216245174408,0.3329060971736908,0.333465576171875,0.3338216245174408,0.3331705927848816,0.3328348994255066,0.3339030146598816,0.3336588740348816,0.3330892026424408,0.332763671875,0.3336588740348816,0.3327840268611908,0.3334147334098816,0.3333333432674408,0.3326416015625,0.3328450620174408,0.333984375,0.33349609375,0.3339030146598816,0.3338216245174408,0.3330078125,0.333740234375,0.3326823115348816,0.3335368037223816,0.3337860107421875,0.3328857421875,0.333221435546875,0.3327229917049408,0.3330485224723816,0.3331705927848816,0.3338623046875,0.3330078125,0.3328450620174408,0.3333333432674408,0.33343505859375,0.3334554135799408,0.3331705927848816,0.3336588740348816,0.333251953125,0.3337809443473816,0.333251953125,0.3329569697380066,0.3333740234375,0.333984375,0.3328654170036316,0.3339436948299408,0.3335978388786316,0.332763671875,0.3336588740348816,0.3330078125,0.3336588740348816,0.3339030146598816,0.3328450620174408,0.3328857421875,0.3335368037223816,0.332763671875,0.3335774838924408,0.3328450620174408,0.3332112729549408,0.3326823115348816,0.3326823115348816,0.333740234375,0.33251953125,0.3335774838924408,0.3330078125,0.3340657651424408,0.3330078125,0.3336588740348816,0.3328450620174408,0.3333333432674408,0.3338216245174408,0.3332112729549408,0.3328450620174408,0.3330892026424408,0.33278530836105347,0.33369845151901245,0.33310064673423767,0.3336154818534851,0.3335774838924408,0.3330892026424408,0.3331298828125,0.333984375,0.3336588740348816,0.3330078125,0.3336181640625,0.3330892026424408,0.3331705927848816,0.3328654170036316,0.3338216245174408,0.3326823115348816,0.3338216245174408,0.3332112729549408,0.3338063657283783,0.3333842158317566,0.333251953125,0.3340657651424408,0.3331298828125,0.3330485224723816,0.33392333984375,0.333984375,0.3333333432674408,0.3330078125,0.3331705927848816,0.33349609375,0.332855224609375,0.333984375,0.3335774838924408,0.3337199091911316,0.3328571319580078,0.3326823115348816,0.3331095576286316,0.3327840268611908,0.3338267207145691,0.3333536982536316,0.3334147334098816,0.3339436948299408,0.3330078125,0.3333842158317566,0.33380126953125,0.3327229917049408,0.3328654170036316,0.332763671875,0.3328654170036316,0.3331705927848816,0.3330078125,0.3328450620174408,0.333984375,0.333984375,0.3336588740348816,0.33349609375,0.3329264521598816,0.3331705927848816,0.3330078125,0.33349609375,0.3339742124080658,0.3336588740348816,0.332763671875,0.3329925537109375,0.3334757685661316,0.332733154296875,0.3339030146598816,0.3333333432674408,0.3336588740348816,0.3330078125,0.3339030146598816,0.3338216245174408,0.3330892026424408,0.3340657651424408,0.3337199091911316,0.3328043818473816,0.3329264521598816,0.3333333432674408,0.332763671875,0.3336588740348816,0.3330078125,0.333740234375,0.3330078125,0.3328450620174408,0.3333333432674408,0.3338216245174408,0.3334147334098816,0.3339436948299408,0.333251953125,0.3329060971736908,0.33343505859375,0.3336385190486908,0.3339335322380066,0.3335418701171875,0.3337962031364441,0.3329264521598816,0.332763671875,0.3330078125,0.3331705927848816,0.3330078125,0.3330078125,0.3333333432674408,0.3333740234375,0.33319091796875,0.33349609375,0.3339030146598816,0.3337809443473816,0.3331705927848816,0.3331705927848816,0.3334197998046875,0.3330078125,0.3339436948299408,0.3335774838924408,0.3334147334098816,0.3338216245174408,0.3327229917049408,0.3329111933708191,0.3336588740348816,0.33321380615234375,0.3328298032283783,0.3326924741268158,0.3336588740348816,0.33376312255859375,0.3328450620174408,0.3339640498161316,0.3335774838924408,0.3329264521598816,0.3338724970817566,0.3330485224723816,0.3330892026424408,0.3336588740348816,0.3330078125,0.333251953125,0.3333333432674408,0.333251953125,0.3330078125,0.3333333432674408,0.3333333432674408,0.3335368037223816,0.3335774838924408,0.3334554135799408,0.333587646484375,0.3334757685661316,0.3330790400505066,0.3333333432674408,0.3332163691520691,0.33333390951156616,0.3333333432674408,0.33333438634872437,0.333445280790329,0.3333333432674408,0.3334859311580658,0.3336181640625,0.3328450620174408,0.3327229917049408,0.333892822265625,0.333740234375,0.3326823115348816,0.333984375,0.3336995542049408,0.3331298828125,0.3331705927848816,0.3330892026424408,0.3334147334098816,0.3328450620174408
Haveage,org,0.5,0.4990234375,0.5,0.5,0.5,0.49951171875,0.500244140625,0.500732421875,0.4990234375,0.5009765625,0.5000000596046448,0.5,0.49951171875,0.5,0.5,0.5000000596046448,0.5,0.4990234375,0.4990234375,0.5,0.5,0.5009765625,0.4991455078125,0.5,0.5,0.5009765625,0.5,0.5,0.5,0.5,0.5,0.5,0.4990234375,0.5,0.5,0.5,0.5,0.5,0.5,0.499267578125,0.5008544921875,0.5,0.5,0.4990234375,0.4990234375,0.5009765625,0.500244140625,0.5009765625,0.5,0.5,0.5,0.5,0.500732421875,0.4990234375,0.5,0.50048828125,0.5001220703125,0.5009765625,0.49908447265625,0.5008544921875,0.500732421875,0.5,0.4990234375,0.5,0.5,0.5,0.5009765625,0.5009765625,0.49951171875,0.5,0.49951171875,0.5,0.5,0.5,0.5,0.5,0.4990234375,0.5009765625,0.5,0.5,0.50048828125,0.499267578125,0.49951171875,0.50048828125,0.49951171875,0.4996337890625,0.49951171875,0.4990234375,0.5009765625,0.5,0.5009765625,0.4990234375,0.5,0.5,0.500732421875,0.5,0.4990234375,0.4990234375,0.4990234375,0.5,0.5,0.49951171875,0.5,0.5009765625,0.5,0.5009765625,0.4990234375,0.5,0.5009765625,0.49951171875,0.5009765625,0.50048828125,0.4996337890625,0.4996337890625,0.5,0.50048828125,0.499359130859375,0.50091552734375,0.500823974609375,0.5000002980232239,0.500640869140625,0.500946044921875,0.5008430480957031,0.50091552734375,0.5008544921875,0.5000364780426025,0.49957275390625,0.50048828125,0.4991455078125,0.5009765625,0.499267578125,0.5008392333984375,0.5,0.499542236328125,0.499114990234375,0.500732421875,0.50048828125,0.4993896484375,0.49920654296875,0.50042724609375,0.500457763671875,0.499420166015625,0.500732421875,0.5,0.5004730224609375,0.499908447265625,0.500335693359375,0.5008354187011719,0.500244140625,0.49951171875,0.5,0.500732421875,0.5009765625,0.5001220703125,0.50030517578125,0.500213623046875,0.499847412109375,0.500732421875,0.499359130859375,0.49906158447265625,0.500213623046875,0.5008544921875,0.500762939453125,0.500579833984375,0.49908447265625,0.4994049072265625,0.49996185302734375,0.4997711181640625,0.5000457763671875,0.5,0.49935150146484375,0.5006103515625,0.499359130859375,0.50048828125,0.499603271484375,0.5001220703125,0.50091552734375,0.5,0.5009765625,0.50048828125,0.499725341796875,0.5,0.500244140625,0.49932861328125,0.5003509521484375,0.5009651184082031,0.5003662109375,0.500147819519043,0.5003547668457031,0.49945831298828125,0.50030517578125,0.500091552734375,0.5001983642578125,0.50030517578125,0.499237060546875,0.4991455078125,0.5,0.4990386962890625,0.5,0.4993896484375,0.500732421875,0.49951171875,0.499420166015625,0.5009765625,0.5009765625,0.5,0.49993896484375,0.49951171875,0.5009765625,0.49951171875,0.4990234375,0.5001068115234375,0.49969482421875,0.49993896484375,0.4993896484375,0.5006561279296875,0.499755859375,0.500732421875,0.499542236328125,0.4993896484375,0.49951171875,0.500244140625,0.5,0.499664306640625,0.49951171875,0.5,0.500732421875,0.5006103515625,0.50030517578125,0.4990234375,0.4998779296875,0.50030517578125,0.4990234375,0.500732421875,0.5006103515625,0.49993896484375,0.500732421875,0.5009765625,0.5008544921875,0.5009765625,0.49951171875,0.499755859375,0.499755859375,0.50006103515625,0.499267578125,0.50018310546875,0.4991302490234375,0.5001802444458008,0.4998016357421875,0.5003204345703125,0.50067138671875,0.5005340576171875,0.50048828125,0.50067138671875,0.499786376953125,0.5,0.49951171875,0.499755859375,0.5009765625,0.5009765625,0.50079345703125,0.50048828125,0.49945068359375,0.5,0.5,0.5,0.499267578125,0.49951171875,0.5009765625,0.4996337890625,0.49999237060546875,0.500274658203125,0.499267578125,0.5003662109375,0.4997406005859375,0.49951171875,0.50079345703125,0.5009765625,0.5,0.4998779296875,0.4990234375,0.50048828125,0.4996337890625,0.49993896484375,0.5,0.5008544921875,0.5,0.49945068359375,0.499755859375,0.5009765625,0.5009765625,0.4996337890625,0.50042724609375,0.5,0.500732421875,0.5,0.5009765625,0.4991912841796875,0.5,0.5,0.4990234375,0.50091552734375,0.500244140625,0.49932861328125,0.4990234375,0.499267578125,0.50079345703125,0.49951171875,0.49947357177734375,0.500732421875,0.50018310546875,0.5,0.5008544921875,0.5001220703125,0.5009765625,0.4996337890625,0.500152587890625,0.5008544921875,0.4993896484375,0.500732421875,0.500579833984375,0.49945068359375,0.5,0.5,0.49951171875,0.5,0.5,0.499267578125,0.50048828125,0.4998779296875,0.49951171875,0.5,0.49981689453125,0.5,0.49957275390625,0.5001220703125,0.5,0.5008544921875,0.49993896484375,0.5,0.5,0.4990234375,0.500732421875,0.5002899169921875,0.5009765625,0.500244140625,0.5,0.499542236328125,0.4990234375,0.49993896484375,0.49908447265625,0.49951171875,0.500244140625,0.499267578125,0.5009765625,0.49951171875,0.4993896484375,0.50048828125,0.4991455078125,0.499176025390625,0.499359130859375,0.4996337890625,0.49951171875,0.499298095703125,0.500732421875,0.499267578125,0.5,0.49908447265625,0.50054931640625,0.4993896484375,0.499267578125,0.49920654296875,0.499267578125,0.4993896484375,0.50048828125,0.50048828125,0.49951171875,0.5,0.500732421875,0.49951171875,0.4990234375,0.5009765625,0.5,0.499725341796875,0.4990234375,0.500732421875,0.500732421875,0.5001220703125,0.499755859375,0.49951171875,0.5008544921875,0.5,0.5008392333984375,0.5,0.4993896484375,0.4998779296875,0.5004386901855469,0.5000019073486328,0.499847412109375,0.5003509521484375,0.50042724609375,0.5009765625,0.4991455078125,0.49951171875,0.49920654296875,0.4998779296875,0.50067138671875,0.499755859375,0.50054931640625,0.500732421875,0.49920654296875,0.49951171875,0.5,0.4994964599609375,0.5,0.500732421875,0.49908447265625,0.5,0.499755859375,0.50054931640625,0.499755859375,0.5009613037109375,0.5008544921875,0.500732421875,0.499542236328125,0.5,0.500732421875,0.4993896484375,0.49951171875,0.50018310546875,0.4996337890625,0.49951171875,0.4998779296875,0.50048828125,0.49904632568359375,0.4991455078125,0.499755859375,0.499755859375,0.500244140625,0.5,0.49945068359375,0.500732421875,0.5009765625,0.5,0.500244140625,0.5008544921875,0.5,0.500244140625,0.4996337890625,0.49951171875,0.5,0.50067138671875,0.5009765625,0.49951171875,0.4990234375,0.4992828369140625,0.4990234375,0.5001220703125,0.5006103515625,0.499908447265625,0.49969482421875,0.499481201171875,0.49951171875,0.4991455078125,0.5008544921875,0.499267578125,0.499267578125,0.49951171875,0.49908447265625,0.50048828125,0.5,0.49951171875,0.5001220703125,0.499755859375,0.5,0.499481201171875,0.500732421875,0.5001220703125,0.5,0.500244140625,0.5,0.49951171875,0.49932861328125,0.49945068359375,0.49976348876953125,0.50048828125,0.49951171875,0.4996337890625,0.49951171875,0.5008544921875,0.4998779296875,0.5003662109375,0.4996337890625,0.4990234375,0.499847412109375,0.500213623046875,0.5003509521484375,0.50048828125,0.500732421875,0.49951171875,0.4991455078125,0.50030517578125,0.5,0.499755859375,0.5,0.49951171875,0.5,0.5,0.500244140625,0.5008544921875,0.500732421875,0.5002765655517578,0.500244140625,0.5,0.499755859375,0.49951171875,0.49969482421875,0.5,0.4990234375,0.50048828125,0.5001220703125,0.5,0.500244140625,0.500244140625,0.500732421875,0.50048828125,0.5,0.5001220703125,0.4998779296875,0.5,0.49969482421875,0.500732421875,0.5000000596046448,0.5,0.500152587890625,0.50054931640625,0.5009765625,0.49908447265625,0.5009765625,0.50048828125,0.500732421875,0.5008544921875,0.499664306640625,0.4990234375,0.5,0.4990234375,0.500244140625,0.5003662109375,0.500732421875,0.50048828125,0.499237060546875,0.500732421875,0.50048828125,0.500244140625,0.5,0.5,0.50048828125,0.500732421875,0.5,0.5,0.499755859375,0.5,0.5,0.49993896484375,0.50048828125,0.5009765625,0.49951171875,0.4998779296875,0.499542236328125,0.50067138671875,0.500732421875,0.50079345703125,0.50030517578125,0.50054931640625,0.499267578125,0.50048828125,0.499267578125,0.50048828125,0.500732421875,0.50054931640625,0.5,0.4990234375,0.5,0.50079345703125,0.4993896484375,0.50048828125,0.5,0.5,0.4996337890625,0.5008544921875,0.5006103515625,0.49981689453125,0.5009765625,0.50048828125,0.5009765625,0.5,0.49951171875,0.5,0.5008544921875,0.499755859375,0.50048828125,0.4993896484375,0.50048828125,0.49951171875,0.5009765625,0.5,0.5,0.4990234375,0.5001220703125,0.5,0.49951171875,0.5,0.5,0.5,0.49951171875,0.5,0.5,0.5006103515625,0.499755859375,0.49909210205078125,0.49951171875,0.5001220703125,0.5006141662597656,0.500732421875,0.49951171875,0.4996337890625,0.5,0.5009765625,0.4990234375,0.50048828125,0.50048828125,0.499755859375,0.4991455078125,0.4990234375,0.4990234375,0.49951171875,0.50048828125,0.4994964599609375,0.499267578125,0.4998779296875,0.4990234375,0.49993896484375,0.499755859375,0.499755859375,0.5009765625,0.4990234375,0.49951171875,0.500244140625,0.50048828125,0.5,0.499755859375,0.49951171875,0.5001220703125,0.500244140625,0.4990234375,0.500946044921875,0.5003662109375,0.499908447265625,0.5006103515625,0.500244140625,0.499969482421875,0.5009765625,0.50048828125,0.500244140625,0.49951171875,0.500244140625,0.500732421875,0.500244140625,0.5008544921875,0.500732421875,0.50048828125,0.4990234375,0.50048828125,0.500732421875,0.5,0.5003662109375,0.5,0.4990234375,0.500732421875,0.4991455078125,0.5009765625,0.500762939453125,0.49920654296875,0.49951171875,0.4991455078125,0.49951171875,0.5009765625,0.5009765625,0.4990234375,0.5009765625,0.499755859375,0.50048828125,0.4993896484375,0.4991455078125,0.49951171875,0.49951171875,0.499267578125,0.5,0.499267578125,0.50048828125,0.5009765625,0.49951171875,0.4990234375,0.499267578125,0.5,0.49951171875,0.5009765625,0.49973297119140625,0.49920654296875,0.50079345703125,0.50067138671875,0.4994964599609375,0.500244140625,0.4990997314453125,0.49932861328125,0.5,0.500732421875,0.49951171875,0.49951171875,0.5009765625,0.49951171875,0.5008697509765625,0.499542236328125,0.499359130859375,0.500732421875,0.50042724609375,0.499755859375,0.5001220703125,0.4996337890625,0.49993896484375,0.4992828369140625,0.5001220703125,0.5003662109375,0.50042724609375,0.499053955078125,0.5002593994140625,0.5,0.5,0.500762939453125,0.499542236328125,0.49908447265625,0.499053955078125,0.500732421875,0.4996337890625,0.500244140625,0.499267578125,0.49993896484375,0.499237060546875,0.5008697509765625,0.4990234375,0.500732421875,0.500244140625,0.4990234375,0.49951171875,0.5,0.500244140625,0.499359130859375,0.49957275390625,0.5,0.50042724609375,0.4993896484375,0.4996337890625,0.5006103515625,0.5,0.5006561279296875,0.5000083446502686,0.5,0.5000030994415283,0.5,0.5,0.50048828125,0.5,0.5009765625,0.5,0.499267578125,0.4993896484375,0.4991455078125,0.5,0.499755859375,0.5009765625,0.49981689453125,0.4996337890625,0.5009765625,0.500244140625
