entity,pc1,pc2,pca_r,u1,u2,umap_r
Pyloroscirrhus,-5.5127983,-9.823882,11.264974,-3.8106387,1.004996,1.6183518
Boxinesses,-0.7453154,8.726652,8.758421,-2.961308,-1.9708043,1.784556
Allosaurus,4.343164,6.494347,7.8127847,-2.934583,-0.7019007,0.54038787
Sacramentalis,-4.3477325,-5.0450673,6.6599917,-4.578156,-0.37276536,1.8545527
Enclog,-0.5919913,-15.2341585,15.245657,-2.8741002,1.4223317,1.6296753
Discontinuer,2.816051,-6.691993,7.2603664,-3.0524821,1.3021235,1.5370959
Defensible,4.372264,26.599981,26.956923,-1.0441769,-1.5016489,2.1304252
Casper,0.8323985,-16.81695,16.83754,-2.6805682,0.6127017,0.8153964
Rorqual,-1.9935716,-11.813998,11.981023,-4.43125,1.761512,2.5962987
Blemisher,-3.8212833,14.469419,14.965502,-0.55250055,0.4335098,2.269593
Primogenial,3.3149266,2.158994,3.9560068,-3.0996544,-0.32001895,0.3868224
Sabbathaic,-4.0446696,2.3607478,4.6832128,-2.8440115,0.7657913,0.9734063
Truckle,0.39429012,9.266345,9.274729,-3.022173,-1.5750444,1.4043434
Neurology,3.1971354,-3.709975,4.8975086,-3.0304997,-0.011495008,0.35399312
Beebreads,-1.0821781,52.18559,52.196808,-0.9101802,-3.1863775,3.4970467
Overdebilitate,3.3236098,14.24351,14.62614,-1.9877012,-1.7298334,1.7001072
Insteam,1.9457352,16.856857,16.96878,-0.5333868,0.28400964,2.2510707
Amphiploid,5.826739,10.563804,12.064195,-3.1760104,-1.1767728,1.0721343
Amylolytic,-1.2386653,-6.322465,6.4426594,-4.516627,-0.3805185,1.7940556
Betula,0.06178248,-12.192768,12.192925,-3.4712665,1.1409459,1.5323972
Daughtership,5.1172204,-34.827015,35.20095,-3.4869187,2.1100664,2.431469
Detailist,0.7924854,-9.991575,10.022955,-1.8865814,1.324779,1.7442191
Metallize,1.1589613,-7.0170994,7.112164,-2.9270523,1.1588626,1.3739393
Pallial,1.0740563,10.375649,10.431092,-3.97838,-1.2585145,1.6348318
Alterations,2.222114,-41.54274,41.602127,-4.0581145,3.3382907,3.7798157
Nonsubsistent,1.6846291,9.921361,10.063367,-0.3393291,-0.55965704,2.4189584
Coruscate,-1.4739729,-1.9033424,2.4073453,-3.3994699,-2.0849183,1.9987179
Rehash,0.4399047,-3.9723778,3.9966617,-2.6193266,0.2359247,0.45120588
Plotton,-2.4355016,-10.156554,10.444486,-4.647521,0.5026117,2.041101
Radiochemistry,0.7121051,4.5966334,4.651465,-4.2903285,-1.1542575,1.8270891
Neurhypnotist,-1.4604859,-9.707009,9.816265,-4.576074,-0.68489134,1.9069
Inkhornizer,-3.5804172,21.97671,22.266459,-2.7591834,-2.8763487,2.6753929
Decarchy,0.5241358,49.747868,49.75063,-1.0962268,-2.6855686,2.9743779
Kinaesthesia,1.4604322,-19.804615,19.85839,-3.9402208,2.2336233,2.7182195
Overallegorize,-15.823032,-7.701318,17.597689,-1.6371472,1.7903161,2.2723298
Enhamper,2.759537,27.283064,27.422266,-0.40128615,-1.3241568,2.586786
Sprain,2.0720718,0.8530457,2.2407959,-3.0781016,-0.8790594,0.7613924
Tidesman,-4.16878,11.773571,12.489823,-0.74111915,-1.2490923,2.2494817
Acidifiers,-1.2056388,-6.102273,6.2202334,-4.438369,1.9991677,2.784663
Scurvies,-0.84563726,9.794658,9.831094,-1.1026539,-0.47126976,1.6511649
Spinets,-0.0913911,-27.215506,27.215658,-4.6291637,2.28853,3.130356
Chopstick,6.5943155,7.9814363,10.353179,-2.470618,-0.7437882,0.6021676
Quiddit,-1.2481496,-10.294868,10.370256,-4.003514,0.838265,1.6425982
Intarsias,-0.66365016,-10.47396,10.494965,-3.507816,1.4317741,1.8079928
Gemmologists,3.5528574,-3.9598367,5.320066,-3.2530675,0.37580803,0.7776795
Engleim,0.3043601,-3.0076194,3.0229807,-3.1086981,-0.37422237,0.414971
Chignons,-0.62975645,-6.6951046,6.724658,-4.5403423,-0.13423,1.8100125
Dacoitage,3.3796988,14.564621,14.951606,-1.3248492,-2.6755755,2.8463814
Wiretaps,0.74287677,5.6135745,5.662515,-3.660424,-1.4807743,1.581249
Semiditone,-0.7054564,-9.526899,9.552983,-2.7048807,0.37752232,0.57923573
Ganowanian,-2.5707319,-1.6474152,3.0533001,-1.6642672,0.09470813,1.107532
Blatterer,2.1338189,30.965483,31.038916,-0.44930208,0.32071388,2.3411565
Bespin,0.3482118,14.412558,14.416762,-1.8751725,-0.15559337,0.8576011
Hersall,-0.5385017,-40.544186,40.54776,-3.320176,2.2575808,2.5281546
Bilithon,0.2745949,-12.481541,12.484562,-3.227071,0.21273908,0.64559066
Griots,-0.056004506,-18.109535,18.109621,-4.1206098,2.3316529,2.8886456
Taluche,-4.448834,15.932447,16.541916,-2.465109,-2.0427392,1.8608168
Giantish,-0.41610417,49.05574,49.057503,-0.96556747,-2.7699842,3.1173584
Panegyrist,2.5316079,-17.757816,17.937365,-3.5494862,1.5270687,1.9119508
Eclipsareon,2.856586,-35.03572,35.15198,-4.47069,2.0483763,2.843359
Splashier,-5.3645334,-4.9281683,7.284578,-4.1306314,-0.543599,1.4403793
Anticovenanter,-0.072221264,2.650233,2.6512165,-2.916061,-1.4064032,1.2193433
Rheumatismal,-9.688756,-13.553231,16.660194,-4.72537,2.4897916,3.3490515
Larderful,-2.3156593,-6.3457184,6.7550297,-2.3972108,1.1724827,1.4136896
Muscovy,-1.6906382,-6.456474,6.674153,-3.2152328,0.88264483,1.1867745
Cachot,0.2208901,11.102952,11.105148,-2.6993437,-1.490417,1.2897211
Unstill,-6.7751446,17.722523,18.973413,-1.9045659,-2.165279,2.1311812
Herbaceous,3.2439232,0.028969595,3.2440522,-3.0222793,-0.88746285,0.7453929
Bandurria,-8.183737,-57.41919,57.99946,-3.6616502,2.9738753,3.3084009
Noncognate,-11.856645,-1.0423739,11.902376,-4.3985195,-0.5518387,1.7034538
Euphonous,7.6118455,7.8337436,10.922807,-3.2656538,-0.64829534,0.69658846
Submediocre,5.3994,-15.058902,15.997627,-2.047776,1.337945,1.684109
Phanerozonia,0.061424505,18.003113,18.003218,-1.5616708,-0.9201641,1.3732113
Penduline,-0.7712443,2.5875645,2.7000566,-2.5580895,-0.3883945,0.2552915
Tribuna,0.4363671,5.380661,5.398326,-2.8676307,-0.935672,0.74706906
Theatres,3.134785,-8.188373,8.767915,-3.2640634,1.2134112,1.5114204
Guesdist,0.80727327,-3.7005203,3.787551,-1.3017312,0.765471,1.725886
Opsins,1.0466179,-13.333742,13.374757,-4.827533,1.6160266,2.7739904
Contorsive,-0.19500023,-36.786674,36.787193,-5.093621,1.499564,2.910594
Rasalas,-4.213642,14.829815,15.416814,-0.92641914,-0.071280755,1.8098083
Autogenous,1.2026896,-12.878433,12.93447,-4.246429,-1.0608772,1.741847
Antipolitics,0.2603353,5.096735,5.1033792,-4.358568,-0.8939269,1.7683748
Postdiastolic,3.5174682,9.436407,10.070667,-2.6014354,-0.41930416,0.25406218
Denervate,5.8738933,6.9726715,9.117059,-1.3088478,-0.87135607,1.5726955
Shatan,1.3539819,12.131252,12.206577,-2.5330715,-1.5523305,1.3657335
Esoterist,-3.0623863,-19.464043,19.703482,-4.08162,1.9098475,2.5057416
Barbarizes,-2.0388036,-5.4224977,5.793117,-3.7311752,-1.9684063,2.030418
Temporalty,0.3393803,-21.255234,21.257942,-3.4615724,1.662726,2.0016873
Detenus,3.042253,-3.9494276,4.9853067,-3.0914364,-0.3725268,0.39861608
Tholus,6.0454187,20.506458,21.379007,-0.9213891,-0.516103,1.8373803
Blackboard,0.13286336,12.021029,12.021763,-2.4194942,-1.006795,0.8640229
Hesperinon,5.118729,-10.746287,11.903113,-3.216142,0.22180301,0.64316404
Engold,6.550296,8.152627,10.458092,-0.7417817,-0.24011886,1.9901663
Kristen,6.029512,0.40106937,6.0428357,-2.9676182,0.11163436,0.3918197
Phragmidium,2.6160212,2.4620605,3.5923955,-2.0483007,-0.27863532,0.6876501
Sugann,-2.0779033,-2.7548287,3.4506183,-2.9339151,-0.32361904,0.23655166
Haflin,-3.2095892,11.113625,11.567804,-1.793711,-2.2123713,2.2191868
Churchwoman,-1.8098354,-6.0726905,6.3366456,-2.9843082,0.70751363,0.94310904
Hartake,5.294933,-39.204357,39.560307,-3.5354257,2.6200395,2.9334297
Gralloch,-2.8747027,6.8586044,7.4366903,-2.9557636,-1.4669725,1.2855746
Crossline,1.0383365,12.91542,12.95709,-2.9024274,-1.6133729,1.4225727
Pregenital,5.5517015,-6.2342176,8.347865,-3.695054,-0.42572647,0.989327
Egyptologer,-1.5442309,10.373953,10.488256,-2.10271,-0.0021754846,0.6595677
Radishlike,-1.3032752,-0.567947,1.421651,-3.044957,-0.1574116,0.31642178
Verminous,-9.284519,5.1813073,10.632414,-4.791614,-0.13334684,2.0611625
Proseman,10.955838,-33.37718,35.12928,-4.3708606,2.7505255,3.3762956
Plattnerite,-6.322619,-14.541638,15.856695,-4.872005,1.2523563,2.5872788
Aviatrice,-0.25985765,-1.0293223,1.0616175,-5.111856,0.552007,2.4965878
Parchmentize,-2.3603163,4.3683257,4.965215,-2.8189702,-1.7127434,1.5141698
Photoglyph,2.530612,-6.6499834,7.115215,-2.181679,0.75177747,1.100158
Clavichordists,2.4071887,4.86381,5.4268956,-3.865122,-1.0329652,1.4060416
Multigyrate,0.67909724,-4.147441,4.2026706,-4.8838263,0.6441554,2.312289
Rhabdos,-3.8547237,-26.364513,26.644821,-3.0067184,2.2148235,2.4315403
Disconnections,1.0325664,-16.882956,16.914501,-3.7988405,1.9127083,2.3679643
Cybister,-6.4696546,-10.30116,12.164307,-3.8608754,1.0683013,1.699034
Leaderette,1.717295,4.010901,4.363075,-2.0928423,-0.69034845,0.80456996
Hermitry,6.710438,-12.562291,14.242231,-3.3420453,1.5485427,1.8530866
Eleuin,-0.1260468,-0.23243167,0.26440996,-3.014351,-0.16963074,0.28453085
Upcasts,2.1420882,-16.565886,16.703804,-2.1955194,1.903219,2.1715195
Pincheck,-0.14147101,7.433248,7.4345937,-3.2225676,-2.6041942,2.4527438
Pseudoform,1.4757702,-5.876357,6.0588346,-2.9919531,1.0934092,1.3204362
Nonmalarial,2.4881814,13.523648,13.750639,-2.6898508,-0.8993571,0.6995036
Debaucheries,-1.3255622,-9.098264,9.194321,-4.1160345,1.1560079,1.938683
Proteiform,-0.8266076,-1.8249043,2.0033867,-2.7992685,-0.28062844,0.10444483
Formolite,0.080044255,-6.179748,6.1802673,-2.6627333,1.3666834,1.5692921
Swanker,2.0761025,8.668686,8.913826,-1.895054,-0.17622238,0.8368813
Serbonian,1.874508,-1.4220555,2.3528755,-2.7169602,0.5618829,0.76312107
Shoddydom,-2.3655007,-25.46441,25.574045,-3.8487456,2.105693,2.5630798
Areaways,0.016194738,-22.516376,22.516382,-3.0925317,2.3783884,2.6046207
Depertible,4.7807546,-10.044197,11.123917,-1.0347323,1.1950222,2.197361
Strainproof,-0.70884156,5.1906786,5.2388544,-1.2827681,-0.026915308,1.4592304
Amphodarch,0.40418044,-0.006745649,0.40423647,-2.2009532,-0.6074573,0.6683389
Sphyrapicus,2.2173562,-5.8571625,6.262829,-3.1498272,0.6241463,0.9251874
Flavescence,-1.9247718,5.848191,6.1567907,-2.1176298,0.4977505,0.9302187
Hulverhead,-6.544051,1.9113203,6.8174596,-2.7376497,-1.5184846,1.3174002
Eigenstate,7.903384,16.289139,18.105234,-0.5920243,-0.45298567,2.1543174
Atreptic,1.3484945,-15.468982,15.527648,-2.702378,1.2392136,1.4406077
Cuarteron,1.2199663,-6.0949135,6.21581,-3.9903064,-0.9617629,1.4707274
Uninceptive,-1.771034,2.6519783,3.188973,-1.9609343,-0.2780481,0.7744635
Vocalistic,1.5985807,1.7855016,2.3965545,-2.1575332,-1.2646039,1.208535
Objector,4.485829,-6.583205,7.966257,-1.266513,0.77205414,1.7588077
Topman,-13.90331,-39.85758,42.212894,-4.8555846,1.8001585,2.918302
Reliabilities,2.1974695,-1.1614467,2.4855244,-3.1656554,1.3997828,1.6586907
Flandan,-2.013637,9.396946,9.6102705,-2.2222612,-1.2973475,1.2087816
Cuneiform,5.081984,-9.343947,10.636538,-3.0483398,0.26292104,0.5618363
Polymixiid,-1.7438297,5.274475,5.55527,-2.408683,-0.92486167,0.7925189
Melanopathia,1.4852103,7.7965455,7.9367476,-2.029229,-1.5346869,1.5072275
Homeric,2.831126,-2.4439566,3.74008,-2.9255288,-0.7784558,0.6090676
Tresis,-5.886778,-6.441497,8.726228,-2.985075,0.15186201,0.4345666
Unknowability,-1.7927861,-13.584085,13.701879,-3.242649,2.0864918,2.3439872
Pyromucyl,-16.186787,13.762139,21.246376,-1.8136971,-3.0137346,2.9586153
Lanuginose,-3.6470916,-3.1103175,4.7932615,-3.350152,0.13083638,0.70201856
Caulomic,-5.279879,-13.288849,14.299324,-2.6510198,1.505446,1.7084441
Ecstatic,1.1068323,2.5745628,2.8024004,-2.64183,-0.19283244,0.09011541
Cassegrain,0.4768803,-17.956264,17.962595,-3.769279,1.8077953,2.2610846
Dishwares,-0.48140472,16.13979,16.146967,-1.1767044,-2.3540614,2.6557188
Sammer,-8.90362,-14.74442,17.22418,-3.3543382,1.3610557,1.6817168
Nonsupervision,4.952224,33.15058,33.518436,-0.71211606,-1.9604099,2.6783116
Narcissistic,1.3194488,13.237942,13.3035345,-1.0106488,-0.9656175,1.8830941
Dzungar,-0.80958873,11.857595,11.8852005,-3.2598789,-1.2863526,1.2070177
Sapromic,-0.5633783,-25.837387,25.843529,-4.567854,1.5907599,2.5656796
Outbalances,-0.60812116,-8.973565,8.994148,-0.64262986,0.39635798,2.1726956
Introdden,-6.48779,-7.9720426,10.27837,-3.263678,1.3160002,1.6077102
Ubiquity,-1.8873562,37.853374,37.9004,-0.9406094,-2.0703838,2.588774
Ostreidae,-4.315024,3.9346204,5.8395777,0.4477705,1.3181472,3.523675
Horticulturist,4.2643137,5.089411,6.639764,-3.0369716,-0.37305197,0.35048667
Guillemet,-0.5315558,20.722881,20.729698,-1.4079015,-2.5476334,2.6941257
Deaneries,1.000691,-18.450087,18.477203,-3.9610972,2.1269176,2.6327565
Carryings,1.7875499,2.6581197,3.2032688,-2.187882,-1.063301,1.0193062
Microgauss,2.8788009,-3.769072,4.7427206,-2.7686603,-0.2255185,0.04441134
Masora,-6.0906134,-9.288863,11.107591,-4.7892795,-0.23230088,2.0579505
Benzonitrile,-1.4741607,-2.065648,2.5377262,-3.894637,-0.82018805,1.3175764
Scoopfuls,1.2550794,1.3149987,1.8178129,-2.473998,0.090460144,0.38903388
Antivirotic,1.49331,-5.492891,5.6922603,-1.9441848,-0.66695875,0.91487384
Thallodal,-1.7272795,-3.8531609,4.2225995,-2.810309,0.6944027,0.89895654
Botchiest,-2.639029,2.83831,3.8756258,-3.1649313,-1.942613,1.7946249
Checkrows,-1.9170197,5.555461,5.876913,-1.7217519,0.0924503,1.051615
Petrotympanic,-10.83006,-6.86413,12.822109,-2.3948367,0.5197708,0.79563725
Chorioadenoma,-3.9020152,-16.843437,17.289509,-4.4256444,2.2823346,3.0062175
Smalls,0.8992806,-0.2939277,0.94609666,-1.1219864,0.4536863,1.7376673
Progressor,-1.2031103,0.26148236,1.2311977,-2.8684254,-2.088658,1.8925147
Instructors,-3.5444424,-8.310783,9.035054,-3.9997587,1.6319435,2.228981
Oviparous,2.0495784,-12.68515,12.849663,-4.273475,1.5408274,2.3263257
Assurate,-4.9742007,-15.282223,16.071373,-4.8077483,1.1491164,2.4766138
Hydrosilicate,-2.1453996,3.134347,3.7982717,-2.3219388,0.15453894,0.5424684
Hexacorallia,-5.2678027,2.0834708,5.6648564,0.058083937,1.3441449,3.1890314
Overvalue,2.2859817,12.476964,12.6846485,-0.33430454,-0.8425069,2.481585
Libral,-4.951106,-13.576785,14.451386,-3.2327943,1.431255,1.7075737
Morales,-0.591996,-0.9514266,1.1205684,-3.7881653,-0.33972904,1.0656555
Divertor,-0.41439644,10.672762,10.680803,-1.5316705,-1.0528754,1.4714863
Nondemand,2.5352972,6.6873584,7.151817,-1.6198099,-0.9256214,1.3270019
Textures,-356.5333,-18.201744,356.99762,-2.5643332,5.7045135,5.907979
Vituline,-2.4049015,-20.907911,21.045767,-4.3681912,1.3489652,2.2541606
Admiral,-0.3513226,4.623756,4.6370835,-2.9434533,-0.9813265,0.8084877
Prognathous,3.9363892,-4.848771,6.245458,-4.1291337,1.4134386,2.1353986
Reperfume,1.5129588,30.737467,30.77468,-0.49035028,-1.8282773,2.769613
Brelan,-5.319389,-39.452282,39.809277,-3.5116408,2.7137125,3.0173895
Prongbuck,2.2821133,5.0774508,5.5667353,-2.36137,-0.53197116,0.49650922
Trestlework,5.4869404,13.0200205,14.128957,-1.2139255,-0.27854106,1.5196147
Mustachio,-2.7668781,-1.0165538,2.9477108,-1.7119884,0.5034657,1.2393336
Scance,0.56816334,0.13306612,0.5835372,-2.628299,0.10918515,0.3270166
Egeria,-4.0195403,-15.199978,15.72247,-2.851088,1.0432783,1.2501037
Serial,464.4425,-21.116411,464.9223,6.0835533,3.5883145,9.595101
Pinwale,-2.9461274,-33.48736,33.616707,-3.6550572,2.1791005,2.5530734
Gemmate,3.417053,9.159439,9.776071,-3.1858864,-1.2732642,1.1644512
Brachyaxis,0.27385497,-52.57724,52.577953,-3.617534,2.9254012,3.2496061
Euryalida,0.544135,-16.81275,16.821552,-3.1442184,2.1678162,2.404587
Isotach,-2.499449,-37.185688,37.269592,-4.7347646,2.449513,3.3224308
Chlorococcus,5.9046497,18.911283,19.811651,-2.024653,-0.8948259,0.9904459
Kulturkampf,1.0563897,2.291991,2.5237234,-4.309291,-0.83800334,1.7014304
Acalycine,-5.2425113,16.667616,17.472645,-3.7304366,-1.8355988,1.9155508
Whissle,-3.1318803,-1.2296652,3.3646328,-0.8286168,0.56425995,2.051094
Repulseproof,4.859493,1.2946144,5.028985,-1.4633315,0.61113864,1.5060366
Toolstock,0.03759542,34.569683,34.569706,-0.7009397,-2.3764853,2.975861
Renitence,-1.0001096,2.797777,2.9711568,-0.36428264,-0.40209186,2.3758001
Easter,2.8809202,-3.5881903,4.6016097,-3.2553844,0.19626671,0.6574841
Memorial,4.9137993,5.0870304,7.072715,-3.4905207,-0.9275273,1.0505769
Selenite,-0.1331529,3.11018,3.1130283,-2.214027,-1.6685195,1.5560112
Cogman,0.76337713,-10.585059,10.612551,-3.019826,1.2781249,1.5070487
Metropolitical,6.812278,35.316895,35.967903,-0.83534485,-1.4219017,2.2552192
Unidigitate,-1.1241612,8.568073,8.641505,-1.8559676,-0.59595233,0.96051085
Bollards,0.624237,-9.23963,9.260694,-3.2656446,1.626033,1.9035887
Timerau,2.9114606,-15.752223,16.019026,-4.418961,0.77340704,1.9485801
Perpetualist,1.3997049,14.45881,14.526401,-3.05445,-1.8047255,1.63581
Expatriations,3.063631,36.79693,36.924244,-1.0791144,-2.6430595,2.9485197
Surrenderer,-0.6047778,3.0726888,3.1316402,-3.3445585,-1.4918724,1.428936
Pilers,-1.6300116,12.120494,12.229607,-1.7076312,-2.6557956,2.6596954
Metropolises,-0.1536585,23.590393,23.590895,-1.4072106,-3.084094,3.1726298
Paravail,0.030865407,-21.227512,21.227535,-1.9422946,1.3949178,1.7805102
Corvinas,-3.7190692,-3.75709,5.286512,-2.5783658,1.0613811,1.2717408
Checkrower,-2.3382628,3.1706681,3.9396203,-2.8105333,-1.9228487,1.7235602
Heiressdom,10.214124,7.51698,12.682008,-1.3912476,-0.47588202,1.3681952
Semeiotic,-1.8553511,5.941999,6.2249236,-2.1547549,-1.7747588,1.6760422
Chromograph,2.4098556,-13.273103,13.490096,-3.0728595,1.3051003,1.5443822
Narwhale,-0.45344007,10.001514,10.011787,-3.1400092,-1.129471,1.0142493
Whipstaves,4.2694883,-20.457561,20.898333,-2.8196867,2.4014144,2.6040044
Sickroom,1.0569288,-13.325937,13.367786,-3.7491448,1.7838056,2.2305408
Unstricken,-0.858958,-32.60205,32.613365,-3.5706675,2.5704918,2.8958254
Mortality,2.681486,4.9304166,5.6124296,-3.2314758,-1.0705061,1.0028859
Unpropellent,3.3304152,7.7565494,8.44131,-0.8911106,0.18193476,1.8798906
Abcoulomb,-3.636864,-43.29243,43.444923,-3.772123,2.8027165,3.1789408
Padcloth,2.5848043,-4.608832,5.2841787,-1.5667367,0.70624983,1.4765185
Formicariae,-1.9542735,-22.63358,22.717794,-4.57658,1.5319937,2.531341
Mandorla,-5.923837,3.9224756,7.1047635,-4.618293,-0.68608654,1.9480641
Ajowan,-1.9082863,-16.260374,16.371967,-4.952455,1.2501166,2.6529937
Brachyuranic,-0.41542783,27.573353,27.576483,-0.8435559,-1.2226228,2.1466467
Urostege,2.5313568,4.9016204,5.5166698,-1.6700517,0.39573976,1.2177961
Gunter,3.9528375,1.5593741,4.249302,-2.7623498,-0.3027942,0.10625304
Towheads,1.9261589,-22.994183,23.074717,-3.8027399,1.9861375,2.4354496
Substantives,0.07401826,19.9238,19.923937,-1.3311125,-2.4136422,2.6185145
Spirulas,0.86247754,9.56506,9.603865,-3.0567765,-2.5530896,2.3743682
Fenestella,-4.226011,3.449876,5.455347,-2.1217556,0.5891581,0.99818504
Dignitarial,6.5353355,-0.20452899,6.5385346,-3.076734,-0.5127586,0.46505207
Armories,1.0247501,-15.231755,15.266189,-2.915202,2.2950656,2.5029097
Dinaric,-0.74231184,4.5717015,4.631574,-2.7245545,-0.81278986,0.61173165
Totery,1.3354155,-10.052809,10.14112,-1.3573774,0.9547405,1.7956494
Obliges,-4.309027,21.60994,22.035362,-2.3969057,-2.4732792,2.2966938
Wannigan,-3.024619,-20.76746,20.98656,-3.5731535,1.9278759,2.2892797
Bandpass,2.550497,4.373294,5.06268,-0.75486386,-0.2736641,1.9780332
Because,444.11926,-19.740934,444.5578,6.080746,3.587374,9.592151
Ricrac,2.1922078,-0.790967,2.3305373,-1.9452838,-0.0175899,0.8074121
Makutas,-2.50248,0.31859785,2.5226796,-2.9382136,0.08534479,0.35320413
Stemple,0.740607,14.781307,14.799849,-2.4709234,-1.2700852,1.1003032
Autochthonal,-1.6819341,11.138275,11.264548,-0.5023007,-0.8435956,2.3200052
Securifer,-6.047789,3.4503765,6.9628196,-1.8964819,-0.072733894,0.8448918
Mucocele,1.6620089,0.7963388,1.8429399,-2.4783075,-0.6760893,0.53828984
Semitextural,-1.2128941,-15.524136,15.571445,-3.1186383,1.0093579,1.2708383
Caecotomy,1.5939091,23.150755,23.205559,-1.5629637,-3.0688848,3.096745
Calles,1.192886,5.277163,5.410307,-3.6348124,-1.1814609,1.3330287
Porphyrin,1.6649077,-3.490256,3.8670154,-3.5807533,-0.6894829,0.9796119
Lobeless,-3.2291307,-8.663955,9.246157,-5.055789,1.0279146,2.6291611
Wangtooth,-1.9303313,16.871222,16.981293,-1.4052601,-2.1213088,2.3337295
Noegenesis,-1.8210608,-26.05221,26.11578,-4.022332,2.4735296,2.9698002
Cymbocephalic,-0.9549681,-8.790806,8.842525,-3.145109,0.6793285,0.9727125
Ectocondyle,4.322914,28.234686,28.563702,-1.196332,-1.4082395,1.95298
Monotrochian,3.9031281,-3.590963,5.303718,-1.1499083,1.1336087,2.069561
Tyrannophobia,0.8474701,-25.484419,25.498507,-4.1774664,2.7088048,3.2493331
Paracystic,-0.09619456,20.7777,20.777924,-2.4423752,-1.1183523,0.9617617
Interantennal,-7.109791,15.159364,16.743816,-2.2268252,-1.5935526,1.4811115
Zemindars,5.964915,11.845439,13.2625265,-1.5200282,-1.9973062,2.1666067
Culicid,7.1818867,2.9922812,7.7803106,-1.9661093,-0.960966,1.0785741
Uronology,-3.1621418,-18.682875,18.948587,-4.0252995,2.2962487,2.8125594
Narrators,4.9352307,2.350963,5.4665823,-2.3869174,-0.36535245,0.38178754
Scleroses,-5.5289927,20.480846,21.214024,-1.4002044,-3.1076398,3.1969523
Rhynchonelloid,-3.6739006,-6.070273,7.095475,-4.3085513,-0.1621924,1.5774657
Psychotheist,1.9334388,-26.253965,26.325062,-3.8099623,2.3402932,2.7607265
Counterbuff,-3.633364,13.110554,13.604703,-2.5443764,-1.757455,1.5675731
Reearn,-2.975448,16.69561,16.958677,-2.7251947,-2.4115152,2.210426
Fimetic,3.1179745,-23.6797,23.884094,-1.525286,1.6044668,2.1714456
Horsebane,-1.1842664,10.91356,10.977625,-3.222367,-0.4571405,0.5535736
Premierships,3.848368,-49.192287,49.342587,-4.335515,2.73277,3.3436863
Plotties,-4.260057,9.149669,10.092795,-1.7963816,-2.36296,2.355465
Hedgebreaker,1.3894948,-6.9322553,7.070139,-1.9015481,1.1201282,1.5603104
Jarsful,8.428215,-47.00418,47.753826,-4.1844974,3.0873747,3.5951447
Unabsolute,-3.5654955,1.7601111,3.9762733,-2.8255718,-0.44790825,0.26410657
Miscredit,-1.5607086,-1.1144836,1.9177818,-3.752267,-2.0289977,2.0935729
Kniphofia,0.32568374,5.315306,5.325274,-2.8952029,-0.63960046,0.46803978
Bumbles,-0.1112915,2.954478,2.956573,-1.5492102,-0.099203914,1.1867378
Dispassion,3.4897697,9.910852,10.507305,-2.2274792,-1.2055627,1.1238556
Deitate,0.7391092,12.630333,12.651939,-2.2057035,-1.5130686,1.4134343
Astigmometer,-3.0303054,16.89731,17.166882,-1.4980857,-1.9527143,2.142342
Gastrin,2.657847,4.342287,5.09113,-3.2086287,-0.5706336,0.6034447
Alchemic,2.5015461,-4.1946054,4.8838973,-3.460146,-0.89660496,1.0072532
Outthruster,0.91008323,-4.5577307,4.647705,-2.152369,0.3801386,0.8205517
Nonecliptic,0.29772288,20.65656,20.658707,-1.1007603,-0.7889919,1.7335352
Deresinate,-0.08032992,-0.7623408,0.766562,-1.511239,1.0313685,1.734408
Outvelvet,0.60238135,10.074748,10.092739,-1.5611117,-0.43955553,1.1944973
Decameronic,2.9943655,6.800207,7.430278,-0.75525963,-0.33812627,1.9810506
Aconuresis,-2.4590468,50.008335,50.068756,-0.4766181,-1.7208123,2.7192495
Avanturine,1.4973898,9.504614,9.621841,-3.3797486,-1.340643,1.3109932
Rebite,0.70241636,1.971843,2.0932155,-3.310572,0.6264282,1.0099746
Phyllostomous,9.620804,16.637486,19.218893,-1.0504876,-0.20037647,1.681078
Arrowworm,0.3387005,5.7341294,5.7441235,-2.9493005,-1.123708,0.9479541
Depeach,8.468153,-18.101048,19.983932,-1.9864287,0.96620387,1.384855
Audiles,-2.8962545,-20.523912,20.72726,-3.64021,1.8075817,2.2046385
Underform,-1.256369,14.843933,14.897006,-0.66559106,0.33910942,2.1354332
Amphicarpa,0.67019445,-7.2561646,7.28705,-3.1979015,1.4305899,1.6970198
Tetragram,-0.08649,-16.995892,16.99611,-2.8206494,1.5158725,1.7192805
Fugacious,3.8161914,-28.157959,28.415382,-4.781202,1.383593,2.5908022
Auxographic,-0.8400531,-2.9256594,3.043875,-3.350728,-0.5218901,0.6973303
Mingle,0.7232633,-17.511616,17.526545,-3.0894692,1.8744442,2.106175
Dictatress,-3.5628724,-6.4573603,7.375064,-3.2517433,-2.8833792,2.7322545
Enkernel,1.701891,8.893129,9.05451,-2.0356505,-0.7962697,0.915711
Predriller,-2.4919167,-0.6752369,2.5817814,-3.1683118,-2.3315923,2.1747992
Maintenances,1.7577696,15.207018,15.3082695,-1.6723545,-2.5696924,2.5946417
Curvital,0.22324349,-24.58172,24.582735,-1.7398,1.8777606,2.3033137
Narine,1.0896924,-4.9806414,5.098453,-2.9902682,1.1819592,1.4070449
Canopid,-1.012733,14.11701,14.153289,-2.4569871,-1.9605995,1.7807968
Reshower,-0.9812704,-5.846888,5.928659,-4.4182262,0.6417679,1.8855366
Ventrine,0.5383548,-19.810007,19.81732,-3.8696773,2.0229967,2.498379
Transmuscle,2.9158895,20.494482,20.700874,-1.038862,-0.9629215,1.856238
Oenophilist,2.3512475,9.361721,9.65247,-4.358076,-1.1540245,1.8851008
Operette,5.181314,3.374876,6.18351,-3.4034333,-0.68814665,0.8298328
Lipopoda,-0.093926534,-2.7710295,2.7726214,-2.1917331,0.36651903,0.78333163
Dipteros,-6.337606,-21.085537,22.017382,-4.081517,1.8208736,2.4312012
Singles,2.7939126,-1.9521667,3.4083579,-2.666183,0.06196612,0.27106792
Liquidogenic,-7.5068717,-22.876362,24.076567,-5.2741046,0.7190688,2.7039254
Splenoma,-3.1550639,14.370279,14.712557,-1.7525777,-3.035818,2.9990087
Iliadist,0.62708503,-8.067285,8.09162,-3.1100166,0.1552818,0.5198385
Consent,1.414238,2.1815524,2.5998533,-2.8822603,-0.24405693,0.15669835
Bhisties,-3.8367274,31.574764,31.807014,-1.1126332,-2.9168708,3.1617022
Billionaire,4.189027,-10.300989,11.120177,-4.6414843,1.0329057,2.2738857
Popode,4.10377,0.6659629,4.1574545,-1.3240478,0.073433064,1.434041
Ireland,1.5827109,-14.926797,15.010472,-3.3185802,1.5319589,1.8297743
Goupen,2.5178294,-20.20724,20.363497,-2.7301476,1.3892863,1.5903853
Interclash,2.5990064,-3.737967,4.552717,-3.0396984,-0.14415035,0.31335118
Impressionists,0.98252636,4.189129,4.302808,-3.0157216,-1.1033423,0.9459327
Leukosis,-2.7337153,23.684793,23.842035,-1.5059099,-1.8191841,2.029885
Thermogenesis,-1.8031052,2.3198814,2.938203,-4.8803782,-0.62334394,2.189906
Rhabdomantist,1.888293,8.259333,8.472438,-2.0886862,-2.5201154,2.4064775
Archdeaconship,-0.6868282,-6.221955,6.259749,-4.247513,1.83056,2.5349028
Prerich,-5.9581065,11.741979,13.167121,-1.9236541,-1.5088347,1.5371711
Polarographic,3.9416752,9.73333,10.501166,-2.61188,-0.7187466,0.5313043
Planigraphy,1.1888069,1.3219124,1.7778392,-1.6734825,-0.3732017,1.0719883
Biosystematy,-2.5611475,-1.5824009,3.01056,-1.8119568,0.028134499,0.9477489
Ascendent,4.857229,-0.29345036,4.866085,-2.8527808,-0.23520185,0.12592143
Hutukhtu,-0.14093746,-5.3875475,5.389391,-3.3589208,-0.24886289,0.629171
Revigour,2.693678,32.754967,32.86554,-1.046681,-2.966668,3.2383962
Gazogene,2.3139837,3.426794,4.1349044,-1.9302522,-0.57172906,0.882876
Southbound,0.8257926,-6.439734,6.492466,-3.178058,-0.07033,0.4652482
Theaterlike,2.1900685,9.589209,9.8361225,-0.59270394,-0.69162816,2.1943903
Boselaphus,-4.3882174,6.2645226,7.648575,-2.1583545,-0.9326999,0.9294146
Disprofess,1.4613789,-8.398096,8.524298,-3.7370102,0.027384683,1.0310789
Consute,-5.676768,3.0283616,6.4340243,-1.9683734,-1.6557976,1.6427451
Conquinamine,-2.7241302,20.868948,21.045996,-1.5783565,-1.6825798,1.8774126
Musculodermic,-6.152128,-15.665986,16.830683,-3.2036374,0.77164453,1.0812404
Kiesserite,-2.2989514,-34.907692,34.98331,-4.0486555,2.357648,2.8778305
Castra,0.38828507,-6.7497,6.7608595,-3.0790536,-0.08314865,0.36696073
Instantiate,-383.8184,-18.27938,384.25345,-2.5602372,5.7035775,5.907161
Commensurate,-0.18265426,-24.138155,24.138845,-4.2095814,1.9257382,2.589974
Enleaf,-0.6222163,-5.1450872,5.1825747,-3.9181952,0.31507948,1.2940363
Leaseback,-4.184612,-0.25755298,4.1925306,-4.740233,-0.48088562,2.0280597
Distain,-1.0395776,-4.411896,4.5327206,-2.0944571,0.419771,0.88959867
Tolerators,2.5562832,-6.9261594,7.3828363,-1.3172325,0.95931375,1.8294519
Unthinkables,0.28787428,-20.526695,20.528713,-4.3905444,1.9521176,2.7181888
Badiaga,-3.2157583,6.457341,7.2137613,-2.766647,-1.564558,1.3639108
Justine,6.400097,1.8631473,6.6657743,-2.5901525,0.49663562,0.7119202
Spoliarium,-2.3034775,2.1635728,3.1602302,-3.2777123,-1.1386024,1.084984
Thanatosis,-0.23741731,-10.605229,10.607887,-3.4933822,1.672621,2.0226688
Tenenda,-0.14811108,-3.5957003,3.5987499,-3.5459304,0.5334463,1.0966978
Nonabrasive,4.427507,-28.17868,28.524391,-5.0033593,1.3929645,2.7752628
Biogeographers,7.3578176,28.984058,29.903397,-1.2471683,-2.2603679,2.5385084
Apothems,-0.63970244,2.1645012,2.257052,-2.77207,0.006582005,0.2115934
Podiatries,-1.7888123,12.517448,12.644617,-2.0767622,-2.1258538,2.033089
Navels,3.354739,38.715107,38.860184,-1.1479139,-2.642397,2.909964
Summerhouse,4.8905997,14.519541,15.321063,-2.504496,-1.0104237,0.8405759
Affettuoso,-0.35352322,23.783655,23.786282,-1.2148972,-2.227767,2.5313373
Betatrons,1.9541279,-0.47493735,2.011015,-3.0243244,-0.25236586,0.29721397
Uprest,0.073001206,9.085784,9.086077,-0.9607952,-0.3140884,1.7743715
Schooler,3.9793503,-14.563971,15.097831,-3.7918816,1.4812568,1.988615
Tanniferous,-8.296904,10.467842,13.357182,-4.7510247,-0.6086055,2.0601645
Diaporesis,-2.265335,19.30785,19.440289,-2.0332558,-2.7459736,2.6389441
Cyperaceous,0.2094786,13.304044,13.305692,-1.9998033,-1.0209491,1.0989226
Yercum,-5.5221415,-16.973284,17.84899,-1.8760444,1.7675753,2.1465304
Mayvin,4.134338,9.04736,9.947234,-3.101311,-1.282992,1.1433308
Lutrinae,-0.6005655,12.831638,12.845684,0.16686736,0.9748825,3.1279135
Current,-125.601616,-15.818001,126.593735,-2.560078,5.6796594,5.883258
Thicky,-0.12797868,2.376203,2.3796465,-2.8841136,-2.1921182,1.9968551
Huiscoyol,-10.284865,-2.9129267,10.689416,-4.1657023,0.6748707,1.6804972
Unclamorous,-1.5007646,-0.02937266,1.5010523,-3.3252316,-2.7339113,2.6014574
Arriero,2.9138005,0.050433546,2.9142365,-3.2010806,-0.35839415,0.49516296
Cierzos,1.8524376,-4.84893,5.190727,-3.03457,-0.12361783,0.31275386
Hereditative,-7.4042106,5.3775296,9.150965,-4.522635,-0.9941904,1.958807
Abroad,-2.7859457,5.057109,5.77372,-3.0875273,-2.0874755,1.9196686
Hypopharynges,-3.339914,20.772837,21.039623,-1.3863505,-2.8931334,3.0094278
Ectoparasitica,2.7095864,0.7674682,2.8161788,-3.5675535,-1.1513836,1.265669
Upscrew,3.7864435,33.75967,33.971348,-1.0661571,-2.4029334,2.7607358
Sindhi,-0.52562743,-3.914189,3.9493246,-3.381966,0.64012426,1.0633327
Synoecious,-0.5388987,0.44814393,0.7008884,-1.6115977,-0.45362052,1.1480833
Lacings,2.513445,22.601894,22.741219,-1.21276,-2.7678936,2.9824834
Epithalamy,-2.5192463,-16.309416,16.502836,-3.6864994,1.8170854,2.2327032
Intentions,0.4604061,-3.4963949,3.5265782,-2.943553,1.3197378,1.5355395
Quaresma,-3.0577865,-13.595981,13.935594,-4.8363414,1.2155535,2.5371213
Wiseacreism,0.4909416,-4.383186,4.410595,-3.5202265,1.0074246,1.4430919
Rhyton,-1.4252203,-41.556644,41.581078,-3.6671836,2.815097,3.1579769
Synapticulate,-3.0612514,9.072069,9.574637,-2.40435,-1.41306,1.2553568
Nongrey,6.4051056,5.7746496,8.623918,-0.83477473,-0.37566018,1.9048063
Postlaryngal,-9.271504,11.446971,14.730714,-3.336104,-1.7011067,1.617248
Remagnify,4.101835,5.69457,7.01806,-1.1082087,0.30079257,1.699171
Malefactresses,-2.749513,19.227331,19.422928,-4.548078,-1.3062049,2.126259
Chewiest,1.4198784,-8.557259,8.674257,-3.518406,-0.20793827,0.7868702
Connexity,2.9991093,16.77924,17.045162,-0.94780713,-1.4890534,2.2001414
Executorship,3.037693,-54.688595,54.772892,-4.1538024,2.5668712,3.111979
Dardani,0.7373233,-23.463675,23.475256,-3.1997414,1.8459698,2.099923
Arrestant,1.1905103,12.275615,12.333207,-2.2074249,-2.4164028,2.276466
Organise,1.6665633,2.760942,3.2249389,-2.737336,-0.72827154,0.52720475
Roncos,-3.7076464,-4.745328,6.022025,-2.2271922,0.79823714,1.1194034
Negritize,1.9371039,-4.0856304,4.521587,-3.4222806,0.4196385,0.92865586
Ascomata,1.3446906,-11.251319,11.331389,-3.2700953,1.8994954,2.168527
Sarongs,0.1636044,-17.935883,17.936628,-4.6931634,1.7320026,2.7540417
Fistularioid,-0.4174784,13.41171,13.418204,-1.9677949,-0.770053,0.95239425
Aristarchian,0.23731953,-9.854442,9.8573,-2.5434873,1.0935972,1.3082852
Apoquinine,-3.5567055,-12.481415,12.978286,-3.9989698,0.00508593,1.2840661
Ototoi,-8.367748,-0.42497945,8.378533,-1.2396255,0.022998078,1.5086763
Loyalties,0.5297444,-9.925594,9.939722,-3.7999337,1.635581,2.1248064
Merwoman,-2.9332511,15.869095,16.137909,-1.2642962,-1.460648,1.9337384
Unremorseful,-0.9731104,-30.130968,30.146679,-4.9643373,1.1562691,2.61299
Technics,1.5744046,14.785844,14.869429,-0.90719366,-0.39431202,1.8345746
Mothless,-7.767201,55.03405,55.579456,-0.5345846,-1.9592168,2.8138418
Chitimacha,1.1284088,3.8908722,4.051196,-3.233363,-1.2637997,1.1752168
Arianists,-1.0655696,-15.018041,15.055797,-4.246926,2.5756483,3.1633272
Woundworth,0.4034603,-12.066483,12.073227,-2.1226547,1.0899786,1.4274635
Mexica,-2.3533955,-14.8843975,15.0693,-4.700199,1.0016289,2.3069615
Barbuts,-1.1750515,12.363671,12.419384,-2.0171115,-1.9874581,1.9239348
Taurotragus,1.3015461,-4.5642138,4.746164,-1.8707196,0.16458362,0.93529624
Compunct,6.468277,-20.517551,21.512985,-3.6998565,2.106555,2.5025692
Auspicial,-0.8008608,-4.3739815,4.446695,-3.3184307,-0.54209137,0.67873925
Overspreads,0.5725251,18.914896,18.92356,-1.2908428,-2.1977098,2.462141
Aunthoods,-3.3078728,-4.659737,5.714471,-4.4545608,0.5941255,1.8976549
Preterritorial,2.4295802,1.4410002,2.8247724,-3.1891289,-1.0421563,0.9574668
Thebain,-3.382253,-13.457583,13.876102,-3.48395,0.9514291,1.3763728
Diactine,1.9613631,10.243257,10.429345,-2.4100125,-1.1856258,1.0357077
Iberite,-4.5619807,23.016352,23.464102,-1.6515179,-1.662451,1.8171556
Buggymen,0.60225666,-9.623776,9.642603,-2.1826608,1.603446,1.8861805
Vishnu,2.4243658,2.0410225,3.1691196,-2.3034556,-1.0236901,0.92732686
Triverbial,1.0980914,-21.227499,21.255882,-4.5052376,0.8170501,2.0451257
Octodecillion,0.57507324,-44.71103,44.71473,-3.7279508,2.9961395,3.3488975
Disgorge,5.9619637,-14.108839,15.3168,-1.8678374,1.3471752,1.7729008
Oregonians,2.336349,-13.918341,14.1130705,-3.3780484,1.7788433,2.0828128
Oversells,1.298246,26.002197,26.034586,-1.167228,-2.2998538,2.6176183
Anomalies,0.44599617,-20.68744,20.692247,-4.537149,2.3099449,3.0928094
Pentabasic,-4.504817,-15.076877,15.735489,-2.1011238,1.4209579,1.7402654
Basaltes,-0.63948643,12.014192,12.031198,-2.526861,-2.4627147,2.2708614
Inique,-2.924847,3.8590574,4.8422155,-2.0325718,-1.3830259,1.3731513
Pollent,-0.5366597,-20.611618,20.618603,-2.7011247,1.1276137,1.3290608
Otectomy,3.4839196,14.46773,14.881292,-1.8865299,-2.4553576,2.4074404
Nucleophilic,2.9176607,2.4241018,3.793285,-3.0158072,-0.4134263,0.35479072
Modifies,3.2562017,12.821294,13.228317,-0.4661093,-0.65012074,2.3095264
Flicks,3.212517,-9.105964,9.656027,-2.4930308,0.8605079,1.0880748
Vendee,2.0813878,-3.597074,4.1558533,-2.4470015,-0.45259503,0.3797726
Duffels,1.3049914,20.878355,20.9191,-1.1136787,-2.1851437,2.5600767
Craisey,-2.635425,9.711229,10.062476,-1.192366,-0.0621611,1.5454574
Prefectural,0.8709223,18.156158,18.177034,-3.3962693,-1.3468281,1.3245859
Rehoist,3.1785052,-7.2911916,7.9538903,-1.7295578,1.4393862,1.9222928
Flagfall,-1.3134807,-29.490503,29.51974,-4.1264324,2.219635,2.7938511
Dyestuffs,2.6912436,27.748487,27.87869,-1.1313592,-2.6802459,2.9507341
Edemata,-0.07906583,4.83624,4.836886,-2.0999658,-1.4202017,1.3730006
Homicidious,-0.5629778,1.7278082,1.817213,-2.8559809,-1.0934199,0.9009533
Canapina,-5.741251,4.706307,7.423698,-2.354003,-1.681323,1.5276185
Premies,1.2345213,19.190668,19.230335,-1.8224906,-1.9294891,1.9528829
Playfield,1.1864848,1.2818071,1.7466463,-2.8907163,-0.3219409,0.19982967
Extenuative,6.410038,6.6067877,9.205337,-2.8069057,-1.5828673,1.3838212
Laminarite,2.688465,14.322199,14.572344,-2.6964788,-1.2457316,1.0452222
Flexion,3.2461646,-3.1949885,4.554727,-3.3239903,-0.9080345,0.922348
Uroptysis,-0.35751927,-6.3965645,6.4065485,-3.1713305,0.31184065,0.6756477
Scatty,-4.248222,4.2619214,6.017588,-1.8110436,-1.38219,1.4974437
Verandas,1.2156175,-3.5152407,3.7194953,-4.013565,0.17013831,1.3346684
Azeotrope,-1.6539189,2.0576065,2.6399224,-1.7600167,-0.4635648,1.0063775
Acupuncturists,3.5021133,0.36279008,3.520854,-2.8098075,0.23351148,0.44159663
Landwrack,-3.7336981,-5.8626356,6.9506116,-3.8872175,-1.4001055,1.6652776
Percheron,-1.406423,2.523091,2.8886003,-2.5561776,0.08423034,0.33492297
Normandy,-1.9268904,22.90836,22.989254,-2.711148,-1.8690692,1.6680957
Bisnagas,-1.5590929,-0.7405799,1.7260449,-3.2700858,-1.4770541,1.384943
Babeldom,6.2264147,-7.2531776,9.559123,-4.1143427,0.43795696,1.5233071
Nabatean,-4.970217,0.5462717,5.000148,-4.7046657,-0.35282132,1.978925
Curarizes,-1.7969117,-5.91399,6.180953,-3.879635,-0.11014998,1.1516664
Metaphrast,-6.266341,-32.703697,33.298634,-3.745306,2.2909188,2.6903198
Ectoparasitic,2.5764513,9.964031,10.291744,-1.9321717,-0.77911013,0.9864725
Cantatory,-4.305066,4.066007,5.921656,-2.6879208,-0.8154626,0.61591244
Vasiferous,-4.2891836,16.263187,16.819286,-1.6142792,-2.2307606,2.3168635
Glitterance,1.0625771,1.9366878,2.209033,-3.5425282,-1.3738626,1.4258457
Trajectile,-1.2252799,-14.498547,14.55023,-3.5726986,0.44704783,1.0618844
Autarkist,0.6099584,-10.119718,10.138084,-3.2711732,1.1837078,1.486225
Toxoglossa,-4.11332,27.239798,27.548613,-1.8549063,-3.0917764,3.020687
Discide,2.3506417,-5.143114,5.6548333,-2.9724643,0.7832973,1.0134432
Hariolize,-1.0284605,-28.197792,28.216541,-4.0510216,1.4820824,2.1387057
Epistemologist,3.494315,-1.3387105,3.7419758,-3.3833036,-0.7344601,0.8421623
Chloanthite,0.92909753,-26.606459,26.622675,-1.6511703,1.9425566,2.400523
Jasperite,-3.2660587,13.877375,14.25653,-2.0061898,-1.8014932,1.7571093
Sudoriparous,-2.4930937,-3.3746839,4.1957135,-2.981219,0.46941888,0.7154861
Neopaleozoic,1.2385494,-0.10833551,1.2432781,-3.263334,-0.41606024,0.57357335
Ranches,8.474195,-7.4885893,11.3088875,-3.212177,1.2963167,1.5726538
Failles,-3.8837905,-15.782872,16.253704,-5.113515,0.94906706,2.6451018
Paruria,-3.1246243,-21.553593,21.778904,-4.444017,2.417769,3.1290505
Splashboard,7.6557984,-1.5790504,7.816946,-1.2706984,0.40727583,1.5824828
Polyblast,2.1197178,-3.182045,3.8234298,-1.9076741,-0.36669654,0.84036887
Mootmen,0.61253744,-9.617273,9.636761,-2.0332565,-1.345632,1.3407432
Acroatic,3.4875796,22.908781,23.172731,-0.7753155,-1.2778292,2.232994
Predacity,2.8498094,-8.589087,9.049521,-4.8541675,1.092302,2.4856234
Stereotype,0.22015171,10.393043,10.395373,-0.5619523,-0.6022822,2.2063928
Nonevocative,-0.6129564,4.765891,4.805146,-2.792225,-1.8836809,1.6836755
Expressional,1.3470882,1.4966089,2.0135746,-3.59852,-1.0903127,1.2418987
Valuta,0.9794112,3.7325358,3.8588943,-1.180227,0.17406607,1.5960575
Pothos,0.16872877,5.1167393,5.1195197,-3.5478046,-1.2343254,1.31674
Bloodstones,-0.007034953,-23.20743,23.20743,-4.5350485,2.2503371,3.0433676
Victimizer,6.001103,-8.236355,10.190721,-1.1990792,0.88390434,1.8776969
Tottlish,0.068592064,-11.5220175,11.5222225,-2.2099252,1.5811753,1.8570429
Captivates,0.99423015,49.59366,49.603622,-0.6660456,-2.7007875,3.242656
Eclampsia,2.2023513,-1.831706,2.8645244,-3.098343,0.8752601,1.1371338
Briers,-1.1570917,-17.186966,17.225872,-3.4649098,1.9629982,2.2849743
Tristive,-3.8438888,-30.610165,30.85057,-3.9793968,1.3711567,2.0072541
Bonaventure,-1.851141,-4.7981176,5.142826,-1.9478775,1.6366818,1.9978997
Sageer,-2.7283297,-1.5503812,3.1380675,-3.4427366,-0.8858544,0.98724633
Chiffre,-1.7672929,-2.9742906,3.4597301,-2.5794199,0.19646512,0.42568186
Embrue,0.022793436,6.680034,6.6800723,-0.9115463,0.34068877,1.898948
Enwisen,7.5755796,-30.466198,31.393927,-3.3336732,2.5608783,2.8268442
Pantarchy,-0.1957611,-10.470125,10.471956,-4.2787476,2.3605042,2.9925876
Cruses,0.6697185,-9.444983,9.468698,-3.2291095,0.49941412,0.85922515
Relationals,1.2580612,-5.215361,5.3649526,-2.2125034,-0.12462299,0.5246655
Germen,-0.7199573,-6.0649676,6.1075506,-4.2126946,-1.8244693,2.197516
Coxankylometer,1.606765,-10.386425,10.509974,-2.642875,1.1107553,1.3148484
Psephitic,2.702741,-10.344278,10.691535,-3.0294645,0.26817286,0.55584115
Phosphamic,2.0484788,7.3798366,7.658867,-2.2576401,-0.45745566,0.53881747
Tectosphere,-0.063374564,-5.981474,5.98181,-3.8248227,0.45680612,1.2759504
Eccrinology,-3.3728797,8.703239,9.333953,-2.6128356,-2.541348,2.3432593
Metallometer,-1.7292163,-14.790895,14.891635,-4.284584,0.40483353,1.6670394
Mandil,3.9657,19.414806,19.815687,-0.74589133,-0.64788306,2.035318
Diuretics,-0.7851561,-24.629297,24.64181,-3.801426,2.8353288,3.2193933
Underfelt,6.599291,-33.598724,34.240692,-1.3948461,1.6457219,2.2798166
Undissonant,2.0845697,27.552353,27.631098,-0.40749502,-0.5990202,2.35789
Tagsore,-1.154445,-26.847267,26.872076,-3.8566551,1.6384137,2.1563003
Apparentements,-3.3765342,-52.863068,52.97079,-4.213315,1.4669704,2.231151
Beshade,-1.6757271,-3.5318286,3.9092045,-3.4159052,0.34128988,0.8732159
Phosphatidic,5.417078,15.875283,16.774067,-1.7920011,-0.9044832,1.1736828
Intercivic,0.03014609,-46.78412,46.784126,-1.4648813,1.6731981,2.262184
Submarinism,-1.7532597,3.6926594,4.0877438,-1.8266143,-1.6858815,1.7388265
Endosymbiosis,2.2810037,-10.925095,11.160676,-4.3921638,1.5115227,2.38551
Antiglobulin,1.2633427,8.181269,8.278235,-2.7834933,-0.80420685,0.60533977
Acaricidal,-0.94133216,16.622435,16.649067,-1.6284889,-0.98439395,1.3528968
Gaggler,1.0969377,10.023872,10.083713,-2.6002288,-1.1176918,0.925955
Sextans,-0.5554096,3.3719761,3.4174113,-3.9188588,-0.8828388,1.3691002
Canalize,-3.884467,45.574696,45.73994,-0.8899082,-2.7496173,3.1443043
Pycnanthemum,2.710749,6.97333,7.4816766,-2.3396513,-0.6172576,0.5716512
Duplicate,-334.41815,-16.539154,334.8269,-2.5605943,5.7043295,5.9079027
Chromomere,-0.89555997,24.047504,24.064175,-1.6685289,-3.0494657,3.04027
Saccharuria,-2.166977,88.81504,88.84147,-1.4427814,-3.389417,3.4389443
Judger,-6.130345,31.175117,31.772142,-2.3733666,-2.7422018,2.5662253
Noncarbonate,-4.484758,16.242153,16.849943,-2.0631213,-1.4716957,1.4357002
Ravenry,-2.5079865,-18.26294,18.434341,-4.275481,1.2216014,2.0994644
Intrado,0.48485464,13.872083,13.880552,-1.794402,-1.7555648,1.8151146
Nonspecial,-0.6049433,-30.25651,30.262556,-3.7028048,2.0325825,2.4357004
Adaxial,1.637227,-17.615452,17.691372,-3.5339732,0.68763757,1.1973763
Brachyurous,-2.0977852,11.273874,11.467385,-3.1823034,-1.7981784,1.6594665
Baculites,-1.267678,5.315075,5.464158,-2.029607,0.57122767,1.0436634
Waddings,3.9208455,8.535123,9.392621,-1.9289145,-2.0034628,1.9730093
Trapezium,0.8140838,-2.3753679,2.5109973,-1.4494548,1.0098917,1.7636056
Puberal,1.2672322,10.018512,10.098338,-2.5669928,-0.89009005,0.70837396
Undamn,-2.391297,24.914215,25.028713,-1.0733057,-2.6100667,2.9245434
Chalcidica,-5.61034,-11.448549,12.749323,-4.269351,1.2125622,2.0888324
Neuropodium,-0.31773427,4.1216187,4.133847,-2.9319594,-1.053317,0.87546223
Anemochoric,-7.2099795,8.799887,11.37637,-1.8354958,-1.4212396,1.5138314
Sulfanilic,-0.2728725,8.254361,8.258869,-2.2125375,-0.32515553,0.533648
Hardfist,-1.6010474,-0.8579937,1.8164548,-4.25456,-1.0465199,1.7419099
Ossianize,-4.5526695,2.9364955,5.4175463,-3.1341755,-2.79209,2.6220853
Nonconsent,1.0558674,20.385777,20.413103,-0.7830634,-1.6580147,2.4329538
Ceteosaur,-1.3222255,-0.85367954,1.5738648,-3.179558,-0.95376736,0.8759041
Involutory,2.080066,2.9219131,3.5866764,-2.9646556,-0.6271898,0.48567984
Caldera,2.9039443,7.0691385,7.642356,-2.7926831,-1.0745004,0.87553775
Anthography,2.2694695,-10.426492,10.670625,-3.4482844,1.0560791,1.4471288
Ferries,1.0789845,-9.041037,9.105194,-2.5675905,1.5087368,1.71768
Haemolytic,5.2591186,2.0655324,5.650199,-3.1543791,-0.7363963,0.6821402
Ultrasubtle,3.956804,-9.114014,9.935872,-3.6690714,-0.58128434,1.0116614
Varsal,-2.7044911,-23.473337,23.628624,-3.118837,1.8011001,2.039308
Sofane,-6.509504,-9.168048,11.243966,-2.8250802,0.9198502,1.1248425
Textiferous,2.4285295,-7.9125814,8.276877,-1.5123078,0.7985322,1.576658
Anomurous,-5.93139,-17.361519,18.346764,-1.8577201,-3.3846986,3.3013506
Ultrasimian,-7.306452,-16.146671,17.722845,-2.5216208,1.2533009,1.4694741
Greengill,-3.277902,-13.27633,13.674999,-4.7907743,-0.35258573,2.0647736
Crowns,2.893421,-17.976936,18.208298,-3.6740162,2.2424848,2.619029
Propanes,-2.7920315,-23.76157,23.925043,-1.4267817,1.0649289,1.8180445
Dissimulators,2.342446,4.4301987,5.011358,-1.5309185,0.7198882,1.5131985
Preclaimant,3.3929088,19.836472,20.124548,-2.7880113,-2.2777426,2.0774112
Blesboks,-5.5593295,-22.174269,22.86054,-3.210651,2.3469007,2.5926478
Gorgio,-24.622684,-24.664848,34.851562,-2.5675623,2.1687586,2.375525
Signlike,10.873049,-48.784935,49.98193,-1.3893454,1.6690375,2.3019476
Nonreversion,-0.32688197,31.44755,31.44925,-0.8714715,-2.5511847,2.9971411
Trehala,-4.366437,-9.740324,10.674254,-1.8985405,1.6967157,2.07259
Tolualdehyde,-2.9667907,7.8425074,8.3849125,-3.4485402,-1.4225464,1.416329
Yeomen,3.2552114,-1.0359743,3.416086,-3.1484582,-0.09658709,0.42979318
Peppershrike,-1.7813542,-10.609084,10.757598,-3.6594744,1.0144565,1.5292445
Savagest,-3.5675766,8.73563,9.436039,-2.0107036,0.12873638,0.7927376
Chetrum,1.8044025,1.0206565,2.0730667,-0.71652824,0.5927058,2.1657562
Upgrades,-1.6428695,11.210213,11.329955,-3.0257313,-2.9241848,2.738929
Utible,-1.6426191,-8.02517,8.191555,-3.0727954,1.1087353,1.3535517
Diatesseron,-5.616205,-16.093407,17.04522,-4.2271705,0.58701026,1.6905472
Thicken,0.011924722,5.901539,5.9015503,-3.5600574,-1.5267414,1.5632428
Chuprassie,-1.9870328,-18.37659,18.483706,-3.6744823,1.5530919,1.9915512
Sortita,-5.832452,-24.79479,25.471537,-4.274463,1.4333651,2.2476664
Squamomastoid,0.34059837,-17.275791,17.279148,-3.7805889,1.441196,1.9487383
Codebooks,1.9676372,-7.754628,8.000366,-3.2053297,1.7168046,1.9755517
Transcendible,2.0205986,16.886219,17.006681,-0.82035875,-1.365491,2.2379725
Incanous,-6.262023,-12.471078,13.954954,-2.8752422,0.93486273,1.1450113
Allomerous,1.2332,-6.85043,6.9605446,-3.201236,-1.7146714,1.5847692
Coinmaker,-0.76569206,4.906081,4.965472,-1.9280715,-0.27936688,0.80729705
Rosarians,1.6426868,-4.4466515,4.7403727,-3.4833975,1.6643203,2.011228
Unvoluminous,3.1280732,-14.56073,14.892942,-3.2288637,0.22672719,0.6560033
Furnacemen,0.14179395,1.9211724,1.9263972,-1.9728862,-1.3322508,1.3620205
Sympetalous,-5.230101,13.168011,14.168643,-1.3961041,-1.5562062,1.9025704
Vaginectomies,-1.1082444,-28.849295,28.870573,-4.0795345,2.6847615,3.1851544
Inactions,5.803898,15.798476,16.830835,-0.27156785,-0.5616723,2.4862828
Spathous,11.132254,-2.2757258,11.362482,-1.0238088,0.10628102,1.7351987
Prefixion,-1.969199,-13.152526,13.299125,-1.5472839,1.2030158,1.8368614
Thermoses,-0.9633492,38.465046,38.477108,-0.8805296,-2.5961077,3.026946
Rohilla,-3.7877655,10.597744,11.254302,-3.2749882,-1.6464571,1.5441405
Squamipinnate,-2.7600336,-4.1792207,5.0083604,-4.546101,0.6369507,1.9987161
Dispersible,5.97873,-2.4420266,6.4582276,-1.1599684,1.0446932,2.0054712
Egards,-1.2020966,-26.507065,26.534307,-3.888399,1.5999047,2.1405318
Chondrectomy,3.5780535,6.057729,7.0355196,-2.076376,-1.6773806,1.6151415
Siwens,0.28506655,-35.083637,35.084797,-3.6199396,2.2499995,2.607123
Radiobicipital,-1.8256439,3.68616,4.113484,-2.2089121,-1.409566,1.3166474
Bookwright,0.569722,-7.2144356,7.2368965,-4.0972223,0.47684038,1.5246704
Hyaloplasm,-0.11414266,-17.003778,17.004162,-2.711715,1.8631374,2.064331
Tippiest,-0.031636067,-2.9312124,2.9313836,-2.6144125,0.22406562,0.44100937
Anisotropous,4.6112742,25.389822,25.805172,-1.2573969,-0.9793973,1.66701
Tesack,3.9405777,2.2788212,4.552052,-2.7666593,0.098260805,0.3014092
Lymphatic,3.1743166,5.063503,5.976231,-2.6056306,-1.0130969,0.82170624
Dedicational,7.5348196,19.822369,21.206127,-0.6844429,-0.78703064,2.1293254
Cosset,-1.4209381,-4.0684576,4.309457,-2.3336005,0.9781329,1.2445732
Stepony,10.108874,9.661881,13.983607,-2.3079574,0.25703552,0.62396353
Unprolific,0.02240221,5.211071,5.2111187,-1.8845167,-0.97164136,1.1450887
Latebricole,-4.736468,-6.2018414,7.8036513,-3.012911,-1.0373555,0.8823158
Glossiphonia,-6.9299846,73.951935,74.27593,-1.4773885,-3.4176655,3.4524286
Fathogram,0.6962689,-13.552838,13.570713,-1.5658993,1.1935716,1.8176584
Stonegale,-1.2547394,6.1705966,6.2968745,-2.898491,-1.004521,0.82058024
Soberest,-0.876051,31.973423,31.985422,-1.1782444,-1.5617297,2.0649755
Tinpot,11.233429,-53.224472,54.397007,-3.5817966,3.0975165,3.406428
Denationalize,1.8789569,16.106434,16.215662,-0.481313,-2.2940753,3.0731397
Defamers,4.780314,-2.4703116,5.380877,-3.9560196,1.2617273,1.9076549
Alkylates,-3.3187976,-9.187364,9.768423,-2.9727526,1.8534606,2.0686672
Porterage,2.6453404,19.329586,19.50976,-1.566633,-2.6595018,2.7204437
Conuzee,10.044085,2.2711685,10.297662,-0.7958399,0.68325245,2.1281705
Hormogonous,-2.4840446,12.648309,12.889925,-1.2825508,-1.8853915,2.2218206
Friezes,-1.3824638,-26.49968,26.535715,-4.7138143,2.4534655,3.3130076
Enlistees,1.3994582,15.979459,16.040623,-2.95697,-1.2081635,1.0319822
Thesmothetae,-4.328943,-4.97917,6.59787,-1.8096952,0.6332749,1.243392
Autodidactic,8.885125,5.4608097,10.429089,-1.2559279,-0.40246165,1.489313
Zoopathologies,-0.48310933,-12.58476,12.59403,-3.1351342,2.0401402,2.277283
Shearsman,-0.91818136,-14.1179495,14.147777,-3.1347196,1.7369341,1.9795209
Enravish,2.555156,-1.9512311,3.2149847,-2.1294272,0.42138463,0.8660575
Goatsbeard,-2.8958428,8.721883,9.190056,-2.0485468,-0.9237847,0.99437916
Pipestems,4.2417064,30.895174,31.184994,-1.1823215,-2.336117,2.6378894
Microeutaxitic,2.365051,-3.2709556,4.0364113,-2.8091345,-0.2755273,0.10750168
Hostlership,-0.9807128,39.067932,39.08024,-1.2626922,-3.3811762,3.5029252
Producers,1.1638005,-13.352063,13.402688,-4.1113367,1.7401391,2.3816323
Swertia,1.1101582,3.9553394,4.108182,-2.5667443,-0.8113604,0.63212794
Muscovadite,-3.1509533,-0.80710894,3.252681,-4.0436544,0.044177875,1.3348175
Fumier,-2.7465591,12.443324,12.742837,-2.0699806,-1.6109675,1.5573777
Viduate,0.8903784,-11.998393,12.031385,-4.3980794,0.64370906,1.8684133
Amaranthoid,-2.860187,-26.71473,26.867405,-4.059407,2.3489423,2.8750427
Bridgings,1.3960127,-1.1922989,1.8358728,-2.9157374,-0.05827504,0.23306182
Tornado,3.0334377,3.107224,4.3424163,-3.404917,-0.90454966,0.97377926
Dumfounds,0.97328955,44.21855,44.22926,-0.7572632,-2.5562077,3.0731757
Coggie,3.0229492,4.234389,5.202717,-3.5534756,-1.9191239,1.9045072
Orotherapy,-0.6898927,1.7861325,1.9147375,-3.2124674,-0.7163973,0.7048401
Xenophoridae,1.5949486,10.899933,11.0160055,0.43901095,1.354839,3.5317836
Ecumenic,2.8963876,-12.620849,12.948935,-3.4595594,0.8796717,1.3030884
Animisms,-0.049604993,-20.38793,20.38799,-4.249463,1.6145308,2.3665423
Bootlaces,1.8669181,9.42945,9.612487,-2.4243734,-2.4200618,2.2401261
Ovoviviparity,1.9736687,-51.51961,51.5574,-4.028837,3.3521812,3.7826855
Isoptic,0.6514413,11.841154,11.859059,-2.565461,-1.0257896,0.8412528
Gingals,-5.8985248,3.7983937,7.0157247,-1.3894309,-1.6648408,1.9859172
Revolute,1.8826438,-1.788605,2.5968168,-2.8667736,-1.4318736,1.2381796
Syrian,2.2634401,5.6191454,6.0578833,-3.6091177,-1.2609336,1.37599
Fitchew,-1.2658404,6.4080267,6.531857,-3.1979835,-1.3908492,1.2779095
Jackboot,2.4446576,14.681446,14.883588,-1.8837025,-1.1670732,1.2852933
Papuan,4.4667025,4.9922624,6.698814,-3.5696511,-1.0584784,1.1989528
Midterms,-0.61131084,5.0767846,5.1134567,-3.158779,-1.4330913,1.3039623
Brills,2.6671438,-1.7626691,3.1969767,-3.3716347,-0.7051398,0.8147063
Hyenia,-1.2648368,13.808092,13.8659,-1.3081974,-0.9799242,1.6225123
Umpirages,-2.083421,1.5445696,2.5935183,-2.307695,-1.466767,1.3347596
Ophthalmite,-8.285606,-30.007282,31.130182,-4.5487766,1.8631402,2.7501523
Conoidic,1.5879582,-7.6882114,7.850491,-3.05544,1.2491132,1.4859369
Doornails,2.5629425,-21.118517,21.273468,-4.133412,2.057595,2.6583583
Antileft,-9.609122,-28.765652,30.32817,-4.11906,1.4810245,2.1805227
Receptible,-0.7171544,-23.341984,23.352997,-3.8615687,2.305245,2.7493026
Iwound,-1.2707272,-18.532106,18.57562,-3.3372972,1.7494007,2.0423903
Abolitionism,-1.4060988,-5.3371816,5.5192957,-4.0438805,2.1330936,2.6778018
Missionaryship,0.6703932,5.588307,5.628374,-1.3351272,-3.367059,3.4602523
Updive,2.3055966,-2.6723423,3.5294745,-2.2857676,0.21126896,0.6072748
Spiritualiser,-1.8865212,-1.6803079,2.5263412,-2.6389244,-0.016514724,0.20652728
Nannander,-3.708962,-21.161125,21.483706,-3.7211978,1.9165273,2.3374581
Prowfishes,2.5851212,-22.663193,22.810154,-4.054096,2.321902,2.848617
Rencontre,1.296626,-11.596173,11.66844,-3.877537,0.20847736,1.2169647
Viniferous,1.963548,3.7055228,4.193616,-2.4464176,-0.30765668,0.3044076
Saddlebows,0.772579,12.062346,12.087062,-2.0732102,-2.4337738,2.3277178
Rosular,-0.0813535,-0.55476,0.560694,-1.6334993,0.14446047,1.1511561
Preimpose,0.6887709,4.399777,4.4533625,-2.7932389,-1.8046651,1.6047522
Cornet,0.0062569696,0.8510623,0.8510847,-2.8328924,-0.22970028,0.10528636
Hadjees,-8.56545,9.141699,12.5274725,-2.3551586,0.2486441,0.5864729
Iridodialysis,-9.975964,14.627087,17.705126,-4.964183,-0.8787661,2.3331983
Automobilist,0.0152997365,-5.0932565,5.09328,-2.4287934,0.79628766,1.0423291
Watercolourist,4.124936,-1.2037157,4.296979,-3.235392,-0.22506945,0.50439656
Powldoody,-2.7658045,9.152844,9.561602,-2.072567,0.5420496,0.9932512
Unsensible,0.40689775,11.404952,11.412208,-3.4468155,-1.7397369,1.696759
Fruticulture,-0.89653766,-6.596048,6.656698,-1.9835033,-1.279656,1.3125865
Perineoscrotal,-3.2398665,5.4190006,6.3136597,-3.0835125,-1.1259753,0.9895776
Fizzer,4.012065,5.0336494,6.4369464,-2.9882421,-1.9029275,1.7210767
Tampons,-0.14679438,6.741039,6.7426367,-1.7487974,-2.6771426,2.6639497
Cacajao,-4.342767,19.78427,20.255295,-0.79758316,-0.851807,2.040517
Renomee,-3.4509256,1.3450747,3.703797,-3.5236347,-2.5499504,2.478806
Unalaska,0.8337988,-9.57096,9.607212,-3.0968866,1.1547837,1.404235
Extollers,-4.645153,6.036551,7.616915,-2.5884204,-2.7152443,2.5182176
Methoxy,0.5776254,-3.042795,3.0971365,-3.046166,-0.0867408,0.33474037
Feverlike,1.6593562,33.850384,33.89103,-0.5782962,-1.7994351,2.6816504
Precisionism,0.9747857,5.8973465,5.9773655,-3.449841,-1.4476827,1.438712
Imitate,7.5756702,17.8554,19.396032,-0.7725719,-0.92644715,2.0889678
Fractureproof,-0.21078177,0.061285913,0.21951072,-1.3929645,0.10645673,1.3734783
Husbandship,2.1494694,-6.3355265,6.6902256,-4.5283628,-0.1713039,1.7970443
Quattrino,-1.9961334,22.502575,22.590937,-2.3647165,-2.3375847,2.1677527
Excarnate,1.4490019,-3.6003914,3.8810344,-2.169153,0.61332273,0.9897422
Noneradicative,-9.638248,-12.690254,15.935445,-4.8346086,-0.5603522,2.1335073
Calcitrant,1.0633919,-3.8144705,3.959923,-3.8862152,-0.132164,1.1567056
Contemplatist,1.8316318,11.683691,11.826389,-1.5546347,-0.80856705,1.3244562
Inphase,0.3326206,-5.7264037,5.7360563,-4.8709555,0.27274606,2.1912367
Pranava,-1.5493443,4.9581175,5.1945543,-2.4567933,-1.6298575,1.4549407
Vintage,-106.95032,-18.813753,108.59248,-2.5604255,5.681308,5.8848953
Hereticate,1.8596466,-0.955279,2.0906563,-3.748166,-1.465467,1.6223762
Prismatical,0.38311225,9.798081,9.805568,-2.4221392,-0.9192812,0.78200454
Sartorius,2.0059497,6.5663443,6.865909,-2.6290205,-0.611907,0.42341372
Uncolloquial,2.203667,31.857021,31.933147,-0.48574528,-1.6323221,2.6631014
Clubability,0.81035143,-10.34904,10.380718,-2.522004,1.7983042,2.010355
Peavine,1.6831177,1.2397256,2.0904071,-3.0792575,-0.7356755,0.6377009
Ocypete,-2.4278328,-8.027024,8.386149,-2.6901467,1.4147588,1.616388
Extrasolar,2.3771245,-3.6526341,4.358034,-3.9939113,-0.4354263,1.2839106
Yeelin,-3.5013168,11.261414,11.79316,-1.7708008,-0.79219985,1.1280379
Nihilobstat,-5.023202,-38.188496,38.51745,-4.7448277,2.4324262,3.3149173
Sudoral,-4.292297,-15.69583,16.272152,-2.6898105,1.4505497,1.6521759
Abaxile,1.3606057,-9.373389,9.471625,-2.4150128,1.346525,1.5796658
Fantasias,6.9155693,4.5687246,8.288445,-3.2077143,-1.316404,1.212693
Erectile,3.419468,-4.6180925,5.7462635,-3.9012098,-0.46063143,1.1980923
Crucibulum,-5.3687906,3.3397954,6.322828,-2.7360992,1.4967183,1.6978228
Inworn,0.55161405,12.900283,12.912069,-1.0481986,-0.32464445,1.6878945
Sintsink,-4.242575,11.251676,12.024959,-1.2990377,-1.0410905,1.6606392
Oryzenin,1.5966277,-10.100026,10.225447,-2.5735462,1.6482159,1.8560532
Paracorolla,-2.0259569,-4.7924404,5.203075,-3.611962,0.778366,1.3169847
Polygamian,9.03203,-30.583244,31.889065,-1.291777,1.5928656,2.3002822
Foreknower,-0.77569723,11.651559,11.67735,-2.103283,-1.7793086,1.6986718
Lentoid,-1.3285835,13.412017,13.477659,-2.5351865,-0.6466256,0.4868872
Judaize,2.6709754,0.089240134,2.6724656,-2.966023,-0.28963986,0.25061905
Juiceful,2.7262537,29.482708,29.608486,-1.2639503,-2.159529,2.4473138
Prevaricator,1.8899038,27.02946,27.095451,-1.0609714,-2.4773767,2.823531
Curran,-0.59703374,-15.568475,15.57992,-3.2817564,1.7082471,1.9870356
Midlatitude,3.2229538,9.872064,10.384847,-2.7105677,-0.87469107,0.67391986
Liroth,0.056360863,-16.301085,16.301182,-3.6655712,1.8048186,2.2127066
Snarlers,-0.685329,6.9110456,6.944942,-3.2152348,-2.2889628,2.143155
Unblade,-2.7635489,6.1172166,6.712491,-3.634088,-2.5257072,2.4936626
Woozier,-2.4025302,-7.0352445,7.434166,-2.0094326,0.39056844,0.93356603
Soddite,-0.57052135,-27.301426,27.307386,-1.326102,1.7182318,2.3788981
Rooflike,4.9912534,6.9690447,8.572058,-2.5419943,-0.5561569,0.40249687
Cladophorales,-2.5136034,6.365538,6.843849,0.20960873,1.2766398,3.291537
Popeless,-0.38566312,-3.1576233,3.1810884,-3.5668254,-0.30799952,0.842073
Beamman,-2.0416515,-10.455567,10.65304,-3.5754154,1.6768682,2.0588446
Epigrammatism,-4.311888,-24.111502,24.494019,-4.759837,2.3418658,3.2527761
Myophysical,5.906564,-64.66923,64.93841,-4.5954432,2.7855425,3.5205204
Poultice,2.4260716,11.308658,11.565965,-2.8307672,-1.2795839,1.0830383
Phlebalgia,5.547275,24.30524,24.930243,-1.6171405,-3.1786299,3.179251
Penscript,-1.7665998,5.3013887,5.5879865,-1.2290281,0.616045,1.7103631
Galopade,-2.5157998,-22.053873,22.196905,-3.942843,0.8716216,1.6179992
Bethreaten,6.097581,6.5555162,8.952948,-1.3069854,0.9137356,1.8089454
Stylelike,-1.8226045,-6.6130905,6.8596544,-3.659639,-1.9173766,1.9511359
Whangdoodle,-2.2381146,4.5129585,5.0374546,-1.8509052,-0.13688648,0.88299817
Scaphion,3.5085125,-7.038156,7.8641787,-3.179434,0.23698775,0.6265028
Diabetogenic,4.4982677,10.395044,11.326576,-3.200933,-0.7995393,0.7605507
Prepositorial,3.8955755,18.8829,19.280546,-1.209997,-0.8024919,1.6361065
Fieldmice,0.6802815,-5.0347433,5.080495,-3.8186264,0.43452668,1.2592541
Deiphobus,4.95336,-44.480816,44.755768,-4.3610387,1.5081878,2.3615339
Spirituel,-1.0659338,-3.2332559,3.4044325,-4.695345,0.08441153,1.9844258
Cosines,-1.1828353,7.469207,7.5622845,-2.4545705,-2.2528362,2.0703511
Cerolite,0.58425325,6.3531923,6.38,-2.7660449,-0.56278926,0.36333057
Alliterates,-6.8992167,64.804344,65.17056,-1.03583,-3.03071,3.298821
Antiricin,-1.614818,7.1843224,7.363567,-4.325861,-0.7386884,1.6824926
Disconsonancy,2.955477,-9.870208,10.303197,-1.3044163,1.1353995,1.9552445
Loather,-3.7319355,-24.594147,24.875679,-3.994106,1.8656937,2.421908
Partiary,6.1103024,-30.893162,31.491638,-1.3189557,1.530918,2.2350273
Tarcel,1.6439173,-11.458506,11.57583,-2.9526231,0.7274371,0.95448655
Serfism,-1.3198905,-10.306286,10.39046,-2.9225771,1.8143073,2.0244372
Azophenylene,-1.6719341,17.93849,18.016237,-1.2116364,-1.7975464,2.2042756
Lactigenous,-2.510281,12.810151,13.053791,-2.2319584,0.16293725,0.61816597
Indefectible,4.146424,26.497952,26.820408,-0.31143832,-0.4345197,2.4313579
Trichostasis,2.163667,10.739501,10.955287,-1.6041617,-1.0386807,1.4044868
Phenylic,6.2591076,24.126467,24.925144,-0.8830814,-1.4310989,2.220314
Ooscopy,-6.632678,27.826654,28.606207,-1.2907188,-3.2962923,3.414127
Copartner,2.741605,-28.295794,28.4283,-4.526306,1.4097933,2.411652
Relubricate,0.9850589,-1.3592596,1.6786687,-3.5040379,-0.3030795,0.77917504
Qualmiest,0.86496985,12.212887,12.243478,-0.41746876,-0.50993985,2.3346148
Hydrogens,1.5730088,3.3380406,3.690104,-2.4248297,-1.3735002,1.2118633
Matajuelo,-3.3793323,16.817686,17.153847,-2.4113364,-2.1700842,1.9948564
Hostiles,-0.92771804,-14.445687,14.475447,-2.3039887,1.959813,2.2028072
Disboard,-0.7343657,-1.8116552,1.9548377,-3.1963925,0.4831364,0.8271889
Cerulein,0.49211982,7.508906,7.5250144,-2.3588152,-0.71833384,0.6375541
Polypi,1.0996593,-12.777811,12.825043,-3.9681473,0.8337312,1.6124537
Pseudepigrapha,-0.6244033,-16.973452,16.984932,-3.6635494,2.1379275,2.5178635
Acetocinnamene,-1.6450655,4.226513,4.5353775,-1.5892524,-1.2084341,1.5230248
Trunnions,-1.3699054,2.337525,2.7093656,-4.861508,-0.28152782,2.1314604
Scandinavians,1.2429938,7.111276,7.219091,-4.278196,-1.3585255,1.9317616
Tetrole,3.1494012,-16.766663,17.059885,-3.477694,1.3444554,1.7162297
Sesbania,4.164439,-4.4076233,6.0638022,-2.5729814,0.60045743,0.81709284
Tribunate,2.7260776,-20.935062,21.111805,-2.8689375,2.4282162,2.632901
Bolsterwork,4.803781,-13.03378,13.890852,-1.6500075,1.3595729,1.8988056
Siccative,7.3846207,-12.22038,14.2783165,-4.289362,0.7481616,1.8242326
Interminister,4.7576594,-17.119781,17.768574,-3.4934394,1.5435507,1.9037471
Dawson,3.1761737,11.671158,12.095618,-2.9013689,-0.57390237,0.40965348
Coccal,-0.94938326,-4.8862414,4.9776187,-3.8593576,-0.13749868,1.129584
Spermosphere,-0.68439674,-1.8420389,1.9650722,-2.0370457,0.9310088,1.3281659
Withstrain,-3.7568357,0.6519847,3.812991,-2.7672894,-1.8112764,1.6105742
Quadrumvirate,-1.9893711,-17.65306,17.764801,-4.574152,1.4283241,2.459704
Misenjoy,-0.38713992,4.0073442,4.0260005,-2.7372885,-1.7209024,1.5198147
Lemovices,-3.963064,9.745858,10.520818,-1.8046675,-0.40769365,0.94964284
Aporrhoea,-11.979397,2.5521224,12.248236,-3.7609365,0.9653337,1.5556891
Nonmorality,0.802414,1.1012926,1.3626121,-2.4586318,-0.8587616,0.71204895
Disseizor,5.061276,59.38747,59.602753,-1.0553136,-3.2319283,3.463488
Unperforative,1.1875705,24.123152,24.152367,-0.3331049,-0.8056351,2.473475
Tangipahoa,-3.4492736,2.377782,4.189431,-2.789811,-0.47562984,0.28064218
Bunglesome,0.526541,19.75431,19.761328,-2.2074623,-1.1253917,1.0625452
Layout,171.18536,-17.908657,172.11958,-3.8075683,0.21472195,1.1535548
Capita,0.6864206,10.194761,10.217843,-2.946689,-1.1957479,1.017647
Spalpeen,-7.626914,29.418163,30.390757,-1.4059068,-2.106828,2.3214598
Lendee,-0.9723484,9.049779,9.101865,-0.94219196,-0.19156006,1.7893989
Precontrives,-5.3059564,21.409058,22.056767,-1.6558107,-2.5386486,2.573206
Mothproof,-1.3629607,19.417189,19.464966,-1.2007414,-2.152689,2.4803483
Nonprofession,3.6796088,-11.729217,12.292846,-1.9360241,1.5283775,1.9036736
Overtare,-3.987725,0.031630777,3.9878507,-4.025249,-1.6629361,1.9520724
Floorhead,1.5903449,1.047133,1.9041225,-3.2963881,-1.8494565,1.7424434
Weathergleam,0.23743434,1.6587305,1.6756372,-1.7049463,0.68931234,1.3589623
Sclerosarcoma,-0.24357554,3.3304412,3.339336,-1.5326966,1.5645224,2.1341753
Trophoplasmic,-5.9512525,11.053575,12.553841,-4.646808,-0.57414633,1.9512353
Junefish,1.6430846,4.148561,4.462094,-2.2605846,-1.0444806,0.9659795
Pastoral,6.163916,-0.54754424,6.188187,-3.1424103,-0.10164569,0.42271066
Steads,0.48447853,-10.80797,10.818824,-3.0479374,0.4825288,0.7532844
Remould,0.37763292,17.802485,17.80649,-0.725902,-1.301116,2.287515
Troves,-3.2671647,-10.047697,10.565538,-4.1089697,0.9150749,1.7728748
Metabolic,3.4767964,3.85314,5.1898746,-3.6123204,-1.0510851,1.2240125
Intertissue,3.1707783,15.896716,16.209854,-0.86313325,-0.44048223,1.8837048
Subpulverizer,-4.006621,10.303427,11.055026,-1.8174481,-2.3712924,2.3548572
Undershapen,1.3751922,13.307613,13.378479,-0.27924702,-0.71578854,2.5057476
Nigritudinous,-0.2900453,-3.8700442,3.8808985,-4.2854,-0.86698896,1.6905063
Keelfat,-1.7608943,9.593482,9.75375,-2.4683766,-2.0925596,1.9096842
Twiglet,4.836581,1.6655245,5.1153183,-1.2729946,0.29598957,1.5409496
Chomage,-0.57860905,-3.677466,3.722707,-4.819297,0.22462034,2.1306944
Salivous,-1.2307636,-0.40432632,1.2954767,-4.3725953,-0.6277705,1.6955907
Thatchwork,0.18121906,2.6231995,2.6294513,-1.0890988,0.49312788,1.7831564
Liveyer,1.6361413,-15.603692,15.689238,-1.1094303,1.0383797,2.041477
Kippen,0.9492977,7.8149962,7.872441,-2.6453772,-0.81182104,0.6167744
Dromical,1.5823638,3.1308143,3.5079722,-1.4503676,-0.44678596,1.3045422
Scatophagidae,0.7723228,8.131221,8.167816,0.41206002,1.3329147,3.497939
Dislocator,1.6251558,22.166956,22.22645,-1.0834225,-0.68541414,1.7178291
Supervisionary,4.8215685,22.83929,23.34268,-0.67276895,-1.8172388,2.617356
Piculs,-0.9544737,4.0445185,4.1556163,-1.8868433,0.76239693,1.2813582
Enervates,3.06476,47.213478,47.312847,-1.1914098,-3.1811843,3.3545477
Semiterete,-5.508791,67.631966,67.85595,-0.41827512,-2.1030536,2.9947863
Shrubland,1.5501671,-0.23669761,1.5681337,-4.0065618,-0.4552797,1.300086
Miticides,0.14864115,-21.328262,21.328781,-4.44082,2.192393,2.9411483
Maharajah,-1.1687502,6.594993,6.697754,-2.5604556,0.44995382,0.6731624
Petals,2.847966,-36.28715,36.39874,-3.7312732,2.4830747,2.8642976
Diggings,0.28430352,-39.025585,39.026623,-3.5551684,2.9921093,3.2977111
Enchannel,1.1730098,-1.6075466,1.9900148,-3.1104367,-1.6397321,1.4876863
Jimbang,-2.4308436,-23.38321,23.50922,-2.706267,1.1240824,1.3254223
Balldress,-3.286825,44.08067,44.20304,-0.22171757,-1.4402074,2.7990582
Reexecute,-15.9230175,-99.00084,100.27317,-3.9654276,3.42028,3.8258069
Epochs,1.3337642,11.635833,11.712024,-2.423931,-2.7590501,2.5763843
Dextrocardial,-1.2920643,11.430575,11.503367,-1.1719097,-1.6067466,2.0996125
Embolectomies,0.82634467,-13.491042,13.516327,-3.7821724,2.5174918,2.9145339
Gamier,-0.64791995,-1.75569,1.87143,-1.5062536,-0.023558665,1.2381072
Foldskirt,1.2274268,-36.76109,36.781574,-5.1194415,1.4411452,2.8980885
Tsotsi,-3.6276896,8.760473,9.481877,-1.9606758,-1.3272161,1.3647021
Naturalistic,2.7151823,-1.2241268,2.9783723,-3.578083,-0.6824752,0.97381496
Baryphonia,-11.758078,-26.457727,28.952785,-4.0963507,2.6056263,3.1209524
Carryovers,1.2629161,-5.9462814,6.0789165,-4.2793016,-0.32418227,1.5526226
Chaprassi,3.479883,-6.053711,6.9826217,-1.1771337,0.4689983,1.6927161
Desecrations,3.288282,-21.439999,21.690697,-4.173286,2.140155,2.74955
Hideout,4.3383446,0.97686833,4.446965,-1.0387136,0.5974839,1.8717588
Puristical,-4.054104,-14.638092,15.189125,-3.6990874,1.3797412,1.8534164
Checkpoints,1.6557736,2.0868497,2.6639304,-3.967634,-1.7786614,2.0041382
Readvise,5.47396,-20.34858,21.071995,-1.7667173,1.4554381,1.9170408
Curtain,1.737826,10.5010605,10.643885,-2.4638972,-0.98696333,0.83019876
Astream,-1.0184927,2.7202952,2.9047084,-1.9913801,-0.82895607,0.9706079
Indicatoridae,-0.20657283,10.63663,10.638635,0.44133726,1.3445513,3.5293548
Illuminatism,-5.7896843,-12.771587,14.022621,-2.6652517,1.8802068,2.0823615
Fulminant,2.6593473,2.653131,3.7564917,-3.7175055,-0.93371487,1.2283341
Nematognathous,0.4420591,16.573624,16.579517,-1.4396975,-1.0918579,1.5691957
Lernaea,7.3027873,10.51188,12.799621,-2.6980848,-0.53985167,0.34040377
Inducteous,0.65805805,9.662035,9.684418,-1.8339754,-0.40272924,0.9199581
Asphodel,2.9218597,6.4411464,7.0728793,-2.4169276,-0.34332323,0.3452896
Cribose,-5.3663473,0.97280216,5.453809,-4.3907695,0.106013514,1.6873872
Subvicarship,-8.903654,-19.626396,21.551577,-4.7567735,1.5975786,2.7086356
Inoculability,-0.12701753,-24.281225,24.281557,-3.7574708,2.334451,2.7352316
Hypobaric,0.9035774,14.5720005,14.599987,-2.4169114,-1.0278177,0.8845745
Underclay,-2.032127,11.608536,11.78506,-3.284359,-1.4341751,1.3513174
Servet,-1.1416638,-37.538765,37.55612,-4.210223,1.9394248,2.6015894
Otoneurology,-2.1085596,7.641434,7.927013,-1.9751152,-2.2720172,2.2047498
Wakeless,3.9900472,3.1869793,5.1065946,-2.7429392,-0.9661431,0.7651292
Quadrifilar,1.1893232,6.4916444,6.599692,-2.427937,-0.49139157,0.42007184
Akazgin,-1.8522294,19.349802,19.43825,-2.2613668,-2.1249015,1.9804305
Tenuirostral,1.6017096,-14.459577,14.548018,-2.939342,1.6568059,1.8694865
Trainability,0.5267205,3.7454226,3.7822773,-1.0653996,-0.6468942,1.7247732
Semisixth,4.7478356,-19.652714,20.218088,-2.8030462,1.9542818,2.1565652
Oosporange,2.0317676,10.96137,11.14808,-0.5622144,0.26231655,2.218296
Heterocaryotic,0.22490495,5.7811255,5.785498,-3.0751736,-0.4298982,0.41281462
Lollup,1.5305649,9.954343,10.071323,-2.5146773,-0.5784122,0.43520817
Achene,2.672747,-9.908526,10.262675,-2.68406,1.6057211,1.807444
Vizard,0.21872264,-2.4047546,2.4146814,-3.7324383,-0.25686562,1.0024252
Goyana,-4.4508843,2.0076027,4.8827085,-1.4423527,0.6241137,1.5307007
Expellee,6.2014794,6.1238966,8.7155285,-0.5473809,-0.6536816,2.2305815
Scholiums,1.2430465,48.46927,48.485207,-1.1530644,-3.3578343,3.5293975
Hypogastric,0.9212938,3.0907826,3.2251692,-3.2349129,-0.6382315,0.66666627
Teinoscope,-6.6643653,-43.73138,44.236267,-4.287561,2.2553859,2.9078233
Tropospheric,-1.1153665,3.799021,3.9593685,-2.8033524,-0.62283814,0.42780575
Whippings,0.2886653,-5.7409196,5.7481728,-3.6227653,1.6160421,2.0239162
Sulphurous,-0.5960637,7.2335033,7.25802,-2.76023,-1.2194531,1.018758
Inheritrice,7.553535,-6.422729,9.915006,-3.656711,1.4680516,1.908391
Nakeder,1.9992841,24.986715,25.066572,-1.2204092,-2.0837498,2.4141188
Sarcomata,-1.2284336,32.131477,32.154953,-1.3628775,-3.2025943,3.2988307
Rockfishes,1.2740406,-6.248514,6.377077,-2.8646553,1.9025855,2.1078897
Newcomer,1.9050676,17.402792,17.506754,-2.4692447,-1.3102039,1.1397048
Sortilegi,17.609312,-24.151852,29.889793,-3.556199,1.2388757,1.6593813
Panchromatic,0.94294786,-5.0315185,5.1191144,-2.9505558,0.34905845,0.5921396
Ubiquitary,7.2999563,27.259205,28.219738,-0.7043388,-0.7106435,2.0902834
Decasualize,0.18376046,12.177967,12.179353,-2.4496012,-0.21227224,0.2821856
Manchets,-0.030297043,11.962505,11.962543,-2.1934528,-2.916865,2.7685652
Deathful,2.0738382,0.00010165824,2.073838,-3.6641622,-0.025651157,0.94895643
Emmetropism,0.64624804,-60.774845,60.778282,-4.045978,3.348698,3.7853315
Yugoslavia,0.358331,4.5434284,4.5575366,-2.8791823,0.04537784,0.2873
Mayvins,0.34306574,-29.222448,29.22446,-3.4012666,2.1308348,2.426193
American,460.19122,-22.54785,460.7433,6.083521,3.58832,9.595074
Hypertensinase,0.49791762,3.7459216,3.7788684,-1.7801938,-0.33432016,0.960654
Gandhian,-0.3852267,5.732191,5.7451205,-3.543938,-1.0619203,1.183623
Predoctorate,1.5525509,-13.405613,13.495217,-3.7677724,1.2759036,1.8042339
Proctorize,-4.9391007,-56.921158,57.135044,-3.6805582,3.0163312,3.3544657
Sometime,3.0673192,-77.96058,78.0209,-4.0232887,3.440196,3.863622
Ichthyomorphic,1.3493996,3.9928632,4.214716,-2.8698013,-0.60071844,0.42285377
Resort,2.5855103,-20.802444,20.962503,-4.125383,1.9468857,2.5605786
Cymbaler,-0.25257063,-4.240186,4.247702,-1.4035004,1.168165,1.9075217
Suprahyoid,1.6959826,0.44104025,1.7523904,-3.6514606,-0.47151178,0.95881724
Lewanna,-7.268212,9.073971,11.6259985,-1.653421,-1.3913053,1.6059227
Unresidential,1.0616168,-10.894566,10.946169,-3.328649,1.592749,1.8906077
Calenturish,-0.48393804,-4.712634,4.737417,-1.6092091,-0.5114412,1.1644727
Pericarpic,4.5938554,-10.828584,11.762728,-2.9756522,1.2735323,1.4946953
Multiframe,4.076277,3.981258,5.6979327,-2.5028327,-1.0904076,0.9182535
Alumian,-5.488558,24.24507,24.858553,-2.7045183,-2.2584956,2.057575
Undershrub,-1.2935755,-26.701931,26.733246,-3.3413546,2.4464016,2.7168179
Hohokam,0.7448168,2.9782524,3.0699732,-3.6802115,-1.0794979,1.2928709
Overgrows,0.2640745,-8.163957,8.168227,-3.5244877,0.30121368,0.9386389
Nounless,5.7899294,14.729957,15.82703,-2.9871283,-1.5406864,1.3637478
Potamogalidae,-1.3828855,5.9280343,6.0871964,0.4523083,1.3212429,3.529104
Alumite,3.4260864,-1.0053109,3.5705347,-1.6642616,1.2056828,1.7658343
Battlements,0.29266226,-8.120257,8.12553,-2.2921116,1.9153272,2.1615682
Pyrologies,-0.65774983,10.396022,10.416807,-3.1808178,-1.8775872,1.7356389
Introspector,0.8252409,6.9255605,6.974554,-2.9192297,-2.0828443,1.8910804
Carcinologist,3.695931,-5.1005826,6.298877,-4.2886086,-0.8940257,1.7042686
Thoron,2.7727172,-6.893453,7.4301863,-2.6545548,1.4312085,1.6341226
Lavehr,-2.496069,2.9852061,3.8912485,-2.6693404,-1.3891646,1.1896945
Colorifics,-8.567518,-2.4781518,8.918722,-4.6957226,-0.40274,1.9744803
Apospory,-3.225918,-63.37641,63.458458,-4.2670403,3.2297056,3.7587364
Dualin,6.299191,42.179897,42.647667,-0.801893,-2.2009509,2.7790368
Heresimach,5.8274,-18.601627,19.493053,-3.2529387,1.6588686,1.9316592
Freemartin,-0.062053747,-8.9702215,8.970437,-2.5836926,0.8421766,1.0537026
Cuinage,-1.196632,41.048534,41.06597,-1.4293275,-3.1328154,3.2079258
Laccin,-1.2947136,-6.566947,6.6933613,-2.564484,1.611599,1.8203813
Frasier,-5.506616,-6.6544633,8.637402,-2.5203116,0.995533,1.2151357
Garter,2.1923592,-3.1014864,3.7981126,-3.199059,-0.05469454,0.48988193
Segmentary,5.467555,-21.576534,22.258505,-3.6861105,-0.43081576,0.98179746
Tracheole,-1.1955996,10.634777,10.701772,-2.32346,-1.0159978,0.91137856
Heresiologist,3.6220193,-2.7120378,4.52484,-2.7957964,-0.07866673,0.13825747
Enhearse,2.2998784,-6.2369866,6.6475143,-4.1263127,0.96394426,1.8173178
Sceloporus,-1.1622059,-7.0802345,7.174988,-2.860198,0.7488103,0.9585786
Welshlike,-1.8404083,-1.9313563,2.6678162,-1.7913965,0.356526,1.0930977
Subtarget,5.7049656,-3.7137303,6.8072333,-1.5727252,0.73064077,1.4869596
Insomnolency,-5.098932,-3.693256,6.295971,-4.95532,-0.6812237,2.2749953
Doctoral,3.324714,1.9115531,3.835069,-3.176057,-0.8897363,0.8196309
Sulfourea,-0.9600662,-5.5785694,5.66058,-4.3078885,-0.113114074,1.5787766
Bartramian,-5.3391323,1.2909788,5.492992,-1.128654,-0.63930154,1.6617302
Limity,-5.522329,-15.580442,16.530165,-1.7969888,1.2841884,1.7548534
Aitutakian,-7.701117,8.91886,11.783602,-2.2167904,-1.2955042,1.2094285
Sauceplate,-1.7077037,-6.3278527,6.5542336,-1.6168046,1.1868004,1.7801559
Nasalizes,6.7827735,49.180386,49.64591,-0.45227116,-2.2470572,3.062863
Apteria,-2.38295,-17.337801,17.500793,-4.0944095,1.2813696,2.0137167
Whalemen,5.3815694,-7.299201,9.068606,-3.7551074,1.263602,1.7868927
Glover,2.5734076,5.6877456,6.2428255,-2.8254747,-0.12419693,0.1213787
Degreewise,0.4052765,-25.130035,25.133303,-1.5864947,1.5757784,2.1138775
Plowwise,1.3781588,25.882307,25.918972,-0.90738535,-2.1898398,2.6986525
Australianize,2.1361196,-0.38236833,2.1700718,-2.9896793,-0.023617405,0.31324473
Siluroidei,-7.192662,-30.954222,31.778896,-4.1624365,2.640214,3.181265
Wisdom,2.2147095,-7.412051,7.7358546,-3.2864444,0.36552852,0.7930679
Poales,2.571685,-5.4942765,6.0663533,0.037381917,1.2659667,3.133584
Anoterite,-3.5648048,20.287891,20.598698,-3.0941947,-2.170993,2.002994
Scyllioid,-5.299299,9.843875,11.179644,-4.0951486,-1.0271343,1.5942692
Amorphous,4.255981,-3.7254043,5.656148,-4.008714,-0.89618707,1.4540485
Waxflower,0.752027,-6.2841926,6.3290305,-3.3898077,0.53416866,0.9868639
Disloyalties,2.5524068,1.4210316,2.9213195,-3.907256,-1.1104177,1.4863074
Cosmologygy,0.87336886,-9.709258,9.748461,-3.5722897,0.2004522,0.9316974
Supersatisfy,-2.7761703,26.87974,27.022722,-1.4219505,-2.2685251,2.4473138
Alberich,-3.791799,20.424397,20.77339,-1.3884912,-2.2937691,2.486588
Percussion,2.2141051,6.7022953,7.0585423,-2.6807828,-0.615615,0.4176157
Chavantean,1.8227215,-16.869352,16.967539,-3.7332613,0.8315084,1.4386353
Dielectric,1.8254013,5.526212,5.8198886,-2.0311298,-1.0214138,1.0786693
Caimacam,0.3368502,3.0683212,3.0867555,-3.8927238,-1.4846007,1.7307994
Literalist,0.40959403,22.793755,22.797434,-0.32677987,-0.82981175,2.4856133
Preexecutor,1.3074148,4.685799,4.8647757,-3.056585,-1.0427761,0.9022522
Breech,1.3705767,-11.057737,11.142354,-3.497734,0.18329257,0.8571877
Notholaena,-2.2378502,-6.588854,6.958518,-3.4280899,0.73075557,1.1633993
Warrand,4.6923313,-22.724047,23.203453,-3.522459,1.9037449,2.248528
Darren,4.342451,13.988314,14.646834,-1.2120706,-0.48081917,1.545027
Leoncito,-18.458845,-6.543781,19.584435,-2.6097991,2.1202188,2.3245087
Quipster,-0.5186707,5.0278406,5.0545225,-1.9104351,-0.04073292,0.8366434
Dovens,1.9958032,-0.10374098,1.9984974,-2.4933279,0.861458,1.0889368
Sensory,2.3198414,5.2148952,5.707608,-2.4429772,-0.7496564,0.61983794
Haptotropic,-0.41319248,-4.9390955,4.9563494,-3.861789,-0.31563902,1.1360127
Cisplatine,-3.0113616,26.40919,26.580322,-1.4593273,-2.6928856,2.7977836
Papillomatosis,1.6052608,50.939056,50.964344,-1.2462705,-3.2668834,3.4066315
Paragraphs,6.732449,-80.49697,80.778015,-4.0544405,3.379565,3.8172174
Zanclidae,-3.0647027,-1.7310672,3.5198011,0.3156471,1.3222591,3.406776
Sarmenta,-5.315627,9.498671,10.88488,-2.4579597,-1.9347895,1.7551482
Reluct,2.4084568,-8.418117,8.755876,-3.3499763,0.8667927,1.2340274
Breird,-2.442341,-10.378215,10.661726,-1.3902482,1.1725296,1.9198922
Shuddersome,-3.1812136,1.8421503,3.67609,-4.353868,-0.88637966,1.7611008
Stippler,3.9503238,1.889653,4.379023,-3.1154962,-0.27835533,0.3916266
Cyclamate,0.73831636,-1.6210119,1.7812333,-2.7205439,0.23244669,0.43368518
Zibethone,2.494788,3.8312392,4.5719094,-3.4931629,-0.5082757,0.82121164
Filefish,2.6651258,-5.7543807,6.341593,-2.1754138,1.8786988,2.1528728
Boolean,-114.95066,-20.40946,116.74845,-2.5616384,5.6775064,5.88106
Ordain,1.0505855,-2.0663545,2.3180923,-2.6390066,0.9921031,1.1967862
Almsgiver,3.2362351,14.844853,15.193514,-2.8981748,-2.7899344,2.5941916
Uromere,1.4764504,18.171598,18.231482,-0.42918816,-1.0333922,2.448194
Finetop,-3.3676043,20.11833,20.398233,-0.90118194,-1.5562611,2.277448
Opacate,0.29373664,-31.767725,31.769083,-0.92091507,1.3736316,2.399631
Prisms,2.845669,-9.186625,9.617272,-1.9781549,1.595225,1.9479233
Undignify,4.0859056,20.18131,20.590773,-2.4639592,-1.3514307,1.1810492
Wizard,-924.9616,-10.8576355,925.0253,-2.560047,5.701918,5.905508
Hemadynamics,0.2535703,0.7549465,0.7963925,-1.3747777,0.06389465,1.3824234
Homonomy,3.4714963,16.053993,16.425041,-1.8244902,-0.9738519,1.1916096
Viscoid,5.132325,-0.52087206,5.1586885,-2.235156,0.40159473,0.78080815
Regalty,4.1796083,17.381739,17.877192,-0.8344364,-0.4531736,1.9138026
Corroborations,-2.4091876,3.8186133,4.5150847,-2.1624625,-0.5724817,0.67956144
Baidak,-1.7350502,1.9530971,2.6124675,-1.3852077,0.079404905,1.3752677
Overhip,2.5330071,1.0801659,2.753703,-0.9199664,-0.24706241,1.8121821
Pterodactylus,1.2472212,8.209117,8.303321,-2.4140544,-0.5902642,0.5022582
Subpunch,0.5394361,21.227097,21.23395,-2.6008766,-2.7033143,2.5056264
Petrogram,-6.7605696,-4.0988755,7.9060793,-2.05545,0.11542332,0.7465375
Dipsaceae,1.4025086,13.786032,13.857188,0.111351684,1.0541719,3.1077132
Blasties,3.9708295,12.371593,12.993221,-2.8665428,-1.0516747,0.8612194
Quatrocento,1.5042628,7.1361895,7.29301,-2.9126103,-0.6253805,0.4612944
Shandy,1.0182408,6.705077,6.781952,-2.766076,-0.36227414,0.164829
Fableist,-5.296424,-8.422834,9.949686,-2.914589,0.36473793,0.59470016
Tarsier,-0.7776935,-7.093122,7.1356287,-2.6623652,1.3649921,1.5676187
Prosuffrage,1.9701415,-41.59907,41.6457,-1.6974992,2.036588,2.4650626
Palaeocyclic,0.8433633,20.920595,20.937588,-2.447049,-1.2037753,1.0422622
Spileworm,-2.3643816,-28.528526,28.626335,-4.6800504,1.8607516,2.8368678
Bumkins,2.8350918,4.119079,5.0004554,-3.6911557,-1.0224563,1.2631081
Softie,3.1531906,-7.1722617,7.8347917,-3.2486453,0.51132655,0.88029593
Numskull,2.1112359,6.031108,6.389959,-3.0734594,-1.8560258,1.6898745
Simpletons,0.052990533,-27.78702,27.787071,-3.7248602,1.6428535,2.0944672
Antemural,-3.3192945,-15.968512,16.309847,-1.5368425,1.1999749,1.8412956
Gladdens,0.66081816,-8.844586,8.86924,-2.9445157,0.51317704,0.74534374
Mucolytic,2.3484704,26.328653,26.433186,-1.1246898,-2.4160733,2.736451
Intriguer,-1.9678347,-9.885357,10.079319,-4.4599347,0.00092449976,1.740136
Postface,3.386011,7.368452,8.109201,-2.975464,-2.0491505,1.864077
Hastile,2.813949,-11.941136,12.268213,-3.7845938,0.86049813,1.4952779
Authorizer,0.8732386,-3.2595396,3.3744848,-1.8438269,0.5491958,1.1623343
Metapodiale,-4.6682663,31.887695,32.227592,-0.91235226,-1.2854669,2.1178744
Platydactylous,-5.987788,10.517877,12.102864,-3.0033753,-1.9156572,1.7359701
Gentil,0.39822096,-5.2396083,5.2547197,-3.211272,0.11052667,0.57203895
Adversarial,2.9523551,7.114709,7.7029524,-1.0182675,-0.65850747,1.7733057
Tarantism,-6.612898,-18.160439,19.326975,-4.4318123,2.3627176,3.0763602
Innumerability,2.2443814,-3.2698164,3.9659739,-3.1748767,-0.097591475,0.45523456
Stratography,-0.80513674,-26.929844,26.941877,-3.929011,2.8338344,3.2626207
Manubaliste,1.8889798,92.526474,92.54575,-0.7968467,-2.735453,3.1884305
Bodywise,3.6848552,6.8133826,7.745988,-3.0844007,-0.7710465,0.67032343
Isodimorphic,-2.9252422,25.22931,25.398329,-0.95868444,-1.678789,2.3079593
Wourari,-4.5568967,-15.295587,15.959959,-3.957658,1.6314292,2.2048721
Guittonian,-0.59599745,-1.2358198,1.3720297,-3.8133175,-0.3715314,1.0950959
Photothermic,7.031948,5.5298505,8.94581,-3.1700761,-0.87435603,0.80347204
Tropistic,0.80123997,7.906308,7.9468036,-4.2283883,-1.1182709,1.7554725
Subinternal,-2.5264997,9.395302,9.729074,-2.5981112,-0.95683694,0.76743126
Laryngorrhea,-2.8780098,-3.0770047,4.213182,-2.7203372,0.2815339,0.4827629
Reassume,2.9806695,-1.6232885,3.3940325,-3.1654804,0.93844664,1.2193626
Cheekish,0.7427014,1.6890031,1.8450838,-3.4676871,-0.63257843,0.8532585
Iterances,-1.7317787,-20.708883,20.781166,-2.1125429,1.5475534,1.8549858
Coccothraustes,-1.1350213,9.044408,9.115348,-3.5695946,-0.08462392,0.8460846
Rivell,2.8068557,1.3501834,3.114712,-1.9516343,0.19054991,0.8727434
Myxolipoma,-2.8423846,-4.3491483,5.1955986,-1.8571436,1.4077137,1.8310899
Zincify,5.5076203,19.903639,20.651604,-2.3282597,-0.7151666,0.6533925
Plumelets,6.302524,48.72194,49.127888,-0.86151844,-2.8753126,3.2632034
Elfhood,-1.3080909,-31.97254,31.999287,-3.9782002,2.6135356,3.078354
Pectunculus,-1.0410119,-11.260059,11.30808,-3.8141983,0.957008,1.5853404
Spongeless,-7.083465,8.913552,11.385381,-2.3475468,-1.9461187,1.7867752
Unrestful,0.25151703,11.655242,11.657955,-0.69658345,-0.90182924,2.1522489
Naissant,-0.025202107,13.1495905,13.149614,-3.2539372,-1.4489598,1.3527861
Shibahs,-3.2516558,6.648022,7.4006395,-1.6889647,-0.79132473,1.1980749
Madship,2.3189201,-18.083572,18.231647,-4.4283533,1.4655515,2.378405
Lenticle,-0.13274288,-0.25995564,0.29188696,-3.536539,0.2380625,0.91697586
Ithomiidae,-0.23897646,-1.7243938,1.7408751,0.44942123,1.3674523,3.5466924
Subahdary,4.862112,-1.8892863,5.2162757,-2.8827689,0.5468161,0.76304567
Rhodospermeae,-4.373273,-2.8175743,5.202331,-2.2839491,0.615811,0.9315049
Overjust,1.1625712,-4.8021545,4.940877,-3.0496852,0.23565929,0.5403309
Elaphrium,-2.7657583,-14.921932,15.176084,-3.6358726,0.921712,1.4416915
Forelimbs,1.6329513,-11.170984,11.289705,-4.0613413,1.6013017,2.239855
Tawneys,-5.6146626,23.384306,24.048912,-1.0205373,-1.4263064,2.10446
Disdiazo,-1.8795271,-9.224705,9.414235,-2.8974354,0.81410414,1.0286636
Subregularity,0.38256788,-16.367252,16.371723,-4.92369,1.4763265,2.7602832
Velvetwork,0.5243416,21.986319,21.992569,-0.74208975,-2.093639,2.7458556
Bedrivel,-4.767042,-20.818586,21.357393,-2.9418268,0.72340965,0.9481166
Enologies,-1.823489,6.2542453,6.514652,-2.9991648,-0.93089694,0.77731293
Transfer,20.001112,-22.395163,30.026451,-3.7085457,0.2768632,1.0876293
Klaverns,-1.9330024,22.647514,22.729858,-2.9091096,-3.0119014,2.8164046
Disavaunce,5.4635067,2.2789376,5.919751,-1.3467356,0.86633676,1.748477
Scalds,1.7800012,-57.14261,57.170326,-4.064665,3.356307,3.798985
Lengthsman,-0.3672773,2.4520447,2.4793978,-4.099317,-1.2812889,1.7428585
Octopede,-1.3222811,-6.3822227,6.5177603,-3.9048247,-0.050435703,1.1828933
Parody,3.4675517,9.726769,10.326371,-1.0905282,-0.8571649,1.7673218
Predentata,-5.280563,53.20913,53.470512,-1.847678,-2.0880013,2.083665
Hereditist,0.3249366,-2.9687665,2.9864962,-4.1853313,-1.1483226,1.7351279
Gangrels,1.2736685,-10.751674,10.826853,-2.3724678,2.3399544,2.5663009
Amebae,-4.326995,7.908544,9.0148735,-2.3706732,0.90394276,1.1624798
Masuriums,-1.8313376,3.1831641,3.6723738,-1.8096051,0.13868447,0.9825799
Tatarize,0.2081866,-25.857178,25.858015,-4.4563255,1.5816293,2.4805071
Fortunize,0.06836131,-4.5367284,4.537244,-3.9536748,0.43161997,1.3761845
Colosseum,-1.6799163,7.787774,7.9669027,-1.9700209,-1.4444084,1.458002
Malverse,-1.5505103,-9.697774,9.820943,-4.538118,0.72110385,2.0283215
Cultivations,-0.73818594,-6.799759,6.839711,-2.712265,1.9551129,2.1562977
Gradientia,-1.0140736,6.138562,6.221759,-1.8231966,-0.33848396,0.91869944
Somasthenia,-4.647402,3.0374517,5.551978,-4.9135013,-0.8123124,2.2659273
Drepaniform,2.059679,17.878754,17.997004,-1.3415047,-1.2304114,1.7296687
Gemuetlich,-5.519797,41.541782,41.906895,-1.4534053,-2.9937088,3.0712159
Enstate,2.4065711,14.042438,14.247162,-0.748942,1.0285819,2.3330042
Trafficability,2.7161114,-0.35552317,2.7392805,-3.5340548,-1.522562,1.546045
Overwoman,-0.21564466,-18.75118,18.75242,-2.0041006,1.1222966,1.5101588
Radicle,-0.70513725,-5.808186,5.8508334,-2.845505,-0.023723891,0.2108173
Trademaster,1.2700192,5.5609174,5.704099,-2.2551203,0.03911677,0.533576
Endolaryngeal,-0.42082888,9.113288,9.122998,-3.0580046,-0.63730633,0.54483014
Nonguard,-0.2923991,-17.311378,17.313848,-4.492624,-0.51496196,1.7888087
Adenitis,4.7799664,10.156757,11.225319,-1.3103771,1.2965539,2.06464
Misadventurous,16.301817,-33.35281,37.123566,-4.2679157,1.9507036,2.6439788
Wasatch,-2.5571682,9.804465,10.132454,-3.0060928,-0.6298074,0.50907433
Conspissate,-2.825671,-12.302791,12.623118,-1.9698004,1.8435271,2.181921
Becalm,2.2623365,35.47026,35.542336,-0.5573398,-2.04833,2.852985
Diocese,0.8044401,-10.266507,10.2979765,-4.3317647,-1.5457529,2.0901513
Reoccur,-0.53707516,-1.6856691,1.7691615,-1.7459128,0.6688973,1.3146877
Yeshiva,4.516705,-10.357504,11.299493,-3.2711926,0.028474106,0.58643067
Mandoline,-3.3245625,-3.6505647,4.9375443,-2.0916376,0.5900758,1.0175776
Nonfighter,1.2535447,20.848976,20.886627,-0.50214833,-1.1502827,2.4230666
Scrubwoman,-0.5376396,4.798722,4.8287454,-3.2975647,-1.0921664,1.0556313
Dimensive,0.055607587,18.46517,18.465254,-0.8518586,-0.91133493,2.0094113
Pterodactyls,1.3054239,-10.12973,10.2135,-2.7169054,2.0003436,2.2014909
Lodgeful,2.5302606,7.2337346,7.663493,-1.1867956,-0.009133145,1.5566517
Planariform,1.6850075,-63.60451,63.626827,-4.2532763,3.1309426,3.6630726
Redemptible,10.883155,-4.197107,11.664424,-1.8225347,1.0076824,1.5124445
Marauders,-0.44939095,-5.272483,5.2916,-4.56889,-0.43091753,1.8516421
Kialkee,-0.32101247,3.8532896,3.8666377,-1.5217997,0.019153904,1.2296522
Smokestack,5.1656375,23.504923,24.065851,-0.44607773,-0.5058985,2.3057227
Aglimmer,4.086454,-20.637869,21.038553,-3.017012,1.69433,1.9168017
Bestraw,0.84686893,-28.764793,28.777256,-3.4553068,1.9678923,2.2865524
Evanescence,3.8728726,20.150564,20.519365,-1.3152537,-1.0956526,1.6751615
Decoat,1.4189626,4.751781,4.9591203,-2.4239366,-0.043888617,0.34547135
Ichthyosaurid,2.2241757,-9.416934,9.676034,-4.4519105,-0.19801578,1.7203479
Puinavi,4.525527,-11.905289,12.736417,-3.4924753,0.28064495,0.9005889
Disability,3.1569586,1.9096761,3.6896133,-3.582298,-1.1750082,1.2931535
Febricide,2.0526783,-7.378076,7.658296,-3.0201664,0.6350251,0.8845298
Poundkeeper,-0.40760133,-1.0959871,1.1693281,-4.268517,0.37237188,1.6404537
Orthostati,-6.115369,0.34358257,6.125014,-1.8360796,-0.74541426,1.0479383
Harbingership,8.105914,22.18267,23.617298,-2.281655,-2.858299,2.6950202
Lysine,3.1201625,16.700226,16.9892,-2.6392307,-1.2595937,1.0625149
Nondiagonal,2.1321084,19.6792,19.794363,-1.1366924,-0.9260193,1.7518934
Mossiest,-2.314986,-13.53496,13.731508,-4.9081597,0.6843665,2.3498108
Ghibli,0.7275098,6.158458,6.2012796,-3.0883656,-0.9963197,0.8715981
Internuncios,1.8110873,1.6378511,2.4418416,-3.6711905,-0.8648023,1.1503904
Sanghs,-1.2420158,15.021019,15.072279,-1.0995346,-2.1316571,2.5279598
Nonaccentual,-3.3265867,-4.5201507,5.6123033,-4.5310507,-0.7637938,1.8854105
Fullery,0.17152546,7.4172273,7.41921,-1.9595742,-1.1139593,1.1955273
Goitrogen,1.746763,-22.693138,22.760267,-3.8320863,2.2421227,2.6796408
Ralstonite,-4.776162,-3.2473958,5.775579,-4.8624697,0.5286303,2.2523892
Kumbuk,-1.7694455,5.7449474,6.011269,-1.9986218,-0.05173048,0.74800885
Eludible,0.8117219,-2.898253,3.009778,-0.7940856,1.129715,2.3505092
Feeless,-2.6632948,7.0224934,7.5105624,-2.7665977,-1.9301778,1.7294343
Divertise,-0.21856613,9.71192,9.714377,-1.8406515,-0.56164944,0.961106
Dermatotherapy,-1.5024208,31.86642,31.90182,-1.0636994,-3.0838463,3.3304672
Bullyrags,-4.638166,42.517654,42.76989,-0.8050909,-2.9750516,3.3772948
Reposit,4.102227,-24.207657,24.552778,-3.4034448,2.1656332,2.460252
Contraire,0.5031344,6.2901525,6.310242,-1.6119,-0.95119447,1.3476999
Flavory,1.2838839,-5.3230243,5.475669,-3.5102956,-0.26431608,0.78129196
Budgies,1.1755985,-21.50521,21.53732,-4.1107035,2.4078164,2.9510098
Saintdoms,-3.7326488,12.555494,13.098591,-2.9971998,-2.936407,2.7481766
Murrain,0.31940073,38.4859,38.487225,-0.9899767,-3.138165,3.4145997
Weissnichtwo,-4.190653,-34.35879,34.613407,-3.6073744,2.5677876,2.9040956
Selfsame,0.09942748,7.9108253,7.9114494,-3.0935192,-2.0916095,1.9248487
Psocid,6.6089745,-25.82276,26.655083,-3.8589425,1.3608465,1.9263049
Complexionist,-4.9033265,21.322443,21.878967,-1.1152335,-1.1043518,1.8515927
Consummates,0.83732694,-22.946833,22.962105,-3.6350722,1.7790185,2.1765082
Dayside,8.024205,23.070852,24.426462,-1.1992912,-0.9236779,1.6941031
Rubificative,-0.19681239,8.010474,8.012891,-1.3617401,0.008834436,1.3858187
Magnetimeter,1.7004101,-4.3799343,4.6984277,-1.5774603,1.0559443,1.7064921
Endoplastron,-2.775728,-0.0668372,2.776533,-1.6771263,-0.5637769,1.1150684
Respreads,4.555559,10.728885,11.655988,-2.9997814,-2.9667904,2.7786672
Overblind,0.73149914,31.174616,31.183197,-1.2486601,-2.7560468,2.9541106
Secreta,-3.0283225,2.118259,3.6956403,-2.6638453,-0.43160427,0.24024773
Mondego,-1.0846556,11.376801,11.428388,-2.1654954,-1.5835522,1.4938587
Oxalacetic,1.332812,9.171045,9.267386,-1.5628078,-1.2513366,1.5713035
Epiceratodus,-0.29242435,-27.443298,27.444857,-4.2528477,1.3831251,2.1963751
Bittiest,1.7462689,1.5973014,2.366606,-0.6003344,0.075933814,2.1491609
Subungulata,-5.3808208,4.2634172,6.865126,-3.4718611,-1.6328009,1.6117723
Coonjine,-0.43614128,-14.167046,14.1737585,-2.5943234,1.51268,1.719265
Excogitates,2.7931888,62.367558,62.430073,-1.1882387,-3.1864924,3.3607194
Demulsifier,2.0296,16.398735,16.523855,-1.4861625,-0.97854227,1.4681442
Guayroto,-17.410227,-33.01812,37.3271,-4.1348042,1.8015928,2.4453735
Coyotes,1.562285,-20.319939,20.379908,-3.6509485,2.4475622,2.8036883
Fadmonger,-1.6187861,-25.646063,25.697102,-2.4982924,2.0909803,2.3039186
Aerosats,-0.50758713,-3.782781,3.8166842,-4.4062934,0.6185998,1.8645693
Rebound,4.818447,5.7381706,7.492932,-1.4617254,-0.3441839,1.2778761
Multigerm,0.8965536,-0.07343632,0.89955586,-2.4600008,0.14278199,0.43817934
Calaboose,0.3705016,0.94435614,1.0144352,-1.5090759,0.59791076,1.4604439
Encapsulate,-1.7229545,-220.1714,220.17815,-4.05018,3.462933,3.8940816
Antipendium,0.086484395,34.226685,34.226795,-1.7857419,-3.011147,2.9649544
Archetto,4.300516,5.702456,7.1422987,-2.8609092,-1.790589,1.5947444
Nondesignate,-5.241203,-25.08411,25.625822,-3.621524,2.1254616,2.4909654
Euclidean,3.1486046,1.4622532,3.4715836,-2.7113159,-0.4766363,0.27628097
Queenlike,0.9434824,12.78097,12.815744,-0.426827,-0.5392597,2.3294146
Vomicine,-2.7674236,-14.64682,14.9059725,-4.1153574,0.99980295,1.8322239
Cainite,14.708974,61.34738,63.086094,-0.40753436,-2.0478902,2.9684608
Pyelitic,-5.8651366,13.561757,14.775692,-2.0873966,-1.6762747,1.6096889
Thunderers,-2.9371505,-5.138489,5.918693,-4.5491138,-0.7189761,1.8898886
Schizocarpic,-2.15197,15.078206,15.230996,-1.4196655,-1.4910564,1.8398569
Marbles,0.5325634,0.49959332,0.7302166,-2.7673547,-2.4256353,2.2248247
Blennies,0.7659117,-4.5116262,4.576177,-3.8874564,1.7126807,2.2357626
Tirrivees,-10.19353,-29.377014,31.09529,-3.6686323,2.5096142,2.8681104
Adulates,-2.4281762,-7.1540923,7.554938,-1.7087919,0.4752113,1.226157
Omnivision,1.2093562,8.94067,9.02209,-0.778246,-0.23679256,1.9536457
Epiperipheral,1.7679068,21.842638,21.914066,-2.6164699,-1.5818124,1.3855028
Lightplane,-0.78874904,-0.93418026,1.2226281,-3.6491094,-0.6277384,1.0118836
Louses,-1.7698263,35.876575,35.920204,-1.2515023,-2.8429499,3.0281951
Jockstraps,-1.3364264,6.07274,6.218055,-4.3767285,-0.2943924,1.6478062
Genesiology,-1.9274302,2.822876,3.4181302,-3.1411316,-2.4468875,2.28283
Comourn,-3.0645688,1.5717044,3.4441016,-1.6357677,-0.0020493073,1.1137295
Zinckenite,4.6995215,-7.812271,9.116857,-4.0336623,0.1384481,1.3456403
Applicative,3.2872531,0.5084267,3.3263385,-2.1808095,-0.29438287,0.5586001
Doddie,4.1918736,4.581824,6.210065,-2.4479938,0.60011137,0.8499118
Virile,1.1756126,-31.86099,31.882673,-1.6074455,1.9443426,2.4220989
Theatricalise,-0.5839993,-2.9483793,3.0056612,-2.3068962,0.74082696,1.0332316
Loomfixer,-1.3430427,18.28651,18.335764,-1.5777655,-1.4194132,1.6779587
Breakouts,-1.1474179,-10.726336,10.787533,-3.6316254,1.827525,2.2193289
Strass,-3.8263507,-15.112708,15.589578,-2.622295,1.2814462,1.4865661
Atheriogaea,-3.3233914,-16.753418,17.079868,-4.028258,1.0425762,1.7967019
Hubbub,3.52073,-1.3937078,3.78655,-2.3633513,1.311827,1.5570886
Mariticidal,-2.0628622,21.463303,21.562206,-3.3913507,-1.8989966,1.8215858
Backcasts,1.6517768,7.5691447,7.7472777,-0.68128705,-0.3338599,2.0545723
Opiumism,-4.2072186,10.052933,10.897804,-3.7032063,0.30024132,1.093356
Pheasantry,7.128057,-14.667212,16.307554,-2.9836323,1.93878,2.1546733
Proven,2.3030217,3.151372,3.9032102,-3.4596474,-0.87856346,0.9945161
Arbours,1.0571451,16.594177,16.627817,-1.3758601,-2.430618,2.6093476
Chartophylax,-13.699173,-9.156034,16.477266,-3.8238611,1.0208656,1.6389954
Chaldaism,-2.1462827,0.70222074,2.258239,-4.2661414,0.53394353,1.7015316
Squawkiest,1.947775,4.492218,4.8963094,-2.7971911,-0.42272687,0.23114043
Nordicism,-0.68552357,-33.20217,33.209248,-4.2401557,2.9127464,3.4600396
Waterproofer,0.46365258,13.11277,13.120964,-2.9313388,-1.9737651,1.783888
Fanons,1.2470053,16.906208,16.952135,-1.4507177,-1.9484262,2.1665008
Beatific,-2.3313203,12.179819,12.4009285,-3.5577517,-1.2710041,1.3517698
Dispersonalize,-2.7302186,15.392989,15.63324,-2.6842659,-2.4066758,2.2060845
Brunonism,-3.7304142,-15.747295,16.183119,-4.9267983,2.0884771,3.17194
Nonpapist,-3.1131196,-17.58367,17.857126,-5.0539756,1.2757088,2.7521896
Semimucous,-4.9458814,-14.573428,15.389821,-4.7762284,-0.39931983,2.0542488
Inefficiencies,0.8031412,-12.926189,12.951117,-5.0318236,1.3789203,2.7906356
Parabiotic,-0.087763034,20.186617,20.186808,-1.1714034,-1.1779593,1.8407506
Overwild,-0.74763423,-31.312805,31.32173,-3.4477234,2.510425,2.804504
Slingshot,2.43839,7.900371,8.268107,-3.5872529,-1.2567635,1.3589075
Pencilwood,1.275105,4.845971,5.0109205,-1.3567928,0.19746457,1.4313812
Delthyria,-1.5659972,-9.858499,9.982101,-3.6214578,0.9458034,1.4516516
Shysters,10.098453,-14.947142,18.03873,-2.357676,2.3355334,2.5640388
Moderant,4.446998,-5.967983,7.442621,-1.151444,0.781981,1.8609754
Heterocaryosis,-8.431788,-18.098335,19.966091,-4.057643,2.5324938,3.0382574
Kiters,2.7636108,0.10515793,2.7656105,-3.5315928,0.23724881,0.91224563
Undulationist,-5.2111783,43.8045,44.113384,-0.627002,-2.109033,2.8406692
Junkyards,1.8271261,-14.421208,14.536494,-4.656579,1.9316591,2.8730352
Eximidus,-1.4519508,-22.802979,22.849157,-4.417031,1.2903506,2.250603
Tetrasporic,1.6850748,-1.4920534,2.2507114,-3.0909848,-0.5993284,0.5364414
Outwall,2.5930839,21.359806,21.51663,-0.6574706,-1.9665767,2.7237442
Intune,-1.7310832,-7.732272,7.9236794,-4.2621827,0.36172345,1.630815
Fatuoid,0.32203132,16.86335,16.866425,-2.2545886,-0.18150212,0.47737926
Occlusor,-5.4350076,-14.637239,15.613716,-3.9451077,0.13651344,1.2596295
Perceivability,0.42934418,5.63416,5.6504946,-1.8492622,-0.93296975,1.1463398
Arugolas,3.789935,-5.319373,6.531412,-5.1273274,0.9164291,2.6435852
Pargana,2.9705338,-7.917429,8.456345,-3.515815,0.069668174,0.8296758
Workfile,8.866852,23.629871,25.238699,-0.78311175,-0.46128216,1.9657485
Rushland,-1.068014,2.6719608,2.8775034,-3.2688866,-0.69830304,0.73206997
Byreman,2.2527318,20.992313,21.11284,-0.85793406,-1.0497955,2.0568864
Warmmess,5.4029737,-8.3891,9.978434,-0.71177906,0.4733772,2.1294258
Semiannular,-1.0815803,5.519755,5.624723,-2.1579833,-0.61310685,0.70622057
Cryptococcus,2.5082054,5.1709414,5.747149,-2.2683723,-0.82202965,0.7746635
Persecutional,1.7560569,13.024712,13.142558,-3.5971384,-1.4949906,1.5567188
Cubanize,3.8034105,-16.975788,17.396646,-2.3585775,2.1647983,2.3951175
Econometrician,3.0626402,8.9782505,9.4862385,-3.0666978,-0.5816017,0.50704676
Portunidae,2.1968307,7.9505463,8.248469,0.4830881,1.3612175,3.5741892
Barony,1.4216746,-19.930084,19.980726,-3.557267,1.9888924,2.3404791
Chirographic,3.1143224,10.733991,11.176652,-1.4034202,-0.8940784,1.4980625
Dilaniate,-0.73118204,22.543411,22.555265,-0.8903942,-0.9543452,1.9892944
Cloudage,0.8778165,-16.446827,16.470236,-1.9447324,0.7873148,1.2633554
Nonclimactical,2.2841802,7.1572475,7.5129,-3.4776587,-1.5225639,1.5175395
Bacteriology,-0.9013713,-10.305244,10.34459,-3.6180408,1.6726235,2.0728416
Chingma,-4.9487906,10.554288,11.656908,-1.7957143,-2.0110314,2.037566
Abstain,9.472669,8.740922,12.889343,-1.2528906,-0.56597906,1.523029
Immask,-2.82902,7.155048,7.6940274,-1.7368697,-1.3346658,1.5081096
Kiteflier,0.9900507,59.15233,59.160614,-0.7481183,-2.506323,3.0410726
Psychobiology,1.4751784,-17.364635,17.427183,-3.687482,2.109815,2.5008192
Overprominent,-1.673715,10.346369,10.48087,-1.3106668,-0.99084115,1.6256219
Limace,3.2372046,-4.850404,5.831459,-1.5524204,1.3073802,1.9146518
Ethmoid,-0.37949634,15.836827,15.8413725,-3.002661,-1.5610874,1.3867453
Anabaptistic,-1.5356852,3.8116755,4.109403,-3.210645,-0.2782646,0.48525435
Desidious,4.2983904,-18.42774,18.922415,-3.204304,1.7873417,2.043863
Erosional,3.089497,12.938195,13.3019495,-2.3609724,-0.6749165,0.6015337
Reappraise,4.4900002,57.057865,57.234257,-0.48902658,-2.3317895,3.0933516
Ephoral,3.5267668,-7.420179,8.215665,-3.7864456,0.58368456,1.3147838
Ramekin,3.0902011,12.104445,12.492675,-2.1463776,-1.3395711,1.2800645
Tetragon,-0.004678308,-16.12653,16.126532,-3.607109,1.8768554,2.2548766
Kvarner,0.7108262,7.9344974,7.9662733,-2.771097,-1.5420429,1.341527
Avenue,0.55383855,2.010468,2.0853577,-2.7174127,-0.6767523,0.47586444
Psammitic,0.40346876,-13.364116,13.370205,-3.2710009,0.97083473,1.2901232
Deuterostome,0.030312318,-4.0513687,4.0514827,-4.1600256,1.152816,1.968142
Untune,0.99146503,25.795017,25.814066,-0.8849677,-2.4409761,2.9029253
Eclogic,1.5620522,2.783203,3.1915863,-3.1825457,-0.6064935,0.60640603
Skeeters,3.88098,-7.4731355,8.420794,-3.0485098,2.1574953,2.3797936
Slojds,2.869956,2.042628,3.5226374,-1.0076342,-0.23089829,1.7241888
Peronium,-2.812697,-9.503237,9.910741,-4.2599864,1.0698006,1.9877764
Overbrutality,1.0720848,9.168039,9.230509,-4.378052,-1.0050149,1.8322664
Postconnubial,7.3385344,18.067387,19.500885,-0.6112069,-1.111334,2.3074768
Spermatoxin,0.043891996,1.580653,1.5812616,-2.2461245,0.13700244,0.5915785
Vaultage,1.2535603,0.84118325,1.509636,-1.9968393,0.39846745,0.9483152
Corporalities,3.7937505,-6.9362364,7.905942,-2.9292119,1.7243528,1.9355688
Intermingledom,1.6818824,13.352823,13.458328,-1.3211623,-0.52468926,1.447048
Brevirostrate,2.3747501,25.587702,25.697664,-0.8752613,-0.83372533,1.961143
Netherlandic,-0.8367083,1.5835946,1.7910475,-3.968421,-1.1722351,1.5725515
Dekametre,1.4462861,7.0851493,7.231257,-1.0098892,-0.92987245,1.869567
Platinammin,2.301015,-15.881541,16.047369,-1.8546735,1.1355362,1.598603
Chalazogamy,-6.1641564,-18.710215,19.699467,-4.5892363,2.7549584,3.4913054
Undresses,0.62493473,29.195663,29.202353,-1.1424714,-2.9621255,3.1856697
Edenic,0.36375993,-34.295887,34.297817,-4.6147294,2.5383215,3.3242636
Subcircular,4.0522776,3.2683277,5.2060456,-3.439767,-0.5393663,0.7848404
Catnip,-0.68186,14.4888525,14.504888,-1.6577439,-2.5815678,2.6114607
Aviatrix,1.6870776,6.494345,6.709899,-2.4798765,-0.8224195,0.6703635
Arthroempyema,0.19909358,2.2655137,2.2742445,-2.0155175,-2.4630105,2.3725452
Cinnamate,2.426252,-0.5045387,2.478156,-3.661839,-0.94747555,1.1926808
Smirchless,-1.7523161,1.1533918,2.097838,-3.195304,-0.42098823,0.51322985
Fenner,-0.9381394,8.8878565,8.93723,-2.860525,-0.5435702,0.36594737
Overspun,-0.033439104,-4.0944753,4.094612,-4.7393217,-0.4141523,2.0190287
Saturnine,1.8874199,1.5723008,2.4565182,-1.6437476,1.8764718,2.3451324
Strongylon,-5.954119,20.650476,21.491713,-0.8328986,-0.80851996,1.9934635
Octacolic,-2.10992,-9.183453,9.422717,-2.5132694,0.713253,0.9400488
Unsight,2.2375627,-26.27589,26.37099,-3.5104017,2.5765452,2.8847685
Escambio,1.711611,-12.576204,12.692145,-3.5866253,1.1613998,1.6085798
Jerque,4.256517,-16.67905,17.21362,-2.7673814,1.851315,2.0527258
Cabiritic,-1.7880317,-13.565625,13.682956,-4.7355914,1.4306139,2.5842998
Lidgate,-1.6113412,1.1425055,1.975282,-3.0669396,-1.634817,1.4724214
Pseudoparesis,0.1421003,17.385174,17.385756,-1.5231861,-1.7381523,1.9551766
Faradizer,0.25263834,0.93657994,0.9700551,-1.772232,0.5753018,1.2341466
Quixotry,3.5241244,2.062644,4.083375,-3.659767,-0.17081848,0.9286952
Hussies,-0.7766016,5.8443046,5.8956766,-3.7114427,-1.1354363,1.3539374
Viviparism,0.9629987,-55.423363,55.431725,-4.0682354,3.400308,3.84146
Embryulculci,-3.026754,14.817176,15.123158,-2.0954888,-1.7435722,1.668478
Membranous,3.2216735,17.207571,17.506561,-3.2799234,-1.1919538,1.1324711
Nationless,3.723701,2.7050188,4.602507,-3.6705658,-0.81503624,1.1218919
Mastabas,0.30606374,-1.6153281,1.6440686,-2.7289777,1.8714336,2.0725336
Japanner,5.309938,6.791373,8.620799,-2.4924366,0.15738751,0.43092316
Bargeman,10.462906,13.060721,16.734838,-0.90555,-0.22949946,1.8262362
Oxtongue,1.1882379,0.48486754,1.2833568,-3.0284946,-0.6255686,0.51801723
Anomoeanism,3.3232732,-29.421541,29.608633,-4.107678,2.8878906,3.3816473
Trisensory,-0.2703399,20.333965,20.335762,-1.0631493,-1.7614836,2.284385
Irresponsive,1.4448166,21.513578,21.562038,-2.1859348,-0.47575638,0.61085993
Rockbird,-1.4017907,-3.8753703,4.121106,-1.746966,0.21932518,1.0706036
Forelocks,-1.3319135,-20.179497,20.223404,-3.8357453,2.0610805,2.5172737
Panegyricon,-0.75991976,-43.69251,43.699116,-3.5910041,2.6264546,2.955282
Distressful,2.6780689,14.262479,14.511731,-2.3091376,-1.1095927,1.0019017
Alodium,4.8479753,1.4027203,5.0468287,-0.7499789,-0.123439394,1.9831078
Berberidaceae,-3.5966702,12.347574,12.860739,0.48799348,1.3923494,3.5923023
Depasture,0.9225197,23.474297,23.492416,-0.93588114,-1.5330933,2.2357757
Xanthinuria,1.3406073,2.4066668,2.754863,-4.773297,-0.9407895,2.1715915
Prespinous,-0.64927137,2.0514574,2.1517503,-2.5269058,-0.98228866,0.80755424
Summarizations,4.1512585,18.61761,19.07481,-1.478063,-2.2567668,2.4077046
Tettigoniidae,0.8302602,10.18196,10.215754,0.48898456,1.3599465,3.578939
Ontologise,-1.2040328,-6.4399595,6.551548,-4.508393,0.43021324,1.8856484
Outrede,-0.24581565,-2.5142014,2.52619,-2.469217,-0.6752571,0.5418977
Weirder,1.6705146,-6.8048034,7.006852,-0.6116605,0.1140127,2.1431968
Albuminise,-4.6874533,2.6823971,5.400692,-4.492118,0.03842113,1.7767708
Semiorbiculate,-11.043454,4.5073795,11.92788,-4.9073486,-0.5503562,2.2036364
Preoffer,0.34988675,11.763004,11.768206,-0.61949193,0.19789793,2.1494308
Stowaway,6.136703,-4.1064725,7.383918,-3.4711409,0.17099462,0.8279039
Electrotypy,-1.7218302,45.31089,45.34359,-1.104337,-3.2096212,3.420392
Ophian,-3.0082211,-4.9306636,5.7758846,-2.6028278,0.6321956,0.8431799
Anosmic,-0.28847787,-1.3176203,1.3488307,-3.667558,-0.41121322,0.9592863
Semiclimber,2.722131,18.363304,18.563969,-1.3170305,-1.4488664,1.8862221
Scorpios,-6.674439,54.783398,55.188484,-1.0375664,-3.2194922,3.4612617
Coarctate,-0.37282467,-16.07955,16.083872,-1.4936818,1.8455544,2.3918912
Limnoria,-7.7117286,17.299608,18.940624,-2.1126363,0.84193045,1.2128407
Misnarrate,2.842775,20.515621,20.711641,-0.81897503,-2.3336983,2.864609
Pneumococcous,-1.0268147,9.852011,9.905375,-2.6151025,-0.5428927,0.36109132
Jukebox,0.81396914,8.655973,8.6941595,-2.956573,-0.65878224,0.5100028
Unmonarchical,3.1480532,-3.2282953,4.509116,-3.3888047,-0.22165266,0.6575605
Engrosses,-3.516672,31.944029,32.13702,-0.9597672,-2.717492,3.0775812
Colonizers,-0.3014612,-0.56893677,0.6438701,-4.483444,-0.88494617,1.8806188
Outdoor,408.89526,-21.749043,409.47327,6.0744967,3.5852664,9.585577
Iulidan,7.9114075,-36.319675,37.17135,-3.3254595,1.8552201,2.1403637
Photodermatism,-1.2616719,-23.753548,23.787031,-4.0465994,2.2480264,2.7798429
Startler,-1.9206932,9.402217,9.596392,-1.6859105,-1.5817932,1.7319678
Marita,4.568231,6.171766,7.6785035,-2.2398891,0.51539487,0.8689696
Beqwete,3.3607643,12.0420065,12.502186,-1.940178,-1.7899944,1.775073
Limbec,-6.109469,-27.093903,27.774181,-4.6291847,2.5199664,3.3174014
Glauke,1.0728177,3.8596516,4.005976,-1.0620676,-0.18952322,1.669538
Imides,-0.81692904,-21.700546,21.715918,-3.9198055,2.2352324,2.7106497
Gadger,1.1633143,12.187651,12.243043,-2.4811015,-0.6758371,0.5367579
Forams,0.030249089,17.890886,17.890911,-1.2766314,-3.364125,3.4816046
Pregame,0.5002876,-7.3208833,7.337958,-5.0625324,0.48284832,2.4292364
Blunnen,-4.042941,-3.181486,5.1446314,-3.724152,-0.31085765,0.9986367
Termites,2.1006382,-19.651812,19.763765,-3.8308208,2.357276,2.7845361
Chrysophanic,-3.412986,-14.118456,14.525126,-4.3288517,-0.019383697,1.6075894
Fructoses,-3.5045435,3.6683085,5.073294,-1.0489595,0.13887279,1.716608
Inability,0.9915638,-10.558523,10.604981,-2.2675219,1.2039887,1.4797318
Puppyfish,-1.6047419,8.783336,8.928727,-3.5167375,-1.7679648,1.7525882
Mauler,2.506363,24.605906,24.733225,-1.3360461,-1.0779957,1.6481575
Erotomania,0.37324005,-18.588816,18.592562,-4.1687703,2.2949078,2.8802092
Postscripts,3.4594796,-4.3045144,5.5223947,-3.5712304,1.6705936,2.0514066
Waferwoman,-3.5000584,20.846972,21.138746,-2.364951,-2.9318066,2.7552083
Houvari,0.11201972,-6.1681542,6.1691713,-3.061939,1.2396557,1.4781471
Stanjen,-2.6255536,-10.350573,10.678385,-2.7755523,0.8034037,1.0054647
Secularize,1.8024595,34.173843,34.221344,-0.54618645,-2.43755,3.126915
Nomina,1.1163117,10.672451,10.730673,-1.7410319,-0.8324971,1.1746578
Angiasthenia,-6.558928,-41.88037,42.39086,-3.8630152,2.5288572,2.9551373
Lacerta,-1.6852127,-6.703158,6.911749,-2.8884532,0.81281656,1.0259811
Beguard,-4.2164187,7.057219,8.220859,-2.5963032,-1.5445622,1.3502558
Flamelike,-0.5586216,-0.42612064,0.70259356,-3.9592519,-0.53338283,1.2718596
Docudrama,1.9180377,3.2979643,3.8151584,-3.9416733,-1.4295324,1.7243582
Foretooth,6.7881184,5.530784,8.756033,-3.5669193,-0.06581787,0.8462369
Bryophyte,0.43459237,0.61241907,0.7509505,-3.6029885,-0.81976175,1.0687013
Shanks,9.080725,-10.341254,13.762308,-3.4151578,1.4995998,1.832941
Ichthyal,4.496724,-3.736127,5.846296,-3.1518502,-0.009215315,0.4620156
Thimbleman,0.7608294,42.357616,42.36445,-0.88473535,-2.5591938,2.9952288
Ministrate,2.647644,-16.71471,16.923107,-4.099,0.47190875,1.5240786
Studerite,4.5101566,-4.9534316,6.6991043,-1.4109064,1.3585231,2.0436633
Abiogenetical,-2.2719173,0.39838916,2.3065825,-3.1335304,-0.8855763,0.79377943
Poloniums,1.5023966,13.850606,13.93185,-1.4775746,-1.1652206,1.581779
Tidings,-1.2879107,1.0381777,1.6542449,-3.4001822,-1.2768738,1.2666259
Nematogene,-0.44306475,-8.302885,8.314699,-2.718011,1.1019604,1.3031293
Lawsuits,3.5308661,22.826267,23.097738,-1.2730225,-2.6744843,2.8714082
Incomings,1.354713,-29.017231,29.048838,-1.9231128,1.6834673,2.0506544
Archdevil,-1.2363548,-6.0896554,6.213894,-2.1528687,1.6875571,1.9753252
Conditione,1.7123915,13.25417,13.364328,-1.0154966,0.085912615,1.7399045
Mishit,-4.4538307,6.7589965,8.094482,-1.812381,-1.1961197,1.3546097
Guyana,0.60528696,1.0375795,1.2012252,-2.665855,-0.0012479259,0.21037607
Peridiniaceae,-1.158375,13.260263,13.310762,0.46272454,1.334413,3.5441902
Scotomic,-0.5886708,0.9070572,1.081335,-2.5656183,-0.4836596,0.3276878
Megatheriidae,-0.74235845,10.095296,10.122553,0.44708693,1.370789,3.5460768
Perreia,2.9868684,-0.17339957,2.991897,-2.6600363,-0.878785,0.681451
Juggernauts,0.84033877,-6.5763025,6.629776,-4.2976737,0.35964406,1.6634684
Seccotine,-1.4867264,6.322043,6.4945035,-2.449095,-1.6335146,1.4600021
Appreciators,-0.120561436,-38.820763,38.82095,-4.333014,2.6092904,3.2346442
Cowtail,0.1001024,-4.27559,4.276762,-3.1291842,-0.04549924,0.42697984
Egocentristic,0.21181935,-6.171086,6.174721,-1.1847069,1.5912206,2.3675258
Nivernaise,-1.947078,-64.33247,64.36193,-3.9517972,3.339945,3.7453911
Cancellous,-0.7140682,25.542688,25.552668,-1.0967138,-2.4600785,2.7884996
Urbaner,1.2179202,-10.50821,10.578555,-3.1537127,1.3851373,1.6414481
Ernest,3.6737673,0.3419375,3.6896458,-2.5980024,0.19475108,0.41777495
Jarvies,1.616209,3.1130707,3.5076113,-1.9493709,-0.18751338,0.7823126
Traitorwise,3.3685813,7.8855143,8.574885,-3.3071969,-1.8754001,1.7704908
Quiets,2.9621637,19.15646,19.384127,-0.41488957,-1.0158914,2.4557838
Mahjongg,5.3714457,10.5272,11.81839,-2.309046,-0.74500704,0.68873745
Bunkery,-3.801049,18.169231,18.562569,-0.9896705,0.15510495,1.7779423
Amenability,4.461789,-53.941868,54.12608,-3.9884405,3.3588548,3.7753148
Phenotypes,2.5121775,3.9672136,4.695723,-2.2450004,-0.5833847,0.6187798
Paratoluidine,4.0621295,0.5689117,4.101774,-3.4387178,-1.1178546,1.1578023
Sorbate,2.9111235,18.214834,18.445997,-1.2483411,-0.60722446,1.5378208
Digitals,-0.5707896,-7.7619514,7.782911,-3.0000505,1.4027219,1.6261377
Recommender,2.79237,11.057667,11.404793,-2.6572816,-1.220436,1.0220406
Chloropsia,-1.0341259,25.07663,25.097942,-1.684742,-3.2478473,3.2215707
Figurants,1.8481594,25.087713,25.155697,-1.3779426,-3.0736105,3.1754715
Nonambitious,1.8756042,18.414204,18.509478,-1.5808852,-1.9121373,2.0619698
Aerodynes,-0.18403624,36.742336,36.742798,-0.7615216,-1.2451648,2.229607
Noncomplicity,6.356333,11.40929,13.0604315,-0.32772982,-0.56015605,2.4305038
Imanlaut,-0.24488254,1.0003657,1.029902,-1.4319198,0.1958152,1.3589036
Betain,0.5122245,7.894285,7.9108853,-2.419367,-0.5445328,0.46412823
Surmisal,-8.804648,-10.569563,13.756363,-4.3758106,-1.6255223,2.1754367
Unillusory,4.101297,-1.9553546,4.543572,-3.2506182,0.0035985243,0.55795753
Brassies,0.21477722,30.517416,30.518171,-1.1015081,-2.3822806,2.722984
Laurelwood,-7.5810776,11.737699,13.973056,-2.558654,-1.8138359,1.6219803
Wanwit,7.130428,-16.883371,18.327335,-2.155861,1.832755,2.113763
Brontolith,-14.58558,-27.76447,31.362474,-3.6936095,1.6327145,2.070845
Platinotype,-4.2524457,-22.667734,23.063164,-4.6784987,1.6567892,2.6911514
Subtersurface,0.10955793,8.737483,8.738169,-1.6930195,-0.9757085,1.2956073
Chemotropic,0.03930711,8.741888,8.741976,-1.4432745,-0.8295128,1.433387
Megarensian,3.4437978,8.635734,9.297076,-3.5165956,-0.828452,1.0049103
Vargueno,-2.4119544,-1.7546583,2.9826756,-3.3072052,-2.6076386,2.4744287
Reinduce,-2.231718,-4.8281193,5.3189573,-4.188136,0.39911202,1.575389
Euaster,3.8780518,-13.591247,14.133694,-3.3791254,1.2763178,1.6131003
Microbe,-0.0037160022,0.2022615,0.20229504,-2.547184,-0.7799626,0.6075198
Rattlertree,-1.3982972,-6.0130243,6.1734676,-1.3501936,1.062102,1.871861
Empiric,5.796146,14.427047,15.547828,-1.4654112,-1.0888933,1.5463914
Indoctrinate,1.1667721,26.886026,26.911331,-0.7188102,-2.5217957,3.0719407
Sulfion,-2.3989773,2.0256386,3.1397934,-1.8148054,-0.23371534,0.91734016
Macrodontism,-1.169945,-14.090129,14.138618,-3.7694254,1.9289141,2.3694105
Lionisers,-1.8337606,1.059204,2.117685,-2.2735872,0.7726143,1.0760392
Disarmer,1.9817128,13.194163,13.342155,-0.97212046,-0.042752486,1.766556
Lamasary,-1.8475296,-5.127463,5.45016,-3.0005798,0.863264,1.0978324
Nonatmospheric,-4.6343446,13.653313,14.418394,-1.1230307,-0.89259726,1.7508726
Celtist,-4.777839,-16.94773,17.60833,-2.7605202,1.6368003,1.8381268
Hydrocarbonic,3.0508535,12.75661,13.116356,-2.6775572,-0.571171,0.37399277
Consignatary,-0.18161337,17.393562,17.39451,-2.8199773,-2.796174,2.5965812
Unspatial,1.2656584,26.107313,26.137974,-2.145047,-3.030131,2.8891919
Paella,0.494948,6.127033,6.1469913,-3.8907008,-1.4276017,1.6875738
Micellae,-4.057368,24.477203,24.811201,-1.2773507,-3.307049,3.429529
Sankhya,1.3668157,12.364396,12.439713,-0.7928011,-0.364953,1.9456761
Toxophobia,-1.5129957,-43.05273,43.079308,-4.193025,3.0866737,3.5979593
Carefuller,-1.8621658,-5.5426197,5.8470764,-1.1938443,0.647584,1.7563735
Thermopleion,-6.2520456,111.42735,111.60261,-1.1734713,-3.4015195,3.5595438
Autoloaders,-0.8744358,-9.334645,9.375514,-3.8348677,1.8285319,2.3101244
Endoglobular,-1.4812047,-31.490168,31.524984,-4.811871,1.5616728,2.7267258
Shapiest,2.6114707,4.3115635,5.040769,-1.0133734,-0.20168145,1.7181922
Slavism,-1.3960146,-20.014566,20.063192,-4.3299856,2.7364242,3.3442469
Teletactile,3.1209588,31.864609,32.017082,-0.40931714,0.1311108,2.3458903
Indicter,0.22541869,1.8246278,1.8384987,-0.76843137,0.4535472,2.0694096
Gelder,-2.6588724,-22.352936,22.510517,-2.6619978,1.8915738,2.0938282
Veinwork,7.1979127,-24.113993,25.165344,-1.4867108,1.622749,2.2081854
Skatikas,-2.7077224,15.817191,16.047281,-1.2593576,-1.669617,2.0794094
Metrostaxis,-1.5615553,25.956017,26.002947,-2.1960025,-2.954802,2.8053005
Egracias,-1.3209916,-16.426537,16.479567,-4.2385716,1.270119,2.106074
Stonehatch,-0.013651245,-8.3885975,8.388609,-1.2334992,1.0861624,1.9751565
Absolvent,-5.744385,-37.755764,38.190254,-3.6412494,2.7905924,3.1269376
Epibole,-1.0101408,6.7343664,6.8097043,-3.1518593,-2.148823,1.9925556
Reticle,1.5865974,-5.4674807,5.693034,-1.9497844,1.1031932,1.5206441
Expediential,1.666205,-3.721623,4.0775876,-4.4453807,-0.6648236,1.7754446
Supercolumnar,-8.313721,15.7374325,17.798447,-1.7294688,-2.0887194,2.1371267
Outpush,0.22059877,21.970028,21.971136,-1.5760722,-1.483473,1.726166
Oriolidae,0.3249907,12.41537,12.419622,0.3740297,1.2696341,3.4362445
Portas,0.737216,-7.266615,7.303916,-4.9483685,0.8557455,2.455837
Mannites,-0.31864932,-46.00856,46.009663,-4.4004917,2.0102985,2.7704859
Thynnid,-2.5952628,-15.228706,15.448266,-4.112712,1.1539822,1.9348924
Chaffinch,0.14813554,-11.342888,11.343856,-2.9959867,1.8760604,2.0939214
Kendir,1.3197148,0.9398522,1.6201751,-3.514175,-0.21045493,0.78266543
Nanosomus,-4.823797,-21.044033,21.58982,-4.220658,1.1171937,1.9887912
Magnetosphere,0.892072,18.948542,18.96953,-1.3217777,-1.4737705,1.899262
Gymnoconia,-3.1033442,-7.568802,8.180313,-3.7023623,0.95488757,1.5095528
Furunculus,-3.8157856,16.18837,16.632004,-1.540481,-0.7648106,1.3177457
Noncyclic,2.5756218,28.841612,28.956388,-0.6387024,-1.0360767,2.2532787
Semibiologic,0.44321793,-4.922827,4.942739,-2.3234823,-0.37650245,0.44418293
Neoterical,2.8296566,4.22463,5.0847273,-2.9697263,-1.8703731,1.6861787
Hemoplastic,2.2868276,-9.007791,9.29354,-4.0124774,0.0069569433,1.2976989
Lactesce,2.7922165,10.883763,11.236225,-3.0288007,-1.565706,1.396604
Varieties,1.6086856,-38.796753,38.83009,-4.145031,3.2168262,3.698661
Foredates,1.608744,-6.0123277,6.223837,-2.3566334,2.1343524,2.365355
Tigerlike,-1.6784531,0.37708673,1.7202905,-3.7519355,-0.9020015,1.2379096
Confounders,0.8271003,-16.411034,16.431862,-4.039108,2.5763767,3.069859
Queller,1.9435464,-9.083417,9.289018,-3.7414594,1.0969484,1.644631
Dietzeite,-17.805786,-10.687473,20.766996,-3.9837148,-0.11629266,1.255018
Ohmmeters,1.3349538,-44.586376,44.606358,-4.2246666,3.2461243,3.7566867
Hydatomorphic,2.3249092,8.764501,9.0676155,-3.0748217,-0.7372432,0.63661295
Devalue,5.432615,-3.6777763,6.5604377,-3.469417,0.557598,1.058322
Tenfold,0.27573898,0.6696893,0.7242339,-1.5658692,0.49453264,1.3574795
Shiraz,-1.4812928,-3.3413537,3.6549797,-2.717289,0.5429405,0.7441759
Imposthumate,-3.1088614,11.503382,11.916073,-2.4158616,-1.5578057,1.392955
Antidogmatism,0.0778496,5.3610826,5.361647,-2.1089494,-1.8705059,1.7817329
Fluemen,2.5220296,-2.859939,3.8131204,-2.9568694,0.95689726,1.17971
Samani,0.64432406,-10.5629835,10.582618,-3.3194554,1.3237143,1.6342179
Ratlins,-3.6653988,-0.24379446,3.6734977,-4.7110863,-0.8923636,2.0967476
Unintegrative,0.3302953,10.895814,10.900818,-0.32064477,-0.59254324,2.442492
Squidgier,0.251221,-27.644316,27.645456,-3.2703974,2.0451512,2.3099735
Heterosis,0.16007704,14.846328,14.84719,-1.9034756,-1.9401205,1.926118
Hijacks,3.0705435,46.307503,46.40919,-0.73754954,-2.4481816,3.004244
Potties,-5.8627715,-3.617409,6.8889585,-2.9686408,1.1842755,1.4055126
Smellie,-2.4524286,-1.3299291,2.7898245,-2.6847148,-0.7060021,0.5070727
Stoolball,0.33293247,12.697896,12.702259,-2.2295177,-1.4940253,1.3869795
Podargidae,2.3142295,-8.763436,9.063856,0.42079413,1.3964614,3.5340583
Chattelship,2.62406,-20.416286,20.584229,-3.3941557,1.9578766,2.2583618
Maturescence,-0.8650633,-1.3972964,1.6434032,-1.1839707,1.0116609,1.9661726
Ziggurat,0.038248107,-6.8913136,6.89142,-1.0732481,1.1945345,2.1674428
Angiosymphysis,-5.0112977,13.334273,14.244857,-1.6298237,-3.225682,3.2189968
Caimitillo,-5.4935865,-4.856899,7.3327327,-2.0864227,0.9135014,1.287844
Meringues,-1.0171857,19.97159,19.997477,-1.437297,-2.9854975,3.0705063
Zymometer,-3.2850611,-14.19223,14.567465,-5.207392,1.0318279,2.7658317
Overcommit,0.44012526,-43.682938,43.685154,-3.685859,2.885202,3.2304685
Furfuramid,-3.597997,3.2948985,4.8787227,-2.6248715,-1.8152198,1.6176437
Tiglon,1.8076396,-13.658467,13.777566,-2.8290112,1.4146608,1.618695
Bitonalities,3.3521051,-12.729112,13.163089,-1.1853327,0.9492331,1.9271996
Toiler,4.8098774,14.1123085,14.909465,-3.6322227,-1.5315309,1.6066219
Tabulare,-0.41522962,-1.9792615,2.0223486,-3.1442657,-2.1030407,1.946203
Jobarbe,-1.5693935,8.566871,8.7094345,-2.0943809,-1.2785497,1.251761
Bisetose,1.4325253,-4.2536435,4.4883866,-2.3568585,0.25524798,0.59047216
Monodist,5.396897,-12.782228,13.874866,-2.630105,1.3706322,1.5750021
Unfoxy,-3.1175547,4.5970955,5.5544963,-3.6544504,-2.2677155,2.2633212
Lamblike,-2.842997,3.8291996,4.7692137,-3.082274,-0.95028394,0.8272094
Afrikaans,-0.15161309,7.1101522,7.111768,-3.443479,-1.8524224,1.7982469
Rerecord,4.6328793,-13.266187,14.051879,-3.3352747,2.1068897,2.3856392
Celiac,1.349029,-4.8148646,5.0002804,-2.54688,0.41514605,0.64332414
Imperialize,-2.6286285,-30.629725,30.742311,-3.9947307,2.1542366,2.6726747
Tinctures,1.2283432,-14.976311,15.026601,-3.71858,2.0324845,2.4419441
Polygenesist,1.1978048,-12.930128,12.985491,-4.0872297,-0.2603066,1.3569566
Chervils,-0.9252345,58.36389,58.371223,-0.989818,-3.2489965,3.5104651
Backwasher,6.0059977,-3.4448721,6.92381,-5.0076356,0.36116183,2.3444896
Lignicolous,2.3797994,3.0190742,3.844249,-3.1840968,-0.7158505,0.68538624
Silvex,-2.5650175,4.432315,5.1210084,-1.4920563,-0.40918493,1.2568545
Ectocarpus,1.6329008,11.74237,11.855361,-1.1430204,-0.28187186,1.5905973
Gastrovascular,-1.7248684,-6.2435617,6.477441,-3.9060426,-1.0467427,1.4472424
Periodicalism,2.4787745,-13.486624,13.712526,-3.581847,1.0649037,1.5250378
Pumice,-1.5769908,13.778136,13.86809,-1.6354496,-2.4303596,2.484165
Honourless,3.3678768,-5.850817,6.7509007,-3.861464,-0.6695385,1.2231544
Plotless,1.5655135,8.620597,8.761593,-0.51018196,-0.24928573,2.2219062
Bareges,-1.3601502,9.638639,9.734134,-2.5312388,-1.72524,1.5372503
Taxameter,1.8635683,-8.0476,8.260554,-2.911579,1.3344119,1.5460261
Frippery,-0.08095591,11.161556,11.161849,-1.8895301,-2.6688025,2.60741
Teamwise,3.6142397,-2.6975172,4.5099144,-2.1629908,0.2746784,0.7413776
Presses,-2.190992,8.421632,8.701972,-1.1714859,-1.1061362,1.8035913
Tetrachlorides,3.3834045,17.72304,18.043102,-1.2705716,-2.288009,2.5474887
Mulish,-0.97316253,-0.1056287,0.9788787,-1.7051828,-0.8715697,1.2259662
Hesitance,-1.3871694,-14.886116,14.950609,-2.5086424,1.7010051,1.9151222
Whitestone,1.7433915,0.2602059,1.7627025,-3.236561,0.020019999,0.55128384
Flypasts,-3.3832915,5.431777,6.399286,-1.7550733,-2.9996,2.963975
Petasuses,-2.3930466,-61.79251,61.838833,-4.5438137,1.9290826,2.7967687
Remeet,-10.1614275,-64.47444,65.27027,-4.0730534,2.0852735,2.650865
Trijugate,-0.37946403,-6.9417434,6.952108,-4.2990613,-0.1721345,1.5677634
Seamew,-6.6361117,-2.7714972,7.191605,-1.8813187,-0.0632194,0.8613537
Mammoths,-0.8556139,-21.882933,21.899652,-3.6469631,2.6245484,2.9702244
Tyrannidae,-1.4545721,-10.983892,11.079787,0.35371163,1.4126635,3.481833
Nebraskans,0.86913276,-15.536872,15.561164,-3.6705952,1.9889385,2.3828633
Andvari,-1.5840932,-1.1435311,1.9537187,-1.047288,0.5095219,1.8280514
Pelargi,-12.487541,-6.442165,14.051341,-1.9457642,0.58239114,1.1096575
Aurums,2.7913272,-6.471456,7.047784,-3.5469706,0.7905137,1.2838147
Dhootie,-7.771532,-11.347653,13.753762,-3.6927426,1.3235273,1.8023167
Phillumenist,2.8965676,-3.4386618,4.4960537,-1.6567228,-0.24552056,1.0757602
Protaxial,-3.3567014,-15.002989,15.373911,-4.892485,0.009058138,2.1711147
Unshackle,2.6624217,10.037307,10.384411,-0.5335101,-0.9246844,2.3140924
Ericineous,-3.937765,-8.020276,8.934811,-3.5278056,-0.20250016,0.79624134
Demulsion,4.1242285,15.587732,16.124102,-2.9380217,-0.7848273,0.61916363
Saponine,1.9063826,-8.1774435,8.396719,-4.410506,0.40120035,1.7837052
Benjamin,2.1186175,13.441069,13.607015,-2.4198344,-0.66262734,0.55694276
Isolates,-1.6835063,13.777681,13.880154,-0.6442008,-1.0720744,2.2617893
Biospeleology,-1.2496822,-16.181187,16.229372,-4.1515656,2.1651864,2.7596567
Sectarist,-5.1628876,-18.715752,19.414808,-4.1968794,1.8389977,2.5117996
Phoneme,2.628269,9.0909395,9.463243,-2.5670543,-0.97463506,0.7908369
Rankish,-2.5640152,-5.8125434,6.3529396,-3.7623503,0.57008076,1.2873363
Tyroglyphid,-2.1703448,7.5210776,7.827963,-4.616198,-0.7752408,1.9701471
Bitterworm,-0.6265726,16.266191,16.278255,-3.7635565,-1.8978279,1.9859246
Kailyards,5.908909,-22.481504,23.24507,-3.4273229,2.1625981,2.4639683
Cyphomandra,4.7712092,-3.7533126,6.0705676,-2.408285,0.63319016,0.89473337
Purkinje,-0.21546291,-6.516338,6.5198994,-2.72518,1.2313205,1.4324332
Expropriate,5.167713,-1.3267093,5.3352985,-1.2786678,-0.10691363,1.4559473
Unconversion,-3.950152,25.36934,25.67503,-1.6664088,-2.249989,2.3092232
Amenta,-3.1903186,-0.2860463,3.2031167,-4.164069,0.3283344,1.5272086
Antiquary,2.9630525,-9.107464,9.577348,-2.5133631,0.96135193,1.1827523
Formulations,0.6141988,-12.425102,12.440275,-3.1066728,1.8566556,2.0916638
Soffits,1.6568079,-0.6890353,1.7943752,-4.606987,1.7403609,2.6993463
Areola,-1.1743826,13.099189,13.151727,-2.7132835,-1.0847616,0.88385224
Eupnoea,2.0822992,57.749454,57.786983,-1.4187669,-3.420932,3.4771783
Grewsomest,-5.3486576,-0.94812125,5.4320416,-1.3518757,1.18218,1.9537152
Hellenisticism,2.5230103,-32.838078,32.93486,-4.166396,2.976909,3.4868996
Youdendrift,-3.09386,-9.168408,9.676348,-1.5481238,1.2780257,1.8942921
Centraxonial,-6.6170373,5.654115,8.703689,-1.8014722,-1.4739053,1.5764234
Discernible,-6.4009285,-19.416025,20.443922,-4.547263,1.0813261,2.2229195
Motilities,0.70777386,-14.164487,14.18216,-2.3204584,1.9664154,2.2061563
Inaudibility,2.6469579,11.025787,11.339063,-1.0581133,-0.7673982,1.7666742
Numnah,4.152509,37.43703,37.666622,-1.3282175,-2.9344535,3.0725584
Pronouncer,3.5854943,2.225107,4.219818,-2.6962585,-0.23514186,0.04904626
Smilacaceae,-0.77374345,3.1340053,3.2281055,0.484716,1.3942686,3.5902176
Colinearity,0.21143448,-10.943196,10.945239,-2.7409987,1.9119464,2.113066
Clamcracker,-3.2671626,-10.299421,10.805205,-3.2599669,0.41889167,0.8146139
Coalmonger,-1.5743413,2.2783813,2.769399,-2.9322526,-1.3500457,1.1663426
Banish,3.6869173,1.0726439,3.8397813,-1.2958556,-0.048279528,1.4438201
Pareoean,3.2572572,-10.522185,11.014814,-3.7190588,0.10500376,1.0338479
Timpanums,-1.6740297,-35.85407,35.893127,-4.2095394,3.0313296,3.554293
Pentameran,-1.4143891,-0.69699204,1.5767994,-2.8128905,0.18199794,0.3916332
Prorectorate,-4.4178405,-44.830738,45.04789,-4.826213,2.4560845,3.3835144
Dynamophone,-1.0763983,3.9448605,4.0890775,-3.4352322,-1.3983599,1.3887339
Medusas,-5.4186497,-4.3945165,6.976643,-2.796748,-2.611464,2.4112468
Unigenous,-0.46574372,-20.859043,20.864243,-3.1227655,1.5669048,1.8107659
Osteoplaque,-5.880425,-0.842719,5.940503,-1.766184,-3.2155569,3.165268
Causus,-2.0774941,-0.018143939,2.0775735,-2.1910627,-0.776299,0.7893028
Despond,3.88554,-20.800814,21.160606,-3.0157251,2.4083846,2.6249092
Laudator,4.130497,5.3734756,6.7775536,-2.6946146,-0.54583097,0.34670722
Pyelometry,2.0907302,-14.306227,14.458192,-3.229568,1.8017944,2.0638764
Domiciliary,4.206332,20.961586,21.379461,-0.57161164,-1.2848799,2.4166057
Largos,-9.599815,-32.372215,33.765617,-3.9246597,2.4599233,2.9162495
Dorsispinal,2.27131,2.2467334,3.194786,-3.0361855,-0.30614394,0.3222234
Precis,1.2715294,-20.159498,20.199558,-2.406863,1.5966147,1.8268017
Acutorsion,-1.3536052,10.471633,10.558756,-2.7537212,-2.0851073,1.8841392
Ultraservile,0.23888682,15.124896,15.126781,-1.1608543,-1.1259273,1.8227568
Sphenopsid,0.8572074,7.4542875,7.5034122,-2.7493143,-0.90314895,0.7022749
Lepidophyte,-2.0330684,11.888395,12.060982,-2.7342515,-1.4239917,1.2228962
Unblindfold,2.708582,15.106055,15.346963,-0.3779737,-0.81614465,2.4326274
Erithacus,2.1706612,-2.1552756,3.0589187,-2.6055882,0.3746439,0.58936363
Prizefighters,8.267403,27.945621,29.142885,-0.96331584,-3.1980572,3.4797225
Nybble,1.4394814,-3.9189122,4.174923,-2.7740936,-0.1817808,0.04670989
Chloridize,-0.24470915,24.536575,24.537796,-0.6109143,0.3447275,2.1897688
Bacillar,0.21047541,-2.3021986,2.3118002,-2.6238408,1.0878252,1.2934175
Jucuna,2.5882351,22.30285,22.45253,-1.4371934,-1.9330122,2.1621575
Wafters,-1.4587123,30.479313,30.5142,-1.0546342,-2.369053,2.7408257
Gynecologic,4.654846,1.6847366,4.950346,-3.224102,-0.7259773,0.71978474
Outsift,1.3104439,16.893126,16.943876,-1.9562457,-1.6594557,1.6516436
Explosive,-1.4358284,-8.578832,8.698159,-3.9270182,-0.6580802,1.2798201
Pileous,-1.7399397,9.71342,9.868024,-2.662194,-1.1987567,1.0000671
Xanthogenamide,-3.671932,-3.8686855,5.333837,-4.375409,-0.5020196,1.6711599
Interglandular,0.22114247,18.422512,18.42384,-2.7072935,-0.953273,0.7525661
Ptenoglossate,-11.580087,4.6362863,12.473715,-3.2611122,-2.1135287,1.9843915
Distills,4.1935596,34.650726,34.903564,-0.45932692,-2.0777724,2.9470277
Lambdas,0.5893254,14.55788,14.569803,-2.355341,-2.9359882,2.760646
Tachyon,2.7620218,7.239749,7.748724,-2.5716603,-1.3517265,1.1616862
Factual,7.392513,8.83203,11.517551,-2.3442013,-0.5701474,0.5350216
Cosmism,-1.5921681,6.830009,7.0131316,-4.11214,-1.7014529,2.0388846
Hydrorhizal,0.6525365,-34.087425,34.09367,-2.8234262,2.0553772,2.2583447
Tegular,-3.112237,-35.720463,35.855785,-4.6250587,0.6533568,2.0773566
Maddock,-0.4364983,-1.2976784,1.3691244,-3.6238563,-0.018081022,0.9108668
Boltonia,0.36069936,5.4000916,5.412124,-2.1867762,-0.24190927,0.5463158
Dibstones,1.8515286,37.037113,37.083363,-0.730065,-2.4437516,3.0059104
Heterotypic,0.15161602,15.694105,15.694836,-0.9995697,-0.969323,1.8947239
Oilfishes,0.5750904,-17.806261,17.815544,-4.565634,2.075157,2.923208
Grinner,2.6854312,-15.731259,15.958824,-2.3802881,1.7665983,1.9988062
Onionlike,-5.2661304,-12.693094,13.742154,-5.1665893,0.76782215,2.6207151
Excerptive,0.22586623,4.761197,4.766551,-4.0165367,-0.8870457,1.456597
Quintes,0.101752505,-3.6554909,3.6569073,-1.4840475,0.32046038,1.3521556
Exactest,3.8108523,17.261267,17.676931,-3.75328,-1.9453418,2.0214562
Aletocyte,0.595741,15.343425,15.354985,-2.576863,-2.8638752,2.6672668
Suboxid,0.24966983,5.2930217,5.2989063,-1.7955828,-1.2348738,1.3945447
Ponderate,8.890652,12.742662,15.537667,-0.95686245,0.6506696,1.9685222
Homilete,-0.6288168,-34.68663,34.69233,-3.1548629,2.4561846,2.6907868
Encephalocele,1.219866,15.301325,15.349873,-1.5794485,-2.7684383,2.814002
Acromial,0.2335115,10.740106,10.742642,-2.6123438,-0.77377063,0.5849507
Thymoma,0.11008264,0.23375021,0.25837377,-3.7868035,-0.9456355,1.2914577
Protoplasmatic,0.2095925,35.01872,35.01935,-0.8709077,-2.3687959,2.8567393
Sibyls,-5.2965007,8.303679,9.849061,-3.4920483,-1.7445388,1.7206227
Salvors,1.0806559,-11.794582,11.8439865,-3.992913,1.7853543,2.3530815
Aplacophora,-2.62907,-17.26069,17.459766,0.100653134,1.5110515,3.3095195
Unfrolicsome,-0.21703964,4.5203753,4.5255823,-2.7699237,-1.9256356,1.7249637
Parabotulism,-0.1995545,14.420659,14.422039,-1.8962277,-1.4037018,1.4642555
Samucu,-0.83158195,4.2370276,4.3178616,-2.635532,-1.3794186,1.182227
Mecodonta,-2.1014633,-9.4222975,9.6538,-4.1751986,0.9789093,1.864536
Subversives,1.9320848,-14.801083,14.926655,-2.767014,2.3718917,2.5732343
Undeductive,-0.20575346,6.514705,6.517953,-1.0745634,-0.78292537,1.756183
Uncompass,5.3031526,15.980808,16.837744,-2.7374065,-2.145342,1.9442524
Equidiurnal,0.31827044,3.605067,3.6190884,-3.3134944,-0.32417396,0.59480155
Shittim,-1.8254201,16.987494,17.085289,-3.3823497,-1.2884283,1.2672042
Sonship,-1.2721585,0.03290995,1.2725843,-4.7868724,-0.582102,2.090323
Deresinize,-0.995026,-11.500427,11.543393,-3.175258,1.6129411,1.8675123
Parage,-1.2584982,-6.3476715,6.4712253,-1.6762956,1.249439,1.7937819
Sparrowwort,0.79790086,1.158781,1.4069177,-3.2825472,-0.34529126,0.5695371
Gombroons,-10.565348,26.27365,28.31839,-1.397266,-2.9903932,3.092009
Deaden,3.8343656,12.487232,13.062668,-0.6986703,-0.36421713,2.0394287
Picador,-0.35307032,-11.706237,11.711561,-4.954846,0.7936001,2.435652
Conormal,1.3106666,12.83749,12.904223,-3.182721,-1.0250193,0.9393545
Peracid,0.36802527,16.069494,16.073708,-3.452871,-1.6428317,1.6121031
Disunify,0.36965048,25.593258,25.595926,-1.0809798,-2.2693954,2.646183
Proanaphora,-3.8826935,1.5308774,4.173595,-5.0206265,-0.6243635,2.3278646
Scoliotic,-3.294752,12.845636,13.261438,-3.8610265,-1.9823176,2.1091287
Replacer,0.24525449,6.796964,6.801387,-2.7086585,-1.1781348,0.9773049
Septemberist,-4.5562634,-18.700117,19.247179,-4.6930385,1.5858368,2.6533966
Populator,2.4136448,-14.879476,15.073968,-3.520562,1.695594,2.0542536
Proletarianism,-2.626501,-16.637955,16.84399,-4.2763405,2.698485,3.285409
Superimposure,-0.4720975,-19.685152,19.690813,-3.72976,2.2444768,2.6414447
Caricaturists,2.0987327,7.7205896,8.000761,-2.5030456,-0.03778545,0.28087804
Phalangerinae,-1.6340401,15.865218,15.949144,0.44845304,1.333288,3.530844
Bimensal,-16.10918,-7.9273896,17.954086,-4.0543647,-2.251101,2.4397352
Unconvenience,1.0755026,5.4748616,5.5794992,-2.5460424,-0.28891468,0.20525713
Pettah,0.3410927,4.468717,4.4817157,-2.3629823,-1.2905692,1.1501304
Planktont,-1.0938278,-2.0230417,2.2998173,-1.8655362,-0.5783938,0.94464725
Annuitant,4.975455,7.6768026,9.148138,-1.9815013,-0.38906223,0.77325714
Feticides,0.2633269,5.764226,5.770237,-3.7897143,-1.7392327,1.866959
Skilts,1.66403,-1.8308274,2.4740505,-2.3032048,-0.56085026,0.55938745
Jointers,6.455216,-6.2752895,9.002726,-4.0270095,1.9772071,2.5344012
Anagrammatic,-1.534629,23.018814,23.069914,-0.7286984,-1.2312194,2.2522492
Orguil,0.2426365,-15.851553,15.853411,-3.055706,1.9990003,2.2238483
Haftaroth,-3.3902698,5.6783147,6.6134095,-1.5904841,-0.6851148,1.2394912
Riggal,-1.037053,-26.328861,26.349277,-3.3369493,2.2904809,2.5640702
Candlers,5.830908,14.30109,15.444113,-1.751585,-2.3519576,2.3635898
Benefactorship,4.721736,4.0795207,6.2399735,-3.4700909,-0.98369294,1.0760455
Unfalsity,-0.96702653,-23.560234,23.580072,-1.2162368,1.3912996,2.1981702
Evolvent,-0.8373812,14.510116,14.534257,-1.8667591,-1.9573401,1.9576197
Frankfold,2.2366602,4.4128714,4.94733,-3.7140636,0.3212972,1.1127443
Sarcolite,-1.5497307,7.261613,7.4251385,-1.969087,-1.6367561,1.6255726
Indoctrine,0.7452937,35.38656,35.394405,-0.94190955,-2.6106105,3.0014358
Cobeliever,-0.767996,-9.635444,9.666003,-3.9085062,1.6174638,2.1661851
Coumarane,-9.071527,2.0704927,9.304812,-4.706663,-0.5314865,2.00254
Canoeist,3.5134614,8.568826,9.261165,-1.2195196,-0.6412197,1.5747982
Syringium,-7.9921355,2.438092,8.355748,-1.8797766,0.16968757,0.9289922
Nasality,1.2226886,8.347447,8.436518,-4.6888313,-1.0725569,2.1425054
Topographics,3.0731196,-0.5182879,3.1165183,-1.7742189,-0.24182296,0.9582124
Haywire,-0.6303321,-41.985096,41.989826,-3.905053,2.82829,3.248733
Mosquitoproof,-0.426726,-3.4407434,3.4671044,-5.209609,0.75329703,2.6554794
Mercantilistic,0.13411102,3.9713442,3.9736075,-4.160386,-1.1874495,1.7362076
Uninterruptive,1.8588077,6.0535226,6.3324795,-0.77340347,-0.712481,2.0238357
Emeril,4.8193235,2.4499972,5.406326,-2.6129105,0.7861469,0.9943502
Subprior,4.0415072,-6.6761737,7.80417,-3.569108,-0.11448367,0.84200925
Cicurate,6.897745,-12.553547,14.323771,-1.5164069,1.2599313,1.9003206
Dracaena,5.0883636,3.4579575,6.1521463,-2.8869348,-0.532842,0.3663242
Unitarist,-0.86810917,3.1608891,3.277931,-3.6509318,-1.4264125,1.5318711
Struthioid,-1.6421071,-20.062607,20.129696,-4.4983697,1.3808111,2.3715048
Voorhuis,0.044388942,-7.4316945,7.4318275,-3.0110672,1.4871376,1.7112166
Machaira,2.3475611,-7.8482966,8.1918745,-2.964399,1.0130725,1.2362939
Zorotypus,-5.679665,-32.504314,32.996803,-4.4560637,1.2870547,2.2778265
Spiritrompe,9.245615,-5.6322923,10.826085,-4.7864466,0.6625192,2.2289844
Evovae,0.63523585,-5.143959,5.1830344,-4.0527554,0.003190478,1.3368907
Sanzen,-0.42413923,-2.452829,2.48923,-3.7101161,-1.1838778,1.386873
Timbreller,-0.70891106,1.1852748,1.3810976,-2.032855,-0.9616976,1.0328152
Gateworks,2.8095055,-3.8443131,4.7615194,-4.5746593,-0.9487868,1.9889779
Sphacelate,1.6881741,4.6756663,4.9710946,-2.8189847,-1.4427525,1.2447276
Brideknot,0.6843974,-19.487719,19.499733,-2.3767312,2.2009249,2.4280903
Lichenicolous,2.4695756,9.133313,9.4613,-3.2410367,-0.63316184,0.6680118
Xylidines,-1.570136,16.198374,16.274294,-1.2910691,-2.3752694,2.6080737
Badaxe,0.6366755,-5.7246194,5.7599154,-4.432772,0.39716336,1.8033361
Catalogers,1.3610818,-14.305382,14.369987,-4.350848,2.0686352,2.7881477
Scientism,-1.0925983,-20.085161,20.114857,-4.2034354,2.8448043,3.382887
Zoogamous,1.8348904,-12.646403,12.778825,-4.1423106,1.4771749,2.1924422
Delphinium,-0.40897885,8.753064,8.762612,-2.6522176,-0.909747,0.71307707
Tetraspermal,-2.424493,4.064717,4.732873,-4.7693996,0.013204699,2.0490716
Priestianity,-2.5399384,-25.089317,25.217556,-3.9024322,2.7624536,3.1864665
Resourceful,4.6951733,7.9260874,9.212356,-3.3241394,-0.5185552,0.6722519
Pressmark,1.7991401,8.453193,8.642532,-1.838746,-1.5792935,1.642117
Honorarium,0.4994652,-29.159883,29.164162,-3.86441,2.630798,3.050078
Zootomist,-1.9299846,-13.7003765,13.8356495,-2.2626233,1.6193336,1.8798616
Taeniacide,-9.90181,-16.175034,18.965166,-2.6043885,2.106531,2.3111312
Sphenographist,-1.5189176,-10.90206,11.007363,-1.8769667,0.689807,1.2345247
Nonmitigative,-0.75964385,23.574608,23.586845,-1.0992942,-1.7457035,2.2472458
Hairwood,2.1950827,-0.6706264,2.2952402,-2.6496403,-0.29029712,0.1211121
Bengali,-0.80699265,5.027622,5.0919757,-3.944579,-0.509091,1.2515035
Slimnesses,-5.9624286,28.906902,29.515411,-2.4426785,-2.7918472,2.6068056
Holoblastic,4.0855827,-9.633559,10.464104,-3.3952854,0.67285866,1.0974174
Aeromarine,0.7759533,-3.7389026,3.818573,-2.6945424,0.6347835,0.83670145
Eclaircise,11.723198,62.137615,63.233826,-0.33096737,0.19556554,2.4331489
Musicophysical,6.4796667,-17.862509,19.001455,-3.6764584,1.3392421,1.8070616
Butterfish,6.1784086,42.424126,42.87166,-0.7947773,-2.6693656,3.137434
Lacerate,2.3243508,-9.044025,9.3379345,-3.6260655,0.9144659,1.4299
Haoles,3.5133564,4.655586,5.8325076,-3.4881673,-0.5031506,0.8146667
Preposterous,12.799657,25.245111,28.304539,-1.4156821,-0.77129066,1.4341089
Sauceman,4.0722976,-4.7136326,6.2291203,-3.423267,-0.5815684,0.78943545
Preoppressor,-2.0742278,1.6383414,2.6432145,-3.2337368,-2.613484,2.464098
Durban,3.7052145,0.3076942,3.7179682,-2.157901,0.45706233,0.8730787
Outback,-1.6105955,2.6641598,3.1131597,-3.7874238,-0.57162094,1.1189834
Heterophaga,-6.1148324,-8.747741,10.6730585,-3.8362749,1.0896566,1.69895
Stravage,-1.1575688,-9.42447,9.495295,-1.1229227,0.7627729,1.8753079
Pignon,-1.6127491,-8.456101,8.6085205,-2.663235,1.5786899,1.7810996
Vinylic,4.921508,-38.48475,38.79816,-1.87405,1.6453153,2.035823
Hawksbill,1.6582265,0.46718377,1.7227811,-3.0068548,0.08486351,0.39693627
Boothes,1.1443522,21.25539,21.286173,-0.7875078,0.49436548,2.0647109
Presuppress,3.1619823,23.200264,23.414747,-2.1800494,-3.0845933,2.9357643
Deviler,-0.36297184,-8.2837305,8.29168,-1.6967423,1.2242951,1.7614216
Lingams,-4.8108745,-21.330448,21.866241,-4.758009,2.448436,3.3356419
Allosyndetic,4.586493,-42.414555,42.66181,-4.748919,2.1455235,3.0945678
Pentadicity,1.4537836,-11.615882,11.706503,-2.7779872,1.9058733,2.1074831
Trematosaurus,-2.7099957,-8.93128,9.333374,-4.035748,0.6676906,1.567063
Voices,0.6612702,-11.771945,11.7905035,-3.2510564,1.570425,1.8461219
Nonsurrender,7.137095,23.004591,24.086288,-1.0937809,-2.5242867,2.8424535
Friandise,-1.7691463,-10.949352,11.091358,-1.6256084,0.5582765,1.341563
Unmagisterial,-0.4268854,-6.209687,6.224344,-3.5989995,0.1028896,0.9191575
Parleyer,0.6759777,30.120686,30.12827,-1.1161553,-2.3936274,2.7233682
Deckles,-0.011049504,34.926735,34.92674,-1.1239781,-2.6799564,2.9545004
Platings,1.0407127,3.3590767,3.5166,-3.6087947,-1.4826052,1.5529941
Assistances,0.2768065,19.290728,19.292713,-1.6651312,-2.5317163,2.563018
Photoradio,-2.3171437,-11.074033,11.313858,-3.5075061,-0.18275476,0.77615744
Strives,0.758901,-0.49842745,0.9079432,-0.65289706,0.29974633,2.1381552
Leipzig,-0.44012266,-6.8554597,6.8695736,-3.0329292,1.0122484,1.2502122
Unexonerative,-2.279395,15.052762,15.224364,-3.3526354,-1.6772319,1.6014675
Radiatoporous,-2.340536,-10.470618,10.729025,-4.3479576,-0.2782679,1.6182332
Facund,-0.15685518,-7.9952407,7.99678,-2.7420447,0.96099615,1.1621418
Pleuronect,-0.9093469,-26.866467,26.881851,-3.7239738,2.534518,2.9100637
Imbrue,1.7303458,8.521728,8.695626,-3.6578984,-1.7636167,1.816468
Broguish,-2.4527566,15.818471,16.0075,-1.5857052,-0.25175953,1.1469797
Cassiopeia,-2.7315533,53.25018,53.320194,-0.9475894,-3.0950766,3.399659
Antipapacy,2.571526,-32.993412,33.09347,-4.119719,2.8802524,3.3795996
Walkingstick,2.181455,25.985079,26.076485,-0.6681835,-1.6395843,2.5153105
Angliae,-12.051264,-6.5090294,13.696731,-2.60237,1.6913835,1.8968867
Farley,4.0901012,0.6688617,4.1444297,-3.3097582,-0.5928586,0.69841456
Marshlands,3.581241,5.2295427,6.3382487,-3.2586877,-1.5638607,1.4611566
Britannian,-1.2270253,-18.508085,18.548714,-3.597824,1.6745569,2.0660317
Bimetallism,3.205733,13.197697,13.581453,-3.8408954,-1.9969348,2.110839
Dhunchee,2.5044415,16.845703,17.030851,-1.1076618,-1.757475,2.2493045
Trigonocerous,-4.8645964,8.700644,9.968224,-3.470259,-1.5538396,1.5412905
Muzhik,-11.914239,-10.454025,15.850418,-2.5561485,1.8736116,2.0821126
Carcinogeneses,-1.6800615,6.800285,7.0047464,-3.332277,-0.9459398,0.9568924
Hyperploidy,-0.09969434,-19.201155,19.201414,-4.1156616,2.1945703,2.7667582
Kujawiak,-1.5869031,-2.1314301,2.6573029,-4.275091,-0.51843816,1.5758096
Haulmiest,1.3265367,0.9628214,1.6391226,-1.1169604,0.9801509,2.0005748
Prehistorics,-5.6544924,-28.63258,29.185577,-3.1709018,2.2578228,2.4978611
Wauchts,5.161771,0.96918064,5.2519693,-3.4898636,-1.1470004,1.212331
Salamandroid,-1.0162354,4.8360486,4.9416695,-3.1292038,-2.4612908,2.2949042
Quantimeter,3.5736356,-8.338775,9.072268,-2.7010458,0.5950578,0.7967409
Waiver,0.36928973,27.20382,27.206326,-0.9880057,-2.6350305,2.9939983
Naturelike,1.1259507,-20.523558,20.55442,-4.410475,1.8017731,2.613471
Inhumanism,0.01268835,-14.0602255,14.060232,-1.759372,2.094284,2.4927776
Outscold,-2.0672543,17.099482,17.22399,-1.7490064,-1.8922844,1.9558967
Safflowers,-2.2495773,-1.8345133,2.9027643,-4.693723,1.8785903,2.8592253
Retrample,-2.5118086,15.113002,15.320313,-3.295869,-2.6239612,2.4877102
Chestnutty,3.1533108,-2.3254807,3.9180646,-3.756682,-0.5279859,1.0759736
Tribromide,-1.7773939,9.94606,10.103624,-1.5462679,-0.86310935,1.357641
Indicavit,1.6617593,10.380309,10.512481,-1.062385,0.48199672,1.8035473
Polyglottonic,3.2753444,14.549815,14.9139185,-2.5767667,-0.9935779,0.8074568
Birdbaths,-1.0411046,-15.991208,16.025064,-4.1012897,2.0834486,2.6637003
Sudatorium,-0.61901104,11.513948,11.530575,-2.4413836,-2.0549903,1.876465
Manipulability,0.06359209,-9.292398,9.292617,-4.694378,-0.19320798,1.9628283
Peckhamite,0.30184314,-5.9635005,5.971135,-3.7971482,0.3688805,1.2084464
Imbiber,1.3433838,34.525864,34.55199,-0.942728,-2.1448324,2.6415982
Victualer,5.321716,-15.391381,16.285433,-1.0085856,0.65575314,1.9242802
Wernerite,2.6784842,-11.7887945,12.08925,-4.0989633,0.4427721,1.5114052
Enswathe,1.5093706,25.713312,25.757574,-0.524212,-1.5468509,2.5852387
Anabiotic,-2.7765183,13.044002,13.336229,-1.0692384,-0.60420734,1.7105051
Pssimistical,-8.39669,-10.489366,13.436191,-3.441632,0.41471493,0.9399046
Hasteners,4.3758674,-10.719545,11.578294,-2.3496299,2.0945034,2.3271577
Dandriff,-7.6525736,39.782307,40.51165,-0.9004922,-2.9033356,3.2641866
Kabbala,-3.2285633,-6.343658,7.117979,-1.6478858,1.7673664,2.247046
Kaoliang,-2.4748871,10.562252,10.848328,-3.4686284,-1.9511054,1.8988907
Weewaw,0.461715,-8.656889,8.669194,-2.5090277,0.8709403,1.0948927
Diapasm,-2.2869034,-33.051643,33.13067,-3.844475,2.5894752,3.0043082
Temptsome,2.4353147,23.510149,23.635944,-0.4701549,-0.7334769,2.3232315
Gunfires,2.6141858,10.715012,11.029299,-3.735066,-1.7145716,1.8159333
Birminghamize,-6.508988,10.248379,12.140683,-2.9975827,-2.928993,2.7408345
Protonymph,-6.442924,-8.959706,11.035743,-4.186951,0.78572416,1.7583988
Hammaid,-1.2700572,-17.129604,17.176622,-3.2452154,1.4218204,1.7022637
Nestings,1.8350084,23.350946,23.422937,-1.3674136,-2.5427365,2.7100146
Uncage,5.1972833,4.109724,6.6258264,-0.59180206,0.84224147,2.3805766
Placaters,2.0172987,10.406256,10.599983,-3.8223298,-1.9942557,2.098852
Grifters,3.918269,2.6610367,4.7364483,-4.33699,-1.3864125,1.9955844
Ascaridol,5.765663,-12.2597475,13.5478525,-2.081502,1.0896084,1.4451667
Hoplomachy,0.9562534,-4.981677,5.0726256,-3.1364155,1.4086899,1.6599162
Endoarteritis,7.484068,5.415972,9.238183,-2.8339946,-0.6302979,0.44125268
Connecters,1.0991688,18.17024,18.203455,-2.4257545,-2.744512,2.5617325
Burion,0.8416273,-6.509293,6.5634775,-2.7242045,1.5417382,1.7428521
Waterlandian,-1.8656943,21.750887,21.830755,-1.6371685,-1.9006882,2.0214622
Tamulic,1.9586316,-16.259119,16.376665,-2.6797118,1.2036498,1.4057049
Stronghand,3.5182505,17.743868,18.089304,-1.7999682,-0.45126617,0.9646022
Laccoliths,1.3047345,-39.198,39.21971,-3.9011018,3.130118,3.5305548
Berigora,-3.3480525,-47.38851,47.506638,-4.5728297,1.813452,2.7292247
Postulance,2.4227521,-18.859257,19.014238,-3.170672,1.7159677,1.9667122
Cultivars,0.26217952,-18.37021,18.372082,-3.4421506,2.1561875,2.4620578
Piquiere,-5.150614,24.055214,24.60045,-0.66816854,-1.289358,2.3327916
Pilotages,2.5042942,9.362486,9.691626,-2.1241345,-2.3025668,2.1874967
Oxyamine,0.6439442,5.305555,5.3444896,-1.4663738,-0.7703507,1.3873565
Aldamin,-2.2470996,18.342726,18.479856,-2.1306286,-2.0234122,1.9188415
Apothegmatize,-3.9221418,-12.568273,13.166043,-4.503884,1.1716352,2.2417648
Siskins,-3.1216433,43.558144,43.669857,-0.93280125,-3.1002522,3.411839
Gaffsail,1.901301,-49.057903,49.094734,-4.9540815,1.6967453,2.9225655
Disamis,-14.574871,17.980507,23.145744,-1.7751342,-2.7181566,2.692646
Caesural,1.8935983,-3.8516247,4.291938,-3.3573356,-0.16340068,0.62690455
Systemizer,-6.4063916,-20.819353,21.78273,-3.7893744,1.8630997,2.3194554
Novelise,-4.2459054,18.331852,18.817133,-1.2992202,-1.134911,1.7098593
Craton,0.18952048,6.960024,6.962603,-3.90413,-2.0126865,2.1579525
Australian,-166.23796,-20.694937,167.52116,-2.541525,5.706434,5.9105883
Subobtuse,0.666647,6.5694227,6.6031604,-1.7987571,-1.0800229,1.2816551
Semipros,-1.0317354,-8.486037,8.548528,-3.3034947,0.2956572,0.7575415
Nonemulative,1.0990146,26.362328,26.385225,-1.1743016,-1.0925279,1.7943571
Crimpier,-1.4446851,-12.868272,12.949114,-3.6692948,0.8949679,1.4424624
Outlets,3.041382,-5.2847567,6.0974307,-3.463117,1.3192644,1.6872079
Dahabiahs,-3.4677224,35.708004,35.87599,-1.2065735,-2.542706,2.79441
Stallinger,-1.0374836,7.573553,7.644284,-1.8061318,-0.44121802,0.9560779
Tiglinic,2.0107412,-18.752293,18.859787,-3.0686018,1.3590572,1.5961452
Dethroner,-0.53530157,-3.1148448,3.1605077,-3.3211071,0.27261865,0.75628513
Fripper,1.7433665,-7.101752,7.3126063,-2.1760519,0.9221759,1.2531323
Sherardize,-1.3801838,13.309442,13.380812,-0.86447984,0.1015676,1.8914585
Certosino,-5.226183,18.532557,19.255354,-1.8215724,-2.069405,2.0781379
Skimmings,3.5446265,-12.3758,12.873415,-1.1233586,1.0551332,2.0406978
Unaspersive,1.4681642,3.5041022,3.7992413,-0.5243543,-0.12072579,2.208674
Overwarms,0.6212351,-10.0755005,10.094635,-3.381461,2.0174477,2.3117766
Abstrusity,-1.8600333,0.7400848,2.0018613,-3.5787427,-1.3767203,1.4490674
Energism,2.639732,-6.721306,7.2210903,-3.1719403,0.13088012,0.5514887
Terrorless,0.9478364,6.0041146,6.0784683,-0.7222614,-0.45181116,2.0248852
Cembalo,-2.2938797,-6.7622967,7.1407666,-4.3383527,-1.3114736,1.9531252
Camouflage,0.7397338,11.705763,11.729112,-1.1344839,-1.1593218,1.8624879
Naturize,-2.056948,17.01113,17.135038,-0.57550895,-1.076916,2.3271518
Disunite,3.446871,1.6384777,3.8164809,-0.873964,1.3591,2.4258816
Sonatine,1.2649289,-2.2845838,2.6113925,-3.7339282,-0.65754634,1.1013972
Cnidophobia,1.3354565,-88.293396,88.30349,-4.0047455,3.5358295,3.9478624
Bottine,-1.6311016,-10.841923,10.963932,-2.7859147,1.6932082,1.8950862
Postcavae,-13.596731,-4.7707686,14.409418,-2.8052218,1.5712574,1.7738856
Tholeiitic,0.44137523,-0.11610009,0.45638934,-3.6745446,-0.99690825,1.2339056
Alnicoes,2.825446,8.569813,9.02357,-3.9582655,-0.14007294,1.228217
Canister,-316.24286,-14.887344,316.59308,-2.5584111,5.7062078,5.9098434
Affinity,5.1875815,14.90836,15.785125,-0.8133301,-0.6010411,1.9594848
Greyhound,5.0563364,-10.121733,11.314417,-3.8264697,0.5897178,1.3506315
Slavicist,5.743785,-45.90444,46.26239,-3.3352354,2.7596095,3.0216234
Skiffs,4.6141834,-0.7586187,4.6761293,-2.2674682,2.2030163,2.4485004
Dictaen,3.931883,-11.96636,12.595774,-2.7345536,1.0538703,1.2549723
Ouzels,-3.2062266,-10.216716,10.707996,-4.002145,2.4906158,2.9765244
Forkbeard,-2.6093774,1.8226207,3.1828911,-2.3897948,0.05629138,0.42785123
Aftermost,1.0672057,-10.378567,10.433292,-4.424824,0.64034545,1.8908075
Clumsiest,1.2323322,22.728989,22.762371,-0.85193104,-1.5542133,2.3160193
Ectozoa,-1.2407249,-12.8559475,12.915681,-2.3999503,2.2687633,2.4920244
Aquarius,-0.20132425,-4.957428,4.961515,-3.4576955,0.76711375,1.2102478
Calamistrate,-1.9810892,29.10275,29.170101,-1.5932262,-2.8237906,2.8590784
Sacristies,-1.7263532,-19.649944,19.725634,-4.582005,2.047976,2.9124665
Insectine,-1.2807059,4.038919,4.2371063,-2.1015408,0.13293698,0.71309936
Monogamies,-2.2475502,14.418729,14.592848,-0.2592542,-0.4625105,2.4860933
Bravoite,-0.7628144,0.52955467,0.92860854,-4.161423,-0.7767509,1.5413854
Sandkey,2.8937085,24.890497,25.05814,-0.7852322,-0.40865082,1.9573685
Assurgency,0.51015466,-23.031448,23.037098,-5.1259046,1.4789841,2.924985
Logans,-1.762243,-12.398434,12.523046,-2.5166845,1.0636445,1.2828673
Kibitz,1.8154277,3.74226,4.159361,-0.74200255,0.5211969,2.116618
Shuvra,-11.212253,9.687308,14.817508,-1.6431154,0.5853972,1.3428696
Guillotinist,-5.5631533,-44.01867,44.368816,-4.2994113,1.9387418,2.652745
Milliphot,-0.14186174,-4.619027,4.621206,-2.474418,-0.1697034,0.25905696
Overpost,5.3334374,39.560802,39.9187,-0.70219004,-2.1512823,2.8145306
Borophenylic,2.105614,3.989983,4.511493,-3.1818347,-0.88748306,0.8208936
Kodaker,1.9476438,10.461578,10.641331,-2.2513134,-0.75454634,0.73276645
Mesopelagic,3.392024,13.083183,13.51575,-2.3156264,-0.94443995,0.8517993
Declines,-0.50095713,-24.842848,24.847898,-4.542598,2.2028937,3.0098202
Wagnerist,0.12066931,-93.83575,93.83582,-4.2782674,2.8229177,3.3966103
Peacockiest,-4.172869,31.896458,32.16826,-1.1009524,-2.446686,2.775169
Anticonductor,-1.8754832,-10.651431,10.815288,-2.5856826,0.62826496,0.8420958
Retrude,2.5180855,55.438854,55.496014,-0.3209573,-1.3647999,2.6767952
Sinanthropus,-5.918079,-13.379225,14.629673,-2.3312392,0.8306246,1.1066678
Unegoist,-3.5864053,-13.040059,13.524255,-3.877458,1.9445434,2.4324574
Thoughtsick,-2.2105954,9.281917,9.541525,-3.4903893,-1.5294882,1.5298474
Popinac,-2.4331307,3.662027,4.3966537,-1.1075146,0.6362238,1.8271972
Mitrate,2.2273788,-10.804385,11.0315895,-2.9927428,2.337228,2.5517278
Fabricate,-3.0778759,-41.961018,42.07375,-4.1682506,3.1801438,3.6738079
Landmarks,0.2917296,4.6163907,4.625599,-1.9009866,-1.148012,1.2595661
Pyrrhuloxia,-3.1745596,22.961653,23.180063,-1.618773,-3.2352793,3.2318046
Zarnec,-1.338409,0.52887195,1.4391122,-2.138808,1.0131545,1.3512112
Ampelidae,-1.6379771,14.301124,14.39462,0.34711477,1.2433208,3.400679
Ascitb,-2.0891335,-17.601612,17.725157,-3.1951022,1.7118086,1.9682682
Lowder,1.1991723,9.290083,9.367157,-1.817951,-0.91314334,1.1583176
Tallowberry,0.21463907,2.2316287,2.2419264,-3.304727,-0.3229321,0.5859673
Humiture,2.887536,-8.391289,8.87421,-1.6240988,1.1214501,1.7249976
Interscendent,-0.24380931,-10.05822,10.061175,-3.1685088,0.37757447,0.7251081
Protovestiary,-6.0086594,-14.457455,15.656373,-4.299978,1.769046,2.518211
Bookmarks,-0.59544295,11.551952,11.567287,-1.6332873,-1.1562597,1.4555233
Manufact,-217.92474,-14.531268,218.40868,-2.5759954,5.6973605,5.90051
Redivision,-2.5444365,-8.075747,8.467104,-2.8985531,1.8330199,2.040961
Unfatalistic,-1.2423534,-6.250814,6.373078,-2.9584124,0.597974,0.83064806
Kaffraria,-2.8056798,-26.426601,26.57512,-3.503839,2.217178,2.5385957
Babool,-3.3260915,16.857811,17.182802,-1.8522327,-1.7076826,1.744426
Umbilroot,-1.6601198,21.786541,21.8497,-0.6792961,-1.8433343,2.62845
Barkstone,3.63786,4.8906293,6.095267,-2.845731,-0.16025777,0.12125069
Foreheads,0.97924787,23.156301,23.176998,-1.329574,-2.5279806,2.7166083
Parapophysis,0.88256824,12.303948,12.33556,-1.6532962,-0.48364177,1.1146728
Chaconne,3.7085953,12.346409,12.891372,-1.0912595,-0.18619028,1.6403737
Atlantides,-1.9915551,-7.6177254,7.8737564,-2.6533458,2.136093,2.3384998
Caickle,-2.6265748,-47.219593,47.292587,-3.4407797,2.370739,2.667833
Enclitic,3.3955462,-7.2602024,8.015003,-2.977841,0.9994756,1.2255732
Peritoneopexy,1.7777134,-10.437455,10.587765,-3.3277116,2.0640752,2.342307
Phlebostrepsis,22.719563,-11.700387,25.555384,-1.5444539,0.43025288,1.3445588
Outdraw,1.3732755,13.295303,13.366036,-2.680346,-2.0183985,1.8180218
Ninebark,0.7630172,-5.000331,5.0582123,-3.5424256,-0.13434193,0.81360346
Redintegrator,2.0079272,28.465736,28.536467,-0.12380252,-1.0821714,2.7525837
Fossicker,5.9033723,9.054516,10.808979,-0.60833424,0.44723096,2.2200093
Heteromya,-10.346113,-13.839904,17.279613,-3.7416413,1.1874008,1.7170275
Oxidises,-1.2601728,-1.1429393,1.7012783,-3.4085488,-0.20691057,0.67700833
Mortress,-0.04586696,-1.5617515,1.5624255,-3.4842122,-0.0040225135,0.77802056
Evident,8.457943,-28.824701,30.039976,-3.2289593,2.5004208,2.7469268
Kulmet,-12.974661,-23.770765,27.081194,-3.036626,2.2888796,2.5085957
Metamerous,-1.9812535,-5.4399414,5.789502,-4.1131735,-0.78671277,1.5005949
Panurgic,-1.9635752,22.628925,22.713959,-1.1704775,-1.2632996,1.8881915
Iodoprotein,-1.3762721,14.863636,14.927216,-2.076008,-0.991821,1.0271308
Birdseyes,5.9643826,5.8645587,8.364622,-3.2856543,-2.0024798,1.8846722
Smorebro,2.83931,-13.164188,13.466907,-3.1106358,1.1407658,1.3943794
Radiotracer,1.5975832,-1.5515025,2.2269783,-3.8543699,-0.85605985,1.2998708
Breechesflower,-0.57940733,23.483131,23.490278,-1.1349206,-2.4226105,2.7357614
Technology,147.35725,-17.723166,148.41924,-3.8142018,0.2204038,1.1617942
Polygamical,4.136618,28.849396,29.144455,-0.20368971,-0.8381416,2.60691
Pluriparity,1.0450997,14.89204,14.928666,-0.5479596,-0.91996676,2.2988925
Torula,-1.4385278,-13.1319065,13.210464,-3.6773953,1.0348064,1.5562952
Sermonish,1.0528537,9.627317,9.684715,-3.7658405,-1.9814014,2.0589328
Nonbachelor,5.431926,9.4049425,10.860881,-0.77950245,-0.24241367,1.9525002
Rephael,-4.07331,-2.2543926,4.65555,-2.5473785,0.30985045,0.54313314
Thionate,-3.523599,12.508183,12.995013,-3.0454414,-2.4077082,2.2288213
Cutwal,1.4610296,-4.0489306,4.3044686,-2.7459433,0.50427496,0.7055199
Iodite,5.0274386,-13.751251,14.641451,-2.891165,1.1979575,1.4081298
Knobby,2.178031,19.021313,19.145603,-0.7434467,-0.91485935,2.1123614
Trinil,-1.3940532,-12.673467,12.749908,-4.7539506,1.3043711,2.5212061
Dentiscalp,-3.7405899,9.6821165,10.379565,-1.6599395,-0.6732775,1.1710403
Incrassate,-2.2971687,13.041316,13.242087,-2.1209986,-1.8664918,1.7737889
Gaultheria,3.937252,-1.6151369,4.2556577,-2.6275103,0.2843497,0.49647495
Subdichotomies,-1.8082478,-178.64224,178.6514,-4.046295,3.4610474,3.8909929
Kronur,-0.9722871,-5.968758,6.047431,-3.4268434,0.050864644,0.73952466
Hornworm,0.22886318,-7.0948257,7.0985165,-4.2260413,-0.06375417,1.5007737
Industry,32.170704,-17.16417,36.463173,-3.766978,0.27126864,1.1380728
Rheostatic,-0.6691624,-3.349294,3.415487,-4.2950196,-0.9696223,1.7421303
Bicaudate,-0.67176795,21.40997,21.420506,-1.9977664,-1.036051,1.1115786
Fireclay,-0.7947787,15.974084,15.993842,-1.934225,-0.43434754,0.8307569
Intertown,0.34881037,-26.756227,26.758501,-3.665812,2.1197393,2.50182
Firebreaks,-1.4693719,-20.516834,20.569384,-3.78355,2.5186672,2.916127
Pratiloma,-10.0309,20.520128,22.840635,-1.6926602,-3.2810974,3.250495
Dopper,-2.8433268,1.3561442,3.15018,-2.4032986,-0.0643705,0.35560322
Helicopts,-3.370539,24.468569,24.699623,-0.78444105,-2.1937747,2.786046
Whirlicote,-0.28252438,2.1099567,2.1287873,-1.4886143,0.7161427,1.544752
Chechem,3.6303816,-25.568258,25.824707,-2.7485807,1.7761552,1.9773269
Prowarden,3.6935532,1.6731111,4.054828,-3.688498,0.42421815,1.1431276
Untaste,-3.5060055,71.06499,71.15142,-0.43772784,-2.5045185,3.2507591
Lithotrity,-0.3993761,-3.4638822,3.4868302,-4.8111506,-0.16132075,2.0799654
Atumble,-2.8603187,-2.9764194,4.128014,-2.5253844,0.35516286,0.593243
Bequest,2.0222034,-1.8214723,2.7215931,-1.681276,0.1352064,1.1028186
Substrative,-5.4885244,-10.862862,12.17069,-4.382542,-0.43790776,1.6678737
Beautifier,-1.6669978,6.9132247,7.1113677,-2.926825,-2.1856475,1.9941317
Betaken,5.6163034,14.724912,15.759627,-0.7139348,0.63796264,2.1851444
Irrelevant,-2.4559846,7.702949,8.085003,-2.4695218,-1.0758629,0.91317016
Bilharzial,-0.8535095,-10.153228,10.189039,-4.5159082,0.9847989,2.1424828
Salvator,4.0957756,-5.1128807,6.551101,-2.5438855,0.7220616,0.9420446
Rudbeckia,1.1377116,0.15081263,1.1476635,-3.245671,-0.38145247,0.544823
Heaters,2.1716125,-21.525991,21.635254,-4.2428117,2.6271203,3.206663
Squirreltail,1.3767568,-2.021629,2.4459038,-3.1233573,0.005393552,0.44287667
Campanist,12.4154825,-1.4262842,12.49714,-1.7419487,1.3405918,1.8319799
Noninjurious,4.449926,-5.597034,7.150429,-3.1802204,-0.04407566,0.4753392
Artifex,1.5452342,2.527623,2.9625368,-2.0910532,0.2928127,0.8088289
Outlooks,4.9264197,-11.896264,12.875975,-2.3486934,1.7439888,1.9824115
Wingers,5.5243783,-8.92779,10.498772,-3.724996,0.99571335,1.555398
Nontensile,5.263767,-12.844564,13.881286,-3.699636,1.5350008,1.9877628
Nontherapeutic,-1.2650156,11.263456,11.3342705,-0.4889938,-0.8754009,2.3417537
Frouziest,1.272541,-10.827488,10.902013,-1.1900821,1.3481748,2.1855018
Preformulate,-13.178622,-31.598965,34.236977,-5.172674,1.3033199,2.8674529
Burler,6.7782073,4.649588,8.219656,-0.74694514,0.6109581,2.1443305
Imposts,0.5511011,29.771826,29.776926,-1.3668665,-2.4652855,2.6436615
Gordioid,6.740476,-11.375914,13.222914,-1.3225378,1.2445129,2.0187004
Toastee,3.5152388,6.685495,7.553326,-2.5025203,0.20676944,0.46777973
Preacherize,3.2558894,57.55081,57.642838,-0.6162938,-2.6348498,3.2245185
Vyrnwy,-1.3100929,11.963807,12.035323,-3.495009,-1.9509292,1.9091238
Scabrous,-2.6354098,8.725035,9.114363,-0.46375394,-0.54036444,2.2930484
Intensify,-17.766382,-101.55851,103.1008,-3.9946356,3.4358804,3.85006
Thrushel,1.7160653,-7.3715487,7.5686603,-2.2705166,0.4557358,0.8024944
Unmilitant,0.4939276,-3.9494262,3.980193,-3.1590416,0.76332694,1.054918
Replial,-1.2607473,17.598063,17.643166,-2.0750027,-2.7306235,2.613345
Appointees,5.0909224,-29.219273,29.659456,-3.7931974,3.027027,3.3982136
Palaeocene,0.16130121,12.497649,12.498689,-2.4864664,-0.90175813,0.7422921
Firebases,-1.5760405,0.7731666,1.7554743,-1.8326567,0.9483915,1.459234
Goeduck,-2.7956758,-4.137756,4.993679,-2.0204215,0.7925385,1.2219002
Bloodsuck,2.0148025,-15.635291,15.764574,-4.674342,1.4014616,2.5184479
Orangeat,-6.166399,-34.336025,34.88534,-4.881851,1.8307565,2.9584055
Metricates,-0.19773024,22.044628,22.045515,-1.4550778,-2.884724,2.9717448
Cunnings,0.61517644,-20.482037,20.491274,-3.4597392,1.8621483,2.1879725
Chevrolet,1.0249056,14.263305,14.300079,-3.9632514,-1.6984951,1.9388777
Polystomata,-1.7767246,15.3564005,15.45884,-1.7557045,-2.944195,2.9115088
Maclurin,0.317156,1.0256053,1.0735235,-3.8341756,-0.7774347,1.2441514
Degummer,3.3391159,19.70575,19.986652,-2.5720966,-1.0922561,0.9053133
Tallnesses,1.2152388,-7.648163,7.7441077,-2.1471856,1.520845,1.8184029
Boondocker,-6.9175124,38.890682,39.501102,-2.6924222,-2.986958,2.7861345
Glucokinin,-3.331936,-6.737607,7.516459,-4.096897,0.23287357,1.4326416
Tachisms,0.20131572,0.9942929,1.014468,-3.4289832,-2.7018719,2.596201
Noninductive,-3.3035488,4.62464,5.683373,-2.6526408,-0.57985914,0.38689637
Hamulous,-11.246635,-46.647278,47.983906,-4.716141,2.1969388,3.1127357
Briarberry,-0.43971318,-8.467363,8.478774,-3.9361498,0.3113142,1.3090417
Semiacetic,0.5296716,13.877063,13.887167,-2.180148,-0.7414728,0.772053
Enlight,2.9080257,-22.184519,22.374304,-3.2111585,2.5674388,2.80977
Omnivorous,-0.7806219,-6.076509,6.126446,-3.6097255,0.09580304,0.9269927
Demesmerize,-6.196456,31.471458,32.075672,-1.2073746,-2.8377314,3.045487
Spleetnew,-4.113276,2.9910736,5.0858197,-2.5800004,-1.7995613,1.6056323
Invectives,1.0291778,-20.634314,20.659964,-2.716948,2.3447726,2.545913
Tacheometric,-0.9440021,5.2532682,5.3374114,-2.9270477,-0.7624994,0.59446144
Nonspill,-4.0099845,1.3273132,4.223948,-2.0279572,-0.9774087,1.0477225
Septate,2.889208,-6.5531225,7.1617694,-3.3954194,-0.30290022,0.67161417
Stileman,-1.5722194,-15.271286,15.352006,-3.5836308,2.2122452,2.5593443
Perfects,1.3561106,20.264246,20.309572,-2.0557022,-2.795428,2.6809208
Patients,-206.88312,-18.160427,207.67867,-2.5596986,5.7000227,5.903623
Pretechnical,2.2771022,7.868267,8.191142,-2.9091492,-0.5056872,0.35257664
Pyroline,-3.1623728,-14.277295,14.62333,-4.3890443,0.1135228,1.6870751
Nonlicit,3.524446,-32.045483,32.238716,-3.3852508,2.615323,2.891286
Alphonsin,-1.003811,22.149477,22.17221,-0.8752144,-0.13295214,1.8576015
Paravesical,-5.9420075,19.915457,20.782995,-1.3111928,-1.6484516,2.027878
Urosomitic,4.112236,-1.2327244,4.2930284,-2.8525126,-0.27217466,0.14028557
Pomatoes,-1.2639215,15.22371,15.276087,-1.4158134,-2.6417189,2.7726939
Submerse,1.9576908,6.7356224,7.0143538,-0.65859425,-0.63741714,2.1183918
Pupilability,-1.6268425,11.153883,11.271898,-4.022232,-1.4958276,1.8281531
Eyedroppers,2.5789928,6.055361,6.581686,-3.322872,-0.33225307,0.6056772
Amentaceous,-4.754446,-3.4852884,5.8950825,-4.8694186,-0.52247036,2.1618733
Collectioner,-3.0909653,20.46065,20.692806,-2.7132103,-2.9096236,2.7085874
Emphases,-0.016290694,11.827004,11.827014,-2.5722656,1.6959056,1.9036808
Rajesh,4.6881537,-4.514663,6.5085306,-2.8881097,0.82019025,1.0332166
Semaphorist,-0.01488482,20.832783,20.832787,-2.7576833,-2.6193566,2.4183993
Fetishize,0.76144934,27.805391,27.815815,-0.727983,-2.5379813,3.078208
Unsnap,1.0577163,-15.343611,15.380026,-5.1659894,0.8878705,2.6668847
Gelatinigerous,-0.5079386,-1.3010492,1.3966863,-3.2809935,-0.0531924,0.56898797
Goalee,-10.718154,-16.026222,19.280006,-4.0322366,1.1357367,1.8651738
Achlamydeae,-5.9518676,2.195947,6.3440456,-1.6021003,0.59653884,1.3827208
Colonial,3.2107947,-4.6425486,5.6446843,-3.0401096,0.22220224,0.52381575
Tyleberry,-3.6631799,-20.694906,21.016613,-3.942968,1.7676984,2.3116353
Cavalierish,0.5920849,40.58429,40.588608,-1.0298241,-2.8853257,3.178207
Nuthatches,0.26478907,-12.38615,12.388982,-4.0429807,2.4938588,2.9970992
Pollenite,2.2396402,-9.582692,9.840935,-1.357933,1.5839667,2.252404
Hucklebone,-4.783022,-16.423374,17.105688,-3.886931,0.4715536,1.3369107
Autograft,5.0888467,9.73337,10.983389,-1.135772,-0.635613,1.6538924
Cathedras,-1.9893898,5.332859,5.691841,-3.1221647,-2.1869571,2.0239077
Sabulum,-2.0559716,7.2599616,7.545466,-1.8759218,-1.5500294,1.5974169
Phlegmless,-5.309151,5.082959,7.350072,-3.9896908,-1.6013038,1.8824066
Amnion,0.8078811,7.7497606,7.791755,-2.990146,-1.0846381,0.920601
Berkeleyism,-2.0798693,-24.654888,24.742462,-5.0095797,1.9541239,3.1359737
Sanhedrim,3.2724025,48.17105,48.282074,-0.8545576,-2.1836202,2.7301192
Morticians,0.28837618,-1.2647357,1.2971964,-4.6349664,2.019534,2.9247468
Czarism,-2.5803013,-16.513294,16.713673,-3.9817739,1.8640035,2.414056
Hemicrania,-0.453471,4.913744,4.9346237,-2.2502322,-0.66496783,0.6684733
Innative,-2.7918196,-7.060141,7.592092,-2.0928805,0.32760134,0.8291212
Kukang,-1.8887707,14.332768,14.456683,-2.4224012,-2.1376727,1.9610972
Genioglossus,5.374159,9.576132,10.981069,-3.009452,-0.40685353,0.34576893
Chitarrino,2.0706105,18.39046,18.506659,-1.5142264,-1.4297652,1.7296058
Harrycane,1.1868848,-25.419392,25.447084,-3.493108,2.4612038,2.7690794
Filthless,1.6266497,15.433821,15.519303,-0.52589154,-0.63951087,2.2488225
Reprints,0.17958541,-7.0663495,7.0686316,-2.0734737,1.7160996,2.0270011
Formulators,1.6291189,-20.55904,20.623486,-4.4196267,2.3859713,3.0890906
Shotguns,3.9154322,-6.599628,7.6737022,-2.6437085,2.1706624,2.3733876
Visceroptotic,5.9673667,13.043354,14.343588,-2.8585734,-0.5392265,0.3611947
Obovate,2.3126252,-0.0027013775,2.3126266,-3.2942288,-0.24315475,0.5642329
Overwrest,4.3449817,-7.513807,8.679641,-2.7340508,2.165455,2.3665547
Bearcoot,-3.1997561,-11.492993,11.930102,-2.2947342,1.48687,1.7435765
Trasteverine,-9.037763,39.410583,40.43359,-1.0977864,-3.1396663,3.362204
Aquinist,2.3041236,19.73739,19.871426,-0.931646,-0.42081493,1.8132802
Childes,-1.4469727,-3.5070446,3.7938235,-3.377875,0.5746547,1.0097075
Chitarrone,2.1600997,17.956667,18.086124,-1.5224206,-2.5467825,2.6389894
Sciolisms,0.3199271,-7.405331,7.412239,-3.3154595,1.3274766,1.6362988
Pellmell,0.23744714,4.74018,4.746123,-2.9111505,-0.89423,0.71601826
Apollonian,-1.6931435,3.6722543,4.043783,-3.491798,-0.87701726,1.0172608
Presets,1.83321,-10.188307,10.351921,-1.8262976,1.3617991,1.8061447
Barrenest,5.5043316,44.0899,44.43216,-0.09535966,-1.2796464,2.848306
Embryologies,-1.5901444,-3.6996634,4.0269184,-2.8248215,1.9192036,2.1223516
Justifier,-1.1227807,-17.660126,17.695782,-3.224857,1.6836827,1.948265
Postlude,2.8026333,4.919034,5.661417,-1.3387796,-0.5482491,1.4353975
Interenjoy,-0.24916564,11.460896,11.463603,-3.0628352,-2.141797,1.9687688
Maizenic,-2.8123078,6.420728,7.0096235,-2.031082,-1.9591842,1.8924963
Paragenetic,4.5828404,19.971947,20.491,-2.883134,-0.92570686,0.74029076
Juggins,2.030405,-20.663532,20.763046,-3.2865856,1.8570838,2.1317039
Incunabulist,3.2667918,-8.554344,9.156897,-4.661059,0.96248406,2.2531908
Empathizes,2.883833,-14.223491,14.5128975,-3.1761823,2.1198545,2.363156
Dactylozooid,-1.6369809,15.965994,16.049694,-2.612159,-2.5008721,2.3028715
Sciurus,1.6561675,-10.782689,10.909138,-3.2735531,0.6630764,1.0200729
Miliary,3.5704043,14.275946,14.715651,-1.8842732,-0.94929427,1.1303545
Brazilite,2.543591,-14.428334,14.6508255,-4.3324676,1.2371284,2.152065
Gymnoglossa,-5.4360347,2.4523633,5.963603,-1.7472767,0.6836717,1.3234963
Inwreathe,0.6970173,7.895381,7.9260874,-2.9648886,-2.214887,2.02726
Bovver,2.2784932,4.2473407,4.819899,-4.36632,0.017714953,1.6493338
Epicranium,-0.6779345,37.72964,37.73573,-1.1649501,-2.1677382,2.51435
Procacious,0.7451677,15.591196,15.608992,-0.4952933,-0.7920982,2.3130486
Processionals,4.650555,4.5649242,6.5166087,-2.173066,-0.28319696,0.5645015
Overmonopolize,1.2273451,38.664364,38.683838,-0.9889518,-2.8945272,3.2079995
Maledict,0.12526223,-11.607186,11.607862,-2.3367517,1.4381636,1.6861371
Monopodes,16.763187,105.05284,106.38188,-0.626867,-2.6472182,3.226958
Precommend,0.770085,22.264557,22.27787,-0.5557057,-1.2342644,2.4086921
Ferrometer,-7.2368836,-4.273761,8.4046135,-4.7513404,-0.30145076,2.0222664
Antipass,1.8217354,8.141769,8.343087,-3.6515036,-1.3994715,1.510756
Decastich,0.12501995,-37.265438,37.265648,-1.5551162,2.0603619,2.5491638
Homatomic,-4.331217,-38.836452,39.077225,-5.04901,1.9257812,3.1454992
Paedometrical,-0.8306124,5.008488,5.076895,-3.3940709,-1.01192,1.0470649
Archiheretical,0.59898144,8.909039,8.929151,-0.8518752,-0.8024489,1.9735395
Acrylaldehyde,-5.404662,-0.048624866,5.4048815,-3.0487425,-1.6581533,1.4911773
Crampoons,6.514826,-60.813633,61.161594,-3.2462866,2.908057,3.1514735
Exulate,-0.9723988,-9.771381,9.819647,-0.9504688,1.2999717,2.329274
Waggish,4.635473,7.4233923,8.75182,-3.6291203,-1.0599462,1.2422657
Cuboctahedron,0.19728824,-0.10509966,0.2235366,-4.3732357,-0.7564789,1.7330692
Sepoys,-1.2386354,-7.4983273,7.599943,-3.5996351,2.1730418,2.527862
Carmine,-1.340723,9.913154,10.003407,-2.0469255,-0.8782757,0.96296465
Semiliberal,-3.6837528,5.781725,6.855536,-1.3530506,1.5252609,2.2092125
Dosimetrist,-1.4623768,-12.036097,12.124611,-3.0468218,1.9507151,2.1747847
Espanol,-8.493868,1.5728117,8.638259,-1.7772838,-1.3593822,1.500758
Fricti,-3.6541836,-7.813912,8.62614,-4.4278817,1.0363905,2.0997305
Buhrstone,2.2155046,6.307856,6.685619,-2.0465934,-2.5176117,2.4156616
Acrindoline,-4.4513645,-24.144665,24.551567,-4.6934304,1.8764068,2.8574362
Mediofrontal,-5.2052503,9.0722885,10.459496,-2.0544477,-1.2090889,1.2143037
Iotacism,4.8786135,-13.899667,14.730975,-3.1731155,1.8216963,2.0704262
Cobleskill,0.20503451,11.3256645,11.327519,-2.9197688,-1.5410848,1.3531386
Calvous,-2.6855094,6.6217513,7.1455965,-2.3157318,-2.2043157,2.045922
Hetaery,-3.0723221,-7.129077,7.762919,-2.9264657,1.1063415,1.321887
Muckamuck,-1.1782194,17.024618,17.06534,-1.1772733,-1.3572149,1.9371189
Randite,2.3726807,-20.976297,21.110062,-3.910239,1.3187106,1.923302
Derere,2.1511695,-0.20791169,2.1611934,-2.0466616,1.8088398,2.1234276
Melospiza,-2.920338,-5.600419,6.3160963,-2.732983,1.7098289,1.9109278
Nonpossessive,-0.031983107,3.3735213,3.3736725,-2.2676249,-0.68504614,0.67040753
Succulence,-0.5991042,14.564312,14.576628,-1.712862,-2.9048324,2.8892791
Predefence,-2.742262,-4.794879,5.523665,-4.7989407,-0.5222562,2.0921717
Spiraeas,-1.4262699,3.950656,4.200229,-3.339376,-1.1818599,1.1538312
Gothicism,0.24236098,-20.867392,20.8688,-4.7399173,2.5261095,3.386907
Awrong,4.553697,-26.807568,27.191576,-3.677257,2.4130821,2.779977
Homuncule,-2.509547,-40.95669,41.033504,-3.6245112,2.7117248,3.0466197
Theatrograph,1.1359454,4.4222517,4.5658164,-1.7661653,0.036945004,0.99431497
Sadducees,-3.1026907,-2.298504,3.8613229,-4.075596,2.4998717,3.0168953
Anthrophore,-2.1115623,-8.293601,8.558185,-4.1435738,0.76088995,1.7085634
Jabules,9.630473,-7.0212703,11.918232,-3.9683633,-0.01740695,1.2503645
Aiolis,-6.577404,-1.7903733,6.8167214,-1.792639,0.8827246,1.4339648
Laryngoscopies,-1.1625102,-30.279148,30.301456,-4.103615,2.79305,3.293546
Unshut,-0.14180902,27.319433,27.319801,-0.83562285,-2.5966897,3.0550706
Ballutes,2.8953505,17.340021,17.580086,-2.2566242,-2.2533944,2.1065345
Thelemite,-0.07300336,23.366943,23.367058,-3.558023,-2.2117271,2.1738584
Fishboats,6.73243,-11.7994375,13.585005,-2.629416,2.021876,2.2253203
Ootocoidea,-5.238453,-40.329647,40.668438,-4.5419,1.5828098,2.5415823
Invernesses,-7.220962,111.91558,112.14829,-0.5100599,-2.7130725,3.3533716
Omadhaun,6.1659117,-4.75955,7.7892094,-3.6339638,0.07729518,0.94436526
Ichthyotic,0.72163445,3.7039287,3.7735713,-3.8867252,-0.54742116,1.2059574
Reclusery,-1.6534569,7.427863,7.609669,-2.2348719,-1.5084707,1.3985444
Pinecones,-4.2173595,-11.318786,12.078951,-4.6844163,1.9045105,2.8717966
Influenzic,-7.416413,-16.73571,18.305386,-4.637898,0.75464106,2.1324966
Esperantist,6.5205736,-25.08453,25.918169,-3.1453063,2.534883,2.7670882
Bridelace,-0.26983595,-3.6824956,3.692369,-2.2504907,-0.03296081,0.50961083
Identism,-4.625328,-24.293144,24.729548,-4.9353037,2.0433075,3.1454444
Alburnums,-0.59322894,35.94493,35.949825,-1.0579059,-3.2192156,3.451111
Zombies,1.38128,11.13751,11.2228365,-0.9210652,-1.025233,1.9892484
Forthgaze,4.4490013,-8.696106,9.7681055,-1.4451177,0.92989075,1.712917
Clerids,-2.6609554,-24.548494,24.692291,-4.695756,2.134106,3.0514297
Spaghetti,3.8833675,8.703045,9.530137,-2.4371073,-0.76947,0.6401186
Warmth,0.94109553,-9.718099,9.76356,-3.3436413,0.8824832,1.2445022
Pelure,-1.8635902,28.603746,28.66439,-2.627896,-2.3608556,2.1622438
Lashkar,-0.84026694,-8.370926,8.412993,-2.7388086,1.1706791,1.3717966
Subtepidity,-2.3208065,14.449533,14.634724,-2.3009677,-2.6839492,2.5199132
Psychometry,-3.1673965,4.0135355,5.112814,-3.8918693,-1.5424404,1.7735567
Unriddles,1.5872983,19.559252,19.623552,-1.0673215,-1.6647686,2.2163117
Guider,2.863732,-8.520474,8.9888525,-1.1502142,1.1555641,2.083556
Behalves,0.89063543,8.842963,8.8877,-1.2749752,-0.30006585,1.4599485
Jacobinism,1.5217115,-20.78996,20.845577,-3.8117082,2.4410927,2.8544495
Swordtail,2.9111285,-5.4159303,6.1487374,-3.3724966,0.18414874,0.7478022
Bogota,-1.3762748,8.479021,8.58999,-2.0462623,-1.9374906,1.8667346
Disablers,2.9196486,12.169642,12.514972,-0.37630954,-0.3066942,2.357622
Itonidid,2.4757497,17.210705,17.387861,-1.0076058,-1.9556805,2.4597957
Ovaliform,-0.67267185,-9.756976,9.780137,-4.6408167,0.3359402,1.9833434
Houtou,1.1392027,7.8266006,7.909074,-2.0748022,-1.5878383,1.5344007
Molochs,-5.1068406,34.323475,34.70131,-1.1036718,-2.5958838,2.8956923
Bandits,-3.0466774,-1.5642146,3.4247646,-3.0250382,1.8454486,2.0674818
Homewort,6.052151,-25.103962,25.823196,-3.5645137,2.384452,2.7164083
Timerity,-2.4033735,15.514559,15.699609,-3.0468562,-2.8125472,2.630413
Fidepromission,-0.82953507,-0.16181792,0.8451711,-3.8927977,-1.179047,1.5181712
Sandstone,-0.19991824,-3.222681,3.2288766,-3.86871,0.33326337,1.2564394
Gedunk,-4.4642506,9.803176,10.771805,-3.2999475,-1.7234409,1.6249876
Declivity,0.6644154,1.7731786,1.8935701,-2.6384628,-1.5607882,1.3628734
Gabbarts,0.008933242,1.253188,1.2532192,-4.2972894,0.22100714,1.621624
Sideroxylon,1.4254178,-7.212172,7.351683,-3.3803456,1.1616507,1.5093048
Cystoidea,2.9441597,0.41763732,2.9736335,-2.1219442,2.0835054,2.3645408
Bajocco,-3.632436,15.016554,15.449642,-2.3972633,-2.3148808,2.1400547
Microsporon,10.928668,-3.1866891,11.383795,-1.5482231,0.2851254,1.2793407
Phlyctenule,-2.5815501,-4.5029173,5.19044,-4.5274386,-0.18044965,1.7959918
Breakerman,-1.0933053,-22.448889,22.475496,-3.3588724,2.0857818,2.3713572
Moruloid,2.4359972,-25.218365,25.335747,-3.6508367,2.3404908,2.7027273
Micronutrient,5.63684,8.099885,9.868236,-1.8350669,-0.83559376,1.0983142
Cookey,-2.9112897,24.04547,24.22107,-1.1908963,-2.3643863,2.655838
Underlease,-3.2181504,-5.4563966,6.334727,-4.477326,-0.20051536,1.7457604
Sholom,0.73002124,-3.688073,3.7596297,-2.7105768,0.93686736,1.1381593
Glomeruli,-0.9425528,-1.620414,1.8746066,-4.089249,-0.1211559,1.3600352
Goatees,4.429766,-41.535137,41.770687,-2.889228,2.8233347,3.02854
Retwists,1.9545983,28.182392,28.250092,-0.37714815,-1.8119322,2.8527296
Wlatsome,0.5431973,12.281815,12.293819,-3.074334,-2.2038116,2.0318341
Stimulations,1.2728623,26.096235,26.127258,-1.2467633,-2.7712111,2.968184
Plaidy,5.126447,35.677547,36.043972,-0.8654976,-2.3706899,2.8617017
Stealers,1.3969799,9.074511,9.18141,-2.90366,-2.2226057,2.0288193
Cervical,3.0197659,-0.5184821,3.0639532,-2.616587,-0.22471015,0.117377944
Diaphoresis,1.5592959,9.646201,9.771417,-2.6476066,-1.8418449,1.6428932
Blesmol,-0.8656863,14.234321,14.26062,-1.4066163,-1.1142727,1.6091542
Ceramidium,-2.357378,-9.48529,9.773841,-4.3532715,1.1608322,2.1177313
Doughbellies,-0.8523944,-15.976074,15.998798,-4.097172,1.1012794,1.8870794
Cornmeal,3.439488,-9.7507515,10.339596,-5.1471686,0.9868056,2.691887
Clonicotonic,-4.1029162,-16.052044,16.568104,-4.756278,1.3518301,2.5516756
Palmitin,-1.9992517,-6.3857555,6.6914043,-3.9785783,0.6638883,1.5176439
Checkups,1.377425,-5.933992,6.091762,-4.967023,-0.5267306,2.25905
Secretagogue,0.74611336,-6.7597723,6.8008246,-2.989373,1.6324784,1.8516124
Seacrafts,-0.97627574,53.327396,53.336334,-0.685404,-2.8845053,3.3745296
Polymorphous,0.72442186,4.7672424,4.8219686,-2.8221552,-0.84770787,0.6529244
Badger,-1.2656864,8.441502,8.535859,-2.5381403,-0.97633827,0.7990057
Coderives,-1.6217979,-32.548016,32.588394,-4.2223506,3.1909332,3.7051747
Wenchman,-3.274708,25.556778,25.765726,-1.5044398,-2.4218976,2.5372794
Sharkful,2.570689,-10.378176,10.691818,-2.0330276,1.4417578,1.785198
Phaenogenesis,-1.992314,-8.131902,8.372404,-4.1474667,1.3717282,2.1162608
Mastmen,0.57105035,8.427154,8.446478,-1.6553471,-0.6853637,1.180152
Legitime,4.3009143,-7.895794,8.991186,-3.0303037,1.3929069,1.6217576
Sciolists,5.8100567,32.446068,32.962162,-0.39283136,-1.5812677,2.7156112
Notanduda,-4.274504,25.08717,25.448723,-2.0149689,-2.3393095,2.2550957
Sebiferous,-5.245661,19.283789,19.984531,-1.3784277,-2.063763,2.3022816
Organotropic,2.3670495,-3.5650394,4.2793026,-2.0135503,-0.124305226,0.7221101
Kilobytes,-3.9562287,-13.869765,14.422974,-4.4031086,1.6246054,2.4753284
Prolongs,2.7728517,34.254734,34.36678,-0.95878214,-2.8240638,3.1658661
Unveil,10.235901,-14.959899,18.126562,-1.1746951,1.198412,2.0934362
Transits,-1.3450944,-8.542273,8.647527,-4.449486,0.93807185,2.0613003
Novatianist,-2.5309536,-8.883755,9.237253,-4.348404,1.3218194,2.2211359
Pyropuncture,1.6348093,20.109463,20.175804,-1.461319,-2.4702966,2.6005359
Photophysical,2.5210197,6.15011,6.646757,-3.6887043,-1.0855514,1.3032159
Periwinkler,3.6988535,19.970984,20.31063,-0.81452924,0.18652682,1.9558326
Foreteeth,1.1462536,-4.5298333,4.6726108,-3.9222898,0.15056062,1.241567
Theropoda,0.29239413,17.978064,17.980442,-1.8607197,-2.9955842,2.9270332
Petrogenetic,3.4878237,9.893003,10.489824,-3.4839396,-0.8724521,1.0083565
Fleuronnee,-0.4234651,19.417542,19.42216,-0.95242006,-1.1416236,2.0124478
Characteries,-6.543171,-19.18794,20.272892,-4.41002,2.1959493,2.9262686
Jigget,3.6561935,-46.992893,47.13491,-3.750379,2.6969864,3.07195
Auriphrygia,-8.464736,-2.7980874,8.915215,-1.8130074,-3.0568988,2.9998908
Liespfund,4.1046224,27.8951,28.195469,-0.6329046,-1.8344857,2.6593854
Jujuisms,-1.4791652,-17.905954,17.966946,-4.1188426,1.3499438,2.08093
Philologastry,-2.5641992,14.996683,15.214322,-2.422413,-2.7821612,2.5995116
Fakeer,-0.30360717,-9.040141,9.0452385,-3.6729949,0.19259296,1.0204324
Soilages,0.79090697,4.2116556,4.285274,-1.953263,-2.1246898,2.0750804
Encheer,3.7546906,14.91165,15.377092,-3.2956536,-1.9711906,1.8578001
Overfit,1.0427599,-9.988753,10.0430355,-1.1876808,1.453816,2.2632546
Areometry,0.19451928,22.34567,22.346518,-1.1559393,-0.88731855,1.7185738
Goldenest,-0.8121538,4.51597,4.5884175,-0.64424044,-0.166202,2.0876167
Metrectasia,0.02829286,-1.6317478,1.6319937,-3.4868083,0.7433774,1.2093081
Backfires,-0.7756831,-15.528553,15.547915,-3.5767548,1.8447257,2.2135358
Fieldleft,-3.942272,-9.52885,10.312154,-1.9864763,1.3613523,1.7310143
Lavinia,8.867346,9.980313,13.350522,-2.5564072,-0.90056926,0.72106856
Knucklier,-1.0135502,-2.935863,3.105894,-2.577533,1.1676459,1.3773842
Anguses,-4.3808026,-2.1764588,4.8916674,-2.0705955,-2.3306406,2.2297604
Arianizer,2.3302033,-7.487825,7.842026,-1.7239788,0.62535745,1.3031732
Haplonts,-6.661543,-17.290382,18.52926,-4.5744276,1.6058757,2.5809488
Substyle,1.2058694,9.205601,9.284244,-2.9461238,-1.9967854,1.8084598
Erethizontidae,-0.7808732,-2.461769,2.5826483,0.1919236,1.2233212,3.2520394
Balances,-0.7069966,18.298529,18.312181,-2.756762,-2.9686966,2.7677128
Pyuria,1.1607454,-12.403364,12.45756,-4.122716,2.0644162,2.6585438
Temporalism,-1.455695,-6.4108496,6.5740433,-4.02952,0.65095365,1.5526361
Bengal,-1.5949758,-9.048164,9.187668,-2.6968274,1.2615861,1.463097
Peaces,-3.186418,10.52753,10.999187,-2.3595908,-0.9786198,0.86191916
Overregulate,5.0276327,-28.368603,28.81067,-3.566578,2.4103801,2.7417269
Methodizer,-0.038574897,-0.100040734,0.10722085,-1.979509,0.19875821,0.85174775
Hydrophyton,17.17951,-3.0398996,17.44639,-3.680539,-0.4874558,0.99123716
Leatherboard,-0.5193522,-5.962022,5.9846,-5.206336,0.7322179,2.6449137
Ornithopoda,5.6474314,15.34346,16.349777,-3.5497816,-1.336253,1.3993046
Nonenunciatory,-0.77924424,8.978788,9.012538,-2.2865326,-1.0389677,0.948725
Whitherward,2.9489822,-19.522772,19.744242,-3.5400963,2.0804973,2.42062
Slummage,-1.4783837,12.620502,12.706797,-1.1199148,-1.2576933,1.9271251
Rudimentary,2.229305,-8.576818,8.861808,-3.2818484,0.40628034,0.81958544
Turnipwood,-0.4824055,11.539263,11.54934,-2.614466,-1.4019463,1.2065438
Anteluminary,-0.8501619,4.509521,4.5889597,-1.4679245,0.51793647,1.4538913
Kingship,0.30293548,-2.8360624,2.8521962,-3.942677,1.865748,2.395547
Unequability,-4.1076736,14.915764,15.471036,-1.0712624,-2.004602,2.4513733
Springlock,-1.0833095,38.815804,38.830917,-0.65031344,-2.375915,3.0102222
Oftwhiles,-0.24773377,-0.42232752,0.48962557,-2.2884612,-0.86618644,0.7991768
Pocketcase,0.29231185,-2.9117098,2.9263463,-2.4901173,0.36908516,0.61919826
Confessionist,-4.1510215,-2.4003599,4.7950716,-4.4146066,-0.90949315,1.8260478
Forebode,1.4324938,5.2537475,5.445539,-3.6207237,-1.765197,1.7991683
Panties,-2.1006162,27.351278,27.431824,-1.1846558,-3.1162186,3.3001297
Lochiocyte,-2.0393274,-12.806902,12.968254,-2.156819,0.43438497,0.8568387
Menshevist,-1.0855407,9.948422,10.007472,-1.7254475,-1.3769239,1.5475267
Chaptrel,0.17325714,1.8941534,1.90206,-2.4067268,-0.32358414,0.3471641
Wither,2.970099,8.153425,8.6775465,-1.9176431,-0.7961187,1.0082256
Aspace,0.063078485,6.781617,6.78191,-1.1502693,-0.7670727,1.679531
Kitharas,-1.0122026,37.92129,37.934795,-1.1096531,-3.2063007,3.4149437
Bloodlettings,1.75059,8.421094,8.601127,-1.3895117,-1.0307283,1.5777814
Squasher,-0.99370795,19.53843,19.563683,-0.2557461,-1.0783409,2.6266396
Umbellales,6.337966,-9.415527,11.3499775,-2.5105093,2.3609793,2.5715964
Supercelestial,2.9352984,10.269699,10.680949,-2.5727935,-1.179138,0.990843
Gestura,-1.7946455,1.5512016,2.3721251,-3.9064548,-1.1602039,1.5166569
Reforbid,2.7346435,-7.144508,7.649985,-1.7771832,-1.2550906,1.4218808
Bawlers,2.9898746,-6.5699825,7.218312,-3.3374503,1.5391911,1.8427436
Messianism,1.0906018,-22.714903,22.741068,-4.4958153,2.5759106,3.2900388
Planful,-0.41112408,-23.815607,23.819155,-3.1121852,2.1172564,2.3493915
Clinocephalus,-3.3876405,-7.135192,7.898549,-4.1661906,0.6304006,1.6581737
Annellata,-2.039266,-16.214766,16.342497,-3.944613,1.3939978,2.00395
Disorganic,-0.37194166,-23.684238,23.68716,-4.710063,1.7545401,2.7819014
Rebathe,1.7593486,-18.862116,18.943989,-3.42428,2.2508364,2.5479085
Jetsam,3.8706508,8.44258,9.287577,-3.9209073,-1.521823,1.7773147
Momental,-0.07336109,22.54372,22.54384,-3.1774187,-2.0029736,1.8562163
Modifiability,-0.53002495,-27.055096,27.060287,-3.9072297,2.6428943,3.0774148
Pariglin,2.9264433,-1.9551398,3.5194662,-2.2444787,-0.40959975,0.5298361
Chokies,-2.1527035,-1.9438176,2.9004416,-4.330153,0.24077481,1.6585337
Hacendado,-3.6448355,-12.67824,13.191763,-4.574563,-0.85805464,1.9565867
Heavenliest,0.4899147,-2.673628,2.7181437,-2.7805645,0.33576652,0.53909636
Unpoignant,0.59064335,-6.3717475,6.3990645,-3.4036357,0.30174267,0.8393614
Epicardial,2.038002,-1.0565215,2.2955806,-3.4764888,-0.62425375,0.8567212
Hyperaeolism,-8.380969,-1.6768191,8.547068,-4.62914,0.3037994,1.9635963
Immigrations,2.3636794,8.442578,8.767218,-3.0540733,-2.221214,2.0456977
Sheriffhood,5.301489,-20.243107,20.925802,-3.538989,1.7620877,2.1227417
Gastrophilism,-3.6148248,-20.22832,20.548767,-3.7428532,2.7412121,3.1112528
Procotton,-1.683895,22.615263,22.677866,-1.5196252,-1.0594544,1.4851176
Oxytocin,-2.446003,2.716913,3.6557553,-4.107183,-0.6712127,1.45373
Aquarid,4.0469737,-7.520594,8.540336,-1.4406354,1.1958305,1.9020807
Skokiaan,7.843817,34.33023,35.214916,-0.7312286,-2.3503304,2.9360766
Phyllodia,-2.6771886,-3.3440728,4.2837095,-3.866038,0.66529405,1.4274677
Plateiasmus,-1.2918527,-5.229131,5.386344,-3.1705475,0.3538311,0.70756763
Galleyworm,3.3754532,-10.985524,11.492408,-3.4388475,0.6579449,1.1127459
Atomician,-0.9356493,15.558162,15.58627,-1.551363,-1.6901494,1.9000397
Frowst,0.2155626,5.3406477,5.3449955,-2.4363356,-0.36588484,0.3381054
Biasses,8.585004,-1.7485172,8.761256,-1.2307639,1.1051006,1.9896134
Nonorthodox,-2.6042976,6.882028,7.3583064,-0.7509576,-0.77292365,2.0615022
Procellariine,-0.30939713,16.90437,16.9072,-3.23537,-1.0511578,0.98813957
Hymenic,-2.5919058,8.506687,8.892789,-4.78242,0.24337935,2.0984674
Epimyocardium,-6.519117,1.0276402,6.599616,-4.933724,-0.8155533,2.2862756
Dobies,-2.0831788,9.730387,9.950882,-2.8489842,-1.4001316,1.2047687
Resinous,0.93539375,-3.3787434,3.5058339,-3.8354506,-0.54129654,1.1551179
Tautousious,2.2582312,-30.027857,30.112652,-2.0793624,1.7124271,2.0216203
Polysiphonous,6.8012524,24.397116,25.327381,-0.5632662,-0.5683827,2.199186
Zendician,-3.1320374,1.1598985,3.3399136,-1.914536,0.11525997,0.87613916
Underpetticoat,-4.6019206,24.600634,25.02736,-1.3326813,-3.253663,3.3578308
Paludamenta,-2.3559687,-20.686623,20.820349,-4.055291,1.1955817,1.924309
Titres,-1.9268427,2.9240227,3.5018036,-2.9005833,-2.5631313,2.3680723
Chansonette,-3.7834516,35.363224,35.56504,-1.0007423,-2.7952895,3.1185856
Gadite,1.0866342,9.371622,9.434408,-3.9328368,-1.1802337,1.5497608
Barratries,-3.2880137,15.74058,16.080326,-1.7007182,-2.7018483,2.7048836
Ostensory,-0.109093934,1.6836073,1.6871376,-2.7944028,-0.65843344,0.46163175
Potsies,2.8521104,10.23281,10.6228485,-3.79464,-1.403724,1.6051279
Catechistical,1.9345554,14.352067,14.481861,-2.4378488,-1.0544674,0.90250105
Unoecumenic,0.41225323,-3.3371525,3.3625202,-2.196986,-1.1231117,1.0657785
Glossoscopy,-3.8493977,21.036068,21.385368,-1.7576233,-3.068335,3.0281363
Fidejussionary,-6.310277,-1.6468656,6.521639,-1.5682025,0.27635902,1.2575289
Polyphote,-2.8229024,-20.609886,20.80231,-4.3854437,0.45461908,1.779123
Quinanarii,-1.5664498,-19.334023,19.397375,-3.920434,2.0957136,2.5862625
Postmuscular,-4.0545783,4.8635235,6.33194,-4.2486615,-1.0039046,1.7164143
Hypsophyllary,1.3741456,-8.198765,8.313124,-2.9499595,0.7698913,0.9952472
Calotypist,1.6156648,41.41057,41.442074,-1.4548129,-2.995139,3.071931
Oversprung,-1.1987848,5.1879516,5.324652,-1.3176498,-0.3364256,1.420377
Recepts,-0.019759338,24.674482,24.67449,-0.77416307,-1.27771,2.2339463
Vestries,6.9224787,-80.2276,80.5257,-2.6748157,2.5318136,2.7335012
Beakiest,0.5426937,-5.3277535,5.3553224,-4.2417417,-1.2300708,1.8274069
Fibrine,-2.1583426,-0.26246557,2.174243,-1.2245568,0.51655346,1.6691613
Hemispasm,-2.641098,20.794325,20.961378,-1.3970244,-2.8830528,2.9956434
Piscary,0.9904884,-14.38162,14.415689,-1.9444082,0.9060246,1.3584322
Slugfest,-0.2906475,37.430016,37.431145,-1.0590643,-2.89888,3.174159
Fringehead,-2.8384,0.2435731,2.848832,-4.7513566,-0.5623903,2.0518498
Stammel,-0.7558608,-8.893654,8.925717,-3.588598,1.0858301,1.5461856
Calicate,6.813614,-18.138376,19.375914,-3.432883,1.2144308,1.5797372
Prefurlough,3.1135035,66.95419,67.02654,-0.6529033,-2.8516986,3.3684592
Rallyings,-1.8774892,1.8504972,2.6361535,-1.5090332,0.054543678,1.2489748
Sublacustrine,-3.884286,-12.520425,13.109109,-5.0114408,1.0923175,2.6212127
Wapitis,-3.436364,14.101148,14.513819,-0.9304338,-1.4473543,2.1902578
Ruckus,-1.9705487,8.133749,8.369045,-3.5076306,-1.2790812,1.3282785
Protogine,4.027972,-6.7804003,7.8865957,-2.3041625,0.086059205,0.5149105
Unicef,-2.2676394,7.229763,7.577048,-1.7018169,-1.2214649,1.4496654
Monolithic,1.188059,4.6036205,4.754451,-4.2007008,-1.2547481,1.8079094
Betises,1.3763808,-4.6278634,4.828203,-2.1466472,2.057926,2.3335211
Planetaries,-1.866734,-4.824439,5.1729984,-3.5495563,0.014801001,0.84600323
Prehesitate,0.2883342,-25.42451,25.426144,-2.246631,2.0521216,2.304813
Intercentral,-1.4617563,-8.98682,9.104927,-2.8497124,1.5008938,1.7060881
Mycobacterial,2.1458673,3.6287637,4.215764,-2.9902132,-0.8471536,0.6959066
Guidecraft,5.207073,1.5001415,5.418859,-3.4442995,-0.60021573,0.81687474
Aguglia,-15.400011,-53.36094,55.538727,-3.95439,2.3297737,2.810803
Gunarchy,2.132281,-10.627588,10.839386,-2.2443845,0.65844613,0.98800915
Feteritas,-1.1385999,17.420742,17.45791,-1.2430067,-1.9870384,2.3249493
Collard,1.3985866,-6.725529,6.86941,-2.4211137,0.9670663,1.2087138
Wellstrand,-6.293493,11.80582,13.378544,-2.1779592,-1.6289402,1.5314085
Curvifoliate,0.8245846,8.503376,8.5432625,-0.9209234,-0.7515004,1.89245
Geoglossum,-1.2309741,-10.122751,10.197324,-3.5844243,0.981964,1.4584255
Warniss,-4.666752,-6.178282,7.7427225,-2.3990169,0.937352,1.1860261
Sempiternize,15.05521,32.96082,36.236378,-0.4518167,0.051202092,2.2936673
Malayalam,-2.0362287,12.883673,13.04359,-3.6157455,-1.9250952,1.9375085
Contestate,-1.7772877,-8.820207,8.997489,-3.3134692,0.7489123,1.1140611
Demineralizer,-1.8092548,-3.5965605,4.025997,-2.7784472,1.8390635,2.0407004
Caroigne,-4.1804934,1.2284108,4.357238,-2.3635921,-2.0395873,1.8749521
Chiavetta,-0.5790427,8.482572,8.502311,-1.6164182,0.50092375,1.317721
Balers,-0.5548641,18.537998,18.546299,-1.1130128,-2.7501123,3.0194676
Excepter,0.81739926,-8.290184,8.330384,-1.9354185,0.6506297,1.1658863
Swordman,1.991048,-1.8013116,2.6849575,-3.905243,0.39507708,1.3164133
Sketchers,-0.57565856,13.302069,13.314518,-1.1653068,-0.47378623,1.5898192
Blackfishes,-1.5380079,-25.621696,25.667816,-3.693381,2.5933306,2.955321
Metroptosis,2.8373418,15.342828,15.602975,-2.0538666,0.11585327,0.7481538
Sewround,-1.0041603,13.748531,13.785152,-1.351719,-0.4596075,1.4038529
Natalian,0.060040377,-2.5610347,2.5617387,-3.2370582,0.11670408,0.597094
Sulphamyl,-1.814581,21.575048,21.651222,-0.93471706,-1.4074087,2.16422
Rubythroat,0.5729743,-23.246937,23.253996,-4.7421017,2.1692114,3.1081545
Treacle,2.2679384,-3.347162,4.043147,-3.0926983,0.28504083,0.6055975
Monometallism,-4.4720616,-34.255493,34.546177,-4.3464317,2.742782,3.3577113
Anhydrate,-1.3284603,7.660777,7.7751083,-3.8213713,-1.9951208,2.0990934
Postliterate,1.9102747,24.509851,24.58418,-0.9805871,-1.5455658,2.2076046
Garancine,-0.8232414,5.267387,5.331331,-2.430927,-1.8011793,1.6280793
Topmost,-0.5234308,-1.4945782,1.5835865,-3.7680278,-0.10600328,1.0408157
Sendal,-1.7591615,10.462704,10.609562,-3.4697084,-0.88690215,1.0075624
Peltae,-1.2473468,0.3924705,1.3076342,-1.9300375,0.3396141,0.9668594
Cancerite,-0.5584082,-9.077377,9.094538,-3.52052,0.75174433,1.2370765
Oxychloric,0.96384895,-2.3049886,2.4983952,-3.9736273,-0.43067512,1.2631006
Hemistich,7.973713,9.220846,12.190328,-1.8931226,-0.5114098,0.89402443
Cherry,1.4455928,-6.0901947,6.25941,-2.6516867,0.6619004,0.8666877
Chugalugs,1.7965057,-6.960676,7.1887727,-1.78554,0.8279012,1.3977855
Collyria,3.3986244,11.361629,11.859056,-3.1429996,-2.2831,2.1222649
Subsimian,-5.984858,-52.733116,53.07165,-5.1119924,1.6460509,3.0130372
Punatoo,0.38823515,-7.925572,7.9350758,-2.2625318,1.3381901,1.6091619
Sexpots,-0.56199783,-4.94368,4.9755216,-4.199888,0.109735586,1.500863
Permeates,-1.9429346,27.973015,28.04041,-1.0728133,-2.347395,2.712572
Sporotrichosis,0.40670612,-10.794853,10.802513,-4.2862196,1.7714579,2.511559
Uncloven,2.7245789,-15.075016,15.319251,-1.5584857,1.2538487,1.8689535
Cinclus,-7.1218934,-32.345234,33.120014,-4.0174575,1.5502228,2.1727045
Repoll,10.042307,-5.0298605,11.231537,-0.87510544,1.1332128,2.2862263
Jansenize,5.1922483,13.679029,14.63131,-0.49994838,0.51519704,2.3437562
Antidotism,0.8295795,-34.140717,34.150795,-4.8570666,2.202807,3.2088184
Impotent,-0.34751058,3.606993,3.6236942,-3.487403,-0.66050756,0.88450384
Haemacytometer,2.7280684,-22.697586,22.860945,-4.9264965,1.6918344,2.8984334
Priestshire,-5.979031,5.217457,7.935406,-1.7545006,-1.5079195,1.6316977
Renerve,-0.6381188,-6.207179,6.239894,-1.1916538,1.2223753,2.0970466
Dichotomous,0.13425207,27.328285,27.328613,-0.75973594,-1.5887969,2.4111862
Kalsomine,-7.9450946,49.07671,49.71567,-0.22252662,-1.3140378,2.744797
Parosmic,-4.588707,-26.481857,26.876476,-3.2170875,1.409094,1.6818
Episplenitis,-0.92381144,-44.499687,44.509274,-4.0326633,2.8416886,3.3092914
Schemas,3.136951,8.994188,9.5255375,-2.3274357,-0.7860677,0.7109922
Satinfin,-4.321553,-6.030058,7.4187217,-3.0903866,0.7324202,1.0001048
Synclinical,-1.7985792,-16.456902,16.554893,-3.7342377,1.9918319,2.4112847
Kilocycles,0.17388907,11.803811,11.805092,-1.6611583,-2.0580654,2.1433847
Devitrify,10.436231,42.032467,43.308697,-0.16271776,-0.6969812,2.6162717
Multiengine,3.266722,-0.1030854,3.2683477,-2.2936633,0.18080406,0.5810403
Digenic,-2.527964,-6.4658723,6.942486,-4.743118,-0.5461565,2.0409331
Fiberizer,2.0261624,-1.5496457,2.5508306,-2.304817,0.31132364,0.66685134
Zingel,-0.9071581,24.729076,24.74571,-2.4153652,-2.3156545,2.138067
Spoonfuls,-0.22620738,0.013702413,0.22662224,-2.0286944,1.0320584,1.4194025
Synergic,0.8831718,-1.4239674,1.6756123,-4.0799255,-0.79668874,1.474043
Lifeleaf,1.2014998,-8.338126,8.424249,-3.9807737,-0.5869879,1.3074524
Undealt,4.2004786,5.485195,6.9087896,-3.2673538,-1.9986897,1.8757408
Sulphamide,-4.1958084,4.043626,5.8271537,-1.9498453,-1.716758,1.7053769
Coolen,-0.0041053994,-1.4362181,1.4362247,-2.483818,1.2154882,1.4380877
Handybook,-2.410535,20.129656,20.273474,-1.6609062,-2.0923877,2.1733122
Procathedrals,-0.2489896,-27.403652,27.404783,-4.4891047,2.5475748,3.2625372
Wapper,-0.22105153,17.603176,17.604563,-0.1794525,-1.1481428,2.7221634
Odontocele,-2.9619067,7.631116,8.185769,-1.6704881,-3.0675757,3.056563
Joggler,4.5392227,0.6640953,4.587544,-1.1799923,0.5417937,1.7202523
Lavatories,-1.638074,-15.089546,15.178199,-4.4259863,2.0981047,2.8561156
Serpette,-1.9599617,8.565859,8.787228,-2.3262558,-2.1116564,1.9530765
Enwood,-1.5560977,15.492521,15.570474,-1.7646887,-1.3046975,1.467236
Sialoschesis,1.7665051,36.48323,36.52597,-1.2435886,-3.0537426,3.2173986
Hexamethonium,0.088137805,11.409365,11.409704,-1.9437065,-1.381948,1.4195518
Mesarch,-1.3653876,-32.232605,32.26151,-4.6266117,2.016649,2.9171224
Monothalamic,-3.1571484,-15.956465,16.265804,-4.703124,0.5103597,2.096
Ingrate,-7.3344307,10.761911,13.02354,-1.706397,-2.6638987,2.66765
Zongora,-3.0071352,16.090572,16.36916,-1.6070043,-2.101096,2.207856
Chrosperma,2.1192355,-5.82198,6.1956935,-3.1183937,0.7639514,1.039691
Stereography,2.0595133,2.7729025,3.4540672,-2.272992,-0.03229575,0.4886554
Costicartilage,-0.40458623,13.228139,13.2343235,-1.6897237,-0.75507593,1.1799684
Spadones,1.3219686,18.120882,18.169039,-1.8408964,-2.464486,2.432327
Pansophist,-5.8363,-5.093787,7.746552,-2.1142733,0.69299877,1.0864894
Carrocci,0.334896,9.931643,9.937286,-1.7640178,-1.5130217,1.63012
Tither,-1.8361427,1.4083297,2.3140466,-1.3375971,-0.74835813,1.497545
Disthrone,-0.92474174,32.021687,32.035034,-1.3831965,-2.7237587,2.8604045
Aptnesses,3.6138651,-0.61753607,3.6662476,-3.550948,-1.8081344,1.8038714
Pyopoietic,-1.1495516,9.2992,9.369983,-3.7915413,-1.0254838,1.342818
Lungworm,0.12180313,15.540919,15.541395,-2.494469,-1.4532961,1.2744464
Togger,-0.90410686,23.294159,23.311697,-0.37035307,0.21349022,2.3973336
Haveage,-5.8146787,-59.934647,60.21605,-5.041179,1.4537789,2.841291
Noneugenical,2.1349761,3.5894954,4.1764336,-0.9523539,-0.3724059,1.7874395
Velarize,-2.1209254,6.859812,7.1802044,-3.9493175,-2.037655,2.2036016
Blenniid,-0.67653936,-23.118734,23.128632,-3.8469412,1.8715333,2.3536916
Redarken,-2.126487,3.6224458,4.2004833,-3.1855597,-2.3060405,2.1533444
Taffia,-1.4171512,21.56961,21.616116,-1.3513674,-2.4847212,2.6683102
Mirepoix,-1.3442732,26.732101,26.765879,-1.4136447,-2.6250958,2.7591083
Taunters,-3.8909636,-5.025088,6.3554006,-3.5735013,-2.6575305,2.5967124
Caccias,-2.089431,7.361051,7.651849,-2.5605583,-1.6537135,1.4626462
Epistlers,-1.890222,12.969905,13.10692,-1.6089597,-1.81685,1.9674594
Batteuse,-0.03635866,-15.421465,15.421509,-5.048661,1.2070756,2.7114363
Semiclose,1.556825,3.9160075,4.214121,-3.1962736,-1.8825604,1.7444965
Chough,-0.602314,-6.675428,6.702546,-2.308393,0.9462936,1.2229406
Emirates,-0.1084381,15.301157,15.30154,-0.9094335,-1.0103761,1.993764
Kindlier,2.0016735,14.974244,15.107437,-2.712315,-1.8927313,1.6917424
Underfall,-4.0735707,-30.128489,30.402628,-5.08369,1.3719069,2.8296354
Millpost,-6.735296,-11.941845,13.710284,-4.3055587,1.6440977,2.4253254
Ceroline,-3.2598982,-6.1927333,6.998349,-1.8151231,1.7983303,2.1994503
Subsecretaries,0.80388784,27.359545,27.371351,-1.5076121,-3.0806627,3.12889
Jamlike,0.37218487,6.894774,6.904812,-1.7007979,-0.00032797846,1.0501384
Beryllosis,-5.2644296,17.129927,17.92062,-1.6916314,-3.3771834,3.3420022
Wallful,7.660167,-18.155014,19.70489,-5.039978,0.99920565,2.601826
Unfrees,-1.8162296,-19.085014,19.17124,-4.978975,1.1297047,2.611874
Decream,-2.2202315,-4.2903905,4.8308263,-2.943641,1.487244,1.70161
Stercoraceous,-4.5682096,12.039851,12.877365,-2.424923,-1.0183653,0.8729002
Knapbottle,-7.104149,-17.785427,19.151772,-3.1966083,2.1733544,2.4195642
Treponemiasis,0.681612,6.23228,6.2694416,-1.9633193,-2.3569176,2.288615
Glossatorial,4.1971626,5.4771457,6.900383,-1.3290305,-0.72016126,1.4955034
Vaccinias,2.6434543,9.340875,9.707717,-1.4194247,-0.25253776,1.3131487
Alternity,-0.0808918,-6.998472,6.99894,-1.4692091,0.24867475,1.3400893
Indicia,-1.2169986,-4.3521233,4.5190783,-4.0728264,-0.26314372,1.3426952
Araucano,-5.638243,4.455872,7.1864166,-3.4821289,-1.9761196,1.927186
Homoiousia,-9.859806,-44.88183,45.952087,-4.1550937,3.1027296,3.597459
Mercify,-0.6871437,10.863794,10.885503,-1.3181571,-0.40039444,1.42739
Heists,7.207714,20.858326,22.06855,-1.2576363,-2.448491,2.6876087
Dialog,193.09805,-17.333982,193.87451,-3.841845,0.21988493,1.1874123
Hildebrandism,-0.8156414,-5.4937325,5.5539513,-4.0178156,1.3882324,2.0446055
Barret,0.17038599,-0.55056345,0.5763264,-2.533887,0.7617194,0.9829013
Hellholes,3.1115656,19.652838,19.897635,-0.914633,-2.2318296,2.724906
Deificatory,0.78066516,12.623652,12.647767,-1.2123256,-1.2887967,1.8684694
Ambisinister,-2.1423376,15.390006,15.5384,-3.6544602,-1.5437443,1.629243
Fluoridize,-3.836569,-0.122999474,3.8385406,-2.2265098,1.2461345,1.5328288
Vaginicoline,-2.0836499,4.825117,5.2557917,-2.000264,-1.7313128,1.6959828
Birdfarms,0.34708536,2.983396,3.0035174,-3.7215557,-1.5999823,1.7137551
Supersafe,1.5106544,-6.824365,6.989567,-2.3445194,0.48048928,0.7838153
Refrigerative,-2.0687525,11.84288,12.022209,-1.6048628,-1.1403302,1.4668385
Ploughshoe,2.5291681,28.381031,28.4935,-0.7119456,-0.6623391,2.0716195
Galvanist,2.4511094,-18.582453,18.743412,-2.301726,1.840069,2.0859354
Slotbacks,0.85242456,-27.582914,27.596083,-2.8043525,2.7125807,2.914588
Cephaline,-0.15168893,32.745674,32.746025,-0.82974523,-2.1408017,2.7164993
Carolina,4.493303,-4.695019,6.49869,-2.7381074,0.4603835,0.6615143
Animus,-1.191692,1.219183,1.7048566,-2.4068303,-0.78820133,0.67092675
Erbium,0.0019222435,11.474047,11.474046,-2.1822336,-1.1218046,1.0721312
Unpenitential,1.4349349,4.4447293,4.670616,-1.7766486,-0.31216496,0.96135426
Subnotational,0.00321593,-9.608814,9.608815,-3.5045516,0.36593598,0.9586634
Lipoblastoma,0.45380998,8.233061,8.245557,-2.142866,-0.4395969,0.6351761
Quaggiest,-0.6562856,-17.333216,17.345636,-1.286419,1.4752597,2.2132838
Subsensuous,5.139508,17.56165,18.298252,-0.83981663,-0.87305504,2.0075457
Cartouches,0.0677127,29.214739,29.214817,-1.0399829,-2.686309,3.0062807
Scutch,3.271135,-2.0815814,3.8772807,-2.4006193,0.015984314,0.39579073
Raunge,0.94148755,16.536362,16.56314,-0.29483846,-1.209855,2.6372766
Lifeward,1.4661331,8.188743,8.318956,-1.615544,-1.3816409,1.6245567
Kieserite,1.2072811,-0.69117194,1.3911314,-2.7564225,0.81161654,1.0130199
Pearmain,-6.4297028,-36.624855,37.18496,-4.7880335,2.442182,3.3490286
Acetamidine,-2.1195886,10.557125,10.7678,-1.8292662,-1.7612251,1.8022596
Underkingdom,0.20054746,-15.924087,15.92535,-4.1557307,1.4913232,2.2119083
Bannerfish,4.5171947,7.7727532,8.990035,-1.3949512,0.9324516,1.7525619
Airiferous,1.4336089,7.3979874,7.5356116,-1.608822,-1.328748,1.591272
Doubts,2.197068,-31.145939,31.223335,-4.3430123,2.898306,3.493289
Dadupanthi,-4.2425976,-1.7842953,4.602537,-2.7186706,-1.8756334,1.6745845
Sulfureous,-2.6546686,12.515568,12.79401,-2.6258395,-1.2350199,1.0393131
Chamade,0.57621646,-4.0549726,4.095709,-3.5325084,-0.383596,0.82147115
Nitrator,4.1312623,4.9062743,6.413957,-0.7249269,0.5555113,2.144541
Vingtieme,-2.253417,-11.573241,11.790583,-4.1065803,-0.27841547,1.3771868
Retrovision,-1.4682772,15.256754,15.327242,-2.0080564,-2.2167923,2.1416087
Paratomium,-7.5470667,-11.915437,14.104464,-4.208668,1.0880803,1.9605649
Monoxime,-0.787253,2.0013096,2.1505828,-3.8271039,-1.1564456,1.4535793
Interborough,0.18388817,12.444987,12.446344,-2.6548023,-0.268957,0.10245667
Bowsie,-5.171909,4.615439,6.931877,-1.5743039,-0.16377251,1.1578634
Shofars,-0.9297867,14.607015,14.636576,-1.6262568,-2.0195816,2.128048
Dicyanide,-3.4737897,16.368336,16.732891,-1.1707124,-1.9181969,2.3204932
Extreat,-3.4070034,2.6731994,4.33055,-2.9699323,-2.2009552,2.0140123
Burgages,-0.78269136,-0.96636957,1.2435745,-2.2580588,0.9382422,1.2338176
Apaesthesia,-5.9258084,-12.41862,13.759992,-4.2944627,0.704503,1.8063116
Didromy,-6.071634,-7.96173,10.012687,-2.6225567,2.0507798,2.2545152
Innate,0.55287707,-6.7596254,6.7821984,-3.4609287,0.3250154,0.8993144
Pylethrombosis,-6.709448,16.376514,17.697653,-1.8013536,-2.7014906,2.6678185
Snecks,0.10719271,16.996527,16.996866,-0.6954805,-0.97628224,2.1786582
Perigenital,1.7802231,-2.346775,2.9455981,-3.6289096,-0.47256857,0.93750864
Lamentory,-0.042957965,-9.765556,9.765652,-1.5262966,1.9381685,2.45543
Assentient,1.8412229,25.88276,25.948166,-2.398665,-3.046767,2.8650746
Bovids,-1.6641395,-15.710565,15.798456,-3.67319,2.4128025,2.7783332
Sunnyasse,1.4350514,-12.643812,12.724991,-1.7658983,1.2323866,1.7284075
Underdraft,-0.13673829,52.952286,52.952465,-0.6310484,-2.7372732,3.2930768
Mellific,-2.1456559,-11.832244,12.025217,-2.350099,1.5730907,1.8147352
Ownership,478.40454,-19.079435,478.78485,6.083201,3.5882118,9.594736
Muscarine,-0.676131,7.7574196,7.786829,-1.4503235,-1.4334909,1.7777436
Agastric,-5.985683,-9.273917,11.037842,-4.2231507,1.1886593,2.0386891
Physiatrics,1.786254,-19.656326,19.737322,-2.7638843,2.1018896,2.3032148
Myomorphic,0.44114476,13.387292,13.394557,-1.9735059,-0.8526094,0.99956036
Onondaga,-1.9346793,12.305031,12.456193,-2.8906496,-1.6413496,1.4490103
Diphenyls,0.52607393,-0.9939764,1.1246083,-2.5704525,-0.10956145,0.1853009
Remargin,-0.89998835,12.457607,12.490073,-1.6357334,-0.7915005,1.244758
Cazimi,-4.6953187,-9.782898,10.851319,-3.9189641,0.53373605,1.3963872
Ethmolachrymal,-3.0901287,-35.60401,35.737858,-2.1960917,1.6795287,1.9553748
Inventress,-0.008281724,20.85236,20.852362,-1.5766401,-1.6443006,1.8484277
Abnormalise,3.7677827,-9.624991,10.336183,-1.3838478,1.4425082,2.1255083
Pawnbroker,2.70514,7.3451943,7.8274937,-3.8247023,-1.1092731,1.4211718
Goniotropous,-5.490731,7.5671473,9.349323,-4.9142857,-0.6453612,2.2274733
Dimmer,2.8366241,7.8638015,8.359773,-2.7428658,-1.914399,1.7133379
Odontotormae,-6.422535,-21.38898,22.33243,-4.283081,1.327049,2.1777134
Inexpensive,3.4981208,-0.20976564,3.504404,-3.2143023,-0.028036324,0.51282096
Condemnatory,2.81143,9.198652,9.618696,-2.8011322,-1.2065004,1.0078058
Practicianism,-2.7373796,-9.739049,10.116439,-3.4172697,1.3715556,1.715643
Predeposit,-0.4582618,0.98166126,1.0833567,-3.3989937,-0.021839648,0.6910819
Becalms,4.150315,29.074396,29.369127,-2.1770213,-1.4079131,1.3281268
Moldwarp,-5.710065,34.660942,35.12813,-0.6502944,-2.1853004,2.8755429
Grundyist,-6.356918,5.2239623,8.228012,-4.5917544,-0.9115949,1.991258
Augmentor,0.6758034,-14.951832,14.967097,-2.9903955,1.6943874,1.9130759
Whippertail,0.72641087,-8.19886,8.230978,-4.0270524,-0.12053836,1.2979894
Monoflagellate,-1.8694988,-8.011115,8.22636,-4.5823154,-0.076371826,1.854948
Nepouite,-10.194043,-19.374374,21.892576,-1.2780008,1.8169264,2.487021
Metranemia,1.2901402,16.35073,16.40155,-1.8335043,-1.6641493,1.716692
Syriacism,-1.2374592,-15.879612,15.927756,-4.789772,2.085614,3.0765674
Metronomical,-0.94567055,14.319431,14.350622,-3.1142678,-1.6614105,1.5096265
Nonembryonal,-0.6600648,5.766693,5.8043456,-3.8707807,-1.0067954,1.3953347
Albatrosses,-7.4625177,-29.090498,30.032421,-3.5838773,2.705675,3.0291529
Hypophyseal,0.5206975,13.786233,13.7960615,-2.554729,-0.81748796,0.64125437
Tittivator,-2.308054,21.769028,21.89104,-1.2842904,-1.8557717,2.1983058
Limeless,-7.573577,-21.097616,22.415808,-5.2709727,0.66097766,2.6817465
Antidemocracy,4.901441,-16.747217,17.44974,-3.413882,1.7820946,2.0972865
Phousdar,0.9663619,13.9586115,13.992022,-1.0529275,-1.4576445,2.096839
Hinderlins,2.191135,0.66479695,2.2897654,-0.6861975,0.49115458,2.1593387
Hector,4.773434,-1.961374,5.160684,-2.5908172,0.674769,0.88710415
Dollhouse,1.2308176,13.258475,13.315481,-2.080889,-1.5078415,1.4597799
Sarcoadenoma,1.3454524,19.122025,19.1693,-1.9724002,-0.80682784,0.9712055
Agamist,5.1862917,-25.9172,26.43102,-3.3748877,2.7723374,3.0422335
Graunt,-1.652209,-29.59028,29.636372,-3.7748337,2.727411,3.1087902
Skilfish,0.9708605,6.544495,6.616115,-1.8513395,-1.9530219,1.9606208
Auditual,1.2226342,-4.419945,4.5859294,-1.2641572,1.2668823,2.0756335
Gilliflower,-0.15311988,-1.1391044,1.1493502,-2.9949265,0.110518426,0.40800008
Dinitrile,-0.5932931,4.272072,4.313072,-3.351085,-1.0227708,1.0290529
Ringgit,-2.7876592,12.04896,12.367233,-0.87993896,-0.8497834,1.9619665
Polytopical,6.4054494,8.879914,10.949093,-2.903832,-1.9610425,1.7683549
Phalanges,-2.516197,34.003723,34.09669,-1.3336655,-3.25648,3.3599823
Bloomage,0.4327247,0.9357386,1.0309491,-1.9070357,0.24149017,0.9358066
Shacklebone,-6.8290505,-18.834255,20.034098,-4.9178753,-0.32051104,2.1895685
Oscillometer,0.51156986,9.958585,9.971715,-2.8245711,-1.8748055,1.6762891
Rolamites,0.19897844,-30.799574,30.800217,-4.2522674,2.021092,2.6927056
Scovel,-0.18734168,23.952871,23.953604,-1.400433,-2.2487593,2.4422998
Fuseboard,3.0187604,1.9331764,3.584701,-1.1716478,0.6449349,1.7745748
Capitasti,-8.378269,-5.733991,10.152539,-3.4439366,0.45551074,0.96881795
Antikinase,0.7555471,21.280718,21.294127,-2.3442183,-2.929776,2.7560332
Gombay,-0.09948614,-13.371003,13.371374,-4.222092,1.6512656,2.3775876
Neutrophile,-0.3798982,10.660649,10.667416,-1.7362089,-0.4273119,1.0207386
Gastrotricha,0.30183113,-8.691577,8.696817,-4.175155,1.3201128,2.0971494
Standup,2.3393698,11.0484,11.293351,-2.1742883,-1.0336273,1.0018294
Pyromellitic,4.4986305,-1.4204131,4.717547,-2.150354,1.1198041,1.4431183
Coalsack,-1.9345368,12.158985,12.311918,-2.9072387,-1.5019838,1.3126934
Subpools,0.40146172,11.224446,11.231623,-2.7136302,-2.761268,2.5602324
Sideshake,0.47930476,-1.408945,1.4882407,-3.3411438,-1.5991343,1.5251524
Protension,3.8502593,1.7501591,4.2293677,-2.4026756,-1.0856586,0.94372404
Lenaeus,-0.55988634,21.599525,21.606781,-2.0804956,-1.5214939,1.4721875
Quadrennia,6.8493576,56.235558,56.65114,-0.7056695,-2.879413,3.3582172
Lotuslike,2.099078,3.6988358,4.252941,-0.9170307,-0.11359648,1.8166434
Philotherian,-4.707652,1.6850325,5.0001326,-1.740417,-1.6433263,1.7499704
Columbines,-2.3550367,15.211479,15.392702,-1.3274897,-1.9965085,2.279238
Squillitic,1.9497279,-16.763931,16.876932,-2.9369686,1.4020375,1.616241
Carate,-2.1695235,-4.897469,5.3564954,-3.8498523,-0.25225547,1.1194564
Assigns,3.320093,-27.754171,27.95205,-3.3302512,2.771732,3.0325148
Reheal,4.279029,26.360222,26.705267,-3.7822144,-2.0646424,2.1393127
Shoggie,-1.2579647,17.014198,17.06064,-1.0360725,-0.9131575,1.8389467
Volost,-3.998751,-35.818554,36.04107,-4.4027014,1.8990473,2.6838977
Lancelets,-1.6506954,-17.19604,17.275085,-3.9089763,2.4413521,2.892895
Angiopressure,-3.7156627,-4.0200486,5.4742074,-2.1764064,1.0543535,1.3727204
Eurasian,2.9409065,3.350553,4.4581532,-3.4537187,-0.87896293,0.99045724
Counterparadox,-1.1480358,7.8125668,7.8964663,-3.5131044,-1.0760843,1.1732022
Antienthusiast,-3.1479259,34.49084,34.634197,-0.9538217,-2.7659993,3.1207514
Slivery,-0.2729637,3.7395723,3.7495208,-3.3529737,-2.012371,1.9149039
Cosmosophy,-3.6944911,4.7143183,5.9894958,-2.5104232,-0.29526126,0.24035506
Trichinous,-0.40420827,-15.014328,15.019769,-3.7144787,1.3608612,1.8454907
Anthomedusan,-0.7030041,-8.660671,8.6891575,-2.1012218,1.4651659,1.7815077
Flavours,1.5338248,20.568697,20.625807,-1.2775809,-2.3185346,2.5685809
Vasospasm,1.3590081,31.570286,31.599524,-1.0327848,-2.7024324,3.0236611
Fictionize,3.1061893,-6.9689546,7.629859,-2.5021594,2.1207638,2.3331676
Myonema,-2.4584122,-7.311208,7.713466,-1.2520322,1.4656878,2.2287204
Hopple,0.6077653,4.3357663,4.378155,-2.7829885,-1.1293751,0.9296999
Steelhead,1.1700252,3.4073117,3.6026,-1.96037,-0.48754394,0.82267463
Neolalia,1.2178656,11.7316475,11.794691,-1.4210426,-0.3281735,1.3166695
Lissotrichy,1.516688,-12.176692,12.270786,-3.364653,1.5898877,1.8995872
Doings,-1.4908805,-38.63257,38.661327,-3.529086,3.0198195,3.3181849
Angelolatry,-9.638627,-34.958286,36.26272,-4.2416177,2.7031956,3.273405
Schnitz,0.8775254,-17.002886,17.025515,-2.8803687,1.4752008,1.6828908
Plasmolysis,2.2975607,-22.87086,22.985973,-4.0007915,2.370721,2.8679595
Constances,1.6958398,-5.8448787,6.085925,-1.0775423,1.0798391,2.092031
Equiarticulate,1.7378608,-1.5537895,2.3311849,-2.774375,-0.68368936,0.48448598
Gratias,1.192188,4.7467976,4.894221,-3.2363338,-1.1047359,1.0350611
Thelion,6.0632086,10.377174,12.0186615,-2.4686947,-0.5789673,0.4603107
Syllabe,-2.1527565,4.3984914,4.8970485,-1.0465999,-0.029275978,1.6937037
Apandry,-2.2185986,-3.1528273,3.8551917,-2.56956,0.069193244,0.3151243
Thyreoid,2.7199595,0.31494138,2.738132,-3.6618876,-0.41850898,0.95538825
Polyonomy,4.1486454,7.010893,8.146401,-1.675994,-0.8679198,1.248552
Furciform,-3.1671698,2.5244985,4.0501924,-2.5923343,-1.3140659,1.1216426
Emperil,2.3356752,-3.2433624,3.9968462,-3.127865,-1.543155,1.3993459
Cabook,-0.685591,8.528413,8.555924,-1.8053432,-0.15633616,0.9273033
Sorbian,-1.6622,-0.6534291,1.7860235,-3.0154793,0.4451871,0.70589805
Handlooms,3.1590621,3.2502465,4.5325236,-3.4183245,-1.6683109,1.6199846
Jageer,-2.5141885,7.5540843,7.96149,-1.3732626,0.08716233,1.3885535
Trisyllabical,-3.376395,1.2782902,3.6102726,-3.5632112,-1.5360912,1.5728446
Houndsbane,0.23195209,-5.8059173,5.8105493,-3.50031,-0.059428353,0.7816895
Salesmanship,1.9138871,-12.383205,12.530233,-2.9620278,1.9411739,2.154633
Jigaboos,-4.6423793,-29.44871,29.812384,-4.310578,2.2348251,2.9029303
Tungstosilicic,-9.004777,5.839281,10.732344,-4.457308,-0.652713,1.783856
Winegrower,4.749763,-3.7886326,6.0756884,-3.574393,0.20979685,0.93765306
Hymenopter,2.8713841,-10.306374,10.698888,-3.0073552,1.7585057,1.9789159
Gauzelike,5.5706663,-9.388897,10.9171295,-1.1840453,1.1374029,2.0460703
Concipiency,0.9574441,10.720959,10.763626,-2.32948,-1.6440926,1.4979669
Meager,2.8898818,3.9593456,4.9018188,-3.734135,-0.80783594,1.1718684
Pullicat,-7.1247134,-7.757325,10.532695,-3.1033583,1.450147,1.6925843
Mediumism,2.4910815,-8.894913,9.237152,-4.590715,1.4884285,2.512158
Hammam,-2.2321424,-0.38326833,2.2648082,-2.4075363,0.87347686,1.1223667
Unvicious,-1.6224129,-4.4333487,4.720891,-3.4145663,-0.5096145,0.749448
Solidus,1.9508382,8.297758,8.523998,-2.9937909,-1.3169229,1.1462227
Mispassion,0.41960442,13.174383,13.181063,-3.5710268,-2.1170053,2.0917444
Effuse,3.9342778,-5.210364,6.528892,-3.8775625,-1.6943233,1.8822937
Spadefish,-1.1020578,8.099291,8.1739235,-1.8451262,-0.59949,0.971849
Basiphobia,-2.4860883,-23.035078,23.168846,-3.833766,2.8204136,3.216268
Retromingent,-6.749255,-79.27484,79.56163,-4.3288465,3.0208712,3.596164
Interjaculate,-2.334877,-8.232363,8.557071,-0.94259006,1.4527422,2.4363132
Bangtails,-2.723215,2.136033,3.4610023,-2.5861049,-1.3300347,1.1382688
Yorker,1.4170781,1.2741795,1.9056866,-1.4951352,0.18887535,1.296472
Palmus,-2.804479,7.333679,7.8516207,-2.425404,-1.4494377,1.285335
Stratojet,-0.30063695,4.9645143,4.9736085,-1.505345,0.30903462,1.328101
Collectivize,2.9967024,-27.55361,27.71609,-4.233451,2.036749,2.6951106
Neurones,-3.0661602,18.855024,19.102703,-1.4536539,-3.1917255,3.2522159
Eurodollar,-0.7529958,-4.0105886,4.080665,-4.786927,-0.36989424,2.0622814
Forbore,0.2656905,-22.20164,22.203228,-3.8953009,1.8939549,2.396566
Blenniiform,4.376152,-20.146564,20.616371,-3.4530234,2.124538,2.4349716
Barbra,2.9940019,-2.6689568,4.010907,-2.323509,0.552414,0.85690784
Fretsaws,-1.5628594,73.67738,73.693954,-0.97825456,-3.333903,3.5900645
Postauditory,-2.926561,13.404703,13.720451,-2.6548061,-1.1130575,0.9151838
Excambion,-4.0677714,6.9576664,8.059522,-1.0248758,0.66133815,1.9122204
Fedifragous,-2.2492118,16.274055,16.428751,-1.7601665,-2.98356,2.9471526
Keelhale,-5.136272,-5.367143,7.4288306,-3.5140183,1.4705892,1.8457443
Palpulus,-4.7678876,-11.637703,12.576523,-4.5029626,1.2061678,2.2623541
Relativistic,2.735388,1.7301013,3.2366025,-2.9267235,-0.8694727,0.6962836
Interrenalism,0.5849159,-10.55596,10.572154,-4.7090874,1.3545924,2.5161016
Circaetus,3.540157,-0.34975895,3.5573926,-2.1222448,0.23668626,0.7502847
Psychorealist,2.2826526,-5.8987026,6.3249664,-3.3528636,-0.33753568,0.63610256
Kalamian,-15.608334,-24.93031,29.413269,-4.8055086,0.049341634,2.0890093
Godmotherhood,2.6089551,-15.747911,15.962563,-3.6679742,2.1621284,2.541988
Keraunophone,-2.7745082,3.6054437,4.5494084,-4.4515243,-0.82817155,1.8307045
Anthropoidal,-1.5423648,-2.858992,3.2484963,-3.6745603,-0.36043924,0.95636225
Retrim,-1.5399122,17.890495,17.956646,-0.81768656,-1.0450228,2.0916836
Tillman,3.173912,2.1584682,3.8383198,-2.628064,0.80579686,1.012201
Unhabituate,-7.2167797,91.62749,91.911255,-0.8644505,-3.1940176,3.5275605
Goneoclinic,0.91719294,-1.8333324,2.049964,-4.2167473,-1.4454969,1.9375997
Pawnors,1.8209337,-0.43872544,1.8730401,-3.6618145,-1.9823189,2.0095048
Isotrimorphous,-7.231823,-5.9248557,9.348968,-4.642502,-0.07837482,1.9148731
Encephalosis,-3.073122,-4.157909,5.1703277,-4.8323054,-0.71462077,2.162594
Pilosine,-1.8445655,-9.188424,9.371743,-2.261584,1.4192061,1.6870891
Slovak,1.6485103,-7.513813,7.692528,-2.6457386,1.0548192,1.2588469
Warrty,-3.2817888,16.038282,16.370604,-0.4342442,-1.0449141,2.4473884
Arythmias,4.178527,37.71621,37.94697,-1.3576024,-3.189743,3.289342
Bacterioidal,3.3856404,3.5271316,4.8890915,-2.5535865,-0.8608686,0.6833543
Prelect,-3.3713856,-2.6984544,4.3183217,-2.7386518,0.20238848,0.40354913
Pictographic,1.9580209,6.1435804,6.4480553,-3.4492247,-1.3469834,1.3520677
Yellowman,3.5574656,-17.58977,17.945906,-4.47359,1.7188716,2.5924764
Guttee,0.7725089,-1.1040914,1.347512,-1.8676957,0.017898394,0.8911962
Millimicron,-2.940546,4.10959,5.0532703,-2.530503,-1.6384485,1.4513446
Spacewoman,2.3669643,-8.158964,8.495365,-3.118211,0.033531774,0.45226774
Sawsharper,-5.6937857,-28.179426,28.7489,-4.629417,1.3726313,2.4654543
Prodigy,-0.84452355,-5.6010275,5.6643386,-3.3170073,0.5889419,0.9833137
Choriocele,1.6770427,20.774677,20.842257,-1.4862708,-2.9633603,3.0299916
Wheretill,3.4176283,13.5748,13.9984045,-0.5181633,-0.62816894,2.254227
Ampelidaceae,0.36750102,10.981767,10.987913,0.50703263,1.3972181,3.611528
Caulicule,-2.9465432,-2.6639206,3.9722278,-1.8211141,0.93278885,1.454174
Tanneries,1.2997063,-19.194324,19.238277,-4.3068075,1.989853,2.6984541
Paralogism,-2.502934,-13.7000475,13.926809,-3.659448,2.548571,2.9020078
Problematic,0.96530795,6.1407094,6.2161183,-0.40834963,-0.6758938,2.3712366
Sylvate,-4.927512,-31.67658,32.057545,-3.6734917,2.4319882,2.7964926
Jaspagate,-3.183886,-3.1661198,4.4901505,-0.942384,1.0761255,2.1982882
Anauxite,-1.657117,-9.680113,9.820929,-4.1034145,0.4094939,1.5015967
Caiman,-3.582128,3.8702796,5.2735853,-1.6607753,-1.5676283,1.7360861
Aubrieta,-0.7608592,4.3169274,4.383465,-2.534265,-0.14455177,0.20524372
Diamondize,2.969758,-1.302346,3.2427719,-2.09601,0.66062826,1.070749
Sickener,-2.1643026,5.2426543,5.671828,-1.1749177,-1.3124858,1.9126773
Plagianthus,-21.353996,6.903209,22.442091,-2.0568414,0.3078732,0.8451655
Halifax,-1.0953289,-4.696748,4.822778,-2.5791156,0.8240176,1.0363897
Guitar,4.751172,8.078003,9.371646,-0.9104821,-0.41460642,1.8335567
Hickish,-1.8350565,4.2571115,4.635777,-1.8700603,0.17865705,0.941491
Wavelet,3.2826405,6.8470197,7.593247,-2.3407996,-1.1243278,1.002522
Oblata,1.2446359,8.825071,8.912406,-3.7613056,-1.6656913,1.7903621
Ampulliform,-1.3708162,-3.8167372,4.055444,-2.439849,0.9061922,1.1450726
Pantofles,-1.0858998,14.146563,14.188177,-2.4036288,-2.0281396,1.8562386
Chelem,-2.6769557,-11.611095,11.915689,-2.4283826,1.5531719,1.7802764
Proctodeum,-1.6894698,2.465182,2.9885497,-3.3340082,0.08080198,0.6651354
Kinsman,2.1505995,-2.0964081,3.0033326,-1.7772431,0.8278324,1.4033637
Waterbrose,-2.5392268,27.392342,27.50978,-0.90045244,-2.0631702,2.6115677
Haulages,2.0652978,-22.227957,22.323698,-3.1378357,2.5275974,2.7587745
Headreach,2.4606986,-3.3268797,4.1380153,-1.4578665,0.5870059,1.4978042
Kalathoi,-9.981882,-7.4015484,12.4266205,-4.8905587,0.4597854,2.2578795
Semicitizen,7.696312,-16.184484,17.921238,-2.4919877,0.7470825,0.9779798
Balatas,-4.586921,-31.769894,32.099316,-4.2430334,2.1370804,2.7841723
Omnipotent,1.4464152,19.420185,19.473974,-0.7234146,-1.4979668,2.3905098
Carotenoid,-1.8833885,-2.2243538,2.914602,-4.5484533,-0.31213382,1.8202776
Morencite,7.327765,-30.919868,31.776318,-1.6084032,1.9549896,2.431092
Halteres,2.2392573,-14.65061,14.820751,-4.2063127,1.9098581,2.575076
Hooven,1.2157073,0.39215416,1.2773911,-3.6356754,-1.1237019,1.2917477
Flajolotite,-1.1395378,-2.7361648,2.963975,-4.104805,0.030247284,1.3925903
Plighters,-5.6602726,1.2680223,5.8005667,-3.396689,-1.7571597,1.6922517
Enmeshments,4.7330894,-11.257351,12.2118845,-2.1785653,2.1037226,2.370234
Dissocialize,-0.98943436,35.390137,35.403965,-0.33132753,-1.6154544,2.785955
Worriecow,2.6304846,-13.897646,14.1444,-1.326587,1.2019944,1.9856068
Brassie,-2.36983,10.6837635,10.94344,-0.63374037,-1.0996438,2.2821598
Alogism,-2.203631,0.40343753,2.240257,-3.2109203,-2.41071,2.2610097
Romipetal,3.8401845,5.9957905,7.120148,-2.2722344,-1.1204169,1.0276825
Conatural,1.3097912,-3.1397884,3.4020329,-2.0597367,1.0776228,1.4444659
Melanics,-2.4852653,14.193583,14.409521,-1.133943,-1.7223619,2.2060463
Misdesire,5.9559197,15.395766,16.507652,-2.1894975,-2.1798127,2.0516207
Hingers,-1.4207697,18.853697,18.907154,-2.2729414,-2.848707,2.687037
Uninuclear,8.038332,-3.8558621,8.915294,-3.4696476,0.026694924,0.77243453
Nontheoretical,0.30546907,13.626453,13.629876,-1.296258,-1.1593155,1.7257717
Broomwood,0.69417506,7.282356,7.315366,-2.812462,-0.53937054,0.34781072
Duodenum,-1.3768153,0.46198678,1.4522576,-4.5156527,-0.9396574,1.930916
Shillelah,-2.438752,12.858087,13.087317,-3.1317208,-1.6977667,1.5492386
Dublin,2.56348,-6.4834375,6.971829,-2.4485772,0.89079607,1.1279699
Rantism,-3.1676097,20.51234,20.755478,-1.1450462,-2.0087206,2.4051073
Keyster,-1.8088069,-9.208022,9.384001,-4.4425035,0.46396962,1.8356537
Customizer,-0.38293526,4.261419,4.2785892,-2.9532108,-1.8598468,1.6734912
Pashaship,-4.405859,5.355829,6.935164,-2.1043122,-1.2436354,1.2166882
Epitrichium,-1.4387915,0.6351909,1.5727646,-3.6520169,-1.1986979,1.3573635
Puritanizer,-0.1912801,-1.6297382,1.6409255,-2.3300235,0.059539773,0.47871515
Unneural,2.8415189,-3.3065484,4.3597584,-0.97185266,0.71686536,1.9847536
Mareschal,-3.4511993,35.878033,36.04364,-1.259657,-2.9904583,3.1538932
Cotillon,-1.4615258,-22.12174,22.169968,-5.086007,1.3983612,2.8463426
Bursters,-1.2447784,1.4092314,1.8802674,-3.628041,-2.6015937,2.5624297
Carcinophagous,-8.272816,-11.257815,13.970609,-4.7713475,-0.07554245,2.0436425
Technonomic,1.7093421,8.186448,8.363,-3.3286624,-1.3274722,1.27485
Backboards,0.030599454,-6.993188,6.993255,-3.5589678,1.672629,2.0482795
Koeksotenok,-9.169664,-9.598712,13.274714,-4.196909,0.90536845,1.8361646
Clinoprism,0.3904612,8.6552305,8.664033,-1.7153538,-1.2882035,1.4881141
Ultralenient,-8.310562,-29.759861,30.898458,-0.7881648,1.1486368,2.3661342
Reenter,1.6116247,9.148531,9.289399,-2.8169596,-1.5303962,1.3320378
Karpas,-1.8683032,4.133836,4.536425,-3.9920993,-0.8551294,1.4201064
Begiggle,-3.8696256,18.287432,18.692356,-1.2700317,-0.18567233,1.4616152
Squacco,-7.267183,1.9938543,7.535742,-2.6055272,2.083795,2.2883673
Propacifist,1.4731923,-14.849975,14.922871,-3.8570507,1.1889583,1.7885678
Zwinglianism,-3.0118036,-27.09601,27.262882,-4.233491,2.8061244,3.3614237
Tackleless,1.0207307,5.8834605,5.9713473,-2.9482172,-0.7148327,0.557549
Foiler,0.34756282,6.1556544,6.165458,-3.67746,-1.5127522,1.6171432
Precursors,1.7078967,-36.257187,36.29739,-4.2850347,3.0223126,3.5782182
Glaires,1.7398227,3.9178157,4.2867537,-2.6194742,-2.3673148,2.1691146
Recock,-1.9694291,8.219196,8.451854,-2.1201377,-1.1472181,1.126493
Ataxiagram,1.1271558,-0.8098418,1.3879209,-3.8779068,-0.43220326,1.169405
Nomadism,4.4684153,-16.707724,17.294935,-4.4230185,2.6458035,3.3114746
Negqtiator,4.116392,16.577654,17.08108,-1.7488563,-1.26234,1.4463578
Estrade,-0.78559554,-4.4220467,4.491287,-3.2529473,0.43954197,0.8259898
Trophobiosis,-0.29636645,34.451126,34.452404,-1.1104412,-3.0599651,3.2865121
Extensor,3.5133183,-6.559729,7.4413342,-3.7089386,-0.39466834,0.99635714
Tautegory,-7.708113,11.0095215,13.439664,-2.5712264,-2.760776,2.5646946
Chytrid,3.2189283,-10.241554,10.735499,-3.7958405,1.1898253,1.7513853
Redelivery,1.3807298,16.371119,16.42924,-0.9704696,-1.1194472,1.9861579
Recodifies,1.820315,97.438126,97.45513,-0.46236587,-2.6367006,3.3288774
Uranalysis,0.5143968,6.669972,6.6897774,-0.8470316,0.5776592,2.0391006
Rabble,4.6027284,-4.1450944,6.1941032,-2.667432,0.9530581,1.1559371
Piddock,-2.1935863,27.284199,27.372236,-2.2513874,-1.8886105,1.7544993
Clubhands,1.3878924,4.672651,4.8744135,-2.9091172,-2.2566063,2.063162
Snapwood,-4.3374968,-19.487988,19.964857,-4.5613804,0.6414477,2.0144742
Guelph,0.10712897,-1.5109004,1.5146941,-2.908916,0.055600546,0.3120057
Micrandrous,-1.6872253,-23.28896,23.349997,-1.8550379,1.1968412,1.6500108
Deguelin,-8.629155,-46.325283,47.12212,-4.626742,2.160144,3.027732
Bunglings,1.2206018,22.651344,22.684206,-0.8759706,-2.0935702,2.6504116
Counter,517.3879,-21.748507,517.8448,6.083441,3.5883036,9.594994
Smallnesses,2.5051115,-30.429718,30.53266,-4.02932,3.2000911,3.640365
Caruncular,-2.6203496,7.313353,7.768614,-4.6872425,-0.73323417,2.0267808
Diatessaron,-0.18716165,10.165255,10.166976,-3.7635188,-1.4119486,1.5909387
Sleighs,-2.9078364,-31.439615,31.573801,-4.340573,2.6015444,3.2316732
Mastiffs,0.06700714,-13.812038,13.8122015,-4.082865,2.4557939,2.9807866
Alphosises,1.4838104,5.0757465,5.288184,-0.7680278,0.9428843,2.2724826
Guajira,-3.7651448,3.5051205,5.1441407,-3.9692605,-1.5324566,1.8178018
