entity,meridian_score,pc1_score,l2_delta
Counter,517.3874919503234,517.3874919503234,525.2114900505942
Ownership,478.40442274121546,478.40442274121546,486.3987286188184
Serial,464.44237109290225,464.44237109290225,469.5733244711644
American,460.19136074706074,460.19136074706074,466.35821689493457
Because,444.1193319923696,444.1193319923696,451.62820349800097
Outdoor,408.89545375184304,408.89545375184304,421.93122295957545
Dialog,193.0979843443242,193.0979843443242,220.9476096750368
Layout,171.18535842930726,171.18535842930726,200.7946054995038
Technology,147.35729051041065,147.35729051041065,167.74753493513253
Industry,32.1707164884024,32.1707164884024,89.5574233008284
Phlebostrepsis,22.719564748007055,22.719564748007055,203.29939662196608
Transfer,20.001129818684486,20.001129818684486,98.91965214752692
Sortilegi,17.609338728245064,17.609338728245064,182.2949371067047
Hydrophyton,17.17951758269567,17.17951758269567,130.26492097423693
Monopodes,16.7630712297534,16.7630712297534,228.94673917921946
Misadventurous,16.30184139511076,16.30184139511076,93.356463336384
Sempiternize,15.055187198994911,15.055187198994911,185.23054498284034
Cainite,14.708894194286625,14.708894194286625,201.19027331731348
Preposterous,12.7996241393523,12.7996241393523,95.03559552372111
Campanist,12.415478814143624,12.415478814143624,119.67936097046379
Eclaircise,11.72313091780146,11.72313091780146,152.08182503725632
Tinpot,11.233479596367486,11.233479596367486,116.12329271157732
Spathous,11.13225344329274,11.13225344329274,95.8978775157714
Proseman,10.95586779517238,10.95586779517238,118.38841642137628
Microsporon,10.928671309918242,10.928671309918242,97.41356029509497
Redemptible,10.883152935005228,10.883152935005228,68.47493706126203
Signlike,10.873091436174304,10.873091436174304,133.02681313722587
Bargeman,10.462884565455735,10.462884565455735,78.67123616749363
Devitrify,10.436184210456451,10.436184210456451,185.28573748817652
Unveil,10.235911272438713,10.235911272438713,73.1742518971221
Heiressdom,10.214113338804323,10.214113338804323,126.51515190016481
Stepony,10.10886598213629,10.10886598213629,116.92193918275778
Shysters,10.098461445379456,10.098461445379456,91.25326955316014
Conuzee,10.044078444640036,10.044078444640036,87.71001458613814
Repoll,10.042306850470428,10.042306850470428,73.81797632892783
Jabules,9.630479441872469,9.630479441872469,110.35488684832814
Phyllostomous,9.620781268506306,9.620781268506306,110.754734906396
Abstain,9.472658310796954,9.472658310796954,58.84153836703265
Spiritrompe,9.245619889957082,9.245619889957082,103.81808484637553
Shanks,9.08073448055892,9.08073448055892,81.81090218255733
Polygamian,9.032059578503208,9.032059578503208,101.32698827759386
Ponderate,8.890629970542317,8.890629970542317,102.53410369838095
Autodidactic,8.885115349343621,8.885115349343621,81.10740550963041
Lavinia,8.867328556218789,8.867328556218789,131.07120819136765
Workfile,8.866821827360145,8.866821827360145,91.00696351461157
Biasses,8.585001859682007,8.585001859682007,96.77991027750808
Ranches,8.474199034899222,8.474199034899222,79.68538978557447
Depeach,8.468170142810248,8.468170142810248,83.0119457012258
Evident,8.457969644160064,8.457969644160064,71.06404250671481
Jarsful,8.428265636776285,8.428265636776285,143.86090593087633
Prizefighters,8.267375099770742,8.267375099770742,110.76441305355686
Harbingership,8.105892368498699,8.105892368498699,116.44622512481678
Uninuclear,8.03833153272951,8.03833153272951,66.27940086055993
Dayside,8.024180300768792,8.024180300768792,87.02772414543372
Hemistich,7.973703235934162,7.973703235934162,103.35736038299628
Iulidan,7.91144261590405,7.91144261590405,107.40488351484625
Eigenstate,7.903361708553276,7.903361708553276,80.82769383936304
Skokiaan,7.843779543840816,7.843779543840816,188.98631837358383
Semicitizen,7.696326894579789,7.696326894579789,91.33310614758138
Wallful,7.660188435328658,7.660188435328658,94.96575752936906
Splashboard,7.655799836326817,7.655799836326817,115.31176475230119
Euphonous,7.611836313166559,7.611836313166559,85.40802202735463
Imitate,7.575642212967468,7.575642212967468,105.2686136910511
Enwisen,7.575611047306862,7.575611047306862,71.26444656314025
Inheritrice,7.553541103087554,7.553541103087554,68.60723052052462
Dedicational,7.534795264901689,7.534795264901689,99.03661477222396
Endoarteritis,7.484057224902134,7.484057224902134,78.57006228290771
Factual,7.392499529840568,7.392499529840568,66.16751257576976
Siccative,7.384637067124713,7.384637067124713,101.065918827071
Biogeographers,7.357786276401434,7.357786276401434,104.84697971013668
Postconnubial,7.338512413676318,7.338512413676318,98.41301965873862
Morencite,7.327797791615184,7.327797791615184,127.61892762386083
Lernaea,7.302771212690569,7.302771212690569,87.04888699435233
Ubiquitary,7.299925831176541,7.299925831176541,108.38455912891203
Heists,7.207692520885688,7.207692520885688,77.99492652618278
Veinwork,7.19793839816547,7.19793839816547,100.85335849587794
Culicid,7.1818784434063225,7.1818784434063225,81.65957617235381
Nonsurrender,7.137067666344706,7.137067666344706,68.81049214510765
Wanwit,7.130442640856041,7.130442640856041,94.99298846276612
Pheasantry,7.12806796640302,7.12806796640302,78.04556980933937
Photothermic,7.03193880919507,7.03193880919507,81.86262288916569
Vestries,6.922544114622188,6.922544114622188,253.2996628846327
Fantasias,6.9155636645140355,6.9155636645140355,59.1304414677314
Cicurate,6.89775277563862,6.89775277563862,82.61417415510803
Quadrennia,6.849298283997684,6.849298283997684,116.58500372832015
Calicate,6.813634029000956,6.813634029000956,84.35703581542305
Metropolitical,6.812238031674283,6.812238031674283,114.02172240403077
Polysiphonous,6.801221530971725,6.801221530971725,101.24939436718212
Foretooth,6.788111557814594,6.788111557814594,51.260989179902644
Nasalizes,6.782712342662745,6.782712342662745,99.44503648267089
Burler,6.778202903301947,6.778202903301947,72.91488497561107
Gordioid,6.740487668836989,6.740487668836989,85.30828130030272
Paragraphs,6.732531959122172,6.732531959122172,101.86229474109722
Fishboats,6.732440146511904,6.732440146511904,76.38723963891303
Hermitry,6.710447271021999,6.710447271021999,74.27635951425911
Psocid,6.6089991118099345,6.6089991118099345,83.32400341446014
Underfelt,6.599327556347512,6.599327556347512,161.56853968335753
Chopstick,6.594306602179017,6.594306602179017,72.48244838572498
Engold,6.550282301505293,6.550282301505293,84.84837350278647
Dignitarial,6.535333134873137,6.535333134873137,68.88138718449031
Esperantist,6.520597340863268,6.520597340863268,82.21271139383073
Crampoons,6.51488548556966,6.51488548556966,133.74127153534042
Musicophysical,6.479684008141241,6.479684008141241,61.256095620676604
Compunct,6.468297903609879,6.468297903609879,61.723528375162324
Jointers,6.455220630385884,6.455220630385884,50.39769299392738
Extenuative,6.410033834387283,6.410033834387283,139.72267753916165
Polytopical,6.405441439854404,6.405441439854404,77.65210311762782
Nongrey,6.405095336757258,6.405095336757258,81.46019404442545
Justine,6.400090774868828,6.400090774868828,83.19866633480369
Noncomplicity,6.356317899563271,6.356317899563271,112.19330588026864
Umbellales,6.337969840573566,6.337969840573566,106.72387190442974
Plumelets,6.30247104760906,6.30247104760906,118.3881948982049
Dualin,6.299141475964502,6.299141475964502,120.59559835555694
Phenylic,6.259079238466708,6.259079238466708,80.67873708436662
Babeldom,6.226419109583365,6.226419109583365,68.50235537138347
Expellee,6.201472174595988,6.201472174595988,100.60712862283877
Butterfish,6.1783640762402925,6.1783640762402925,86.57402565217158
Omadhaun,6.165915301078019,6.165915301078019,53.38746235271575
Pastoral,6.163911596149665,6.163911596149665,50.7682754437993
Stowaway,6.136707981037561,6.136707981037561,49.62249674363223
Partiary,6.11033380262243,6.11033380262243,104.0040232177385
Bethreaten,6.09757101271259,6.09757101271259,82.14877606974962
Thelion,6.063196347008798,6.063196347008798,79.38836129068024
Homewort,6.052175962606789,6.052175962606789,71.07833506492658
Tholus,6.045395661448064,6.045395661448064,113.9805438714705
Kristen,6.029508035090399,6.029508035090399,72.17658402123548
Backwasher,6.006001059409456,6.006001059409456,77.74022747936128
Victimizer,6.001109024391804,6.001109024391804,109.66040796844787
Dispersible,5.97873139612988,5.97873139612988,51.252179945443984
Visceroptotic,5.9673496340281575,5.9673496340281575,77.91413167533159
Zemindars,5.96490417366866,5.96490417366866,102.57198035734069
Birdseyes,5.9643758879983935,5.9643758879983935,74.10374195566372
Disgorge,5.961978012372723,5.961978012372723,76.07745017090849
Misdesire,5.955901892186997,5.955901892186997,77.57301045227729
Kailyards,5.908930725800382,5.908930725800382,65.19173120579765
Myophysical,5.906636702123597,5.906636702123597,126.8330273376427
Chlorococcus,5.904622955662808,5.904622955662808,114.46145309249637
Fossicker,5.903364748973972,5.903364748973972,107.91414160150848
Denervate,5.873882846642107,5.873882846642107,66.81636853173892
Candlers,5.830892624979157,5.830892624979157,93.5357868642217
Heresimach,5.827418462208043,5.827418462208043,76.04134514495391
Amphiploid,5.826728706820745,5.826728706820745,55.83613677346413
Sciolists,5.810021603260394,5.810021603260394,107.14506064431191
Inactions,5.803876649061015,5.803876649061015,77.96456484261365
Empiric,5.796128473618386,5.796128473618386,68.60302376611754
Nounless,5.789911069129914,5.789911069129914,96.77508697446986
Ascaridol,5.765673170626058,5.765673170626058,79.70709131328726
Slavicist,5.743832259354831,5.743832259354831,122.93394085687022
Subtarget,5.704964135231043,5.704964135231043,78.29241519629534
Ornithopoda,5.647412011307328,5.647412011307328,68.2531634766942
Micronutrient,5.636828676694151,5.636828676694151,46.002674939258576
Betaken,5.616285348216148,5.616285348216148,121.94527305224477
Gauzelike,5.57067387079425,5.57067387079425,82.11227306478006
Pregenital,5.5517053751139,5.5517053751139,101.25614736288561
Phlebalgia,5.547249556032421,5.547249556032421,137.7208415800459
Wingers,5.524384040415881,5.524384040415881,37.06150922160731
Zincify,5.5076006185797635,5.5076006185797635,84.54093094473377
Barrenest,5.5042831682845765,5.5042831682845765,146.71619209236226
Trestlework,5.486922038716163,5.486922038716163,65.86153384415981
Readvise,5.473980304043062,5.473980304043062,78.84072905182192
Segmentary,5.467577741655304,5.467577741655304,101.54691141272284
Disavaunce,5.46350242304645,5.46350242304645,60.895550638286004
Devalue,5.432618109808487,5.432618109808487,46.016941668457484
Nonbachelor,5.431912215303496,5.431912215303496,71.2865621432483
Phosphatidic,5.417058304984296,5.417058304984296,54.7730442942493
Warmmess,5.402984640235372,5.402984640235372,163.31529900814235
Submediocre,5.399413735211894,5.399413735211894,110.40338293035104
Monodist,5.396908272985165,5.396908272985165,57.81382431846294
Whalemen,5.381575396305431,5.381575396305431,57.17643968371573
Genioglossus,5.374146486490469,5.374146486490469,63.72783505444518
Mahjongg,5.371430603694357,5.371430603694357,67.30138065173345
Overpost,5.333394371154114,5.333394371154114,102.3032682662513
Victualer,5.321731512790437,5.321731512790437,84.71089659297554
Japanner,5.309928296604156,5.309928296604156,70.15888956659506
Uncompass,5.303136814377152,5.303136814377152,67.92901754198981
Sheriffhood,5.301505881232835,5.301505881232835,69.114315073516
Hartake,5.294975772864203,5.294975772864203,92.67296425991343
Nontensile,5.263780173955104,5.263780173955104,67.95045137092293
Haemolytic,5.25911602533276,5.25911602533276,47.16296701587462
Guidecraft,5.2070739956115,5.2070739956115,62.99865649016815
Uncage,5.197279504102376,5.197279504102376,107.53072861307969
Jansenize,5.192236700200106,5.192236700200106,101.97896352809599
Affinity,5.18756463118773,5.18756463118773,58.750215071429785
Agamist,5.18631583209494,5.18631583209494,85.70458610384787
Operette,5.181308035042297,5.181308035042297,64.70938385296198
Expropriate,5.167713679469104,5.167713679469104,64.0321580837543
Smokestack,5.165611556040578,5.165611556040578,73.34371760465453
Wauchts,5.161768935731802,5.161768935731802,78.58256463715394
Subsensuous,5.139485206820951,5.139485206820951,110.75088572695002
Viscoid,5.132324459164925,5.132324459164925,54.02001376342387
Plaidy,5.126403574009473,5.126403574009473,81.37037298600816
Hesperinon,5.118741291868961,5.118741291868961,69.61335032128744
Daughtership,5.1172584076435195,5.1172584076435195,132.95691291735827
Appointees,5.0909504169787345,5.0909504169787345,57.21038409907104
Autograft,5.088835299869871,5.088835299869871,61.1925676694341
Dracaena,5.08835872548659,5.08835872548659,52.923330475496215
Cuneiform,5.081993341323923,5.081993341323923,53.61673057538161
Disseizor,5.061216753489612,5.061216753489612,169.28826915933678
Greyhound,5.0563482756172995,5.0563482756172995,49.39710098006828
Overregulate,5.027657759526851,5.027657759526851,54.45085527541366
Iodite,5.027451024677413,5.027451024677413,76.37284255997952
Rooflike,4.9912474539313,4.9912474539313,49.401703160760825
Annuitant,4.9754463172275285,4.9754463172275285,56.2299616617426
Deiphobus,4.953404407797721,4.953404407797721,121.93824896082162
Nonsupervision,4.9521889173607425,4.9521889173607425,77.93434842887905
Narrators,4.935228505655667,4.935228505655667,40.63270689174776
Outlooks,4.926433108135828,4.926433108135828,90.59002288499929
Vinylic,4.921550284999441,4.921550284999441,80.14595162113797
Memorial,4.913793405066814,4.913793405066814,42.2613405829701
Antidemocracy,4.901457778147112,4.901457778147112,53.69110540230903
Summerhouse,4.890583832967345,4.890583832967345,62.88025455538794
Iotacism,4.878626673156967,4.878626673156967,85.96552659317
Subahdary,4.862112367513513,4.862112367513513,100.29868754360676
Repulseproof,4.85949042553062,4.85949042553062,94.28256488028805
Ascendent,4.85723095887343,4.85723095887343,46.709635118298756
Alodium,4.847968980367713,4.847968980367713,94.11438666824982
Twiglet,4.836576520871804,4.836576520871804,69.5833313971871
Supervisionary,4.821541769329872,4.821541769329872,58.978053802474705
Emeril,4.81931960524332,4.81931960524332,70.52424452408538
Rebound,4.818440790852825,4.818440790852825,50.34232012774633
Toiler,4.809861657993269,4.809861657993269,67.34633637040555
Bolsterwork,4.80379281909398,4.80379281909398,58.25506344237485
Depertible,4.780763210696205,4.780763210696205,98.37987439282571
Defamers,4.7803141042744155,4.7803141042744155,76.15849851039505
Adenitis,4.7799531743420545,4.7799531743420545,116.71522587878879
Hector,4.773433653751259,4.773433653751259,85.79500270579537
Cyphomandra,4.771213642177882,4.771213642177882,86.80236087646104
Interminister,4.757676951444663,4.757676951444663,59.32513337914944
Guitar,4.751161364249632,4.751161364249632,42.08398164161021
Winegrower,4.749767704850105,4.749767704850105,42.25411928404553
Semisixth,4.747858712506236,4.747858712506236,100.44047875200526
Enmeshments,4.733098803496379,4.733098803496379,94.89000018956855
Benefactorship,4.721731437903709,4.721731437903709,68.63650591648062
Zinckenite,4.699528445004758,4.699528445004758,70.80694096523023
Resourceful,4.69516332607508,4.69516332607508,49.671670499506774
Warrand,4.692352101312684,4.692352101312684,63.3111972229629
Rajesh,4.6881564402995455,4.6881564402995455,82.4751707195149
Gynecologic,4.654843131898141,4.654843131898141,45.288073016648106
Processionals,4.6505479414395445,4.6505479414395445,81.93318213597429
Waggish,4.635465291014971,4.635465291014971,78.41460376093454
Rerecord,4.632890134573506,4.632890134573506,80.87769151588542
Skiffs,4.614181727638544,4.614181727638544,53.239848750048225
Anisotropous,4.611244424073238,4.611244424073238,89.03280389396103
Rabble,4.602728650612915,4.602728650612915,55.697322485277724
Pericarpic,4.593865093817979,4.593865093817979,97.74102198032293
Allosyndetic,4.586540398296347,4.586540398296347,118.46011688099286
Paragenetic,4.58281984521102,4.58281984521102,79.37733242703213
Marita,4.568221233539599,4.568221233539599,94.68816960963662
Respreads,4.5555442990405,4.5555442990405,79.97545338495875
Awrong,4.553721253858185,4.553721253858185,69.23273691691666
Joggler,4.539219593661125,4.539219593661125,67.38228583659156
Puinavi,4.52554001861753,4.52554001861753,63.81354306841093
Bannerfish,4.5171854038238095,4.5171854038238095,69.21418052674612
Yeshiva,4.51671626788428,4.51671626788428,60.00174527927599
Studerite,4.510161134466617,4.510161134466617,72.33729945364028
Pyromellitic,4.498633191485558,4.498633191485558,78.57391421449668
Diabetogenic,4.498254733913456,4.498254733913456,58.72749451591454
Ichthyal,4.496726190261208,4.496726190261208,63.865362622233874
Carolina,4.493307170978139,4.493307170978139,48.91500090700652
Reappraise,4.489937698441292,4.489937698441292,100.2378189285843
Objector,4.485834650767123,4.485834650767123,57.03432657559037
Nomadism,4.468431791196536,4.468431791196536,46.844330523828646
Papuan,4.4666962878810175,4.4666962878810175,58.833062615004685
Amenability,4.461843374939695,4.461843374939695,72.28123184065423
Noninjurious,4.449930440038047,4.449930440038047,56.6281167408788
Forthgaze,4.449007758479183,4.449007758479183,59.517351713259195
Moderant,4.44700297651759,4.44700297651759,66.5017421604436
Goatees,4.429806072360967,4.429806072360967,109.8232083869775
Nonabrasive,4.427541392156385,4.427541392156385,86.51794607157348
Blenniiform,4.37617097492722,4.37617097492722,55.09299064753329
Hasteners,4.375874508653286,4.375874508653286,94.77175760409982
Defensible,4.372234918463408,4.372234918463408,78.79320635110084
Overwrest,4.344985357573576,4.344985357573576,55.163819333267575
Allosaurus,4.343154793908058,4.343154793908058,61.2644221340048
Darren,4.342433259355657,4.342433259355657,72.81371255817537
Hideout,4.338341238531394,4.338341238531394,47.38665371318447
Ectocondyle,4.322881844549611,4.322881844549611,82.5513920602179
Legitime,4.300924799934067,4.300924799934067,89.98080534849011
Archetto,4.300509231866777,4.300509231866777,97.14920367246228
Desidious,4.298408908476434,4.298408908476434,71.66146129229877
Reheal,4.278997769198748,4.278997769198748,88.82708684047527
Whipstaves,4.269508155026878,4.269508155026878,60.776733180212645
Horticulturist,4.264308331680518,4.264308331680518,57.47446170449934
Jerque,4.256534392991697,4.256534392991697,58.480425622283136
Amorphous,4.255984668819425,4.255984668819425,50.51975748326008
Pipestems,4.241671975276101,4.241671975276101,83.83113232446533
Domiciliary,4.2063065431311495,4.2063065431311495,60.93216326182088
Undealt,4.20047113116146,4.20047113116146,66.06783283009918
Glossatorial,4.197153938641884,4.197153938641884,93.89863240870727
Distills,4.193522012910311,4.193522012910311,65.71224749871111
Doddie,4.191865008366041,4.191865008366041,81.67287574994909
Billionaire,4.189037376343628,4.189037376343628,45.51939728637402
Regalty,4.179587044448673,4.179587044448673,69.64798165632651
Arythmias,4.178485766242851,4.178485766242851,109.21323414217458
Sesbania,4.164442711222976,4.164442711222976,66.41566169084192
Numnah,4.152472894578037,4.152472894578037,147.4504270397892
Summarizations,4.151240759491919,4.151240759491919,62.94597643325714
Becalms,4.150284391661406,4.150284391661406,100.83972365698514
Polyonomy,4.1486402919258065,4.1486402919258065,101.78772453793735
Indefectible,4.146392249281233,4.146392249281233,88.82951654793202
Polygamical,4.136586378582297,4.136586378582297,85.01554277998936
Mayvin,4.134322895278388,4.134322895278388,53.96271400037036
Nitrator,4.131257177046278,4.131257177046278,55.99840285173568
Laudator,4.130489101830556,4.130489101830556,83.56716797303461
Watercolourist,4.124935056152987,4.124935056152987,31.625020886731352
Demulsion,4.124210530739617,4.124210530739617,58.86916202902348
Negqtiator,4.116373610418574,4.116373610418574,62.14143606947057
Urosomitic,4.112235945097407,4.112235945097407,81.44944857096306
Liespfund,4.104592290180235,4.104592290180235,77.16643267080602
Popode,4.1037651145949665,4.1037651145949665,119.97174124616657
Reposit,4.102251284694237,4.102251284694237,57.44770249729257
Remagnify,4.101827660141654,4.101827660141654,71.08226877676616
Unillusory,4.101295766171583,4.101295766171583,59.866518815812476
Salvator,4.095782199194334,4.095782199194334,69.52269816588976
Farley,4.090099331303829,4.090099331303829,50.719413799654696
Aglimmer,4.086475168220491,4.086475168220491,75.37591191947858
Undignify,4.085880301414521,4.085880301414521,66.03896882933971
Holoblastic,4.08558936543252,4.08558936543252,82.35992406622094
Multiframe,4.076270890588427,4.076270890588427,63.27604743234282
Sauceman,4.0723026537172515,4.0723026537172515,56.76040101328073
Paratoluidine,4.062129364061902,4.062129364061902,85.47837640579587
Subcircular,4.052272953261235,4.052272953261235,57.665369935634004
Aquarid,4.046980943783214,4.046980943783214,67.17808602041814
Subprior,4.041513295122511,4.041513295122511,44.87963547134991
Protogine,4.0279769139555,4.0279769139555,101.94056350390832
Fizzer,4.012059444515049,4.012059444515049,65.00141634252134
Wakeless,3.990043591357722,3.990043591357722,72.53162163932805
Schooler,3.979363411856731,3.979363411856731,65.99028394119367
Blasties,3.9708130702593802,3.9708130702593802,60.4185093586699
Mandil,3.9656769260205236,3.9656769260205236,76.62437779927207
Ultrasubtle,3.9568128211212206,3.9568128211212206,62.08722950195206
Gunter,3.9528350825296843,3.9528350825296843,67.71566293902822
Stippler,3.950321412205025,3.950321412205025,54.81893316950753
Polarographic,3.9416631476428696,3.9416631476428696,55.4170594158262
Tesack,3.940573286861438,3.940573286861438,69.81139547035303
Gaultheria,3.9372515939251644,3.9372515939251644,67.47595724983914
Prognathous,3.9363935691448746,3.9363935691448746,60.40059968102102
Effuse,3.9342833803502044,3.9342833803502044,64.73834260962596
Dictaen,3.93190036413783,3.93190036413783,78.38688917546433
Waddings,3.920838402071895,3.920838402071895,87.15438673147295
Grifters,3.9182667594708938,3.9182667594708938,65.14860863789251
Shotguns,3.9154373473025434,3.9154373473025434,45.568291305372476
Monotrochian,3.9031286841287547,3.9031286841287547,78.85741979817716
Prepositorial,3.895555568069967,3.895555568069967,132.16601599291172
Despond,3.8855609670313607,3.8855609670313607,47.01820071920574
Spaghetti,3.883357504154032,3.883357504154032,57.56272589949245
Skeeters,3.8809873908041617,3.8809873908041617,109.24512069272961
Euaster,3.878063551592126,3.878063551592126,55.1064995053789
Evanescence,3.8728470756584312,3.8728470756584312,73.54808669503925
Jetsam,3.8706417008682807,3.8706417008682807,57.882436512780174
Protension,3.8502560431158277,3.8502560431158277,75.30369593438385
Premierships,3.8484205345880644,3.8484205345880644,83.7393421258603
Romipetal,3.8401756246087375,3.8401756246087375,78.99246867804622
Deaden,3.8343510715866715,3.8343510715866715,58.451859607197335
Fugacious,3.816220181472693,3.816220181472693,70.50572664675076
Exactest,3.8108315095503444,3.8108315095503444,100.60594175320755
Cubanize,3.8034254179814986,3.8034254179814986,57.455690564417516
Corporalities,3.793756010853835,3.793756010853835,41.50000660557315
Arugolas,3.7899440780973297,3.7899440780973297,116.13299805042439
Upscrew,3.7864055731471584,3.7864055731471584,82.0171512491165
Abnormalise,3.7677902065377307,3.7677902065377307,54.77311886085474
Encheer,3.7546729359863003,3.7546729359863003,102.73431360690914
Nationless,3.723696211594797,3.723696211594797,52.31038805785131
Chaconne,3.7085793683403367,3.7085793683403367,56.293484721907056
Durban,3.7052128046529362,3.7052128046529362,48.640547014988755
Periwinkler,3.6988303960488116,3.6988303960488116,108.91622710827156
Carcinologist,3.6959359500436237,3.6959359500436237,63.83873140600351
Prowarden,3.6935486495218424,3.6935486495218424,60.90974347022731
Banish,3.686914546877336,3.686914546877336,42.11951708212745
Bodywise,3.684847407942703,3.684847407942703,56.229126169653995
Nonprofession,3.6796199829351544,3.6796199829351544,48.246962625391376
Ernest,3.673764957808805,3.673764957808805,65.39756074130413
Jigget,3.6562452040325377,3.6562452040325377,87.27023123650895
Barkstone,3.6378535410487847,3.6378535410487847,56.38313230396179
Chechem,3.6304071738504273,3.6304071738504273,82.52260470048793
Heresiologist,3.6220205190599235,3.6220205190599235,82.32919523383235
Teamwise,3.6142412680931217,3.6142412680931217,75.074290019717
Aptnesses,3.6138652044414177,3.6138652044414177,46.61698299525916
Pronouncer,3.585488261798995,3.585488261798995,49.447876908792345
Marshlands,3.5812344339524285,3.5812344339524285,41.83872487637785
Chondrectomy,3.5780465362831855,3.5780465362831855,52.20719778876274
Quantimeter,3.5736427775125383,3.5736427775125383,55.61566129655497
Miliary,3.570385933724623,3.570385933724623,62.346352701704475
Yellowman,3.557485221946683,3.557485221946683,56.21609767133216
Gemmologists,3.552860666943608,3.552860666943608,42.783338995399205
Skimmings,3.5446365498433283,3.5446365498433283,84.06592847909494
Circaetus,3.540153162839093,3.540153162839093,73.81883422913563
Lawsuits,3.5308400140124783,3.5308400140124783,49.719760228181926
Ephoral,3.526776048089949,3.526776048089949,81.1696509179897
Nonlicit,3.5244776899231796,3.5244776899231796,71.21863928808186
Quixotry,3.5241197054120854,3.5241197054120854,71.77557439201107
Hubbub,3.520731207237997,3.520731207237997,54.5557903491032
Stronghand,3.5182296150212418,3.5182296150212418,72.64186774359639
Postdiastolic,3.517456265972402,3.517456265972402,66.52865469758459
Toastee,3.515229981397129,3.515229981397129,91.27641403688712
Canoeist,3.51345181059524,3.51345181059524,50.54629235105923
Haoles,3.513351454251699,3.513351454251699,72.86939541161411
Extensor,3.5133252059838123,3.5133252059838123,47.16668992381172
Scaphion,3.5085217380429485,3.5085217380429485,57.70975817078415
Acupuncturists,3.502112706322149,3.502112706322149,45.155043527273435
Inexpensive,3.4981195410450843,3.4981195410450843,44.78348051462587
Epistemologist,3.494315213607696,3.494315213607696,61.632715814330496
Dispassion,3.4897594513040957,3.4897594513040957,47.96986783776985
Petrogenetic,3.487813688586648,3.487813688586648,59.32177325232722
Acroatic,3.4875507425630596,3.4875507425630596,79.41952066309307
Otectomy,3.483905456203476,3.483905456203476,64.80378248125093
Chaprassi,3.479891598077424,3.479891598077424,79.51922385178767
Metabolic,3.4767894046883674,3.4767894046883674,41.14597401374251
Homonomy,3.471477726330754,3.471477726330754,63.89743488656007
Parody,3.467541462397977,3.467541462397977,45.49529809990863
Postscripts,3.4594850918286375,3.4594850918286375,46.47858323335324
Disunite,3.4468679433486424,3.4468679433486424,95.75891572112933
Megarensian,3.4437884351829067,3.4437884351829067,83.90993636335409
Cornmeal,3.4394988090568033,3.4394988090568033,50.73535862899266
Alumite,3.4260869641376406,3.4260869641376406,52.79038278555148
Erectile,3.4194709456702195,3.4194709456702195,40.16911059771138
Wheretill,3.4176144412510805,3.4176144412510805,124.50007330766245
Gemmate,3.4170435525088187,3.4170435525088187,67.1618338978723
Collyria,3.398613618873814,3.398613618873814,67.68124080688105
Enclitic,3.395554670003756,3.395554670003756,64.91543675398088
Preclaimant,3.3928875166548385,3.3928875166548385,66.64257412814432
Mesopelagic,3.3920090471756383,3.3920090471756383,56.955261022506214
Postface,3.386002266162069,3.386002266162069,45.69898286537303
Bacterioidal,3.3856360024147203,3.3856360024147203,84.07776376706076
Tetrachlorides,3.3833840427788906,3.3833840427788906,60.52249157976742
Dacoitage,3.3796825948698106,3.3796825948698106,123.75494038376227
Galleyworm,3.3754623390277465,3.3754623390277465,63.55041744756481
Traitorwise,3.368572989874879,3.368572989874879,70.92542113441398
Honourless,3.3678831046879623,3.3678831046879623,72.78085223603357
Beqwete,3.360751702322771,3.360751702322771,69.79222248548099
Navels,3.3546992272825578,3.3546992272825578,92.06057082667803
Bitonalities,3.352115617558563,3.352115617558563,76.63020285254262
Degummer,3.339093967269473,3.339093967269473,62.0192596322362
Unpropellent,3.3304072597884837,3.3304072597884837,77.15595260487702
Doctoral,3.3247107138526335,3.3247107138526335,51.334541024635264
Overdebilitate,3.323594916289963,3.323594916289963,66.3344307584099
Anomoeanism,3.3233033636139893,3.3233033636139893,50.29624254740758
Assigns,3.3201200498295385,3.3201200498295385,42.98417504320232
Primogenial,3.3149249500868687,3.3149249500868687,65.21472630776192
Desecrations,3.2883035859535386,3.2883035859535386,48.97217242654148
Applicative,3.287249455438528,3.287249455438528,46.63255471054251
Wavelet,3.2826320335305748,3.2826320335305748,39.78778897457913
Polyglottonic,3.275325990925792,3.275325990925792,68.12094174353238
Sanhedrim,3.2723534895928874,3.2723534895928874,108.67938476769875
Scutch,3.2711361491699535,3.2711361491699535,69.27838669760447
Incunabulist,3.2668015942833035,3.2668015942833035,83.91034832948425
Multiengine,3.2667203443620694,3.2667203443620694,50.77605787007134
Pareoean,3.257267274005296,3.257267274005296,79.86750871350159
Modifies,3.2561857137895958,3.2561857137895958,69.33143493173363
Preacherize,3.255827863906779,3.255827863906779,101.46752860297826
Yeomen,3.255212008924324,3.255212008924324,58.305201622257016
Flexion,3.246168139516175,3.246168139516175,45.81354338945855
Herbaceous,3.243924198012313,3.243924198012313,51.407976022697035
Limace,3.2372082217776805,3.2372082217776805,59.10090547543444
Almsgiver,3.2362191041035127,3.2362191041035127,51.87901975031916
Midlatitude,3.2229411623499176,3.2229411623499176,54.94405652984118
Membranous,3.2216533557100835,3.2216533557100835,65.49308601574546
Chytrid,3.218940886694049,3.218940886694049,48.365534001785505
Flicks,3.212527589970342,3.212527589970342,88.39579934290119
Colonial,3.210799161808953,3.210799161808953,51.23597519352206
Bimetallism,3.2057176070576263,3.2057176070576263,62.6497430683639
Neurology,3.197138040375628,3.197138040375628,44.91972306753451
Rehoist,3.178510548163817,3.178510548163817,84.43278491840141
Dawson,3.176159847730399,3.176159847730399,68.34866827090045
Lymphatic,3.1743081469874475,3.1743081469874475,51.401180530689146
Tillman,3.1739077806071574,3.1739077806071574,54.875179025851786
Intertissue,3.170758022540155,3.170758022540155,71.4667309933284
Presuppress,3.161957278173772,3.161957278173772,88.262782458522
Handlooms,3.1590588976328027,3.1590588976328027,45.33127107175616
Disability,3.1569558584254835,3.1569558584254835,47.393675780004564
Chestnutty,3.153314071424794,3.153314071424794,55.68797174869632
Softie,3.1531971416565767,3.1531971416565767,50.25661244484793
Tetrole,3.149419279033862,3.149419279033862,55.34302171302725
Euclidean,3.1486011569990184,3.1486011569990184,38.65833740190306
Unmonarchical,3.1480561541282546,3.1480561541282546,58.39500731804454
Schemas,3.1369407077476215,3.1369407077476215,48.106005174375625
Theatres,3.13479203833185,3.13479203833185,38.41558149824217
Unvoluminous,3.128088716240018,3.128088716240018,62.02082610147558
Teletactile,3.1209235201094074,3.1209235201094074,90.47869664767917
Lysine,3.120144871437862,3.120144871437862,64.94237670752887
Fimetic,3.1179967478294524,3.1179967478294524,90.38309698997617
Chirographic,3.114308746125718,3.114308746125718,49.55842601985121
Prefurlough,3.1134328596335754,3.1134328596335754,112.28210854107982
Hellholes,3.111544317568243,3.111544317568243,52.63449278114171
Fictionize,3.106195564779808,3.106195564779808,67.88194020848991
Ramekin,3.090186839621024,3.090186839621024,53.313552736583844
Erosional,3.0894810023239616,3.0894810023239616,61.2633117226797
Topographics,3.07312063542725,3.07312063542725,58.6630148909708
Hijacks,3.0704922970253166,3.0704922970253166,100.0374002954348
Sometime,3.067400579958904,3.067400579958904,85.66437801545536
Enervates,3.064711681087794,3.064711681087794,101.68595861021161
Expatriations,3.0635902475879084,3.0635902475879084,79.06348102708625
Econometrician,3.0626290968192293,3.0626290968192293,55.99846882211241
Hydrocarbonic,3.0508390044231093,3.0508390044231093,78.61476788714619
Detenus,3.0422557699321837,3.0422557699321837,57.531910231095374
Outlets,3.041388213270728,3.041388213270728,74.24140689107963
Executorship,3.0377557696342343,3.0377557696342343,104.99923057445572
Tornado,3.0334339241313217,3.0334339241313217,42.61448329504549
Coggie,3.0229423635869535,3.0229423635869535,63.69135525011749
Cervical,3.0197659757108863,3.0197659757108863,40.67022623074121
Fuseboard,3.018757659245448,3.018757659245448,72.0741837199484
Connexity,2.999088851702939,2.999088851702939,51.452885160435194
Collectivize,2.996730312673865,2.996730312673865,61.08545835473447
Decameronic,2.9943561076333123,2.9943561076333123,58.83840718419217
Barbra,2.994002396102153,2.994002396102153,87.33307750081768
Bawlers,2.9898805103076014,2.9898805103076014,60.00823332027578
Perreia,2.986867081831164,2.986867081831164,63.045565823999546
Reassume,2.980670484291594,2.980670484291594,70.4423971178678
Pargana,2.9705418947689846,2.9705418947689846,69.92725260174441
Wither,2.9700881175151035,2.9700881175151035,63.46196775420968
Diamondize,2.9697582698143563,2.9697582698143563,57.85988090178259
Antiquary,2.9630624531777916,2.9630624531777916,56.216736964099596
Quiets,2.9621416281173403,2.9621416281173403,58.265176698409284
Disconsonancy,2.955485059218471,2.955485059218471,57.387155359964574
Adversarial,2.9523455329535397,2.9523455329535397,49.957938173998514
Whitherward,2.9489990710103045,2.9489990710103045,85.49083031132561
Cystoidea,2.944158701387647,2.944158701387647,51.13769027515033
Eurasian,2.94090148647442,2.94090148647442,53.97993980049865
Supercelestial,2.935285805787418,2.935285805787418,64.63336969026854
Pariglin,2.9264463930498734,2.9264463930498734,100.72919369194695
Asphodel,2.9218517022403225,2.9218517022403225,64.67761814255664
Disablers,2.919633225950771,2.919633225950771,79.1703553714159
Nucleophilic,2.9176583995781202,2.9176583995781202,46.19912993156931
Transmuscle,2.9158659587011497,2.9158659587011497,64.83464314144676
Arriero,2.9137994620980945,2.9137994620980945,52.66024348992053
Timerau,2.9114779805293383,2.9114779805293383,90.01284213177051
Swordtail,2.911134311967967,2.911134311967967,45.97127528905469
Sorbate,2.911103233122436,2.911103233122436,85.10345479855147
Enlight,2.908046913323622,2.908046913323622,49.93718549437602
Caldera,2.9039366844080536,2.9039366844080536,49.55636426040505
Phillumenist,2.8965728600703353,2.8965728600703353,89.45073260982021
Ecumenic,2.896400637233345,2.896400637233345,50.90688558881493
Ballutes,2.8953266201760823,2.8953266201760823,102.7523004235646
Sandkey,2.893679993460619,2.893679993460619,90.37958384555935
Crowns,2.893438017894984,2.893438017894984,39.56644596752908
Meager,2.8898770396359583,2.8898770396359583,60.589136626697346
Septate,2.8892150021173744,2.8892150021173744,68.79665396869923
Humiture,2.8875423842653163,2.8875423842653163,62.04045874966149
Empathizes,2.883847918593937,2.883847918593937,56.877220425428966
Easter,2.880922880819104,2.880922880819104,37.131283906754255
Microgauss,2.8788053854255558,2.8788053854255558,59.02817320112111
Hymenopter,2.8713938110646398,2.8713938110646398,45.289498525236795
Slojds,2.869956457268972,2.869956457268972,110.36463352337063
Guider,2.8637400302206326,2.8637400302206326,48.631736072088366
Eclipsareon,2.8566257011823897,2.8566257011823897,114.43529011431127
Potsies,2.852097788935449,2.852097788935449,57.096078575058236
Predacity,2.849819484869452,2.849819484869452,82.10606846791386
Petals,2.84800512865443,2.84800512865443,77.16018226710962
Prisms,2.8456780529627976,2.8456780529627976,44.47220392810987
Misnarrate,2.8427540022015028,2.8427540022015028,83.71500127852448
Unneural,2.8415225630244985,2.8415225630244985,65.36223226435186
Smorebro,2.8393237460952476,2.8393237460952476,77.17570718333961
Metroptosis,2.837326639755929,2.837326639755929,92.40683136608605
Dimmer,2.8366155760740512,2.8366155760740512,46.33275074175472
Bumkins,2.8350863956883625,2.8350863956883625,70.89399777284197
Homeric,2.8311275539397767,2.8311275539397767,55.14895169679831
Neoterical,2.8296514838153852,2.8296514838153852,75.5061842080772
Alnicoes,2.825438078390394,2.825438078390394,77.91822824545142
Discontinuer,2.816055784575574,2.816055784575574,55.818229096192965
Hastile,2.8139608936890808,2.8139608936890808,85.29127491848055
Condemnatory,2.8114184085855425,2.8114184085855425,55.96056504023063
Gateworks,2.809511926674002,2.809511926674002,81.54305844042466
Rivell,2.8068520252942575,2.8068520252942575,52.14363349584459
Postlude,2.802626932902062,2.802626932902062,45.06123522573436
Singles,2.793914008085952,2.793914008085952,48.30017723705961
Excogitates,2.793121295328034,2.793121295328034,139.00087285549034
Recommender,2.7923561757445636,2.7923561757445636,49.900227172673866
Lactesce,2.7922045004929394,2.7922045004929394,92.99574164688765
Aurums,2.79133314098329,2.79133314098329,65.89302686173446
Prolongs,2.772815485287237,2.772815485287237,68.00352733275213
Thoron,2.7727229757846876,2.7727229757846876,60.63015764030342
Kiters,2.7636083518431693,2.7636083518431693,60.51077381898895
Tachyon,2.7620138754718195,2.7620138754718195,51.67258399298764
Enhamper,2.75950518971214,2.75950518971214,81.75428022380144
Copartner,2.7416374295763966,2.7416374295763966,78.85372372835972
Relativistic,2.7353857358342544,2.7353857358342544,48.29874365048074
Reforbid,2.7346510770686794,2.7346510770686794,68.83818089012784
Haemacytometer,2.7280947423293407,2.7280947423293407,63.78160309720475
Juiceful,2.7262213978824383,2.7262213978824383,84.73441140310521
Tribunate,2.726097619795826,2.726097619795826,78.43001299518063
Uncloven,2.7245938126444034,2.7245938126444034,85.73084261624345
Semiclimber,2.7221116118320197,2.7221116118320197,83.35396654158285
Thyreoid,2.719959161601526,2.719959161601526,42.15648507262474
Trafficability,2.716112533450336,2.716112533450336,49.779273293599005
Naturalistic,2.715181658557091,2.715181658557091,54.238395640686086
Pycnanthemum,2.7107403080309793,2.7107403080309793,68.22939753072806
Ectoparasitica,2.7095853037665196,2.7095853037665196,68.97963153557353
Unblindfold,2.708565614628485,2.708565614628485,64.1049020607225
Pawnbroker,2.705132101641335,2.705132101641335,59.341685868003104
Psephitic,2.702752027251319,2.702752027251319,54.55367156798574
Revigour,2.6936459515763254,2.6936459515763254,103.38070856536686
Dyestuffs,2.6912122306026425,2.6912122306026425,63.97633592180007
Laminarite,2.688449257750965,2.688449257750965,69.58608811197327
Grinner,2.6854475560982802,2.6854475560982802,74.41664439336209
Mortality,2.681482163853887,2.681482163853887,46.37550303254986
Wernerite,2.678494051447981,2.678494051447981,62.245563420860556
Distressful,2.6780521012853113,2.6780521012853113,49.45810378637654
Achene,2.672756381074521,2.672756381074521,58.41926361031013
Judaize,2.6709761035691617,2.6709761035691617,54.26518478748083
Brills,2.6671440676263285,2.6671440676263285,49.17801044504873
Filefish,2.665130891384655,2.665130891384655,42.01901601728236
Unshackle,2.6624084100121688,2.6624084100121688,49.051298120792254
Fulminant,2.6593444348001816,2.6593444348001816,49.36456576434836
Gastrin,2.65784108660218,2.65784108660218,44.38299512753519
Ministrate,2.6476600941029043,2.6476600941029043,89.86257312850029
Inaudibility,2.646944486210145,2.646944486210145,55.496787149423135
Porterage,2.6453188347437817,2.6453188347437817,68.91599645376175
Vaccinias,2.6434451528469527,2.6434451528469527,71.82681482090916
Energism,2.6397386858491436,2.6397386858491436,73.36510722751294
Worriecow,2.630499794674485,2.630499794674485,116.25266534202568
Phoneme,2.62825772203826,2.62825772203826,52.328895349401925
Chattelship,2.624082568363134,2.624082568363134,62.16609006987597
Phragmidium,2.61601619464479,2.61601619464479,67.34081191768094
Gunfires,2.614173226420916,2.614173226420916,72.87600475190446
Shapiest,2.6114638716830596,2.6114638716830596,62.958568171092445
Godmotherhood,2.608970877430425,2.608970877430425,51.421835980095864
Interclash,2.599009851542335,2.599009851542335,65.47768161742889
Outwall,2.593060003712818,2.593060003712818,56.330395787849646
Jucuna,2.5882107961232785,2.5882107961232785,69.76102805268178
Resort,2.5855320724527067,2.5855320724527067,51.81593687821016
Prowfishes,2.5851459400308805,2.5851459400308805,80.18899445667662
Padcloth,2.5848064329686387,2.5848064329686387,42.53563557511629
Eyedroppers,2.578986742964541,2.578986742964541,61.859271983079786
Ectoparasitic,2.5764394182178787,2.5764394182178787,57.34386866321765
Noncyclic,2.5755868212566493,2.5755868212566493,83.02682200726376
Glover,2.573400472838037,2.573400472838037,62.84906313557537
Poales,2.571688339612617,2.571688339612617,103.55634863248756
Antipapacy,2.571560926023471,2.571560926023471,76.61093490950879
Sharkful,2.570698972258609,2.570698972258609,67.5948189190212
Dublin,2.5634855871893434,2.5634855871893434,49.9771160759879
Doornails,2.5629653580007603,2.5629653580007603,56.180646462948644
Tolerators,2.5562888463791307,2.5562888463791307,57.7649462651706
Enravish,2.5551603911718743,2.5551603911718743,66.27404953579364
Disloyalties,2.5524054202976307,2.5524054202976307,58.131032965339756
Bandpass,2.5504911123350076,2.5504911123350076,45.11007318226445
Brazilite,2.543606845999462,2.543606845999462,53.8487964622202
Nondemand,2.5352896860283627,2.5352896860283627,68.78284541473458
Overhip,2.5330042931702277,2.5330042931702277,57.813692083053866
Panegyrist,2.5316256597095914,2.5316256597095914,68.0686660298304
Urostege,2.5313497472815416,2.5313497472815416,74.74849891234176
Photoglyph,2.5306190254876832,2.5306190254876832,75.31440387849068
Lodgeful,2.5302524785062133,2.5302524785062133,59.42830927653148
Ploughshoe,2.5291315865296484,2.5291315865296484,87.71311303925555
Hellenisticism,2.5230459365285323,2.5230459365285323,72.75659570492799
Fluemen,2.5220331685426953,2.5220331685426953,76.08498888373286
Photophysical,2.5210134115469938,2.5210134115469938,55.66996585703733
Retrude,2.518024232751669,2.518024232751669,181.74027606416738
Goupen,2.5178513548222727,2.5178513548222727,82.79115558925338
Lacings,2.513420814727922,2.513420814727922,55.340420981913134
Phenotypes,2.5121700489940872,2.5121700489940872,91.56013726555896
Cryptococcus,2.508198855294262,2.508198855294262,50.87484497252654
Mauler,2.5063357585076456,2.5063357585076456,67.64204720357078
Smallnesses,2.5051422294687256,2.5051422294687256,57.73625223571594
Dhunchee,2.504421327297769,2.504421327297769,70.36076871970883
Pilotages,2.5042834911679,2.5042834911679,48.48838508964557
Alchemic,2.5015505391231176,2.5015505391231176,60.66106602966593
Zibethone,2.4947849259569526,2.4947849259569526,67.42083687018108
Mediumism,2.491092542160627,2.491092542160627,50.915858923576714
Nonmalarial,2.488164442595189,2.488164442595189,71.94461934989708
Periodicalism,2.4787877528681754,2.4787877528681754,59.56114735745151
Itonidid,2.475731073738947,2.475731073738947,95.26931902173065
Lichenicolous,2.4695649493604535,2.4695649493604535,65.14817549096787
Headreach,2.4607005847168644,2.4607005847168644,61.93036007039046
Galvanist,2.451128145644471,2.451128145644471,65.180462281133
Jackboot,2.4446402922866293,2.4446402922866293,56.61607987889801
Slingshot,2.438381296767939,2.438381296767939,62.02047736329705
Moruloid,2.4360217703594134,2.4360217703594134,75.03080529146384
Temptsome,2.435290034023334,2.435290034023334,94.38856832126741
Preterritorial,2.4295775706857854,2.4295775706857854,97.37979043843242
Textiferous,2.4285351196926346,2.4285351196926346,74.27801127360382
Cinnamate,2.4262499552242534,2.4262499552242534,52.00060781205468
Poultice,2.4260593616482935,2.4260593616482935,55.930201476450925
Vishnu,2.4243607613173896,2.4243607613173896,60.12095603547003
Postulance,2.422771682628903,2.422771682628903,58.401054214621404
Populator,2.413661097234713,2.413661097234713,64.80976736616061
Chromograph,2.4098699395768857,2.4098699395768857,53.11911680878057
Reluct,2.408465273595334,2.408465273595334,36.421763609719086
Clavichordists,2.407183694416859,2.407183694416859,64.10619789240944
Enstate,2.406555777849613,2.406555777849613,134.59612201901774
Lignicolous,2.3797955948252976,2.3797955948252976,56.40951464142638
Extrasolar,2.3771272716620477,2.3771272716620477,43.167230661388984
Brevirostrate,2.374720798308541,2.374720798308541,93.00102562549152
Randite,2.372702728130716,2.372702728130716,85.02574397854724
Organotropic,2.367050952932794,2.367050952932794,101.46782395229286
Spacewoman,2.366971995303842,2.366971995303842,75.31690234861743
Microeutaxitic,2.365054536313028,2.365054536313028,58.80270883930804
Immigrations,2.363671318710061,2.363671318710061,48.20649422097543
Oenophilist,2.3512376647121442,2.3512376647121442,60.91950074706963
Discide,2.350644667518246,2.350644667518246,59.38471733390488
Mucolytic,2.3484426738873134,2.3484426738873134,70.03970292180571
Machaira,2.347568941466407,2.347568941466407,62.736321778416475
Dissimulators,2.342438771795324,2.342438771795324,61.03312158931638
Standup,2.3393576650683503,2.3393576650683503,59.224280995621484
Oregonians,2.3363630307195558,2.3363630307195558,37.72549454841534
Emperil,2.3356774646706877,2.3356774646706877,62.53802167942731
Arianizer,2.330209563839618,2.330209563839618,72.11585955240157
Hydatomorphic,2.324899318239018,2.324899318239018,101.978916697417
Lacerate,2.324358374277682,2.324358374277682,61.09361951337088
Sensory,2.319834821029249,2.319834821029249,42.6458150939525
Madship,2.3189386565837813,2.3189386565837813,47.580941126056956
Podargidae,2.314236785439017,2.314236785439017,73.47262118812935
Gazogene,2.313979741756009,2.313979741756009,53.54641685320165
Obovate,2.3126255532235644,2.3126255532235644,55.53480907977474
Updive,2.305598459399228,2.305598459399228,54.76026010395615
Aquinist,2.3041009108460715,2.3041009108460715,113.96220849398095
Proven,2.303016285076537,2.303016285076537,48.517099331387676
Platinammin,2.3010335889317557,2.3010335889317557,90.08936969752213
Enhearse,2.299882591745253,2.299882591745253,70.76100568220214
Plasmolysis,2.297584847564768,2.297584847564768,51.80239568241338
Hemoplastic,2.286838601013262,2.286838601013262,69.50342612848482
Overvalue,2.285968544025613,2.285968544025613,62.66845395281143
Nonclimactical,2.2841701253417033,2.2841701253417033,111.72218837562382
Psychorealist,2.282658364940448,2.282658364940448,55.48788366241396
Prongbuck,2.282107242318448,2.282107242318448,63.55363811138839
Endosymbiosis,2.2810155918536337,2.2810155918536337,44.16804439864852
Bovver,2.2784867574984027,2.2784867574984027,87.42427135091515
Pretechnical,2.2770925943754277,2.2770925943754277,61.11099858920979
Dorsispinal,2.271307161830882,2.271307161830882,63.51231835162935
Anthography,2.2694812221599245,2.2694812221599245,55.79196344042052
Treacle,2.26794070285976,2.26794070285976,62.565272956778145
Syrian,2.2634333938509754,2.2634333938509754,44.79741409599459
Becalm,2.2622962953866343,2.2622962953866343,74.18955531433686
Tautousious,2.2582641880851844,2.2582641880851844,84.07928000405533
Byreman,2.252709394632108,2.252709394632108,110.01162725230547
Innumerability,2.2443828444399863,2.2443828444399863,56.59653545641127
Pollenite,2.2396498054010574,2.2396498054010574,66.24084153803153
Halteres,2.239274073347094,2.239274073347094,58.224914349816444
Unsight,2.2375906677327833,2.2375906677327833,55.25231781356131
Frankfold,2.2366526184312945,2.2366526184312945,112.79466925730657
Rudimentary,2.229312980414977,2.229312980414977,62.82423853638421
Mitrate,2.2273889296971627,2.2273889296971627,107.97753223703347
Ichthyosaurid,2.224186017730836,2.224186017730836,57.46677499025197
Alterations,2.2221574552980443,2.2221574552980443,62.93914101820731
Sphyrapicus,2.2173594718668412,2.2173594718668412,104.54673998319599
Buhrstone,2.2154980690251667,2.2154980690251667,63.40725676279547
Wisdom,2.214715550999457,2.214715550999457,48.513792351108805
Percussion,2.2140967431607863,2.2140967431607863,51.47679857918641
Uncolloquial,2.2036316906271867,2.2036316906271867,69.33347042648688
Eclampsia,2.2023542124252296,2.2023542124252296,50.89404289786158
Reliabilities,2.197469058217189,2.197469058217189,49.894414141430836
Doubts,2.19710142877239,2.19710142877239,49.35962521328126
Portunidae,2.1968219596304674,2.1968219596304674,78.28857814543333
Hairwood,2.195083476321314,2.195083476321314,57.18957912855099
Garter,2.1923621938127313,2.1923621938127313,49.68222953165794
Ricrac,2.1922068538581168,2.1922068538581168,62.288150640117
Hinderlins,2.1911357344830855,2.1911357344830855,67.22743557059361
Theaterlike,2.1900569769309617,2.1900569769309617,70.69797611679388
Walkingstick,2.1814257422732437,2.1814257422732437,70.00418824333396
Knobby,2.178009003885356,2.178009003885356,57.31353732251228
Heaters,2.171635771102938,2.171635771102938,48.510340899290085
Erithacus,2.170662799917415,2.170662799917415,80.37824781582792
Trichostasis,2.1636530850161186,2.1636530850161186,84.9355320146759
Chitarrone,2.1600793593241736,2.1600793593241736,71.82862444786582
Derere,2.151171241918869,2.151171241918869,111.72825085625816
Kinsman,2.1506000863030224,2.1506000863030224,70.21720502812342
Husbandship,2.1494753444665866,2.1494753444665866,58.57371823663482
Mycobacterial,2.1458618512188266,2.1458618512188266,46.84032975080344
Upcasts,2.142104774372391,2.142104774372391,48.42483988957487
Australianize,2.1361172718226453,2.1361172718226453,55.02987048652988
Noneugenical,2.134970127126563,2.134970127126563,88.96502345132848
Blatterer,2.1337873714345084,2.1337873714345084,113.93033587264262
Gunarchy,2.1322933230685153,2.1322933230685153,100.87523875932332
Nondiagonal,2.1320865745544126,2.1320865745544126,58.002528080245646
Polyblast,2.119718852177033,2.119718852177033,86.6593142998235
Chrosperma,2.119240181536769,2.119240181536769,46.84197059283974
Benjamin,2.1186023589552407,2.1186023589552407,60.58918340771561
Numskull,2.1112283349723975,2.1112283349723975,64.07343891822666
Borophenylic,2.1056093734346644,2.1056093734346644,74.03682965984274
Termites,2.100657807990864,2.100657807990864,41.86105605338295
Lotuslike,2.09907359990005,2.09907359990005,55.18277217951476
Caricaturists,2.0987230448799075,2.0987230448799075,50.50532625610365
Pyelometry,2.090745444658254,2.090745444658254,50.4928440908603
Undissonant,2.084539408543836,2.084539408543836,93.13129971762342
Eupnoea,2.082241376864913,2.082241376864913,125.0003434934544
Vendee,2.0813899556076967,2.0813899556076967,90.6343577648315
Involutory,2.0800644510407724,2.0800644510407724,58.26924915703591
Swanker,2.0760921268029815,2.0760921268029815,90.18298865624055
Deathful,2.073835772567012,2.073835772567012,53.0901840041393
Sprain,2.0720705925110616,2.0720705925110616,52.16208725210563
Chitarrino,2.070590695024855,2.070590695024855,62.543816285203526
Haulages,2.0653188818258554,2.0653188818258554,59.42301721485058
Drepaniform,2.0596589261784795,2.0596589261784795,72.35051148611264
Stereography,2.0595093410496372,2.0595093410496372,54.76054507673319
Febricide,2.052684666484155,2.052684666484155,50.503166962905915
Oviparous,2.0495928971194406,2.0495928971194406,56.05999161640244
Phosphamic,2.0484711168409886,2.0484711168409886,56.77018736946054
Epicardial,2.038002347789375,2.038002347789375,67.26316437724655
Oosporange,2.0317529771571405,2.0317529771571405,118.76886423989586
Juggins,2.0304259741144706,2.0304259741144706,67.16034547862864
Demulsifier,2.0295820621860137,2.0295820621860137,52.415984749978136
Fiberizer,2.026163827692847,2.026163827692847,60.81273018573718
Bequest,2.0222044373982464,2.0222044373982464,44.245461768993955
Transcendible,2.0205784917360248,2.0205784917360248,73.1882841807835
Placaters,2.017287363376214,2.017287363376214,52.19673672335195
Bloodsuck,2.014819717196689,2.014819717196689,45.30993128164002
Tiglinic,2.0107614513627268,2.0107614513627268,66.18885742334844
Redintegrator,2.0078909833849052,2.0078909833849052,170.45324531598527
Sartorius,2.0059424254041676,2.0059424254041676,52.114995014691694
Kindlier,2.001656035522995,2.001656035522995,65.06649351118125
Nakeder,1.9992570655034123,1.9992570655034123,70.47440173227203
Dovens,1.995802158854872,1.995802158854872,72.02284795965275
Swordman,1.9910490133932228,1.9910490133932228,54.2619073984291
Disarmer,1.9816977451339737,1.9816977451339737,58.551072335588756
Ovoviviparity,1.9737235450984287,1.9737235450984287,65.4878604800906
Prosuffrage,1.9701882463791356,1.9701882463791356,141.45549015576432
Codebooks,1.967644206738166,1.967644206738166,43.74424520368261
Viniferous,1.9635440111346902,1.9635440111346902,57.75084662444441
Diactine,1.9613509568755227,1.9613509568755227,75.58218867279069
Tamulic,1.958647641450436,1.958647641450436,65.47551701488173
Pictographic,1.9580145711271495,1.9580145711271495,52.80842801425464
Submerse,1.9576825223111531,1.9576825223111531,56.3062426852971
Retwists,1.9545676116434076,1.9545676116434076,70.40667408569801
Betatrons,1.9541263146840366,1.9541263146840366,52.812463701173954
Solidus,1.9508284815673953,1.9508284815673953,58.233748409135515
Squillitic,1.9497461214304217,1.9497461214304217,74.86800758322171
Squawkiest,1.947770117943529,1.947770117943529,65.08582771568783
Kodaker,1.947631120937141,1.947631120937141,66.8570922573564
Insteam,1.945717526481887,1.945717526481887,114.37007524010284
Queller,1.9435554552254002,1.9435554552254002,73.92756725820566
Negritize,1.937106741640871,1.937106741640871,64.1849824073133
Catechistical,1.9345369751432129,1.9345369751432129,73.59641877539968
Psychotheist,1.9334670417833986,1.9334670417833986,94.95300733306343
Subversives,1.9320993435577856,1.9320993435577856,57.800826007691796
Towheads,1.9261828544824047,1.9261828544824047,70.94852303798582
Docudrama,1.9180342305507512,1.9180342305507512,44.35111493010734
Salesmanship,1.913898875654741,1.913898875654741,46.2930502974444
Postliterate,1.9102477301510037,1.9102477301510037,65.37882735819491
Saponine,1.90639151040435,1.90639151040435,50.38790627516451
Newcomer,1.9050491982552356,1.9050491982552356,68.8530335675574
Gaffsail,1.9013564806584569,1.9013564806584569,147.12909611526226
Caesural,1.8936023700571079,1.8936023700571079,61.517763105089614
Prevaricator,1.8898745408189743,1.8898745408189743,72.70859198946995
Manubaliste,1.8888792377709334,1.8888792377709334,199.24588457011885
Rhabdomantist,1.888286618694495,1.888286618694495,84.90571344027794
Saturnine,1.887419803873464,1.887419803873464,119.41462872156696
Revolute,1.882646632150889,1.882646632150889,54.48227200019248
Denationalize,1.8789401640638383,1.8789401640638383,81.71811783399025
Nonambitious,1.8755850250046562,1.8755850250046562,59.50497336961039
Serbonian,1.8745092260997547,1.8745092260997547,92.81493130467588
Bootlaces,1.8669080327194691,1.8669080327194691,49.081957423510644
Taxameter,1.8635762609017275,1.8635762609017275,50.429216143359625
Hereticate,1.8596484875654673,1.8596484875654673,65.82581126572258
Uninterruptive,1.8588000256180703,1.8588000256180703,72.14330082584853
Cierzos,1.8524420769434027,1.8524420769434027,76.0104871080746
Dibstones,1.8514890985731758,1.8514890985731758,67.50819284499099
Figurants,1.8481334022005482,1.8481334022005482,81.89480001779614
Assentient,1.8411940456138676,1.8411940456138676,98.77634376307189
Nestings,1.8349831508315932,1.8349831508315932,75.00931440434951
Zoogamous,1.8349034287469776,1.8349034287469776,85.81953944533694
Presets,1.8332197234673087,1.8332197234673087,38.85331477535161
Contemplatist,1.831620040804166,1.831620040804166,93.42364432725253
Junkyards,1.8271409644384033,1.8271409644384033,51.91278151095059
Dielectric,1.8253940481868285,1.8253940481868285,45.34723513706862
Chavantean,1.8227392308869588,1.8227392308869588,72.44726517111094
Antipass,1.8217277886967798,1.8217277886967798,60.643763877725185
Pawnors,1.8209356297549024,1.8209356297549024,76.99582922478186
Recodifies,1.820210990386859,1.820210990386859,153.411109913423
Kibitz,1.8154226433722729,1.8154226433722729,62.12466135432689
Internuncios,1.8110862299541253,1.8110862299541253,49.093357929261025
Tiglon,1.80765284685811,1.80765284685811,61.65899162376026
Chetrum,1.804402513091429,1.804402513091429,79.23711215463581
Secularize,1.8024235353508904,1.8024235353508904,70.03930519068805
Pressmark,1.7991322319055965,1.7991322319055965,83.3458180758046
Chugalugs,1.7965130894846975,1.7965130894846975,67.01012345262225
Carryings,1.7875482467973631,1.7875482467973631,75.36265434449714
Physiatrics,1.786274428078951,1.786274428078951,68.66037862819647
Perigenital,1.7802250540355955,1.7802250540355955,63.180945508877805
Scalds,1.7800626053443975,1.7800626053443975,78.43371413260334
Peritoneopexy,1.7777233862468536,1.7777233862468536,55.89519784899516
Epiperipheral,1.7678829077571887,1.7678829077571887,69.48879330916223
Sialoschesis,1.7664645374893706,1.7664645374893706,87.6928571870034
Rebathe,1.759366693637659,1.759366693637659,61.02299351973508
Maintenances,1.7577525314039348,1.7577525314039348,58.72157463138018
Persecutional,1.7560423620713335,1.7560423620713335,95.20268061864432
Bloodlettings,1.7505798695632926,1.7505798695632926,48.30746607536803
Goitrogen,1.7467862316495415,1.7467862316495415,49.51944663073113
Bittiest,1.7462647860531153,1.7462647860531153,64.38443770452595
Whitestone,1.7433908682384824,1.7433908682384824,57.45713729117059
Fripper,1.743371845014346,1.743371845014346,87.56781119746637
Glaires,1.739819294598385,1.739819294598385,84.64251371905199
Equiarticulate,1.7378619287977775,1.7378619287977775,60.22746638687752
Curtain,1.737814065194841,1.737814065194841,54.3792922377359
Imbrue,1.7303373745932504,1.7303373745932504,63.13932323208979
Leaderette,1.7172908272484508,1.7172908272484508,63.72482209155263
Thrushel,1.716070268413136,1.716070268413136,64.22033810773792
Conditione,1.712375560488489,1.712375560488489,61.18807629519037
Escambio,1.7116242741018266,1.7116242741018266,48.95731919790328
Technonomic,1.7093334097804922,1.7093334097804922,52.4654590191989
Precursors,1.7079354212380125,1.7079354212380125,53.482364941613966
Enkernel,1.7018803059317527,1.7018803059317527,73.36804547705495
Magnetimeter,1.7004144705684798,1.7004144705684798,49.25816059918421
Suprahyoid,1.6959821702714246,1.6959821702714246,57.25599619657223
Constances,1.6958466834874626,1.6958466834874626,98.28425115686683
Sphacelate,1.688170268591242,1.688170268591242,71.0983411559442
Aviatrix,1.6870686538427642,1.6870686538427642,68.2029161101519
Tetrasporic,1.6850776933172977,1.6850776933172977,72.91275974585412
Planariform,1.685074478834624,1.685074478834624,93.34244558117622
Nonsubsistent,1.6846159315838984,1.6846159315838984,73.26188481311934
Peavine,1.683115422878941,1.683115422878941,67.37270011065809
Intermingledom,1.681868053727726,1.681868053727726,68.45624814534756
Choriocele,1.6770194134469327,1.6770194134469327,55.790901934920555
Weirder,1.6705196384527896,1.6705196384527896,87.4622359619981
Organise,1.666560206961168,1.666560206961168,55.98341843484968
Expediential,1.6662087550707425,1.6662087550707425,49.468839154730794
Porphyrin,1.6649118258411741,1.6649118258411741,45.05927367415161
Skilts,1.6640327425559112,1.6640327425559112,57.85994631718728
Mucocele,1.662007562788883,1.662007562788883,46.55301603941968
Indicavit,1.661748108485782,1.661748108485782,108.16774891585004
Feverlike,1.6593181608298195,1.6593181608298195,90.13121936531465
Hawksbill,1.6582258248481854,1.6582258248481854,50.034874363580414
Soffits,1.6568089125773702,1.6568089125773702,59.02924796570886
Sciurus,1.6561779147743088,1.6561779147743088,66.48226738489967
Checkpoints,1.6557709037802175,1.6557709037802175,43.630905357327045
Backcasts,1.6517674805633051,1.6517674805633051,67.08775079970316
Slovak,1.6485178542830528,1.6485178542830528,41.00518647596497
Tarcel,1.6439289291076553,1.6439289291076553,55.32762871706139
Junefish,1.6430806806497438,1.6430806806497438,68.88503054810339
Rosarians,1.6426914369963561,1.6426914369963561,54.87627793537215
Adaxial,1.6372463523279746,1.6372463523279746,59.91375937684324
Liveyer,1.6361572300958978,1.6361572300958978,92.12707192699044
Pyropuncture,1.63478716011902,1.63478716011902,63.02232622036682
Forelimbs,1.6329631770758581,1.6329631770758581,42.26911275204261
Ectocarpus,1.6328839194536662,1.6328839194536662,67.92825050599174
Formulators,1.6291404698009364,1.6291404698009364,46.97006508634711
Filthless,1.626631707401978,1.626631707401978,63.58019757396414
Dislocator,1.6251292072547927,1.6251292072547927,72.15815337002618
Jarvies,1.6162041929152393,1.6162041929152393,63.372062124772945
Calotypist,1.6156235090021571,1.6156235090021571,119.97419526387384
Reenter,1.6116148684551526,1.6116148684551526,70.36361713644332
Foredates,1.6087472412287078,1.6087472412287078,74.27174897935011
Varieties,1.6087269052115758,1.6087269052115758,53.15127390492581
Coxankylometer,1.606776235201398,1.606776235201398,66.12341935581738
Papillomatosis,1.6052072787683862,1.6052072787683862,89.67393831047875
Tenuirostral,1.6017251795717735,1.6017251795717735,80.9036665850097
Vocalistic,1.5985791814495323,1.5985791814495323,68.43849982409088
Radiotracer,1.5975845479489617,1.5975845479489617,53.196592017836274
Oryzenin,1.5966374351549766,1.5966374351549766,77.77738490304297
Xenophoridae,1.5949358640311546,1.5949358640311546,68.5795386335913
Caecotomy,1.5938825377883883,1.5938825377883883,75.19396210543498
Floorhead,1.5903415892149453,1.5903415892149453,83.75443323193447
Conoidic,1.5879656734781185,1.5879656734781185,54.89867013883354
Unriddles,1.5872782259412648,1.5872782259412648,76.81450595444345
Reticle,1.5866030422496946,1.5866030422496946,46.771687057838115
Ireland,1.5827264004198516,1.5827264004198516,38.86586707945424
Dromical,1.5823590332332795,1.5823590332332795,74.77251112971139
Technics,1.574385988877371,1.574385988877371,66.96383231411569
Hydrogens,1.5730043647710785,1.5730043647710785,51.46150377604905
Plotless,1.5655010564677343,1.5655010564677343,76.76931717208961
Coyotes,1.5623058393055382,1.5623058393055382,43.79052058513585
Eclogic,1.5620490569192442,1.5620490569192442,51.547512300605334
Diaphoresis,1.559285291582806,1.559285291582806,71.62005157891105
Semiclose,1.5568219490097037,1.5568219490097037,63.960744684986075
Predoctorate,1.5525661021436874,1.5525661021436874,57.34885083465991
Shrubland,1.5501680037138614,1.5501680037138614,49.59342035165351
Artifex,1.545231066436784,1.545231066436784,63.63724282049763
Flavours,1.533802362282668,1.533802362282668,50.42729312021604
Lollup,1.5305534877402536,1.5305534877402536,62.455495173710034
Jacobinism,1.5217310388067038,1.5217310388067038,57.89124036029868
Lissotrichy,1.5167005021622795,1.5167005021622795,58.623658907670496
Reperfume,1.5129242972236756,1.5129242972236756,84.5532708873846
Supersafe,1.5106617228300032,1.5106617228300032,68.78650957627087
Enswathe,1.5093392402457804,1.5093392402457804,68.79214390435058
Quatrocento,1.5042525709973538,1.5042525709973538,69.00075970563988
Poloniums,1.50238191588359,1.50238191588359,64.32323352352927
Avanturine,1.4973803969943866,1.4973803969943866,60.98471000335706
Antivirotic,1.4933171216828598,1.4933171216828598,73.05801725509167
Melanopathia,1.4852029070853545,1.4852029070853545,90.31707690962155
Alphosises,1.4838039210631604,1.4838039210631604,67.6920019994128
Uromere,1.4764300254195226,1.4764300254195226,71.55390050893041
Pseudoform,1.475776015348127,1.475776015348127,56.350282499391575
Psychobiology,1.4751943021503822,1.4751943021503822,61.471127895775346
Propacifist,1.4732074320264739,1.4732074320264739,77.5529510718072
Unaspersive,1.4681592129942953,1.4681592129942953,77.57377347707637
Lifeward,1.4661249230169149,1.4661249230169149,57.907116630261925
Disprofess,1.4613882513392857,1.4613882513392857,64.64205407114362
Cutwal,1.4610353643668545,1.4610353643668545,70.30763802561562
Kinaesthesia,1.4604527704979882,1.4604527704979882,48.0127940017808
Pentadicity,1.4537947221535878,1.4537947221535878,61.1819073643017
Excarnate,1.4490061424155696,1.4490061424155696,67.49167582362942
Omnipotent,1.4463925922602447,1.4463925922602447,55.64184934220134
Dekametre,1.4462768721835026,1.4462768721835026,81.04379447980565
Cherry,1.4455964708024218,1.4455964708024218,62.39752837705143
Irresponsive,1.4447914644178317,1.4447914644178317,78.54569594939483
Nybble,1.4394843487209639,1.4394843487209639,47.7480522802318
Sunnyasse,1.4350663375710422,1.4350663375710422,87.06205253858107
Unpenitential,1.4349265830135962,1.4349265830135962,56.45481177715011
Airiferous,1.4336016950621584,1.4336016950621584,61.909750649573645
Bisetose,1.4325296178752889,1.4325296178752889,86.93862274585727
Forebode,1.4324890559293946,1.4324890559293946,46.907402994636804
Sideroxylon,1.4254219734000444,1.4254219734000444,61.69506663255433
Barony,1.4216959997396288,1.4216959997396288,57.311374887313896
Chewiest,1.4198884790856114,1.4198884790856114,51.17450883787182
Decoat,1.4189557899385954,1.4189557899385954,59.56675061730056
Yorker,1.4170751761768063,1.4170751761768063,45.41912392869342
Consent,1.4142349846571896,1.4142349846571896,45.33473332016249
Dipsaceae,1.4024907036214673,1.4024907036214673,88.10545717885745
Perpetualist,1.3996905008217828,1.3996905008217828,59.644839959396094
Enlistees,1.3994409506293664,1.3994409506293664,61.26514821887918
Collard,1.398593994767222,1.398593994767222,45.077253537749556
Stealers,1.3969699024575009,1.3969699024575009,68.70447721088945
Bridgings,1.3960128594858767,1.3960128594858767,59.48598566778755
Hedgebreaker,1.3895009021598972,1.3895009021598972,56.599832598385404
Clubhands,1.3878852922340394,1.3878852922340394,54.029419174411615
Zombies,1.3812660195816693,1.3812660195816693,49.167790320281725
Redelivery,1.3807117021131226,1.3807117021131226,59.21579361194326
Plowwise,1.378132371659012,1.378132371659012,75.29008046224732
Checkups,1.377431874299221,1.377431874299221,55.588326980135655
Squirreltail,1.3767589312920026,1.3767589312920026,50.24829545670124
Betises,1.3763823610000663,1.3763823610000663,83.20600319010843
Undershapen,1.3751740431773232,1.3751740431773232,78.24470053619252
Hypsophyllary,1.3741544688050615,1.3741544688050615,80.93000500784362
Outdraw,1.3732608302057598,1.3732608302057598,81.08024185937143
Breech,1.3705880769393473,1.3705880769393473,50.1589196962338
Sankhya,1.366801306424316,1.366801306424316,87.70980470927393
Catalogers,1.3610972965688137,1.3610972965688137,45.734010670429306
Abaxile,1.3606169514819444,1.3606169514819444,76.75465978279617
Vasospasm,1.358974632714636,1.358974632714636,65.67512505811867
Perfects,1.3560887997349462,1.3560887997349462,66.37723016523054
Incomings,1.3547448949441114,1.3547448949441114,81.47742790149695
Shatan,1.3539687513828085,1.3539687513828085,66.87207158721613
Ichthyomorphic,1.349394880047271,1.349394880047271,66.54466372207591
Celiac,1.3490326164625932,1.3490326164625932,44.10093731513674
Atreptic,1.3485092509253729,1.3485092509253729,65.9023868629624
Expressional,1.347086281801714,1.347086281801714,49.85043112723213
Sarcoadenoma,1.3454297186098647,1.3454297186098647,88.02176684128769
Ascomata,1.3447018788287288,1.3447018788287288,62.67916834366375
Imbiber,1.343346725120406,1.343346725120406,100.14093015097492
Xanthinuria,1.340605571335936,1.340605571335936,60.947783008686834
Cnidophobia,1.3355501157423322,1.3355501157423322,134.8620031657547
Totery,1.3354249726828131,1.3354249726828131,66.60531659817623
Ohmmeters,1.3350007390295562,1.3350007390295562,75.24986362134773
Epochs,1.3337522710190106,1.3337522710190106,47.82755101031768
Oxalacetic,1.3328019961060862,1.3328019961060862,61.42247711040899
Haulmiest,1.3265345471106298,1.3265345471106298,75.77828740546849
Spadones,1.3219486018135926,1.3219486018135926,109.61480865590838
Kendir,1.3197140321518332,1.3197140321518332,71.73379271301071
Narcissistic,1.3194335662847179,1.3194335662847179,53.94872558448666
Conormal,1.310651542209861,1.310651542209861,59.78131222430741
Outsift,1.3104239970619547,1.3104239970619547,78.85952520566921
Conatural,1.3097932346485361,1.3097932346485361,66.6877970975196
Preexecutor,1.3074097858363514,1.3074097858363514,50.910872376056666
Pterodactyls,1.3054340629721484,1.3054340629721484,40.093022274334004
Duffels,1.3049691590569672,1.3049691590569672,57.87685624431164
Laccoliths,1.3047752269337134,1.3047752269337134,60.62588150912305
Taurotragus,1.3015488690410422,1.3015488690410422,76.43961466168308
Tanneries,1.29972641637076,1.29972641637076,42.50454328712997
Oversells,1.2982178459181428,1.2982178459181428,80.71953797472608
Rencontre,1.296638748934559,1.296638748934559,69.04366478594305
Metranemia,1.2901236372518157,1.2901236372518157,89.37612998787479
Flavory,1.2838903816165932,1.2838903816165932,59.947549128668165
Pencilwood,1.2751001376792175,1.2751001376792175,52.44635473032275
Rockfishes,1.274046412749838,1.274046412749838,53.82797559248247
Gangrels,1.2736777552642387,1.2736777552642387,76.92424758656266
Stimulations,1.2728342854693384,1.2728342854693384,63.75188624679361
Frouziest,1.272552333620772,1.272552333620772,81.67767663011546
Precis,1.2715499520562115,1.2715499520562115,58.64209799849504
Trademaster,1.2700118442613089,1.2700118442613089,64.03671846306823
Puberal,1.2672215960931759,1.2672215960931759,55.464245942317355
Unspatial,1.2656305749426855,1.2656305749426855,62.554522135835
Sonatine,1.264930588101988,1.264930588101988,59.67310538366367
Antiglobulin,1.2633344334627141,1.2633344334627141,53.89854692028854
Carryovers,1.262921362419633,1.262921362419633,51.71946563101625
Relationals,1.2580666838284107,1.2580666838284107,46.55604628052109
Scoopfuls,1.2550758710161722,1.2550758710161722,66.28958047927166
Vaultage,1.2535558684604766,1.2535558684604766,88.20949902415207
Nonfighter,1.2535200918716354,1.2535200918716354,74.35532604027667
Pterodactylus,1.2472110825907987,1.2472110825907987,57.844420860310244
Fanons,1.246987180242843,1.246987180242843,63.11276279875098
Oblata,1.244627181454577,1.244627181454577,74.94537747809098
Scholiums,1.2429981949057791,1.2429981949057791,118.80178924830956
Scandinavians,1.2429869580431532,1.2429869580431532,49.15010659456812
Neopaleozoic,1.2385506815612584,1.2385506815612584,51.307776158386126
Premies,1.2345013302614964,1.2345013302614964,71.74643460428776
Allomerous,1.2332082174926704,1.2332082174926704,74.15347600345066
Clumsiest,1.2323061797004677,1.2323061797004677,66.11285172223899
Dollhouse,1.2308035865338707,1.2308035865338707,61.74600879854933
Tinctures,1.2283585446389402,1.2283585446389402,40.34474183689122
Foldskirt,1.2274672481827786,1.2274672481827786,70.01318088967518
Overmonopolize,1.227309340778603,1.227309340778603,96.77053026605604
Nasality,1.2226800159261788,1.2226800159261788,53.68317616176929
Auditual,1.2226370968032554,1.2226370968032554,59.60941726438531
Bunglings,1.2205755176353454,1.2205755176353454,86.45662291572393
Cuarteron,1.2199738220440701,1.2199738220440701,89.05466604354265
Encephalocele,1.2198492993204852,1.2198492993204852,53.93103469712263
Urbaner,1.2179313011139212,1.2179313011139212,52.181827018570395
Neolalia,1.2178525234601314,1.2178525234601314,55.66242023383799
Hooven,1.2157062471497666,1.2157062471497666,69.95772590466227
Verandas,1.2156218466599802,1.2156218466599802,48.10696499700915
Tallnesses,1.2152467577132677,1.2152467577132677,71.67107899045023
Omnivision,1.2093452878626028,1.2093452878626028,55.82970252608926
Kieserite,1.2072817568121377,1.2072817568121377,73.79965846080653
Substyle,1.2058597914990992,1.2058597914990992,46.297678493869576
Autogenous,1.2027041822505868,1.2027041822505868,81.66131208858215
Lifeleaf,1.201508623020641,1.201508623020641,59.71527480608966
Lowder,1.1991619270073475,1.1991619270073475,63.20709813840306
Polygenesist,1.1978179787732397,1.1978179787732397,80.88744562262562
Calles,1.1928816507831568,1.1928816507831568,74.35490154051455
Gratias,1.1921810912464297,1.1921810912464297,64.92932284577734
Arrestant,1.190497026027507,1.190497026027507,80.69999315263804
Quadrifilar,1.1893174766459933,1.1893174766459933,102.22125682045635
Planigraphy,1.1888061429351717,1.1888061429351717,53.97975388892222
Oxtongue,1.1882364331054531,1.1882364331054531,64.98430899133363
Monolithic,1.1880539567127064,1.1880539567127064,51.60137865497813
Unperforative,1.1875409800482668,1.1875409800482668,92.97012746661484
Harrycane,1.1869092326249742,1.1869092326249742,68.43631028641437
Playfield,1.1864837611786794,1.1864837611786794,43.66835638540461
Virile,1.175647972019679,1.175647972019679,99.53946727875923
Budgies,1.1756213204714143,1.1756213204714143,43.718531637109585
Enchannel,1.1730118470971318,1.1730118470971318,59.16631235771352
Steelhead,1.1700205248253654,1.1700205248253654,43.281266312738026
Indoctrinate,1.1667436167727547,1.1667436167727547,68.40639609810916
Producers,1.1638149202904107,1.1638149202904107,45.088716303940544
Gadger,1.1632998099636167,1.1632998099636167,63.565541679731716
Overjust,1.1625749167976165,1.1625749167976165,69.1417216754161
Pyuria,1.1607581319524198,1.1607581319524198,45.52728274349928
Metallize,1.1589689157069414,1.1589689157069414,56.061832041293734
Foreteeth,1.1462572984636692,1.1462572984636692,47.603021793276
Boothes,1.1443284249514087,1.1443284249514087,96.86772067079868
Houtou,1.139196362178542,1.139196362178542,67.27234074065754
Rudbeckia,1.1377106982716922,1.1377106982716922,55.76852861111415
Theatrograph,1.1359386643293918,1.1359386643293918,63.14147419778896
Chitimacha,1.1284041252718156,1.1284041252718156,68.52311997449486
Ataxiagram,1.1271559814983707,1.1271559814983707,78.85645651684229
Naturelike,1.125974699250651,1.125974699250651,62.25555160804202
Nomina,1.1162990435316487,1.1162990435316487,64.09796138159514
Swertia,1.1101531781998821,1.1101531781998821,69.88546489578655
Ecstatic,1.1068293470726107,1.1068293470726107,49.249035800393195
Polypi,1.0996711642480403,1.0996711642480403,62.61531992317918
Connecters,1.0991491429557365,1.0991491429557365,54.906869660817286
Nonemulative,1.0989858058292752,1.0989858058292752,93.20036943186426
Triverbial,1.0981141484261923,1.0981141484261923,72.43372333295697
Gaggler,1.0969245752681547,1.0969245752681547,76.72705768559453
Messianism,1.0906269654529726,1.0906269654529726,58.2009177660786
Narine,1.0896982965090098,1.0896982965090098,61.52247114001501
Gadite,1.0866253877381526,1.0866253877381526,75.62376975121502
Salvors,1.080668608628649,1.080668608628649,54.95069518836562
Ferries,1.0789946972545308,1.0789946972545308,43.52685671577038
Unconvenience,1.075496290287581,1.075496290287581,52.835089507436656
Pallial,1.0740464412702713,1.0740464412702713,75.05309511651268
Glauke,1.0728125605670709,1.0728125605670709,54.00698406641721
Overbrutality,1.0720767507985447,1.0720767507985447,71.19034404602615
Aftermost,1.0672119822479598,1.0672119822479598,111.40291603357541
Calcitrant,1.0633949765695334,1.0633949765695334,61.509533905641234
Glitterance,1.0625744527940193,1.0625744527940193,47.5263584669044
Unresidential,1.0616273823850837,1.0616273823850837,50.008381757624946
Unsnap,1.0577330845042638,1.0577330845042638,73.95281586354811
Arbours,1.0571273633606715,1.0571273633606715,50.585391591299526
Sickroom,1.0569435600471755,1.0569435600471755,64.27215230290669
Kulturkampf,1.0563874040012888,1.0563874040012888,57.64203138345588
Nonconsent,1.0558446415781824,1.0558446415781824,58.04135307753462
Sermonish,1.0528427149296709,1.0528427149296709,65.32263546321569
Ordain,1.050587577955319,1.050587577955319,72.89179727326189
Opsins,1.046633661107303,1.046633661107303,61.283654407117076
Pluriparity,1.045084410875495,1.045084410875495,127.8570686203656
Overfit,1.042770062077526,1.042770062077526,57.03376637549411
Platings,1.0407079824321839,1.0407079824321839,43.18866105153458
Crossline,1.0383227130019326,1.0383227130019326,59.14043263679426
Disconnections,1.032584343595324,1.032584343595324,44.51676774855815
Invectives,1.029198799912508,1.029198799912508,89.95272236830536
Chevrolet,1.0248903233320104,1.0248903233320104,60.479274705812664
Armories,1.0247660872959923,1.0247660872959923,50.51172888324954
Tackleless,1.0207243267137158,1.0207243267137158,57.162698658738734
Shandy,1.018232244170849,1.018232244170849,57.0811510446947
Deaneries,1.000710056491859,1.000710056491859,52.19704865600555
Captivates,0.9941776719485833,0.9941776719485833,76.49505336283795
Inability,0.9915749990703404,0.9915749990703404,57.43971273070686
Untune,0.9914371880850845,0.9914371880850845,62.74697612515674
Piscary,0.9905050488568237,0.9905050488568237,82.28814700324408
Kiteflier,0.9899849246196288,0.9899849246196288,116.67906083857814
Relubricate,0.985060508643232,0.985060508643232,64.89279762740127
Impressionists,0.9825214544818559,0.9825214544818559,41.78258636698087
Valuta,0.9794058825145151,0.9794058825145151,53.5140107507828
Foreheads,0.9792220566534291,0.9792220566534291,55.889426314758175
Precisionism,0.9747802771828769,0.9747802771828769,50.54325822256262
Dumfounds,0.9732418180439673,0.9732418180439673,81.93550199170006
Skilfish,0.9708540988500728,0.9708540988500728,68.26778372870795
Phousdar,0.9663468045082033,0.9663468045082033,78.81300552220375
Problematic,0.9652992619526045,0.9652992619526045,49.12197584775451
Oxychloric,0.9638523146754503,0.9638523146754503,54.99272549245296
Viviparism,0.9630566115095628,0.9630566115095628,70.35258276012343
Concipiency,0.9574319458344854,0.9574319458344854,58.015085047346304
Hoplomachy,0.9562575702235504,0.9562575702235504,76.34536683575874
Kippen,0.9492880044442217,0.9492880044442217,64.91813205529722
Terrorless,0.9478301232550431,0.9478301232550431,62.58283375892574
Queenlike,0.9434650155356809,0.9434650155356809,93.18132644228533
Panchromatic,0.9429526622066622,0.9429526622066622,73.98892224724625
Raunge,0.9414644130142231,0.9414644130142231,137.81100364854444
Warmth,0.9411054609459636,0.9411054609459636,39.87709783497377
Resinous,0.9353963646904921,0.9353963646904921,45.74344496028447
Chloanthite,0.929130440040476,0.929130440040476,115.25641660879448
Depasture,0.9224937497360209,0.9224937497360209,71.1519814212574
Hypogastric,0.9212891240204748,0.9212891240204748,52.06041173484478
Goneoclinic,0.9171947298754397,0.9171947298754397,79.95351322239098
Outthruster,0.9100882242679936,0.9100882242679936,53.31341484699699
Hypobaric,0.9035614072608372,0.9035614072608372,56.961404392205274
Smalls,0.8992793667569103,0.8992793667569103,63.79695894764589
Multigerm,0.8965545713742255,0.8965545713742255,73.33674213055424
Magnetosphere,0.8920505922231928,0.8920505922231928,59.057357212853
Behalves,0.8906250316066754,0.8906250316066754,82.14153860666796
Viduate,0.890389517420401,0.890389517420401,59.56506155417162
Synergic,0.8831738916998526,0.8831738916998526,56.11304084247016
Parapophysis,0.882554400372977,0.882554400372977,68.25700045182809
Cloudage,0.877834811200318,0.877834811200318,136.95221589082973
Schnitz,0.8775428878626,0.8775428878626,73.37792415540756
Cosmologygy,0.8733788534412257,0.8733788534412257,44.63407920179044
Authorizer,0.8732417809634547,0.8732417809634547,48.46002755425939
Prefectural,0.8709040769809011,0.8709040769809011,85.35520767081572
Nebraskans,0.8691485707258273,0.8691485707258273,45.38846312313198
Qualmiest,0.8649563665259495,0.8649563665259495,77.11299463324956
Spirulas,0.8624679907403288,0.8624679907403288,65.00364713184076
Sphenopsid,0.8572001038668261,0.8572001038668261,66.54451636901248
Slotbacks,0.8524514388141085,0.8524514388141085,61.89264894506158
Tyrannophobia,0.8474952551954447,0.8474952551954447,61.20076957337899
Bestraw,0.8469006990947923,0.8469006990947923,82.28068475803418
Palaeocyclic,0.8433416078475493,0.8433416078475493,73.44516646270479
Burion,0.8416327043761586,0.8416327043761586,59.60827161884527
Juggernauts,0.8403447794367248,0.8403447794367248,46.35487238322934
Consummates,0.8373512300742872,0.8373512300742872,58.92022605061902
Unalaska,0.8338075398497452,0.8338075398497452,62.578123210994185
Casper,0.8324146477256478,0.8324146477256478,72.65855030876898
Tettigoniidae,0.8302484000513153,0.8302484000513153,73.07037059379441
Antidotism,0.8296162045632867,0.8296162045632867,96.72302914816989
Confounders,0.8271174319899565,0.8271174319899565,43.41519349711516
Embolectomies,0.8263593063743778,0.8263593063743778,56.14902627160868
Southbound,0.825799278040346,0.825799278040346,55.197963856013985
Introspector,0.8252311844089042,0.8252311844089042,65.48040815847128
Curvifoliate,0.8245751851233439,0.8245751851233439,64.19945975551595
Excepter,0.8174092073752481,0.8174092073752481,73.11876552987894
Trapezium,0.8140848232106261,0.8140848232106261,70.89676023274389
Jukebox,0.8139584241078645,0.8139584241078645,54.87414986097093
Eludible,0.8117226777853535,0.8117226777853535,106.0195791514752
Clubability,0.8103620563688642,0.8103620563688642,67.80202795893044
Amnion,0.8078726368062112,0.8078726368062112,56.19761168307979
Guesdist,0.8072766578393145,0.8072766578393145,65.68457928623206
Diocese,0.8044518624778214,0.8044518624778214,52.103203859596576
Subsecretaries,0.8038607637552548,0.8038607637552548,82.42326000120653
Inefficiencies,0.8031557395498109,0.8031557395498109,46.46444746440403
Nonmorality,0.8024119304364411,0.8024119304364411,56.42684816694814
Tropistic,0.8012322549467302,0.8012322549467302,57.56389301509934
Sparrowwort,0.7979003652475409,0.7979003652475409,51.375207166102875
Detailist,0.7924951728336193,0.7924951728336193,62.10671379158128
Soilages,0.7909024817745274,0.7909024817745274,64.28175051540507
Deificatory,0.7806511819698981,0.7806511819698981,58.994366953628884
Aeromarine,0.7759558522279727,0.7759558522279727,71.31606927654224
Saddlebows,0.7725660062481932,0.7725660062481932,77.66491242218933
Guttee,0.7725090755188144,0.7725090755188144,57.80850378780522
Scatophagidae,0.7723143326803793,0.7723143326803793,57.827257663404765
Precommend,0.7700598562839049,0.7700598562839049,93.774965103575
Blennies,0.7659158278530978,0.7659158278530978,54.98866658466567
Cogman,0.7633881369577935,0.7633881369577935,72.33222919700522
Ninebark,0.763022815766798,0.763022815766798,45.75608541291318
Fetishize,0.7614187758687773,0.7614187758687773,63.968187799021166
Thimbleman,0.7607847071352836,0.7607847071352836,86.23799523245407
Strives,0.7588977845786531,0.7588977845786531,56.61668391507663
Antikinase,0.7555266257667295,0.7555266257667295,87.2264828591412
Waxflower,0.7520340683532433,0.7520340683532433,53.11927420228795
Secretagogue,0.7461211037841518,0.7461211037841518,79.50866153780633
Indoctrine,0.7452552446093781,0.7452552446093781,78.2705866850496
Procacious,0.7451506744235123,0.7451506744235123,59.55743197370516
Hohokam,0.7448138894004344,0.7448138894004344,45.74964352978562
Wiretaps,0.7428697230448227,0.7428697230448227,48.528867476793785
Cheekish,0.742698655457573,0.742698655457573,51.9493811110643
Stemple,0.7405904217795027,0.7405904217795027,66.03138915818617
Camouflage,0.7397208421453076,0.7397208421453076,49.381933710400375
Deitate,0.7390963942938517,0.7390963942938517,59.86746709056868
Cyclamate,0.7383177142005904,0.7383177142005904,57.49375422342742
Dardani,0.7373480952196707,0.7373480952196707,63.568932450997984
Portas,0.7372250404905315,0.7372250404905315,50.84604075033797
Overblind,0.7314649428981768,0.7314649428981768,87.01349957823541
Sholom,0.7300233480731657,0.7300233480731657,56.12095050124878
Ghibli,0.7275037801101267,0.7275037801101267,52.67213792597065
Whippertail,0.7264190825375927,0.7264190825375927,65.03001357726181
Polymorphous,0.7244150525157601,0.7244150525157601,72.24784024461457
Mingle,0.723280973163104,0.723280973163104,81.38285074415415
Ichthyotic,0.7216309062288492,0.7216309062288492,72.7594075517654
Radiochemistry,0.7121008405883487,0.7121008405883487,48.07939121078259
Kvarner,0.7108188865480354,0.7108188865480354,46.687272733896314
Motilities,0.7077883737066234,0.7077883737066234,47.11860706994742
Rebite,0.7024116864365413,0.7024116864365413,63.97168357704394
Inwreathe,0.6970081593765445,0.6970081593765445,77.66823779807797
Fathogram,0.6962839208894133,0.6962839208894133,64.40265031273863
Broomwood,0.6941668503188407,0.6941668503188407,54.194620495243285
Preimpose,0.6887659874564546,0.6887659874564546,65.33566496957151
Capita,0.6864094500476572,0.6864094500476572,74.80781638626341
Brideknot,0.6844152311029669,0.6844152311029669,65.65039251492453
Treponemiasis,0.6816049750772223,0.6816049750772223,55.51648819176202
Fieldmice,0.6802854702079901,0.6802854702079901,44.686076182492364
Multigyrate,0.6791037744994789,0.6791037744994789,81.55576489823842
Parleyer,0.675944978590714,0.675944978590714,83.77035381694093
Augmentor,0.6758185273203574,0.6758185273203574,63.48916155993202
Missionaryship,0.6703966021165169,0.6703966021165169,139.44486564761175
Amphicarpa,0.6702015953851888,0.6702015953851888,78.50306767648604
Cruses,0.6697285319418085,0.6697285319418085,79.99855440412153
Subobtuse,0.6666393314017122,0.6666393314017122,83.31628698053541
Declivity,0.6644135905932806,0.6644135905932806,54.796812239959095
Voices,0.6612839288529999,0.6612839288529999,47.2546837107029
Gladdens,0.660827625236836,0.660827625236836,64.6302807149486
Inducteous,0.6580471373287171,0.6580471373287171,67.34364524355391
Hydrorhizal,0.6525744012222209,0.6525744012222209,96.61385640914158
Isoptic,0.6514274944987946,0.6514274944987946,84.03497071426519
Emmetropism,0.646314122942666,0.646314122942666,94.7017131934436
Samani,0.6443340279611574,0.6443340279611574,54.48496937893163
Oxyamine,0.6439387474005093,0.6439387474005093,59.079277463164296
Badaxe,0.636681197066088,0.636681197066088,82.17156777235465
Evovae,0.6352420996235909,0.6352420996235909,53.349149446372905
Iliadist,0.6270920410949079,0.6270920410949079,54.32381770621997
Undresses,0.6249035076556773,0.6249035076556773,64.98315540123336
Bollards,0.6242463308420686,0.6242463308420686,41.83789045546999
Overwarms,0.6212458888823025,0.6212458888823025,58.022269134393866
Cunnings,0.6151979526008555,0.6151979526008555,60.12454219507383
Formulations,0.6142121635458055,0.6142121635458055,40.369245507724614
Mootmen,0.612548545854379,0.612548545854379,85.92502185188626
Autarkist,0.6099696734300152,0.6099696734300152,62.83426571567853
Hopple,0.6077606520811256,0.6077606520811256,64.15572864216294
Guyana,0.6052853966169595,0.6052853966169595,48.969688074803244
Outvelvet,0.6023711069748018,0.6023711069748018,78.18657482308676
Buggymen,0.6022656628992966,0.6022656628992966,50.4356857565556
Archiheretical,0.5989709425204274,0.5989709425204274,49.87856999912803
Aletocyte,0.5957247012827637,0.5957247012827637,70.43523174177794
Cavalierish,0.5920423336297297,0.5920423336297297,77.5980950461489
Unpoignant,0.5906510776878285,0.5906510776878285,55.35411486421551
Lambdas,0.589310333336803,0.589310333336803,53.00070689280284
Interrenalism,0.5849278047649957,0.5849278047649957,54.101488509375024
Cerolite,0.5842447348340536,0.5842447348340536,54.70226003599097
Methoxy,0.5776281527813322,0.5776281527813322,50.12810579381005
Chamade,0.5762218180580392,0.5762218180580392,50.66899655677391
Octodecillion,0.5751196399174177,0.5751196399174177,74.68397299461006
Oilfishes,0.5751103619149156,0.5751103619149156,70.03664835898822
Rubythroat,0.5730003642181769,0.5730003642181769,62.022160640186264
Overspreads,0.5725035409589622,0.5725035409589622,73.64930844771084
Mastmen,0.5710402733335271,0.5710402733335271,48.359654338557625
Bookwright,0.569729805396557,0.569729805396557,58.05807992751934
Scance,0.5681634882160713,0.5681634882160713,60.783526083784736
Avenue,0.5538355503153958,0.5538355503153958,52.60958122341567
Innate,0.5528824132641225,0.5528824132641225,46.67855177877172
Inworn,0.551599359235723,0.551599359235723,62.8513028523662
Imposts,0.5510683159362045,0.5510683159362045,83.51354744436433
Euryalida,0.5441523177469461,0.5441523177469461,67.45089665446571
Wlatsome,0.5431836421837626,0.5431836421837626,86.157477953301
Beakiest,0.5426994985867294,0.5426994985867294,64.65573454634412
Subpunch,0.5394122789726943,0.5394122789726943,58.31450225215135
Ventrine,0.5383758999501301,0.5383758999501301,69.930841031349
Marbles,0.5325641554345957,0.5325641554345957,79.86759421880117
Loyalties,0.5297549903795239,0.5297549903795239,42.00604037154822
Semiacetic,0.5296570866808948,0.5296570866808948,64.59942614160661
Trainability,0.5267162754030147,0.5267162754030147,68.0547432446691
Bunglesome,0.5265198195416676,0.5265198195416676,71.90879668766587
Diphenyls,0.5260752312411945,0.5260752312411945,65.85062850429654
Velvetwork,0.5243173867616214,0.5243173867616214,89.33963736758061
Decarchy,0.5240826134869849,0.5240826134869849,96.2538979381826
Hypophyseal,0.5206825676818109,0.5206825676818109,74.06848035596408
Uranalysis,0.5143881955747798,0.5143881955747798,73.98283403105165
Betain,0.5122143776016888,0.5122143776016888,56.56101476274071
Oscillometer,0.5115586811250613,0.5115586811250613,54.431897899298484
Assurgency,0.5101825459563807,0.5101825459563807,102.69456838883102
Contraire,0.5031259748613132,0.5031259748613132,70.34459971339798
Pregame,0.5002961050354799,0.5002961050354799,49.91106004146645
Honorarium,0.49949606759444115,0.49949606759444115,50.090180885294146
Hypertensinase,0.49791304953130505,0.49791304953130505,69.22338083663621
Paella,0.49494236663465385,0.49494236663465385,59.05556838306911
Unmilitant,0.4939323292646536,0.4939323292646536,54.639459950758905
Cerulein,0.4921113555515034,0.4921113555515034,49.583204926165834
Wiseacreism,0.49094463014482775,0.49094463014482775,49.96415690836407
Heavenliest,0.48991673564161,0.48991673564161,60.787626107911734
Intrado,0.48484042220147916,0.48484042220147916,71.94739613365412
Steads,0.4844894343589494,0.4844894343589494,52.674581760337155
Sideshake,0.47930640074015285,0.47930640074015285,47.95608033191094
Cassegrain,0.47689980749263083,0.47689980749263083,60.229484407966495
Waterproofer,0.4636383122975198,0.4636383122975198,60.67806047632505
Weewaw,0.4617251605891517,0.4617251605891517,83.49391549099458
Intentions,0.4604091164423263,0.4604091164423263,49.333519818848245
Lipoblastoma,0.45380013113991413,0.45380013113991413,57.668101500294846
Anomalies,0.44601832832774185,0.44601832832774185,43.383216028969336
Semibiologic,0.44322453047519766,0.44322453047519766,70.05965993240416
Nematognathous,0.44204024452257434,0.44204024452257434,69.16917308642525
Tholeiitic,0.44137477063017105,0.44137477063017105,67.57604296187414
Myomorphic,0.44112845109437687,0.44112845109437687,66.14175122788554
Overcommit,0.440170525854004,0.440170525854004,102.68900176683844
Rehash,0.4399079410414202,0.4399079410414202,50.60483817108529
Tribuna,0.4363599872786684,0.4363599872786684,68.37685276770964
Bryophyte,0.43459201646782575,0.43459201646782575,50.13481571818445
Bloomage,0.43272308263466974,0.43272308263466974,51.49061336690101
Perceivability,0.4293372189977476,0.4293372189977476,47.86820826058043
Mispassion,0.4195912096984573,0.4195912096984573,64.12334253707742
Unoecumenic,0.412257085935842,0.412257085935842,57.53137227558952
Literalist,0.40956998830190666,0.40956998830190666,66.81114940163724
Unsensible,0.4068861900649116,0.4068861900649116,64.07365082794199
Sporotrichosis,0.4067180982056373,0.4067180982056373,48.8739448467565
Degreewise,0.4053003111108444,0.4053003111108444,154.39938728810935
Amphodarch,0.40417898647094996,0.40417898647094996,71.8694218419127
Psammitic,0.4034808666351386,0.4034808666351386,147.39001542860655
Woundworth,0.40347205836730843,0.40347205836730843,63.208094834263285
Subpools,0.4014485301744595,0.4014485301744595,47.68496326755614
Gentil,0.39822757530343494,0.39822757530343494,59.66447697282243
Truckle,0.39428044430262077,0.39428044430262077,63.13506202146595
Clinoprism,0.3904489495589493,0.3904489495589493,92.52038817376437
Castra,0.38829229349685235,0.38829229349685235,54.841090489354464
Punatoo,0.38824345209279926,0.38824345209279926,63.43459065281381
Prismatical,0.38310250680443575,0.38310250680443575,89.09830653018207
Subregularity,0.3825871169767992,0.3825871169767992,62.067186074439356
Remould,0.37761294860387384,0.37761294860387384,59.15524980520935
Erotomania,0.3732598728140236,0.3732598728140236,58.37914171403304
Jamlike,0.37217785824484373,0.37217785824484373,93.08472540651772
Calaboose,0.3704994780582024,0.3704994780582024,56.226139249427554
Disunify,0.36962381686366014,0.36962381686366014,78.37035705994286
Waiver,0.3692606440952423,0.3692606440952423,56.26910512390484
Peracid,0.3680077676728227,0.3680077676728227,66.53486790904232
Ampelidaceae,0.3674888805069919,0.3674888805069919,74.78508304545805
Edenic,0.3637978318512948,0.3637978318512948,75.49568964708875
Boltonia,0.3606924712194508,0.3606924712194508,72.59839153954472
Yugoslavia,0.3583256350425831,0.3583256350425831,58.53306504412478
Preoffer,0.3498704343203254,0.3498704343203254,89.51385778268639
Intertown,0.34883865544489584,0.34883865544489584,113.11928459454884
Bespin,0.34819640641490357,0.34819640641490357,74.85475608519324
Foiler,0.34755586109922276,0.34755586109922276,57.11920974764591
Birdfarms,0.3470816515108478,0.3470816515108478,52.162232894856686
Mayvins,0.3430980262266579,0.3430980262266579,73.89566809403435
Pettah,0.3410891854406649,0.3410891854406649,79.58825757076013
Squamomastoid,0.3406148191146493,0.3406148191146493,61.62387827270748
Temporalty,0.33940171181780215,0.33940171181780215,57.668538738312115
Arrowworm,0.33869395436239236,0.33869395436239236,61.76055876435752
Caimacam,0.33684713124763016,0.33684713124763016,65.44626554934658
Carrocci,0.3348853728227954,0.3348853728227954,64.28020575317242
Stoolball,0.33291937449973263,0.33291937449973263,59.5795718754643
Inphase,0.3326260743439594,0.3326260743439594,67.20647554949244
Unintegrative,0.33028276852002364,0.33028276852002364,59.1202661212598
Kniphofia,0.3256776154203869,0.3256776154203869,62.73394087835565
Oriolidae,0.3249774456964013,0.3249774456964013,53.80288901894424
Hereditist,0.32494242534023593,0.32494242534023593,101.5616110757772
Fatuoid,0.32201426805392885,0.32201426805392885,86.42759612031567
Sciolisms,0.31993301512200717,0.31993301512200717,67.36122837579659
Murrain,0.3193612322275112,0.3193612322275112,93.0345164734817
Equidiurnal,0.3182668404999717,0.3182668404999717,51.19053868870592
Maclurin,0.3171543735970704,0.3171543735970704,60.77614098472833
Mastabas,0.30606494226738024,0.30606494226738024,64.76871080832107
Nontheoretical,0.3054536695816284,0.3054536695816284,51.46308579982601
Engleim,0.30436407107337177,0.30436407107337177,59.66271659831009
Kingship,0.3029390870220738,0.3029390870220738,52.52611596571019
Peckhamite,0.3018497450910631,0.3018497450910631,71.31361350103721
Gastrotricha,0.30184041129235295,0.30184041129235295,50.58580652026799
Nonecliptic,0.2976979836707052,0.2976979836707052,135.03375437568923
Opacate,0.29377024650544364,0.29377024650544364,187.90008243941176
Battlements,0.29267046489406556,0.29267046489406556,44.15999034117274
Theropoda,0.292374503345621,0.292374503345621,59.01390487416675
Pocketcase,0.2923134517801623,0.2923134517801623,59.63327893178372
Landmarks,0.2917243665269501,0.2917243665269501,43.755498771883694
Whippings,0.28867051669563726,0.28867051669563726,56.41412437803257
Morticians,0.28837851440405804,0.28837851440405804,64.22936403732562
Prehesitate,0.28836173676914423,0.28836173676914423,98.80761263008596
Unthinkables,0.28789793098850347,0.28789793098850347,71.0720442785228
Siwens,0.28510369216945614,0.28510369216945614,86.15207578067185
Diggings,0.28434434582776885,0.28434434582776885,64.4947325695316
Assistances,0.27678465183442563,0.27678465183442563,99.49740238245202
Tenfold,0.2757362088830291,0.2757362088830291,58.27937661816874
Bilithon,0.2746074384030758,0.2746074384030758,59.35490766090952
Brachyaxis,0.27391050964288266,0.27391050964288266,94.5001248852193
Forbore,0.26571443056259747,0.26571443056259747,74.89199555846703
Nuthatches,0.26480094340059995,0.26480094340059995,43.486426228034304
Overgrows,0.2640833332449588,0.2640833332449588,71.67005711397677
Feticides,0.2633190659302439,0.2633190659302439,73.59179223839156
Cultivars,0.26219829632897673,0.26219829632897673,55.538468102083705
Antipolitics,0.2603300714749527,0.2603300714749527,55.61524178373231
Hemadynamics,0.25356878585924114,0.25356878585924114,50.59509092454722
Faradizer,0.25263677962991976,0.25263677962991976,57.484511677402615
Unrestful,0.2515033123053936,0.2515033123053936,56.87552142919675
Squidgier,0.2512500698418739,0.2512500698418739,78.73762009694941
Suboxid,0.2496653632892472,0.2496653632892472,62.13475974094895
Replacer,0.24524406975604957,0.24524406975604957,52.44829067426908
Orguil,0.24265215234637405,0.24265215234637405,64.17805314566594
Gothicism,0.24238542876057,0.24238542876057,61.19154401261689
Ultraservile,0.23886982003776955,0.23886982003776955,63.39481123434092
Pellmell,0.23744134775896125,0.23744134775896125,47.885080725313344
Weathergleam,0.23743199486080072,0.23743199486080072,62.96105226624792
Aristarchian,0.23733106341504775,0.23733106341504775,75.3541634337364
Acromial,0.2334996006026566,0.2334996006026566,63.78393500628942
Houndsbane,0.2319581027003487,0.2319581027003487,48.356652078290224
Hornworm,0.2288710843093494,0.2288710843093494,47.96361455590576
Excerptive,0.22585980551244045,0.22585980551244045,118.97644332981537
Indicter,0.22541674463361133,0.22541674463361133,77.69307846269031
Heterocaryotic,0.2248977795020903,0.2248977795020903,60.30927097437086
Curvital,0.2232701245380993,0.2232701245380993,97.66970379599019
Interglandular,0.22112111023618813,0.22112111023618813,87.74860140333313
Cachot,0.22087725885634096,0.22087725885634096,55.12307422968992
Outpush,0.220574851328919,0.220574851328919,64.75847683211413
Stereotype,0.2201374755325448,0.2201374755325448,70.52883419896824
Vizard,0.21872442770063516,0.21872442770063516,55.222759869020294
Frowst,0.21555651088248154,0.21555651088248154,61.52287289123703
Brassies,0.2147445520461534,0.2147445520461534,72.05396266120852
Tallowberry,0.21463668856124674,0.21463668856124674,47.671234618209844
Egocentristic,0.2118277537748231,0.2118277537748231,82.47765235363963
Colinearity,0.21144567413038212,0.21144567413038212,44.53224700177774
Bacillar,0.21047971092812756,0.21047971092812756,81.3191125102601
Protoplasmatic,0.20955472149817056,0.20955472149817056,90.355320792464
Cyperaceous,0.20946418936746392,0.20946418936746392,54.88576730825374
Tatarize,0.2082164891026438,0.2082164891026438,88.14051079343518
Cobleskill,0.205022662416939,0.205022662416939,55.67240184181588
Tachisms,0.2013144188864531,0.2013144188864531,56.026245317731814
Underkingdom,0.20056463773931138,0.20056463773931138,65.8850524396152
Arthroempyema,0.19909168994448778,0.19909168994448778,70.86593115376098
Rolamites,0.199011436396769,0.199011436396769,73.97156047048153
Cuboctahedron,0.19728930369361625,0.19728930369361625,54.9133894066599
Areometry,0.19449495475107303,0.19449495475107303,90.2553608489056
Craton,0.18951311653111585,0.18951311653111585,49.51700156722931
Interborough,0.18387405373578847,0.18387405373578847,85.60925145491646
Decasualize,0.18374742290182375,0.18374742290182375,91.0247732842748
Thatchwork,0.18121535465296673,0.18121535465296673,45.95441414171179
Reprints,0.1795919865812147,0.1795919865812147,53.97395073362657
Kilocycles,0.17387746342981159,0.17387746342981159,77.10359900206153
Chaptrel,0.1732535618574157,0.1732535618574157,49.68066353191978
Fullery,0.17151656337267318,0.17151656337267318,61.72858283597369
Barret,0.17038470103608455,0.17038470103608455,96.76916857871817
Pothos,0.16872372139689348,0.16872372139689348,62.022850985220444
Sarongs,0.16362524466967904,0.16362524466967904,54.80708409590739
Palaeocene,0.16128744266865425,0.16128744266865425,58.39872545129356
Heterosis,0.16006134028156166,0.16006134028156166,54.77654762249458
Heterotypic,0.15159846662604845,0.15159846662604845,57.02226973546253
Miticides,0.148664848093359,0.148664848093359,78.82825732254925
Chaffinch,0.1481480795925283,0.1481480795925283,53.579324838398264
Pseudoparesis,0.142080973276418,0.142080973276418,64.63778228742136
Furnacemen,0.14179314047657532,0.14179314047657532,70.53576083646124
Dichotomous,0.1342219029197793,0.1342219029197793,73.21466775074533
Mercantilistic,0.13410660734833926,0.13410660734833926,51.62910430274912
Blackboard,0.13284905854775514,0.13284905854775514,56.90644577445663
Maledict,0.12527628121471035,0.12527628121471035,71.12910211482142
Decastich,0.12506174048233726,0.12506174048233726,128.84763882974224
Lungworm,0.1217868185968415,0.1217868185968415,60.060677537172964
Wagnerist,0.12077529260996922,0.12077529260996922,172.40300359428502
Houvari,0.11202476256788889,0.11202476256788889,68.58832128739813
Thymoma,0.1100813090266245,0.1100813090266245,55.80188229915011
Subtersurface,0.10954622269486092,0.10954622269486092,58.21633003871606
Snecks,0.1071730656809039,0.1071730656809039,62.42614281658751
Guelph,0.10713069159807384,0.10713069159807384,51.99990370220954
Quintes,0.10175600048173056,0.10175600048173056,87.73219634379267
Cowtail,0.10010732812553284,0.10010732812553284,71.77858332159872
Selfsame,0.09942033104096869,0.09942033104096869,44.85877136867964
Hexamethonium,0.08812685327034453,0.08812685327034453,72.41445609363059
Antipendium,0.08645020375688234,0.08645020375688234,114.96991588226375
Formolite,0.08005095774446894,0.08005095774446894,46.97103860261783
Antidogmatism,0.07784472004099156,0.07784472004099156,64.59343888885545
Substantives,0.07399774656116284,0.07399774656116284,63.10085175553192
Uprest,0.07299065885653425,0.07299065885653425,72.95674982663913
Tottlish,0.06860499345404811,0.06860499345404811,56.46987137408043
Fortunize,0.06836574982188443,0.06836574982188443,49.53545531036601
Cartouches,0.06768277917629645,0.06768277917629645,78.55905809293013
Mastiffs,0.0670217754545418,0.0670217754545418,53.812625371278294
Manipulability,0.06360386721668812,0.06360386721668812,69.4507634696173
Aspace,0.0630711751586469,0.0630711751586469,70.49628235442117
Betula,0.061795158432443,0.061795158432443,49.080921659493974
Phanerozonia,0.061404444231971916,0.061404444231971916,73.9220739776751
Natalian,0.060043257236408173,0.060043257236408173,55.55539924764696
Liroth,0.05637755092113968,0.05637755092113968,47.73834954365006
Dimensive,0.05558710389608898,0.05558710389608898,96.48011011354201
Simpletons,0.053020278678727384,0.053020278678727384,68.43429776889954
Voorhuis,0.044397288639069325,0.044397288639069325,87.56290094953283
Spermatoxin,0.043891858209290424,0.043891858209290424,78.90133343143079
Chemotropic,0.039296949632931705,0.039296949632931705,54.34641410973279
Ziggurat,0.038253516439725244,0.038253516439725244,67.57790582662189
Toolstock,0.03755764228768407,0.03755764228768407,68.91496207894028
Paravail,0.03088753905189645,0.03088753905189645,79.22983154487163
Backboards,0.030607351636135358,0.030607351636135358,64.73029830155737
Deuterostome,0.0303166644712278,0.0303166644712278,74.58452911772022
Forams,0.030233365188691103,0.030233365188691103,76.46014770618872
Intercivic,0.03019467874760884,0.03019467874760884,127.85646332520022
Metrectasia,0.02829356146932488,0.02829356146932488,48.1461608061543
Embrue,0.022786334859096008,0.022786334859096008,90.03514036474789
Unprolific,0.022396891382865047,0.022396891382865047,46.544995919995365
Areaways,0.016217739763197542,0.016217739763197542,81.57216777910709
Automobilist,0.015305659048180306,0.015305659048180306,72.61990643930456
Inhumanism,0.012702915659018627,0.012702915659018627,63.11556406614807
Thicken,0.0119194908512964,0.0119194908512964,56.3631348711008
Gabbarts,0.008930863868826328,0.008930863868826328,77.66248947545922
Cornet,0.006255327944009487,0.006255327944009487,56.57319564417471
Subnotational,0.0032264287386236934,0.0032264287386236934,57.01201227298328
Erbium,0.001909590626084104,0.001909590626084104,52.45949615681547
Microbe,-0.0037162546837123042,-0.0037162546837123042,60.093420034023346
Coolen,-0.004102729730214555,-0.004102729730214555,75.670326659245
Tetragon,-0.004661170043280899,-0.004661170043280899,65.34178588281456
Bloodstones,-0.0070095492150815675,-0.0070095492150815675,63.73241351919626
Inventress,-0.00830420125433401,-0.00830420125433401,83.29870271668302
Deckles,-0.011085200987226436,-0.011085200987226436,86.45219294172315
Stonehatch,-0.01364284004492411,-0.01364284004492411,83.72918144328628
Semaphorist,-0.014906877999055157,-0.014906877999055157,74.66455481351913
Emphases,-0.01630176633390787,-0.01630176633390787,72.51834747324605
Recepts,-0.01978669840206887,-0.01978669840206887,74.75390988191248
Naissant,-0.025217650807973058,-0.025217650807973058,60.78906635436304
Manchets,-0.0303079706118818,-0.0303079706118818,73.27227024511024
Tippiest,-0.031633761103693786,-0.031633761103693786,68.42860069411148
Nonpossessive,-0.03198709911448877,-0.03198709911448877,74.07774969579631
Overspun,-0.033432580344982865,-0.033432580344982865,69.52678321984862
Batteuse,-0.03634196944043927,-0.03634196944043927,59.578767421958354
Methodizer,-0.038576162463763775,-0.038576162463763775,45.24295579547243
Lamentory,-0.04294788677403978,-0.04294788677403978,65.00356230700137
Mortress,-0.04586781549441003,-0.04586781549441003,70.18342422297751
Animisms,-0.04958328822357738,-0.04958328822357738,49.67543368312344
Griots,-0.05598486134740244,-0.05598486134740244,56.93460670224196
Freemartin,-0.06204423099671305,-0.06204423099671305,67.8317412174773
Tectosphere,-0.06336842531364029,-0.06336842531364029,66.14206236453427
Anticovenanter,-0.07222239361093996,-0.07222239361093996,84.36743619383061
Thelemite,-0.07303149255391442,-0.07303149255391442,83.69357907559097
Momental,-0.07338400899846642,-0.07338400899846642,76.46659600969006
Edemata,-0.07907045187643605,-0.07907045187643605,64.10561976363266
Deresinate,-0.0803274386755479,-0.0803274386755479,62.566212036523105
Alternity,-0.08088532999249065,-0.08088532999249065,93.00735377705723
Frippery,-0.08096509510821445,-0.08096509510821445,108.67203218343968
Rosular,-0.08135436385155023,-0.08135436385155023,59.20314645932195
Tetragram,-0.08647282536787566,-0.08647282536787566,51.99193276581271
Parabiotic,-0.0877853018075967,-0.0877853018075967,69.60841166417741
Spinets,-0.09135964459324467,-0.09135964459324467,72.76683288936572
Lipopoda,-0.09392663759148553,-0.09392663759148553,61.30422781101514
Paracystic,-0.09621749542263316,-0.09621749542263316,84.21636633919546
Gombay,-0.09946684839570796,-0.09946684839570796,116.98550366406681
Hyperploidy,-0.09967471259583568,-0.09967471259583568,47.51864577884712
Emirates,-0.10845514475366594,-0.10845514475366594,60.381713869693044
Ostensory,-0.10909640489858269,-0.10909640489858269,63.30979217781005
Bumbles,-0.11129422956604744,-0.11129422956604744,61.47223366913159
Hyaloplasm,-0.11412492653297915,-0.11412492653297915,56.015307794862224
Appreciators,-0.1205193633081835,-0.1205193633081835,68.68871469278751
Eleuin,-0.1260476059854984,-0.1260476059854984,56.859084336064484
Inoculability,-0.12699143025792786,-0.12699143025792786,52.46943696441423
Thicky,-0.12797957546756952,-0.12797957546756952,67.29927691372465
Lenticle,-0.13274292237836602,-0.13274292237836602,46.23735945731875
Selenite,-0.13315443741446187,-0.13315443741446187,57.653061368949885
Underdraft,-0.13679407243504516,-0.13679407243504516,84.83111207392996
Hutukhtu,-0.14093134148876196,-0.14093134148876196,69.23992675241674
Pincheck,-0.14147784838660574,-0.14147784838660574,53.34249035483581
Unshut,-0.14183488733837835,-0.14183488733837835,87.41117221860848
Milliphot,-0.14185770087986654,-0.14185770087986654,60.43802667312802
Tampons,-0.1468009840055604,-0.1468009840055604,52.98318699137443
Tenenda,-0.1481087510691415,-0.1481087510691415,63.945024962870086
Afrikaans,-0.15162074717183144,-0.15162074717183144,58.63683269748784
Cephaline,-0.15172372713128468,-0.15172372713128468,73.4835619591689
Gilliflower,-0.15311843861467628,-0.15311843861467628,89.92549938812436
Metropolises,-0.15368145387244203,-0.15368145387244203,63.57881958427293
Facund,-0.15684484697852524,-0.15684484697852524,58.44742114218081
Consignatary,-0.18163069277557656,-0.18163069277557656,72.48060466396532
Commensurate,-0.18262710412460703,-0.18262710412460703,94.78222675819302
Aerodynes,-0.18407632232635845,-0.18407632232635845,89.63405280270275
Diatessaron,-0.18717320852597435,-0.18717320852597435,75.22548456947571
Scovel,-0.18736758313649607,-0.18736758313649607,75.54251211649816
Puritanizer,-0.19127879104373902,-0.19127879104373902,52.617003071738274
Contorsive,-0.19495746691227617,-0.19495746691227617,92.94746468101822
Pantarchy,-0.19575021516126873,-0.19575021516126873,56.02753561668692
Rubificative,-0.19682059062593973,-0.19682059062593973,73.6901315398677
Metricates,-0.19775209591895518,-0.19775209591895518,70.59188945397584
Parabotulism,-0.1995687235702639,-0.1995687235702639,105.1014713033575
Sandstone,-0.19991478353615516,-0.19991478353615516,48.162707364548915
Aquarius,-0.2013186721089463,-0.2013186721089463,49.677788305753054
Undeductive,-0.20576204687551605,-0.20576204687551605,47.15044442730971
Indicatoridae,-0.20658256232999084,-0.20658256232999084,112.51471585052944
Fractureproof,-0.2107824826961702,-0.2107824826961702,45.441743945445175
Purkinje,-0.21545734623630872,-0.21545734623630872,56.1365390419738
Overwoman,-0.21562620588882986,-0.21562620588882986,58.45639834174585
Unfrolicsome,-0.21704372237722852,-0.21704372237722852,77.73906225477673
Divertise,-0.2185773273084066,-0.2185773273084066,59.46869225063505
Wapper,-0.22107011370591834,-0.22107011370591834,68.35740331716056
Spoonfuls,-0.22620824090302424,-0.22620824090302424,54.20034822578077
Thanatosis,-0.2374067033927929,-0.2374067033927929,53.64566770566396
Ithomiidae,-0.23897466776016518,-0.23897466776016518,64.92092366639942
Sclerosarcoma,-0.2435803500017723,-0.2435803500017723,84.72684368470208
Interscendent,-0.24380044692481584,-0.24380044692481584,61.27769685279198
Chloridize,-0.2447372787319837,-0.2447372787319837,98.5239890176045
Imanlaut,-0.2448836242429344,-0.2448836242429344,84.34851423228275
Outrede,-0.24581254238943956,-0.24581254238943956,79.33937331132671
Oftwhiles,-0.24773303896106183,-0.24773303896106183,76.81119075383552
Procathedrals,-0.24895759342201673,-0.24895759342201673,65.85944195637745
Interenjoy,-0.249178583671107,-0.249178583671107,56.79366660129914
Cymbaler,-0.25256582740975303,-0.25256582740975303,58.482310160615114
Aviatrice,-0.2598566683766551,-0.2598566683766551,58.76843004663659
Bridelace,-0.26983059168636847,-0.26983059168636847,61.58154148991666
Trisensory,-0.27036204035567424,-0.27036204035567424,95.54685363515162
Sulfanilic,-0.2728815491432421,-0.2728815491432421,74.51479550983142
Slivery,-0.27296777136544814,-0.27296777136544814,64.38354734829197
Whirlicote,-0.2825284821508984,-0.2825284821508984,84.81539811350635
Anosmic,-0.2884760049761814,-0.2884760049761814,48.90435551852489
Nigritudinous,-0.2900412432770677,-0.2900412432770677,65.65123027907634
Slugfest,-0.290686613940191,-0.290686613940191,87.21437612056181
Nonguard,-0.2923796993798166,-0.2923796993798166,75.23605656268808
Epiceratodus,-0.29239687329152364,-0.29239687329152364,61.14878741052383
Trophobiosis,-0.29640200005467543,-0.29640200005467543,74.5805058233419
Stratojet,-0.3006442240541904,-0.3006442240541904,64.84091955543694
Colonizers,-0.30145985445497936,-0.30145985445497936,47.63224220729582
Fakeer,-0.3035967632976467,-0.3035967632976467,69.87652304252444
Procellariine,-0.30941494872024067,-0.30941494872024067,96.01443505005079
Neuropodium,-0.3177385824277145,-0.3177385824277145,55.50099582621748
Mannites,-0.31859817770504206,-0.31859817770504206,92.04471110527264
Kialkee,-0.321017443463564,-0.321017443463564,56.23545215244754
Nonreversion,-0.3269150082874051,-0.3269150082874051,65.42386516539491
Impotent,-0.3475147210703257,-0.3475147210703257,51.90762276480874
Admiral,-0.35132787102118035,-0.35132787102118035,58.58531813813247
Picador,-0.35305606697738245,-0.35305606697738245,83.56625241317343
Affettuoso,-0.35354754046171566,-0.35354754046171566,78.16127684698218
Uroptysis,-0.3575129874382567,-0.3575129874382567,51.37707328938229
Deviler,-0.36296404605581034,-0.36296404605581034,63.965859887824905
Lengthsman,-0.3672775423882235,-0.3672775423882235,92.38782122678873
Disorganic,-0.37191427302965496,-0.37191427302965496,62.76697252012024
Coarctate,-0.3728083227942414,-0.3728083227942414,109.42239685102939
Trijugate,-0.3794556061876313,-0.3794556061876313,81.81563177142459
Ethmoid,-0.37951233045090466,-0.37951233045090466,67.229856623307
Neutrophile,-0.37991217479907735,-0.37991217479907735,64.82820377103144
Customizer,-0.38293934792674317,-0.38293934792674317,60.786678294883615
Gandhian,-0.38523248990710124,-0.38523248990710124,55.65589799229351
Popeless,-0.3856598638776352,-0.3856598638776352,54.68897006515399
Misenjoy,-0.38714459689582403,-0.38714459689582403,72.98911876001142
Lithotrity,-0.3993712020542071,-0.3993712020542071,90.3646605289267
Trichinous,-0.40419034786311103,-0.40419034786311103,67.86211750387095
Costicartilage,-0.40460196874367627,-0.40460196874367627,76.14667880594733
Poundkeeper,-0.40760063473945307,-0.40760063473945307,48.51988484458254
Delphinium,-0.4089880310375267,-0.4089880310375267,61.29041469878029
Planful,-0.41109809185434065,-0.41109809185434065,91.73264541764918
Haptotropic,-0.4131864937222802,-0.4131864937222802,80.14561051927663
Divertor,-0.4144084898339179,-0.4144084898339179,57.898885768355186
Tabulare,-0.4152262126040947,-0.4152262126040947,54.88265840917631
Brachyuranic,-0.41545944197316376,-0.41545944197316376,81.01209509035984
Giantish,-0.41615638605547656,-0.41615638605547656,141.39353412045017
Fistularioid,-0.41749277236530735,-0.41749277236530735,66.83907762789119
Endolaryngeal,-0.4208386131789468,-0.4208386131789468,61.172347742496356
Fleuronnee,-0.42348698709156307,-0.42348698709156307,69.81007655764401
Sanzen,-0.424135930467714,-0.424135930467714,59.74877646152379
Mosquitoproof,-0.426720436797372,-0.426720436797372,68.0707705800539
Unmagisterial,-0.4268782987331711,-0.4268782987331711,60.64178991897722
Coonjine,-0.4361268281034755,-0.4361268281034755,78.48458210570976
Maddock,-0.4364950056044072,-0.4364950056044072,67.85223693585428
Briarberry,-0.439703773634987,-0.439703773634987,68.04909460361314
Leipzig,-0.44011533471570385,-0.44011533471570385,53.10426874965833
Nematogene,-0.4430555937507421,-0.4430555937507421,64.90028268149273
Marauders,-0.44938383113397873,-0.44938383113397873,53.83029512716159
Narwhale,-0.4534493838408877,-0.4534493838408877,61.05288882987775
Hemicrania,-0.45347857702765176,-0.45347857702765176,85.99293529972103
Predeposit,-0.45826308703445506,-0.45826308703445506,58.28424289068039
Unigenous,-0.46572369291148524,-0.46572369291148524,81.24937924665741
Superimposure,-0.47207867458148295,-0.47207867458148295,59.977384652388515
Dishwares,-0.48142290996992143,-0.48142290996992143,54.90340550865271
Turnipwood,-0.4824181012430368,-0.4824181012430368,56.80000361374432
Zoopathologies,-0.48309549324134204,-0.48309549324134204,60.61732160042486
Calenturish,-0.4839306899230986,-0.4839306899230986,74.19699171628541
Declines,-0.5009311910684053,-0.5009311910684053,59.140447881336065
Aerosats,-0.5075849212373098,-0.5075849212373098,50.62766023995308
Gelatinigerous,-0.5079383552762953,-0.5079383552762953,68.0801925390094
Quipster,-0.5186770085644837,-0.5186770085644837,70.8114665078266
Leatherboard,-0.5193439877459922,-0.5193439877459922,58.429606368666946
Topmost,-0.5234294686470284,-0.5234294686470284,58.000526962092074
Sindhi,-0.5256226445523566,-0.5256226445523566,47.13220658228051
Modifiability,-0.5299968159587654,-0.5299968159587654,81.51374336922441
Guillemet,-0.53157718927652,-0.53157718927652,91.18821174839665
Dethroner,-0.535298572125177,-0.535298572125177,61.469838458630186
Pollent,-0.5366380813634797,-0.5366380813634797,85.99153576964777
Reoccur,-0.5370749309748797,-0.5370749309748797,56.283489069433365
Scrubwoman,-0.537647130332426,-0.537647130332426,54.834873183404795
Hersall,-0.5384549471030073,-0.5384549471030073,222.0565910117487
Synoecious,-0.5388996126925032,-0.5388996126925032,63.42418834347212
Balers,-0.5548830857530297,-0.5548830857530297,60.297557872493336
Sextans,-0.5554119934311512,-0.5554119934311512,65.1694008727511
Cancerite,-0.5583973781541903,-0.5583973781541903,52.42859036196794
Flamelike,-0.5586213633223777,-0.5586213633223777,54.31857824269304
Lenaeus,-0.55990986114089,-0.55990986114089,65.09629326468131
Sexpots,-0.561990017769215,-0.561990017769215,79.70711264016187
Homicidious,-0.5629800288000408,-0.5629800288000408,68.95860737627439
Sapromic,-0.5633501918415661,-0.5633501918415661,85.60458449396894
Soddite,-0.5704961976217909,-0.5704961976217909,98.4258910845702
Digitals,-0.5707796698548029,-0.5707796698548029,58.64065276771968
Sketchers,-0.575673826585701,-0.575673826585701,62.19492416326964
Chomage,-0.5786030755214246,-0.5786030755214246,82.37208072903763
Chiavetta,-0.5790530158498837,-0.5790530158498837,72.27160395347934
Breechesflower,-0.5794313204414019,-0.5794313204414019,69.75331810032044
Theatricalise,-0.5839981343950884,-0.5839981343950884,62.1161814387357
Scotomic,-0.5886690213840053,-0.5886690213840053,91.59652599303882
Enclog,-0.5919745334353022,-0.5919745334353022,63.18728808430782
Morales,-0.5919950592253331,-0.5919950592253331,48.31773765479367
Alburnums,-0.5932663795697024,-0.5932663795697024,74.76869627203425
Dinitrile,-0.5932974105064269,-0.5932974105064269,63.298303423846335
Bookmarks,-0.5954555079417694,-0.5954555079417694,83.93561811053726
Guittonian,-0.5959970105950527,-0.5959970105950527,51.909325446780095
Sulphurous,-0.5960714369666724,-0.5960714369666724,53.36276918094967
Curran,-0.5970185946311701,-0.5970185946311701,66.97104604766919
Succulence,-0.5991188083109484,-0.5991188083109484,63.45265856563163
Lutrinae,-0.6005791969945747,-0.6005791969945747,76.79567240558548
Chough,-0.6023075989481952,-0.6023075989481952,58.65536068770511
Surrenderer,-0.6047814397271665,-0.6047814397271665,65.82016117451225
Nonspecial,-0.6049104651744122,-0.6049104651744122,59.96183292019861
Outbalances,-0.6081156625226873,-0.6081156625226873,96.8889199894305
Midterms,-0.6113166831577503,-0.6113166831577503,50.43045680200282
Nonevocative,-0.6129593738528214,-0.6129593738528214,64.69402868482575
Sudatorium,-0.6190240126059388,-0.6190240126059388,51.17449788467158
Enleaf,-0.6222119132040546,-0.6222119132040546,53.49763023422808
Pseudepigrapha,-0.6243846817196944,-0.6243846817196944,78.67101092679577
Bitterworm,-0.6265890163380526,-0.6265890163380526,93.3121526406335
Homilete,-0.6287794344075455,-0.6287794344075455,116.62182401629792
Chignons,-0.6297489766662139,-0.6297489766662139,50.22311215743618
Haywire,-0.6302898260568041,-0.6302898260568041,71.01566233890394
Renerve,-0.6381131637191431,-0.6381131637191431,99.18664464987275
Basaltes,-0.6394967003199685,-0.6394967003199685,66.59509433325073
Apothems,-0.6397046423840436,-0.6397046423840436,51.41338249961363
Gamier,-0.6479186997716532,-0.6479186997716532,91.20045325112892
Prespinous,-0.6492732288274541,-0.6492732288274541,69.72435538334157
Quaggiest,-0.6562696326940124,-0.6562696326940124,90.05748725153516
Pyrologies,-0.6577615537726653,-0.6577615537726653,62.54345934763895
Nonembryonal,-0.6600699404301169,-0.6600699404301169,62.81300727583946
Intarsias,-0.6636399224069487,-0.6636399224069487,47.640134532592434
Rheostatic,-0.669158942422671,-0.669158942422671,87.9936204877395
Bicaudate,-0.6717931090216899,-0.6717931090216899,96.87875310268889
Ovaliform,-0.6726604095242585,-0.6726604095242585,63.58426161723086
Muscarine,-0.6761394268748757,-0.6761394268748757,65.32890179211779
Blenniid,-0.6765137919412547,-0.6765137919412547,99.16749557549478
Epicranium,-0.6779759915211296,-0.6779759915211296,88.08318079524153
Catnip,-0.6818732434872175,-0.6818732434872175,63.20993394868672
Spermosphere,-0.684395089249395,-0.684395089249395,50.46708882191913
Snarlers,-0.6853352155426486,-0.6853352155426486,57.574345325002966
Nordicism,-0.6854863994721496,-0.6854863994721496,60.84377041020393
Cabook,-0.6856004732526066,-0.6856004732526066,61.81763576199526
Archdeaconship,-0.6868218593612434,-0.6868218593612434,62.42866700185306
Mercify,-0.6871557174711489,-0.6871557174711489,68.11865902614709
Orotherapy,-0.6898950764105587,-0.6898950764105587,46.887312517729185
Anthomedusan,-0.7029959510576994,-0.7029959510576994,66.37094382062125
Radicle,-0.7051324554301438,-0.7051324554301438,65.41923030280454
Semiditone,-0.7054479163170311,-0.7054479163170311,124.1970118759519
Balances,-0.7070157821696386,-0.7070157821696386,61.327065093758435
Strainproof,-0.7088482565478125,-0.7088482565478125,56.75734518746059
Timbreller,-0.7089125561195011,-0.7089125561195011,69.64330418001028
Cancellous,-0.7140956675064287,-0.7140956675064287,65.4238729449667
Receptible,-0.7171300166321494,-0.7171300166321494,81.15742902590482
Germen,-0.7199502939746992,-0.7199502939746992,75.82231649948558
Dilaniate,-0.7312075643671797,-0.7312075643671797,74.37410474140815
Disboard,-0.7343648607564817,-0.7343648607564817,52.77475865687185
Cultivations,-0.738178421910356,-0.738178421910356,50.08191646522672
Dinaric,-0.742316989186555,-0.742316989186555,53.479084671386616
Megatheriidae,-0.7423695804670473,-0.7423695804670473,64.77319898745725
Boxinesses,-0.7453221417600597,-0.7453221417600597,70.98848701504896
Overwild,-0.7476027514929625,-0.7476027514929625,71.8426577315521
Eurodollar,-0.7529902897032432,-0.7529902897032432,48.431080211285924
Stammel,-0.7558497909011963,-0.7558497909011963,66.31111977905795
Nonmitigative,-0.7596698678408529,-0.7596698678408529,81.088611398811
Panegyricon,-0.7598748300750106,-0.7598748300750106,90.40032157207318
Aubrieta,-0.7608646878912342,-0.7608646878912342,71.5751572258562
Bravoite,-0.762816044301017,-0.762816044301017,74.96178067836101
Coinmaker,-0.7656976211543787,-0.7656976211543787,49.21940218946794
Cobeliever,-0.7679855905440975,-0.7679855905440975,63.71581116032147
Penduline,-0.7712470110585652,-0.7712470110585652,70.47734232683017
Smilacaceae,-0.7737487164316216,-0.7737487164316216,83.09618971452483
Backfires,-0.7756681439154569,-0.7756681439154569,51.94669635271379
Foreknower,-0.7757090915554649,-0.7757090915554649,64.72502984660906
Hussies,-0.7766075661948586,-0.7766075661948586,73.2770536074566
Tarsier,-0.7776853184679667,-0.7776853184679667,47.237864837348646
Nonenunciatory,-0.7792545570472418,-0.7792545570472418,58.14905092888317
Omnivorous,-0.7806160875308651,-0.7806160875308651,43.84069424187908
Erethizontidae,-0.7808715427148072,-0.7808715427148072,73.06482068402077
Burgages,-0.7826900318197749,-0.7826900318197749,54.96679105633001
Diuretics,-0.785129430008671,-0.785129430008671,49.92407645050638
Estrade,-0.7855915509014363,-0.7855915509014363,82.15021037795483
Monoxime,-0.7872549004649319,-0.7872549004649319,58.451701096451394
Lightplane,-0.7887473085159319,-0.7887473085159319,57.08404576503059
Fireclay,-0.7947955385063854,-0.7947955385063854,99.81634389234497
Auspicial,-0.8008554817752388,-0.8008554817752388,73.37675016921825
Stratography,-0.8051086609170719,-0.8051086609170719,44.89084020673633
Bengali,-0.8070000349888194,-0.8070000349888194,61.28751018204694
Dzungar,-0.8096012724580182,-0.8096012724580182,80.85152813659462
Goldenest,-0.8121579374313579,-0.8121579374313579,80.74942907723707
Hildebrandism,-0.8156354576065465,-0.8156354576065465,50.08987876075348
Imides,-0.816905298174581,-0.816905298174581,47.938565807601506
Garancine,-0.8232472626776497,-0.8232472626776497,54.905254353466134
Proteiform,-0.8266057047861114,-0.8266057047861114,55.57855065684966
Fidepromission,-0.8295348352956903,-0.8295348352956903,58.10656890139291
Paedometrical,-0.8306176841905163,-0.8306176841905163,56.65094063094392
Samucu,-0.8315859681686505,-0.8315859681686505,57.63068202960002
Netherlandic,-0.836707945247067,-0.836707945247067,67.4846463296102
Evolvent,-0.8373959055647724,-0.8373959055647724,83.77488361484195
Auxographic,-0.8400512360475327,-0.8400512360475327,59.124489449580324
Lashkar,-0.8402589012219551,-0.8402589012219551,62.34374282952908
Prodigy,-0.8445176942970753,-0.8445176942970753,45.7276620030068
Scurvies,-0.845647392242999,-0.845647392242999,64.67765089880695
Anteluminary,-0.8501657949982443,-0.8501657949982443,71.4465253714264
Doughbellies,-0.8523764670374194,-0.8523764670374194,71.62460904626589
Bilharzial,-0.8534977800154079,-0.8534977800154079,71.33924807010884
Mammoths,-0.8555902294171107,-0.8555902294171107,47.1894582242226
Unstricken,-0.8589247574437436,-0.8589247574437436,70.19355581530127
Maturescence,-0.8650639723832223,-0.8650639723832223,77.06989642221131
Blesmol,-0.8656997514122804,-0.8656997514122804,107.44573927004672
Unitarist,-0.8681126745970136,-0.8681126745970136,62.074426598061024
Autoloaders,-0.8744254433033272,-0.8744254433033272,50.70562208783222
Soberest,-0.8760831900546542,-0.8760831900546542,119.3130958445636
Chromomere,-0.8955798920075121,-0.8955798920075121,110.45040810440331
Fruticulture,-0.8965290874930416,-0.8965290874930416,74.98352014554155
Remargin,-0.9000007372364992,-0.9000007372364992,77.21335268941131
Bacteriology,-0.9013608290537114,-0.9013608290537114,47.48538852423845
Togger,-0.9041320383407987,-0.9041320383407987,73.62923621691304
Zingel,-0.9071875969713202,-0.9071875969713202,88.38686304546565
Pleuronect,-0.9093184749227304,-0.9093184749227304,66.09006978103272
Shearsman,-0.91817009635591,-0.91817009635591,88.50850528938403
Episplenitis,-0.9237636329535981,-0.9237636329535981,102.04738534096592
Disthrone,-0.9247736050519813,-0.9247736050519813,87.17118210883073
Chervils,-0.9252933070200842,-0.9252933070200842,113.6172215034109
Hostiles,-0.9277036135747718,-0.9277036135747718,59.964346473625824
Shofars,-0.9298026863584004,-0.9298026863584004,50.093819526729455
Atomician,-0.9356660398733714,-0.9356660398733714,76.17455733953369
Fenner,-0.9381489232920331,-0.9381489232920331,69.73002386055269
Acaricidal,-0.9413507826878262,-0.9413507826878262,62.635753380166605
Glomeruli,-0.9425500816829768,-0.9425500816829768,42.05622139322902
Tacheometric,-0.9440083870313302,-0.9440083870313302,56.60996946688703
Metronomical,-0.9456860894697219,-0.9456860894697219,69.2725119963723
Coccal,-0.9493765746778566,-0.9493765746778566,80.83235706183227
Piculs,-0.9544788123183344,-0.9544788123183344,68.87731068584725
Cymbocephalic,-0.9549581645176479,-0.9549581645176479,69.361426794237
Sulfourea,-0.9600589769102553,-0.9600589769102553,65.52741083696404
Thermoses,-0.9633902147211719,-0.9633902147211719,73.1168486586153
Unfalsity,-0.9670022371589589,-0.9670022371589589,69.6891010089197
Kronur,-0.9722803375738549,-0.9722803375738549,62.86741255782698
Lendee,-0.9723586546308439,-0.9723586546308439,67.66526569600948
Exulate,-0.9723891190069561,-0.9723891190069561,80.45659244335721
Unremorseful,-0.9730752976880095,-0.9730752976880095,90.0614168925526
Mulish,-0.9731615939522823,-0.9731615939522823,76.46508407041632
Seacrafts,-0.9763329003807829,-0.9763329003807829,88.70961319302045
Hostlership,-0.9807488568770049,-0.9807488568770049,120.02001704784347
Reshower,-0.9812659692594798,-0.9812659692594798,121.26877792161186
Dissocialize,-0.9894734797709861,-0.9894734797709861,82.63362594041448
Squasher,-0.9937296220526743,-0.9937296220526743,65.79388888754814
Deresinize,-0.9950138962351777,-0.9950138962351777,80.48639829453313
Renitence,-1.0001157477714804,-1.0001157477714804,76.31994578383345
Alphonsin,-1.0038361605775055,-1.0038361605775055,103.0236800590177
Sewround,-1.0041763662767875,-1.0041763662767875,93.47023043106717
Epibole,-1.0101458873404594,-1.0101458873404594,70.0173586696672
Kitharas,-1.0122410358579594,-1.0122410358579594,82.05618095960874
Canopid,-1.0127491515409461,-1.0127491515409461,65.8784360262755
Knucklier,-1.0135480913793036,-1.0135480913793036,73.78092362903958
Gradientia,-1.0140807302311077,-1.0140807302311077,48.67787960322347
Salamandroid,-1.0162388609838056,-1.0162388609838056,80.84739196964004
Meringues,-1.0172057810185011,-1.0172057810185011,68.4438092183625
Astream,-1.0184972862560855,-1.0184972862560855,81.46357236486692
Pneumococcous,-1.0268249126741011,-1.0268249126741011,57.948733929252064
Hariolize,-1.0284321797375915,-1.0284321797375915,98.20660684653008
Semipros,-1.0317267687566503,-1.0317267687566503,59.57334582932637
Chloropsia,-1.0341545886925039,-1.0341545886925039,77.37125999883396
Riggal,-1.0370261723081091,-1.0370261723081091,74.10588274287348
Stallinger,-1.0374928729578614,-1.0374928729578614,61.07719287936963
Distain,-1.039572192089958,-1.039572192089958,58.09111835004461
Pectunculus,-1.0410006054157264,-1.0410006054157264,48.3888893276096
Birdbaths,-1.0410873162696486,-1.0410873162696486,47.035186394556526
Arianists,-1.0655524076634098,-1.0655524076634098,74.55947420802399
Spirituel,-1.0659284868435008,-1.0659284868435008,53.308601913156735
Rushland,-1.0680157437486983,-1.0680157437486983,53.516336240980166
Dynamophone,-1.0764033701881892,-1.0764033701881892,60.820122004453275
Semiannular,-1.0815861414160866,-1.0815861414160866,62.3943144041651
Beebreads,-1.0822320568934969,-1.0822320568934969,90.602454355981
Springlock,-1.0833527874114444,-1.0833527874114444,95.37770035452031
Mondego,-1.084668573789751,-1.084668573789751,65.02931116345857
Menshevist,-1.0855502742691792,-1.0855502742691792,62.71440977484277
Pantofles,-1.0859154847229595,-1.0859154847229595,74.96755514056662
Scientism,-1.0925765511372172,-1.0925765511372172,50.10074578793596
Breakerman,-1.09328199180203,-1.09328199180203,64.64128203560001
Planktont,-1.0938258930192508,-1.0938258930192508,79.8911892684359
Halifax,-1.0953246930904752,-1.0953246930904752,50.00174362571749
Spadefish,-1.102065681406502,-1.102065681406502,57.92227117163376
Vaginectomies,-1.1082135888671327,-1.1082135888671327,54.33478356370978
Tropospheric,-1.1153712557628632,-1.1153712557628632,52.784023969425114
Justifier,-1.122761347718409,-1.122761347718409,61.74387919981902
Unidigitate,-1.1241702210928541,-1.1241702210928541,72.15754698113284
Coccothraustes,-1.1350306024252117,-1.1350306024252117,82.74743587907352
Feteritas,-1.138617352243273,-1.138617352243273,60.36658683121737
Flajolotite,-1.1395355813025423,-1.1395355813025423,56.45009087435292
Servet,-1.1416250326185788,-1.1416250326185788,88.96724588320623
Breakouts,-1.14740660454053,-1.14740660454053,42.625644741666925
Counterparadox,-1.1480448941804728,-1.1480448941804728,66.5688974176584
Pyopoietic,-1.1495598821938557,-1.1495598821938557,86.5633023918909
Tagsore,-1.1544172520325788,-1.1544172520325788,90.65919296454136
Briers,-1.15707317033726,-1.15707317033726,53.19967545659681
Stravage,-1.157556614280011,-1.157556614280011,124.4182304251508
Peridiniaceae,-1.1583893466875237,-1.1583893466875237,68.01237282862222
Sceloporus,-1.1621999281957782,-1.1621999281957782,62.92776932378776
Laryngoscopies,-1.1624772212483903,-1.1624772212483903,59.55969465096103
Maharajah,-1.1687576007699387,-1.1687576007699387,58.62073512414152
Macrodontism,-1.169930293283264,-1.169930293283264,50.66842383945737
Areola,-1.174396761112816,-1.174396761112816,61.83061527473327
Barbuts,-1.175063530378773,-1.175063530378773,73.20825388428209
Muckamuck,-1.1782393953785018,-1.1782393953785018,69.32380335913301
Cosines,-1.1828430831018855,-1.1828430831018855,46.887063036253465
Horsebane,-1.1842777272216811,-1.1842777272216811,57.975757898231976
Animus,-1.1916928993572375,-1.1916928993572375,59.24899014228607
Tracheole,-1.1956109897588205,-1.1956109897588205,65.41550121154621
Cuinage,-1.19667489875695,-1.19667489875695,134.6795048706503
Oversprung,-1.1987911099696524,-1.1987911099696524,49.47911758416993
Egards,-1.2020689439670853,-1.2020689439670853,83.99384694662842
Progressor,-1.2031109452068336,-1.2031109452068336,52.05620494171029
Ontologise,-1.2040254981902891,-1.2040254981902891,57.2768494868023
Acidifiers,-1.2056315719710229,-1.2056315719710229,53.30043017934915
Semitextural,-1.212877633274565,-1.212877633274565,61.69638320020563
Indicia,-1.2169942307781976,-1.2169942307781976,57.75065070702438
Trajectile,-1.22526444417535,-1.22526444417535,69.28255349269442
Britannian,-1.2270049798524303,-1.2270049798524303,62.40017868654193
Sarcomata,-1.2284661608751644,-1.2284661608751644,75.94771969367704
Salivous,-1.2307634442494386,-1.2307634442494386,60.06452112858355
Geoglossum,-1.230962824888593,-1.230962824888593,50.276351298843984
Archdevil,-1.2363487582952397,-1.2363487582952397,64.09007772790976
Syriacism,-1.237442159917501,-1.237442159917501,50.16683221900246
Sepoys,-1.2386262337049967,-1.2386262337049967,54.61900637734848
Amylolytic,-1.238657453400972,-1.238657453400972,63.33932088711256
Ectozoa,-1.2407123058394964,-1.2407123058394964,68.673490445044
Sanghs,-1.2420315248246503,-1.2420315248246503,68.80840272452986
Unfatalistic,-1.2423446709460555,-1.2423446709460555,85.44383006233241
Bursters,-1.2447795008001752,-1.2447795008001752,54.46539861063257
Peltae,-1.24734845970479,-1.24734845970479,112.44587340143505
Quiddit,-1.2481374037135886,-1.2481374037135886,73.3966843843191
Biospeleology,-1.2496639532589948,-1.2496639532589948,51.12623733022983
Stonegale,-1.2547463124928124,-1.2547463124928124,70.80646806867067
Underform,-1.2563829227007621,-1.2563829227007621,77.21837465085665
Shoggie,-1.2579839940298012,-1.2579839940298012,69.41548438835262
Parage,-1.2584908070834706,-1.2584908070834706,54.88956849020216
Oxidises,-1.2601719068971933,-1.2601719068971933,52.23388603275988
Replial,-1.2607656639034583,-1.2607656639034583,68.54525945664801
Photodermatism,-1.261645107596121,-1.261645107596121,65.32451934822814
Pomatoes,-1.2639383711194974,-1.2639383711194974,80.07993544094359
Hyenia,-1.2648510842485845,-1.2648510842485845,64.05177435337657
Nontherapeutic,-1.2650275070028805,-1.2650275070028805,75.77802303118588
Badger,-1.2656951157808947,-1.2656951157808947,56.23185340780224
Fitchew,-1.265846498863562,-1.265846498863562,58.40092005783093
Baculites,-1.267683616825676,-1.267683616825676,62.29137193816548
Hammaid,-1.2700374672875931,-1.2700374672875931,76.69431819632912
Iwound,-1.2707101926487694,-1.2707101926487694,93.62158226417867
Sonship,-1.2721569917777495,-1.2721569917777495,51.617170469156264
Insectine,-1.2807102395493526,-1.2807102395493526,61.104940715519184
Tidings,-1.287910482063571,-1.287910482063571,55.98043474334601
Plateiasmus,-1.2918474324083198,-1.2918474324083198,55.13932035101556
Dextrocardial,-1.2920767595308873,-1.2920767595308873,86.64219117061415
Undershrub,-1.2935482587036424,-1.2935482587036424,79.68539526227187
Laccin,-1.2947064162748112,-1.2947064162748112,78.97944325008822
Radishlike,-1.3032755099011317,-1.3032755099011317,58.42848802136032
Elfhood,-1.3080549808901187,-1.3080549808901187,60.98570892397422
Vyrnwy,-1.3101040128323325,-1.3101040128323325,77.90628416221155
Flagfall,-1.3134486729019594,-1.3134486729019594,76.79582143512057
Serfism,-1.3198800901138428,-1.3198800901138428,56.43136306593872
Egracias,-1.3209743555912985,-1.3209743555912985,62.72240978152231
Ceteosaur,-1.3222263122038647,-1.3222263122038647,69.06808343798662
Octopede,-1.3222782092109358,-1.3222782092109358,85.35637489132824
Debaucheries,-1.3255524600265978,-1.3255524600265978,54.65635989971055
Anhydrate,-1.3284680562467923,-1.3284680562467923,77.71107919742597
Lentoid,-1.3285991398114692,-1.3285991398114692,69.33567190772763
Forelocks,-1.3318912847721236,-1.3318912847721236,72.60004801705882
Jockstraps,-1.3364321593511608,-1.3364321593511608,60.201854478753155
Zarnec,-1.3384097427537747,-1.3384097427537747,58.3988240405342
Carmine,-1.3407358856238054,-1.3407358856238054,74.77557679039062
Loomfixer,-1.3430614367135036,-1.3430614367135036,64.799972753718
Mirepoix,-1.3443000252978763,-1.3443000252978763,94.02459051261874
Transits,-1.3450848999646952,-1.3450848999646952,43.08314558942872
Acutorsion,-1.3536194982240768,-1.3536194982240768,66.14177057329647
Bareges,-1.3601620707773212,-1.3601620707773212,66.88310404952557
Mothproof,-1.3629805514545874,-1.3629805514545874,57.36276488055321
Mesarch,-1.3653505551429,-1.3653505551429,84.31327205410184
Trunnions,-1.3699063369485074,-1.3699063369485074,65.03639177920344
Ampulliform,-1.3708107816058086,-1.3708107816058086,73.64856376115665
Bogota,-1.3762822672898847,-1.3762822672898847,48.38461432357903
Iodoprotein,-1.376286942144383,-1.376286942144383,67.65607536770933
Duodenum,-1.3768147596861644,-1.3768147596861644,57.63027009117534
Sherardize,-1.3801989448759677,-1.3801989448759677,71.93335984317623
Friezes,-1.3824323749134364,-1.3824323749134364,61.58585033748006
Potamogalidae,-1.382891481515613,-1.382891481515613,69.21508896189688
Hesitance,-1.3871546198085714,-1.3871546198085714,60.11833849575642
Trinil,-1.394036973882271,-1.394036973882271,99.73553994932357
Slavism,-1.3959918701134728,-1.3959918701134728,64.25644665220929
Rattlertree,-1.398292598251378,-1.398292598251378,45.510209181799524
Rockbird,-1.4017869926912894,-1.4017869926912894,53.42744148761907
Abolitionism,-1.406091784001641,-1.406091784001641,49.26348573971987
Percheron,-1.4064269469660649,-1.4064269469660649,82.01259405606255
Pentameran,-1.4143883236951609,-1.4143883236951609,66.11561271599855
Taffia,-1.417173964028525,-1.417173964028525,89.08065447334216
Hingers,-1.4207890954267772,-1.4207890954267772,65.57418016455121
Cosset,-1.4209345037270735,-1.4209345037270735,78.12811014623193
Rhyton,-1.4251760132331859,-1.4251760132331859,72.8361261261271
Spiraeas,-1.4262740424607145,-1.4262740424607145,62.36330844675532
Explosive,-1.4358194580103698,-1.4358194580103698,60.118171184732276
Torula,-1.4385126657309975,-1.4385126657309975,72.76903930586329
Epitrichium,-1.4387907900539285,-1.4387907900539285,69.92842131215242
Crimpier,-1.444672057424879,-1.444672057424879,54.55504794071358
Childes,-1.4469691140890972,-1.4469691140890972,68.10732279078405
Eximidus,-1.4519251539107076,-1.4519251539107076,70.506124272383
Tyrannidae,-1.4545605845726919,-1.4545605845726919,64.01609167395557
Temporalism,-1.455689929967607,-1.455689929967607,79.80401310951588
Wafters,-1.4587413200635901,-1.4587413200635901,111.72296289539418
Neurhypnotist,-1.460474493939082,-1.460474493939082,68.83440067766999
Cotillon,-1.4614996769368114,-1.4614996769368114,65.91653195364692
Intercentral,-1.4617470819251999,-1.4617470819251999,67.49721852806988
Dosimetrist,-1.4623643976886715,-1.4623643976886715,54.75377009018712
Retrovision,-1.4682924426994661,-1.4682924426994661,84.50451243990298
Firebreaks,-1.4693504097023076,-1.4693504097023076,43.05487609568339
Coruscate,-1.4739721737038025,-1.4739721737038025,71.08557941435099
Benzonitrile,-1.4741568260266014,-1.4741568260266014,58.39586992508329
Slummage,-1.4783983452384875,-1.4783983452384875,101.22223349398546
Jujuisms,-1.4791468129797662,-1.4791468129797662,63.418804636987424
Endoglobular,-1.4811664007663885,-1.4811664007663885,98.92697366193212
Shiraz,-1.4812899922575329,-1.4812899922575329,64.65456870601965
Seccotine,-1.4867328205879906,-1.4867328205879906,68.74062186641703
Doings,-1.4908410866870105,-1.4908410866870105,58.25550924757762
Unclamorous,-1.500763862051233,-1.500763862051233,74.11107626500151
Dermatotherapy,-1.5024541860340315,-1.5024541860340315,69.29434768352071
Toxophobia,-1.512949367926984,-1.512949367926984,83.23380511111294
Sphenographist,-1.5189072439208064,-1.5189072439208064,89.80845456431109
Anagrammatic,-1.5346541823079982,-1.5346541823079982,96.68767979499111
Anabaptistic,-1.5356897342421787,-1.5356897342421787,63.98816555384956
Blackfishes,-1.5379799314497735,-1.5379799314497735,59.31771105737823
Retrim,-1.5399326737112227,-1.5399326737112227,82.83490815520285
Anthropoidal,-1.5423615651915847,-1.5423615651915847,83.44119076957627
Egyptologer,-1.5442422214347395,-1.5442422214347395,89.11793432432508
Pranava,-1.5493480856883686,-1.5493480856883686,66.29718722945783
Sarcolite,-1.549738301966707,-1.549738301966707,50.28800239409048
Malverse,-1.5505017171337623,-1.5505017171337623,97.68560292025629
Enwood,-1.5561142314058534,-1.5561142314058534,72.05268300156935
Bisnagas,-1.5590904991127301,-1.5590904991127301,57.927757379661706
Miscredit,-1.5607076808670637,-1.5607076808670637,71.47496269412648
Metrostaxis,-1.561582010642861,-1.561582010642861,73.48123560675977
Fretsaws,-1.5629355363233377,-1.5629355363233377,145.85510262256093
Delthyria,-1.565987063330196,-1.565987063330196,47.95911504695225
Quinanarii,-1.5664296501901964,-1.5664296501901964,59.83663923321739
Jobarbe,-1.569403904672178,-1.569403904672178,103.42422834937992
Xylidines,-1.5701520110743463,-1.5701520110743463,67.26531330920564
Stileman,-1.5722035425357466,-1.5722035425357466,53.266180397925496
Coalmonger,-1.5743446823800424,-1.5743446823800424,53.00706049121378
Firebases,-1.5760418302021533,-1.5760418302021533,56.154819640601104
Pumice,-1.5770041101012613,-1.5770041101012613,56.65638556949482
Andvari,-1.584092226562802,-1.584092226562802,54.97876377678429
Kujawiak,-1.5868988693378787,-1.5868988693378787,94.70777006790584
Embryologies,-1.5901405589747204,-1.5901405589747204,50.37098769901402
Cosmism,-1.5921728143240044,-1.5921728143240044,71.35275874482906
Bengal,-1.594966337237607,-1.594966337237607,51.105748977101754
Hardfist,-1.6010456719972,-1.6010456719972,67.52092068382709
Puppyfish,-1.6047497590719106,-1.6047497590719106,63.65629260294738
Outback,-1.6105970201938318,-1.6105970201938318,59.33113430744438
Lidgate,-1.6113428288592064,-1.6113428288592064,57.0984772929167
Pignon,-1.6127397651333328,-1.6127397651333328,49.5031658832081
Antiricin,-1.6148253825118781,-1.6148253825118781,93.24209970036702
Fadmonger,-1.6187599580988716,-1.6187599580988716,79.83106308854491
Coderives,-1.6217620692994177,-1.6217620692994177,94.1810968185109
Unvicious,-1.6224074464916147,-1.6224074464916147,75.72291618582021
Pupilability,-1.6268539384156842,-1.6268539384156842,70.6850940405102
Pilers,-1.630023817577105,-1.630023817577105,82.46047757955976
Bottine,-1.631090830826701,-1.631090830826701,54.40014732900189
Phalangerinae,-1.6340565033072452,-1.6340565033072452,70.65197545294016
Dactylozooid,-1.6369958770542428,-1.6369958770542428,84.22670321612121
Ampelidae,-1.637992246101199,-1.637992246101199,57.22636363098674
Lavatories,-1.6380578564275885,-1.6380578564275885,54.76303007899087
Struthioid,-1.6420837052545514,-1.6420837052545514,107.619413614561
Utible,-1.642610463127743,-1.642610463127743,54.07371095774046
Upgrades,-1.6428817118729921,-1.6428817118729921,57.54565299545014
Acetocinnamene,-1.645070452670744,-1.645070452670744,59.36652558456782
Lancelets,-1.6506781008579439,-1.6506781008579439,52.801696514772246
Graunt,-1.6521759324954095,-1.6521759324954095,70.57821903279138
Reclusery,-1.653464190495649,-1.653464190495649,51.70512379990451
Azeotrope,-1.653921507466551,-1.653921507466551,46.195563735162615
Anauxite,-1.6571061469233344,-1.6571061469233344,58.32176522976041
Umbilroot,-1.660142677778353,-1.660142677778353,97.38113772654553
Sorbian,-1.66219893828072,-1.66219893828072,55.44410566498824
Bovids,-1.664123090155254,-1.664123090155254,52.99198077926309
Beautifier,-1.6670058765314926,-1.6670058765314926,67.85810645009809
Azophenylene,-1.6719533700619897,-1.6719533700619897,71.89655413792734
Overprominent,-1.6737261623206887,-1.6737261623206887,72.21132670418596
Timpanums,-1.6739911439869826,-1.6739911439869826,65.11109302620824
Beshade,-1.6757225479472229,-1.6757225479472229,59.87089539798255
Tigerlike,-1.678452230316188,-1.678452230316188,56.99398191032314
Colosseum,-1.679924742214499,-1.679924742214499,45.918712775726554
Carcinogeneses,-1.6800686808177436,-1.6800686808177436,63.171859988834534
Autochthonal,-1.6819480705772185,-1.6819480705772185,106.14094763859245
Isolates,-1.6835195746264227,-1.6835195746264227,60.61879983942412
Procotton,-1.6839168326593419,-1.6839168326593419,105.38993951326094
Lacerta,-1.685205503890184,-1.685205503890184,54.20743912423142
Micrandrous,-1.687199709590948,-1.687199709590948,107.65133329269749
Proctodeum,-1.6894726116375869,-1.6894726116375869,72.99659229146462
Muscovy,-1.6906315804682017,-1.6906315804682017,50.925125139091115
Apollonian,-1.6931482489985417,-1.6931482489985417,55.127608234457334
Sauceplate,-1.7076964036683235,-1.7076964036683235,59.66930785697346
Electrotypy,-1.721877170201174,-1.721877170201174,107.14159897913575
Encapsulate,-1.7227191841356864,-1.7227191841356864,229.95729281293424
Gastrovascular,-1.72486082859173,-1.72486082859173,81.36031248150447
Sacristies,-1.726330647437229,-1.726330647437229,76.77672766844037
Thallodal,-1.7272755477399235,-1.7272755477399235,123.75465338684975
Metallometer,-1.7291995891414724,-1.7291995891414724,80.96156706918504
Intune,-1.7310744675016452,-1.7310744675016452,43.59137358140988
Iterances,-1.7317549498998277,-1.7317549498998277,60.22492723014489
Baidak,-1.7350532780638441,-1.7350532780638441,63.77426610667836
Pileous,-1.7399485583041783,-1.7399485583041783,64.69750137164807
Polymixiid,-1.7438357542385639,-1.7438357542385639,65.22458470304346
Smirchless,-1.75231742698492,-1.75231742698492,59.71936535004422
Submarinism,-1.753263924201791,-1.753263924201791,68.0297360928649
Sendal,-1.759171959846764,-1.759171959846764,92.28302698509985
Keelfat,-1.7609033164383727,-1.7609033164383727,94.3844849674228
Logans,-1.7622296964248143,-1.7622296964248143,93.03781658770252
Penscript,-1.7666052702026542,-1.7666052702026542,55.75975166339262
Chiffre,-1.7672901755039692,-1.7672901755039692,67.72060132286548
Friandise,-1.7691338077255871,-1.7691338077255871,73.39682731193622
Kumbuk,-1.769453054176657,-1.769453054176657,61.88908008584398
Louses,-1.7698639690927334,-1.7698639690927334,112.57663740849051
Uninceptive,-1.7710361487668411,-1.7710361487668411,63.14377670399479
Polystomata,-1.7767393590736527,-1.7767393590736527,60.63882955734076
Contestate,-1.7772773883655608,-1.7772773883655608,73.1680023667323
Tribromide,-1.7774046108229178,-1.7774046108229178,53.410070767759954
Peppershrike,-1.7813420145386711,-1.7813420145386711,54.95041678962406
Cabiritic,-1.7880158284119232,-1.7880158284119232,73.42677566460303
Podiatries,-1.78882592392993,-1.78882592392993,56.8348918643406
Unknowability,-1.7927708906903792,-1.7927708906903792,59.29175497426361
Gestura,-1.7946454982310132,-1.7946454982310132,49.45154323140739
Curarizes,-1.7969039723088678,-1.7969039723088678,59.10543582904737
Synclinical,-1.7985619616208084,-1.7985619616208084,80.51676755666425
Thermogenesis,-1.803105783917292,-1.803105783917292,54.49246688072989
Subdichotomies,-1.8080561011866467,-1.8080561011866467,192.24474928092658
Keyster,-1.8087965485042123,-1.8087965485042123,57.43446249520851
Demineralizer,-1.809251265335329,-1.809251265335329,48.21175414501218
Churchwoman,-1.8098274916484436,-1.8098274916484436,65.62175736504835
Sulphamyl,-1.81460485575289,-1.81460485575289,80.93135835960726
Unfrees,-1.8162060699206473,-1.8162060699206473,83.54684499017384
Noegenesis,-1.8210342366202705,-1.8210342366202705,75.41992717847262
Stylelike,-1.8225974903573292,-1.8225974903573292,65.8334688237373
Enologies,-1.8234960991027447,-1.8234960991027447,52.30014599927447
Shittim,-1.8254380634975405,-1.8254380634975405,70.74133509867059
Radiobicipital,-1.8256457137275903,-1.8256457137275903,76.36231233653598
Masuriums,-1.8313406600191835,-1.8313406600191835,57.96460575397707
Lionisers,-1.8337610140701437,-1.8337610140701437,58.2760738377655
Hickish,-1.835060124371814,-1.835060124371814,66.27744171320089
Tither,-1.8361445172453137,-1.8361445172453137,87.78111254439752
Welshlike,-1.840405488757657,-1.840405488757657,55.00887286260606
Pilosine,-1.8445551416047254,-1.8445551416047254,80.14445001644818
Lamasary,-1.8475248057633664,-1.8475248057633664,62.06839528918417
Bonaventure,-1.8511357802432284,-1.8511357802432284,78.76380833859344
Akazgin,-1.8522496194588896,-1.8522496194588896,92.67305582504659
Semeiotic,-1.855356357417485,-1.855356357417485,47.85602258160188
Abstrusity,-1.8600335266412662,-1.8600335266412662,57.119688462820186
Carefuller,-1.8621615492325312,-1.8621615492325312,86.24608097894094
Pelure,-1.8636195686002166,-1.8636195686002166,134.57781955948627
Waterlandian,-1.8657173158596811,-1.8657173158596811,66.30761146230766
Planetaries,-1.8667290098419207,-1.8667290098419207,51.5919346176617
Karpas,-1.8683035020052303,-1.8683035020052303,100.01151124305429
Monoflagellate,-1.8694887343667541,-1.8694887343667541,54.72476071277341
Anticonductor,-1.8754705115996808,-1.8754705115996808,99.7326224014116
Rallyings,-1.8774923896816762,-1.8774923896816762,68.10910936336674
Disdiazo,-1.8795165254605999,-1.8795165254605999,91.15470660464256
Carotenoid,-1.883385989850971,-1.883385989850971,47.17764093317346
Spiritualiser,-1.8865199246706785,-1.8865199246706785,51.93110487307492
Ubiquity,-1.8873973048998978,-1.8873973048998978,83.18815611030152
Kukang,-1.888785893349099,-1.888785893349099,66.32183227696873
Epistlers,-1.8902310519918724,-1.8902310519918724,82.3548496988299
Ajowan,-1.9082666506100279,-1.9082666506100279,71.69000579904056
Checkrows,-1.9170282062453627,-1.9170282062453627,72.42320420867726
Startler,-1.9207027097750056,-1.9207027097750056,62.45586030095349
Flavescence,-1.9247787782739576,-1.9247787782739576,97.0427030613168
Titres,-1.9268447047528585,-1.9268447047528585,56.35873396388556
Normandy,-1.9269137756103685,-1.9269137756103685,60.56369091801816
Genesiology,-1.9274328055615504,-1.9274328055615504,46.776176738167045
Zootomist,-1.9299700951076741,-1.9299700951076741,54.468579320092516
Wangtooth,-1.9303474164034504,-1.9303474164034504,72.77316641875964
Klaverns,-1.9330239124067803,-1.9330239124067803,90.2714767146699
Coalsack,-1.9345498799839256,-1.9345498799839256,62.15811285139172
Onondaga,-1.9346924355025135,-1.9346924355025135,60.468893635751186
Permeates,-1.9429640709294016,-1.9429640709294016,72.69893449799083
Nivernaise,-1.9470096500257812,-1.9470096500257812,96.46836206171186
Formicariae,-1.9542485974947128,-1.9542485974947128,53.092391891275305
Serpette,-1.9599713414059823,-1.9599713414059823,45.63158853446907
Panurgic,-1.9635996863168754,-1.9635996863168754,69.27587926558695
Intriguer,-1.967823852624926,-1.967823852624926,80.34996093748667
Prefixion,-1.9691867898487687,-1.9691867898487687,72.31432032102472
Recock,-1.9694396345217022,-1.9694396345217022,64.70274868798964
Ruckus,-1.9705564347595224,-1.9705564347595224,61.91538488084901
Calamistrate,-1.9811185253480765,-1.9811185253480765,85.50966013723175
Metamerous,-1.981247683437302,-1.981247683437302,96.30605559641198
Chuprassie,-1.9870120920407734,-1.9870120920407734,68.05916179257122
Quadrumvirate,-1.9893521714189761,-1.9893521714189761,67.90080715371586
Cathedras,-1.9893946043083766,-1.9893946043083766,64.58357827694532
Atlantides,-1.991545712429302,-1.991545712429302,105.09915138886922
Phaenogenesis,-1.992304664445042,-1.992304664445042,47.94215975696208
Rorqual,-1.9935574975075028,-1.9935574975075028,59.436638213287154
Quattrino,-1.9961576286981315,-1.9961576286981315,71.8527092945264
Palmitin,-1.9992439765262378,-1.9992439765262378,81.13205539373281
Flandan,-2.013646784635841,-2.013646784635841,55.624919886655675
Paracorolla,-2.025952619790919,-2.025952619790919,54.56198425073348
Underclay,-2.0321387310834838,-2.0321387310834838,62.29339693336821
Lepidophyte,-2.033080688400809,-2.033080688400809,55.06690221713673
Malayalam,-2.036241106589637,-2.036241106589637,51.36153517305797
Barbarizes,-2.0387992928267655,-2.0387992928267655,95.58221743352308
Annellata,-2.039249668477676,-2.039249668477676,57.16877811956731
Lochiocyte,-2.0393129216572814,-2.0393129216572814,75.03438187701609
Beamman,-2.0416404549662097,-2.0416404549662097,69.37006872736421
Sabulum,-2.055977789203911,-2.055977789203911,86.02302741057798
Naturize,-2.0569675682695707,-2.0569675682695707,73.45495294347798
Mariticidal,-2.0628851382231663,-2.0628851382231663,74.14266064750626
Outscold,-2.0672733338526497,-2.0672733338526497,62.66339926228195
Refrigerative,-2.0687644415879776,-2.0687644415879776,61.63295315596541
Preoppressor,-2.0742301724803096,-2.0742301724803096,72.1748096019805
Causus,-2.077494180949662,-2.077494180949662,74.72867899607418
Sugann,-2.077900614550763,-2.077900614550763,58.871792522857355
Berkeleyism,-2.0798407276131217,-2.0798407276131217,61.01552984299548
Dobies,-2.083189221147836,-2.083189221147836,70.48411212655158
Umpirages,-2.0834214016599923,-2.0834214016599923,55.18876299886946
Vaginicoline,-2.0836537357996767,-2.0836537357996767,61.39479042981841
Ascitb,-2.0891137856871436,-2.0891137856871436,77.95384770992402
Caccias,-2.089439014487576,-2.089439014487576,61.65203008303932
Brachyurous,-2.097796940762076,-2.097796940762076,69.70242823129614
Panties,-2.100643785192302,-2.100643785192302,71.73035080056901
Mecodonta,-2.101452558262739,-2.101452558262739,44.30573055548143
Otoneurology,-2.108566744358959,-2.108566744358959,78.99681800536128
Octacolic,-2.1099092158755735,-2.1099092158755735,82.01896781399874
Anthrophore,-2.1115524871350773,-2.1115524871350773,79.69095334697174
Acetamidine,-2.119598766814444,-2.119598766814444,55.52917463343279
Velarize,-2.1209331090410535,-2.1209331090410535,77.13590975637844
Redarken,-2.1264927444694774,-2.1264927444694774,60.558507097359126
Ambisinister,-2.142355705126057,-2.142355705126057,137.89689452813914
Hydrosilicate,-2.1454016510896396,-2.1454016510896396,59.99192062072568
Mellific,-2.145642852964942,-2.145642852964942,62.07025910570534
Chaldaism,-2.146284065826173,-2.146284065826173,50.46482140162475
Schizocarpic,-2.151987051046156,-2.151987051046156,107.93384642631256
Chokies,-2.152700293207142,-2.152700293207142,59.35665577051058
Syllabe,-2.1527608023483324,-2.1527608023483324,66.57387816945504
Fibrine,-2.158343604991446,-2.158343604991446,58.70186823333715
Sickener,-2.1643095117627342,-2.1643095117627342,64.59448048083556
Saccharuria,-2.16706798296103,-2.16706798296103,221.6393708790213
Carate,-2.1695187305477996,-2.1695187305477996,75.76590000996482
Tyroglyphid,-2.170350823954057,-2.170350823954057,115.48148885961966
Presses,-2.191001086017019,-2.191001086017019,74.4987397828645
Piddock,-2.193616151336736,-2.193616151336736,111.77788603605893
Alogism,-2.203631093575683,-2.203631093575683,58.98553202412849
Thoughtsick,-2.2106052138916477,-2.2106052138916477,64.71656511298264
Apandry,-2.2185949865937706,-2.2185949865937706,99.59122807524783
Decream,-2.220225576567673,-2.220225576567673,61.76341708081939
Reinduce,-2.231713903856491,-2.231713903856491,93.68264485938609
Hammam,-2.232141864795857,-2.232141864795857,64.28687631726025
Notholaena,-2.237842841825171,-2.237842841825171,61.89315524552587
Whangdoodle,-2.238119133788112,-2.238119133788112,58.907053118955524
Aldamin,-2.2471194445211746,-2.2471194445211746,66.25914824273438
Monogamies,-2.247566986872618,-2.247566986872618,97.60942720861615
Fedifragous,-2.2492265272277407,-2.2492265272277407,84.89247213797317
Safflowers,-2.249572842061092,-2.249572842061092,65.00081313514914
Vingtieme,-2.253404162518517,-2.253404162518517,59.4295101970854
Diaporesis,-2.265355442963341,-2.265355442963341,67.41295010150296
Unicef,-2.267647153520883,-2.267647153520883,47.402558571076554
Abiogenetical,-2.271917339274177,-2.271917339274177,52.38054395309317
Unexonerative,-2.279409780769579,-2.279409780769579,64.87658283310242
Diapasm,-2.2868689037721692,-2.2868689037721692,91.6093189923969
Cembalo,-2.2938729101329733,-2.2938729101329733,65.99429565858932
Incrassate,-2.297181186522523,-2.297181186522523,90.08624378849174
Kiesserite,-2.2989132901304252,-2.2989132901304252,79.14446876755824
Spoliarium,-2.303479422758602,-2.303479422758602,81.15258726660426
Tittivator,-2.308075766592068,-2.308075766592068,80.7360945784528
Mossiest,-2.3149709655681887,-2.3149709655681887,65.52301308614749
Larderful,-2.3156514206595418,-2.3156514206595418,57.091729126478945
Photoradio,-2.3171315868072986,-2.3171315868072986,55.717039076721946
Subtepidity,-2.320821934796291,-2.320821934796291,60.884811821018616
Beatific,-2.3313319843710247,-2.3313319843710247,59.96626313301149
Interjaculate,-2.3348655872923847,-2.3348655872923847,107.22324677211336
Checkrower,-2.3382645418465033,-2.3382645418465033,92.2236076137937
Radiatoporous,-2.3405239571945775,-2.3405239571945775,57.75451427992863
Mexica,-2.3533763119421143,-2.3533763119421143,79.1742017818359
Columbines,-2.3550526548584783,-2.3550526548584783,57.34785892750214
Paludamenta,-2.3559467995730077,-2.3559467995730077,74.57776288196364
Ceramidium,-2.357367732965362,-2.357367732965362,103.35643714635391
Parchmentize,-2.360319591762061,-2.360319591762061,65.21320657066984
Spileworm,-2.364348981189875,-2.364348981189875,72.78668040885312
Shoddydom,-2.3654749902622654,-2.3654749902622654,74.47748310432249
Brassie,-2.3698418886207984,-2.3698418886207984,57.0371904025085
Apteria,-2.3829314665768386,-2.3829314665768386,56.26028785215501
Undamn,-2.3913219454509904,-2.3913219454509904,93.58649427248858
Petasuses,-2.392980744102792,-2.392980744102792,111.4914786952373
Sulfion,-2.398980618291057,-2.398980618291057,62.523355338633834
Woozier,-2.4025228114946193,-2.4025228114946193,81.3217755896777
Timerity,-2.4033911756994266,-2.4033911756994266,106.79633589317255
Vituline,-2.404880176233523,-2.404880176233523,75.49768250078493
Corroborations,-2.4091903900794103,-2.4091903900794103,51.905292582951105
Handybook,-2.4105562232081734,-2.4105562232081734,86.44759484994508
Vargueno,-2.4119543810995494,-2.4119543810995494,84.01750219282897
Tetraspermal,-2.424492713020658,-2.424492713020658,109.149562649091
Ocypete,-2.4278235650870243,-2.4278235650870243,54.32402948134453
Adulates,-2.428168543844931,-2.428168543844931,86.13473777739135
Jimbang,-2.430816894348557,-2.430816894348557,104.31129141645238
Popinac,-2.4331375146986853,-2.4331375146986853,81.47830818370673
Plotton,-2.4354889895978746,-2.4354889895978746,74.5963758272212
Shillelah,-2.4387666783570654,-2.4387666783570654,85.29514306267913
Breird,-2.4423311036958024,-2.4423311036958024,63.203826922916676
Oxytocin,-2.4460065694974116,-2.4460065694974116,50.44843205161827
Smellie,-2.4524256337038426,-2.4524256337038426,74.79940982328348
Broguish,-2.452773076916254,-2.452773076916254,74.48908099234282
Irrelevant,-2.4559936935344955,-2.4559936935344955,49.22593345407778
Myonema,-2.458401516911711,-2.458401516911711,122.99411960464694
Aconuresis,-2.459105721994825,-2.459105721994825,108.7458821174079
Kaoliang,-2.474896619816049,-2.474896619816049,78.45741150801022
Hormogonous,-2.484057369129539,-2.484057369129539,77.81982858399061
Melanics,-2.485280294257174,-2.485280294257174,52.70713179100735
Basiphobia,-2.4860652574724065,-2.4860652574724065,66.42397910690455
Predriller,-2.4919162844527425,-2.4919162844527425,72.40911328984161
Sudoriparous,-2.4930876528018744,-2.4930876528018744,70.1996688204787
Lavehr,-2.4960722964922875,-2.4960722964922875,63.64279231025388
Isotach,-2.4994038537434147,-2.4994038537434147,132.87157816257576
Makutas,-2.502480191489209,-2.502480191489209,58.04123613159492
Paralogism,-2.5029188507274798,-2.5029188507274798,49.41400388362201
Ravenry,-2.50796779331725,-2.50796779331725,71.3579839166178
Homuncule,-2.5095051723801114,-2.5095051723801114,95.7726782442328
Lactigenous,-2.510292426429881,-2.510292426429881,134.16490451055643
Retrample,-2.51182344107731,-2.51182344107731,134.16038209119722
Cladophorales,-2.5136113978310624,-2.5136113978310624,72.52251894770275
Jageer,-2.514197468230931,-2.514197468230931,57.58414795632858
Galopade,-2.5157725368994606,-2.5157725368994606,126.98463798046083
Phalanges,-2.516230381760538,-2.516230381760538,83.98337209068102
Epithalamy,-2.5192293354608095,-2.5192293354608095,76.87011416864338
Subinternal,-2.5265098758456555,-2.5265098758456555,58.54661113141662
Digenic,-2.527956249543508,-2.527956249543508,85.79032918567943
Novatianist,-2.5309409539695844,-2.5309409539695844,78.18833220814007
Waterbrose,-2.5392574172429034,-2.5392574172429034,72.61962447056138
Priestianity,-2.5399119769479768,-2.5399119769479768,69.14845130539499
Redivision,-2.5444258429286974,-2.5444258429286974,78.74065692936676
Wasatch,-2.557178961109308,-2.557178961109308,65.50291513832939
Biosystematy,-2.5611460931058714,-2.5611460931058714,73.50583930256258
Rankish,-2.5640072402755956,-2.5640072402755956,70.91640168770353
Philologastry,-2.5642134856686165,-2.5642134856686165,66.40129847073297
Silvex,-2.565021484772055,-2.565021484772055,61.86521038751252
Ganowanian,-2.57073062929005,-2.57073062929005,68.31564277317376
Czarism,-2.5802857056565296,-2.5802857056565296,96.47566804179932
Phlyctenule,-2.58154356163762,-2.58154356163762,75.00051416741391
Hymenic,-2.591909776596926,-2.591909776596926,95.5185711857545
Thynnid,-2.595244328044364,-2.595244328044364,90.08643101060467
Nonorthodox,-2.6043071317853586,-2.6043071317853586,67.64233021794469
Forkbeard,-2.60937840874527,-2.60937840874527,61.77289318703648
Caruncular,-2.6203567948597604,-2.6203567948597604,93.5155050038117
Stanjen,-2.625542443538772,-2.625542443538772,69.82872083901393
Proletarianism,-2.626482910532237,-2.626482910532237,49.517824409479054
Caickle,-2.6265228226101263,-2.6265228226101263,136.22325492101163
Imperialize,-2.6285930157215436,-2.6285930157215436,91.38469906149412
Aplacophora,-2.6290527374846606,-2.6290527374846606,73.64208250279783
Scabrous,-2.6354187796902453,-2.6354187796902453,76.67921874359928
Craisey,-2.6354294832778806,-2.6354294832778806,126.28284755147615
Botchiest,-2.6390321573459254,-2.6390321573459254,62.9258922530651
Hemispasm,-2.641118709146273,-2.641118709146273,70.90133107243534
Sulfureous,-2.654681937502432,-2.654681937502432,61.146343279716326
Gelder,-2.6588489504709565,-2.6588489504709565,80.19076250235501
Clerids,-2.660926510629497,-2.660926510629497,101.79459434525747
Feeless,-2.6633010377406454,-2.6633010377406454,78.728716280523
Chelem,-2.6769450635181697,-2.6769450635181697,57.20036870162733
Phyllodia,-2.6771844134048917,-2.6771844134048917,51.76475333567548
Calvous,-2.685516133463216,-2.685516133463216,58.48537678807715
Varsal,-2.7044632237182467,-2.7044632237182467,89.92742761526617
Skatikas,-2.70773884700373,-2.70773884700373,71.1337545067841
Trematosaurus,-2.7099867078127255,-2.7099867078127255,51.85945639339954
Bangtails,-2.7232175056439116,-2.7232175056439116,58.283938633017875
Conquinamine,-2.724151685614089,-2.724151685614089,79.40611469891785
Sageer,-2.7283280998610726,-2.7283280998610726,62.468969707339845
Dispersonalize,-2.7302338822438283,-2.7302338822438283,60.135649057326994
Cassiopeia,-2.731607734821509,-2.731607734821509,90.23650295363122
Leukosis,-2.733738161455536,-2.733738161455536,75.2259066640523
Practicianism,-2.7373682182187014,-2.7373682182187014,62.247731425799905
Predefence,-2.7422548424309925,-2.7422548424309925,87.01929713757099
Fumier,-2.7465713426656997,-2.7465713426656997,56.5211178047789
Malefactresses,-2.749530111685767,-2.749530111685767,83.56227208733472
Squamipinnate,-2.7600274421123463,-2.7600274421123463,72.6776149264733
Unblade,-2.7635554914633342,-2.7635554914633342,75.00392303798887
Elaphrium,-2.7657412774385013,-2.7657412774385013,50.85876174863493
Powldoody,-2.765814440434738,-2.765814440434738,102.21505839912075
Mustachio,-2.766878456031297,-2.766878456031297,69.02937469903405
Vomicine,-2.76740716092889,-2.76740716092889,62.998390977377206
Keraunophone,-2.774512726295967,-2.774512726295967,55.9777762301354
Endoplastron,-2.7757262256147417,-2.7757262256147417,94.65839107823851
Supersatisfy,-2.776198363077584,-2.776198363077584,77.13975833410241
Anabiotic,-2.776533801869084,-2.776533801869084,69.54887796685648
Abroad,-2.7859495739744315,-2.7859495739744315,47.072125632766635
Ringgit,-2.787674116118556,-2.787674116118556,66.63960609323375
Innative,-2.791810835344241,-2.791810835344241,97.84260693396587
Propanes,-2.79200452367417,-2.79200452367417,100.55086158961379
Goeduck,-2.795669597686444,-2.795669597686444,69.34132584849232
Palmus,-2.8044857933573852,-2.8044857933573852,68.5258774951479
Kaffraria,-2.805650050465492,-2.805650050465492,75.91376757781086
Maizenic,-2.812313699736855,-2.812313699736855,72.04154379966003
Peronium,-2.812687114260719,-2.812687114260719,66.6673591862357
Polyphote,-2.8228801206574725,-2.8228801206574725,92.36537872455912
Conspissate,-2.825655760266398,-2.825655760266398,100.30403010375727
Immask,-2.829026027676734,-2.829026027676734,63.93767333903079
Fringehead,-2.8383962560100406,-2.8383962560100406,73.52929306797391
Myxolipoma,-2.842378486694974,-2.842378486694974,66.71867532678507
Lamblike,-2.8430019855853237,-2.8430019855853237,49.12203561014493
Dopper,-2.8433244316147817,-2.8433244316147817,89.88501198261359
Amaranthoid,-2.860158037892879,-2.860158037892879,63.69136977728094
Atumble,-2.860316462095967,-2.860316462095967,80.56295944069142
Gralloch,-2.8747090913504345,-2.8747090913504345,61.277152657453115
Laryngorrhea,-2.878006909451302,-2.878006909451302,77.35701892122772
Goatsbeard,-2.8958514826803285,-2.8958514826803285,56.27931821843773
Audiles,-2.8962330526191615,-2.8962330526191615,75.46184031441211
Sleighs,-2.907800646105269,-2.907800646105269,77.33212470506362
Cookey,-2.911315624073067,-2.911315624073067,71.91786314531664
Melospiza,-2.9203291807709517,-2.9203291807709517,126.10517451148428
Inique,-2.9248501640955897,-2.9248501640955897,58.8357295162234
Isodimorphic,-2.9252672646247153,-2.9252672646247153,82.55408535324922
Postauditory,-2.9265762253449106,-2.9265762253449106,63.55030837201289
Merwoman,-2.9332664001690545,-2.9332664001690545,54.97090855442963
Thunderers,-2.937144255387558,-2.937144255387558,71.61646422533649
Millimicron,-2.94054862184285,-2.94054862184285,98.22689904328116
Pinwale,-2.946092606215288,-2.946092606215288,90.71281088129157
Caulicule,-2.946539845097796,-2.946539845097796,46.75167396298776
Odontocele,-2.9619139738696227,-2.9619139738696227,59.328019339437326
Tolualdehyde,-2.9667973849742926,-2.9667973849742926,61.82855316810331
Reearn,-2.975463476853775,-2.975463476853775,79.33000809601938
Zongora,-3.007150613359738,-3.007150613359738,57.23644606988497
Ophian,-3.0082151288383856,-3.0082151288383856,69.11307282323722
Cisplatine,-3.0113885604707282,-3.0113885604707282,70.81552526868765
Zwinglianism,-3.0117738535880987,-3.0117738535880987,78.86275455497815
Wannigan,-3.0245975396382287,-3.0245975396382287,71.78228138501585
Embryulculci,-3.0267677435213454,-3.0267677435213454,87.37352700722934
Secreta,-3.0283250254224914,-3.0283250254224914,51.890678360761584
Astigmometer,-3.0303254270388105,-3.0303254270388105,53.84170710339009
Bandits,-3.046674936410115,-3.046674936410115,50.32513694113427
Quaresma,-3.0577706221593792,-3.0577706221593792,48.456174737938554
Synapticulate,-3.0612597198060962,-3.0612597198060962,57.07443415389786
Esoterist,-3.062365123249741,-3.062365123249741,71.74339150778158
Comourn,-3.064573953389515,-3.064573953389515,62.73193459686589
Zanclidae,-3.0646991389375913,-3.0646991389375913,80.3318989891493
Neurones,-3.0661777138392536,-3.0661777138392536,95.96794431339507
Hetaery,-3.07231581745578,-3.07231581745578,66.96818251889648
Encephalosis,-3.073114660855042,-3.073114660855042,98.66483424847208
Fabricate,-3.07783011334822,-3.07783011334822,99.94929894484461
Ethmolachrymal,-3.0900868975958384,-3.0900868975958384,161.24677305152892
Collectioner,-3.0909860887971305,-3.0909860887971305,76.73676750996229
Youdendrift,-3.093849583364172,-3.093849583364172,153.15045966310436
Sadducees,-3.102687586240571,-3.102687586240571,51.912805009925826
Gymnoconia,-3.1033366888275484,-3.1033366888275484,67.9763433177358
Imposthumate,-3.108873912062728,-3.108873912062728,75.34461766050441
Tegular,-3.1121983402907745,-3.1121983402907745,127.06799369290975
Nonpapist,-3.1130976420609833,-3.1130976420609833,84.36854250944442
Unfoxy,-3.117559569718324,-3.117559569718324,95.0858096692315
Siskins,-3.1216863348268977,-3.1216863348268977,85.98094684705781
Paruria,-3.1246001215891863,-3.1246001215891863,61.191439840227936
Whissle,-3.1318760525580878,-3.1318760525580878,108.44550165160426
Zendician,-3.132038118275961,-3.132038118275961,74.48821289465856
Antienthusiast,-3.147960362664895,-3.147960362664895,82.13081724769602
Muscovadite,-3.1509523038973763,-3.1509523038973763,79.24323273816701
Splenoma,-3.155077605176971,-3.155077605176971,107.46648226873863
Monothalamic,-3.157127667369269,-3.157127667369269,104.29690463832503
Uronology,-3.162121376512711,-3.162121376512711,73.14903917692648
Pyroline,-3.162358186193049,-3.162358186193049,70.13479927228617
Furciform,-3.167171251348015,-3.167171251348015,88.59128102557138
Psychometry,-3.1673983920664064,-3.1673983920664064,57.54522536312392
Rantism,-3.1676325522646387,-3.1676325522646387,68.53875637698951
Pyrrhuloxia,-3.1745810450837597,-3.1745810450837597,108.06606365164224
Shuddersome,-3.1812132291425117,-3.1812132291425117,69.74982291624033
Jaspagate,-3.183882190559478,-3.183882190559478,84.7099834662057
Peaces,-3.1864284467867896,-3.1864284467867896,74.98923028950949
Amenta,-3.1903182659904137,-3.1903182659904137,70.07386912239315
Bearcoot,-3.1997439853048157,-3.1997439853048157,62.552026039861836
Ouzels,-3.2062154365410858,-3.2062154365410858,46.916048024387386
Haflin,-3.2095995251959075,-3.2095995251959075,86.50552058902883
Badiaga,-3.2157642727707803,-3.2157642727707803,57.23405194700066
Underlease,-3.218142616865699,-3.218142616865699,57.43065317473949
Apospory,-3.225846323281935,-3.225846323281935,92.31566277159632
Kabbala,-3.228557162097031,-3.228557162097031,56.92474580146011
Lobeless,-3.2291200056937805,-3.2291200056937805,71.86870475171719
Perineoscrotal,-3.239870112669946,-3.239870112669946,63.42833773155312
Shibahs,-3.2516635045754763,-3.2516635045754763,57.103863226971924
Ceroline,-3.259891526817265,-3.259891526817265,56.776979506654314
Jasperite,-3.2660699602277234,-3.2660699602277234,74.57724355767955
Clamcracker,-3.2671463047411065,-3.2671463047411065,78.44539461193021
Troves,-3.2671536024914407,-3.2671536024914407,55.74775618389725
Wenchman,-3.274734636459515,-3.274734636459515,77.30087699573225
Greengill,-3.2778775036702914,-3.2778775036702914,140.89365561149788
Warrty,-3.2818052766903607,-3.2818052766903607,99.5993624159257
Zymometer,-3.2850429247439084,-3.2850429247439084,69.32911502989921
Balldress,-3.286872780403021,-3.286872780403021,91.70313994949417
Barratries,-3.2880293118111106,-3.2880293118111106,74.03775944422296
Scoliotic,-3.294763676549463,-3.294763676549463,64.71105420361536
Noninductive,-3.3035547292293224,-3.3035547292293224,53.64086045702529
Aunthoods,-3.307868014784784,-3.307868014784784,61.2086702420722
Alkylates,-3.3187859393033308,-3.3187859393033308,66.40831685957244
Antemural,-3.3192767813724546,-3.3192767813724546,92.60388610374
Atheriogaea,-3.32337216482343,-3.32337216482343,56.40140745973565
Mandoline,-3.3245584240089436,-3.3245584240089436,75.40251767893655
Babool,-3.3261089112188014,-3.3261089112188014,67.31492098932158
Nonaccentual,-3.3265790954960552,-3.3265790954960552,90.49627392894658
Glucokinin,-3.331925182915629,-3.331925182915629,83.74725509585141
Hypopharynges,-3.3399353597835684,-3.3399353597835684,84.55739455125523
Berigora,-3.3479988917164625,-3.3479988917164625,83.14516283216886
Protaxial,-3.3566820688488246,-3.3566820688488246,146.5835749287357
Finetop,-3.3676290171920362,-3.3676290171920362,83.23621296095845
Helicopts,-3.370566029830931,-3.370566029830931,73.54536806995392
Prelect,-3.3713800529374787,-3.3713800529374787,57.00668525099443
Eccrinology,-3.37288826452859,-3.37288826452859,58.61991754315
Trisyllabical,-3.3763943644077847,-3.3763943644077847,67.88812998605555
Apparentements,-3.376479706459596,-3.376479706459596,251.97313348788384
Matajuelo,-3.3793510412118,-3.3793510412118,69.5514515291296
Thebain,-3.382238882886933,-3.382238882886933,90.62822373707444
Flypasts,-3.3832906135426244,-3.3832906135426244,119.61556674550923
Clinocephalus,-3.387632038024392,-3.387632038024392,57.33237874069079
Haftaroth,-3.3902753130201706,-3.3902753130201706,63.90811166250292
Extreat,-3.407005382970311,-3.407005382970311,93.05051938005684
Chrysophanic,-3.412969508059322,-3.412969508059322,77.99237781406846
Wapitis,-3.4363769414626737,-3.4363769414626737,68.33712594023764
Tangipahoa,-3.449277280287035,-3.449277280287035,63.80537941697018
Renomee,-3.4509269858063814,-3.4509269858063814,73.5512893626963
Mareschal,-3.4512321693810804,-3.4512321693810804,97.01652147939896
Dahabiahs,-3.4677612532020516,-3.4677612532020516,72.53947816028597
Dicyanide,-3.4738052393111194,-3.4738052393111194,94.04719393591847
Waferwoman,-3.500078990297265,-3.500078990297265,79.05590511916122
Yeelin,-3.5013273416495303,-3.5013273416495303,92.16671161457006
Fructoses,-3.504545314667327,-3.504545314667327,56.24105006263994
Untaste,-3.5060824676845015,-3.5060824676845015,112.28591247366651
Engrosses,-3.516706189119487,-3.516706189119487,72.69658434112144
Thionate,-3.523609609678645,-3.523609609678645,94.29306119450217
Instructors,-3.5444315925385115,-3.5444315925385115,55.8403945920008
Apoquinine,-3.5566888120594657,-3.5566888120594657,72.36402273441234
Dictatress,-3.5628622691685763,-3.5628622691685763,112.31002914576523
Anoterite,-3.564828083870215,-3.564828083870215,104.0504836943289
Unabsolute,-3.565496165267744,-3.565496165267744,60.36962983858888
Savagest,-3.5675860697582795,-3.5675860697582795,134.62318369615465
Inkhornizer,-3.5804387243719953,-3.5804387243719953,78.58286001362978
Caiman,-3.582132382960731,-3.582132382960731,64.61687859180616
Unegoist,-3.5863904770883805,-3.5863904770883805,71.99182101037339
Berberidaceae,-3.596682732402474,-3.596682732402474,76.83904279985903
Furfuramid,-3.59800071913767,-3.59800071913767,65.94632705215714
Gastrophilism,-3.614804790473932,-3.614804790473932,59.810377154078566
Tsotsi,-3.62769910679705,-3.62769910679705,80.08808799648789
Bajocco,-3.6324523612656487,-3.6324523612656487,54.635879377622956
Counterbuff,-3.6333767242771766,-3.6333767242771766,88.39335419975797
Abcoulomb,-3.6368172896622157,-3.6368172896622157,81.39739248214462
Hacendado,-3.644820310033044,-3.644820310033044,103.2704227083035
Lanuginose,-3.647087362569321,-3.647087362569321,82.4366311445893
Fricti,-3.6541739667624245,-3.6541739667624245,71.16595168654939
Tyleberry,-3.6631575277915362,-3.6631575277915362,73.00959235759679
Ratlins,-3.6653944334165267,-3.6653944334165267,93.58533251354717
Xanthogenamide,-3.6719273036433533,-3.6719273036433533,73.81570618007383
Rhynchonelloid,-3.673891960019955,-3.673891960019955,95.2151943396062
Semiliberal,-3.683758322311451,-3.683758322311451,98.98762304625632
Cosmosophy,-3.694498173476595,-3.694498173476595,61.26405553512277
Roncos,-3.7076391406573768,-3.7076391406573768,66.54468851447989
Nannander,-3.708942266420349,-3.708942266420349,65.55850261428252
Angiopressure,-3.715657994731663,-3.715657994731663,81.47096874735905
Corvinas,-3.719062654289051,-3.719062654289051,69.0539268650502
Brunonism,-3.730396231893777,-3.730396231893777,65.33271781781322
Loather,-3.731911061666024,-3.731911061666024,83.81325463071012
Saintdoms,-3.7326593453870482,-3.7326593453870482,66.20904562456722
Landwrack,-3.7336917259189324,-3.7336917259189324,62.040486495495884
Dentiscalp,-3.740599098972439,-3.740599098972439,80.48310799596588
Withstrain,-3.7568325343846527,-3.7568325343846527,92.30696108662002
Guajira,-3.765145847021418,-3.765145847021418,64.7007118973886
Chansonette,-3.7834877373898737,-3.7834877373898737,89.1846275086527
Rohilla,-3.787777061346418,-3.787777061346418,62.867729498237786
Alberich,-3.7918199546818925,-3.7918199546818925,78.77430118865887
Bunkery,-3.80107095886539,-3.80107095886539,77.61788073804286
Furunculus,-3.8158034753353496,-3.8158034753353496,82.19207839628297
Blemisher,-3.821298024609174,-3.821298024609174,86.44352422276609
Strass,-3.8263350944968755,-3.8263350944968755,63.48150392453648
Fluoridize,-3.836564190016786,-3.836564190016786,79.02763150700602
Bhisties,-3.8367584557004677,-3.8367584557004677,78.37682966568286
Tristive,-3.843855217625259,-3.843855217625259,77.28337088274968
Glossoscopy,-3.849418258745923,-3.849418258745923,74.53232683499141
Rhabdos,-3.8546947369987388,-3.8546947369987388,80.89875224523001
Begiggle,-3.869645675141166,-3.869645675141166,84.43380711115799
Proanaphora,-3.8826913462750077,-3.8826913462750077,82.09028370209425
Failles,-3.883770439776943,-3.883770439776943,82.63619489730428
Sublacustrine,-3.884271475719314,-3.884271475719314,113.57915015546261
Canalize,-3.8845169435685065,-3.8845169435685065,121.81424522260122
Taunters,-3.890957990347829,-3.890957990347829,82.78839149164614
Chorioadenoma,-3.9019956342696687,-3.9019956342696687,81.75930049225954
Apothegmatize,-3.9221279764670713,-3.9221279764670713,87.1905903901616
Ericineous,-3.9377537695667044,-3.9377537695667044,70.25436110874158
Fieldleft,-3.9422584821083966,-3.9422584821083966,63.697091338812335
Unconversion,-3.950176299243894,-3.950176299243894,79.99116691227665
Kilobytes,-3.9562128775114687,-3.9562128775114687,79.28847798931777
Lemovices,-3.9630775144573844,-3.9630775144573844,119.82443649066944
Overtare,-3.9877245138810697,-3.9877245138810697,87.99732019210833
Volost,-3.9987124946458037,-3.9987124946458037,68.1584849910708
Subpulverizer,-4.0066303356801445,-4.0066303356801445,84.266240727613
Nonspill,-4.0099835380447795,-4.0099835380447795,72.66884559536474
Egeria,-4.019523596206787,-4.019523596206787,73.47982226369423
Blunnen,-4.0429373343508965,-4.0429373343508965,57.76246366393902
Sabbathaic,-4.044672212116922,-4.044672212116922,55.33389104893086
Puristical,-4.054086908992326,-4.054086908992326,72.35035517070764
Postmuscular,-4.0545817225121255,-4.0545817225121255,74.91000663121349
Micellae,-4.057389031335317,-4.057389031335317,89.92217488863919
Excambion,-4.067778525675327,-4.067778525675327,72.00756648575454
Rephael,-4.073307759655813,-4.073307759655813,72.59694973502555
Underfall,-4.073536719896519,-4.073536719896519,96.7483413689244
Clonicotonic,-4.102896847771286,-4.102896847771286,117.25677331160315
Unequability,-4.107688889092497,-4.107688889092497,90.73730922043745
Spleetnew,-4.113280510736951,-4.113280510736951,63.56820521538355
Toxoglossa,-4.113349898686529,-4.113349898686529,83.74633327940694
Confessionist,-4.151017168716296,-4.151017168716296,89.28326632634509
Tidesman,-4.168791974436539,-4.168791974436539,119.2974869181742
Peacockiest,-4.172902096943149,-4.172902096943149,89.80975741534587
Caroigne,-4.180493569496312,-4.180493569496312,61.13925894609555
Leaseback,-4.184609577126013,-4.184609577126013,61.10700077065915
Weissnichtwo,-4.190615810005833,-4.190615810005833,113.91696014982699
Sulphamide,-4.195810378238095,-4.195810378238095,66.14924339542071
Opiumism,-4.207233791645526,-4.207233791645526,66.14738407860565
Rasalas,-4.2136571827844875,-4.2136571827844875,83.42765150808333
Beguard,-4.216425424757348,-4.216425424757348,75.55387171007996
Pinecones,-4.217345571704157,-4.217345571704157,66.5858087601089
Fenestella,-4.226015602337773,-4.226015602337773,84.20906466368353
Sintsink,-4.242585892242083,-4.242585892242083,71.30286044104905
Dadupanthi,-4.242593276955795,-4.242593276955795,64.27364524322815
Novelise,-4.24592608534876,-4.24592608534876,66.65296649005133
Scatty,-4.248227112172174,-4.248227112172174,80.67464597247586
Platinotype,-4.252420078035418,-4.252420078035418,69.26839934647218
Plotties,-4.260066158478303,-4.260066158478303,71.23944475656604
Notanduda,-4.27453092589195,-4.27453092589195,138.64460263725712
Vasiferous,-4.2891995447200655,-4.2891995447200655,90.36876236893995
Sudoral,-4.29227924857911,-4.29227924857911,80.86193189568382
Cantatory,-4.3050710820905,-4.3050710820905,70.3578183803672
Obliges,-4.309048093139448,-4.309048093139448,91.79035933584987
Epigrammatism,-4.311858424048,-4.311858424048,89.40670137192866
Ostreidae,-4.315029104733983,-4.315029104733983,70.2793101879876
Satinfin,-4.321547145372958,-4.321547145372958,76.56479234990098
Amebae,-4.327003138164177,-4.327003138164177,139.69193753348938
Thesmothetae,-4.328938698990587,-4.328938698990587,64.59963838950581
Homatomic,-4.331169430122064,-4.331169430122064,130.1893254923282
Snapwood,-4.337473746719211,-4.337473746719211,66.83389033008041
Cacajao,-4.342794033424325,-4.342794033424325,119.45708980177356
Sacramentalis,-4.347728175393537,-4.347728175393537,94.85759809044261
Trehala,-4.366424724648398,-4.366424724648398,70.07407862164635
Rhodospermeae,-4.373269590354158,-4.373269590354158,61.63914599681624
Anguses,-4.380796153644214,-4.380796153644214,81.58242848788991
Boselaphus,-4.388222667530445,-4.388222667530445,96.61907321758501
Pashaship,-4.4058604237991705,-4.4058604237991705,58.48198997115861
Prorectorate,-4.417790560944891,-4.417790560944891,145.81530417992843
Taluche,-4.448849192587175,-4.448849192587175,72.17965534938085
Goyana,-4.450885045435304,-4.450885045435304,64.4594725519237
Acrindoline,-4.451336112499751,-4.451336112499751,89.8091326222375
Mishit,-4.453838669979556,-4.453838669979556,58.528811329110695
Gedunk,-4.464261296430702,-4.464261296430702,75.14562471766527
Monometallism,-4.47202235019269,-4.47202235019269,78.50930422798619
Noncarbonate,-4.484774948996707,-4.484774948996707,69.1635396704275
Pentabasic,-4.504800486470754,-4.504800486470754,81.82984454710312
Ossianize,-4.552671276570297,-4.552671276570297,73.36992616687823
Septemberist,-4.556239275509508,-4.556239275509508,70.00737096393159
Wourari,-4.5568787522924925,-4.5568787522924925,55.48949939828396
Iberite,-4.562004126556192,-4.562004126556192,101.95098980575145
Stercoraceous,-4.568220153103879,-4.568220153103879,86.1911701653562
Balatas,-4.586882386784811,-4.586882386784811,85.76811474457749
Parosmic,-4.588675817570947,-4.588675817570947,116.09210145223366
Underpetticoat,-4.601940209242149,-4.601940209242149,121.28340469062053
Identism,-4.625298512780339,-4.625298512780339,86.9350655008562
Nonatmospheric,-4.634358405003601,-4.634358405003601,80.89520509130693
Bullyrags,-4.638209395149283,-4.638209395149283,136.74733072348846
Jigaboos,-4.6423480563462745,-4.6423480563462745,120.32518106802483
Extollers,-4.645157025632811,-4.645157025632811,82.3966430956911
Somasthenia,-4.647399723162354,-4.647399723162354,87.83046249413083
Warniss,-4.666744112273755,-4.666744112273755,70.40291874590812
Metapodiale,-4.668298843470365,-4.668298843470365,99.06944942253162
Albuminise,-4.6874570141268785,-4.6874570141268785,62.12216782430398
Cazimi,-4.69530594962312,-4.69530594962312,89.21015786014702
Philotherian,-4.707652171647907,-4.707652171647907,108.94007846698072
Latebricole,-4.736460072238232,-4.736460072238232,72.356674337228
Amentaceous,-4.754438671580305,-4.754438671580305,68.3220160814048
Bedrivel,-4.767022745449587,-4.767022745449587,109.45574442303986
Palpulus,-4.767873501979246,-4.767873501979246,104.78804772764481
Ralstonite,-4.776154512272697,-4.776154512272697,58.866014919707226
Celtist,-4.777819365691844,-4.777819365691844,89.42136313197804
Hucklebone,-4.783001982595126,-4.783001982595126,95.01102680207251
Lingams,-4.8108452832875,-4.8108452832875,88.63572303709027
Nanosomus,-4.823776775815537,-4.823776775815537,69.73939098289144
Trigonocerous,-4.864603866700449,-4.864603866700449,75.08419713546229
Complexionist,-4.903346103628758,-4.903346103628758,88.27747297280646
Sylvate,-4.9274765137153995,-4.9274765137153995,106.46492692657138
Proctorize,-4.939037418121208,-4.939037418121208,138.80497668917448
Semimucous,-4.945863870002679,-4.945863870002679,91.1608661918678
Chingma,-4.948798908383647,-4.948798908383647,69.34906079955752
Libral,-4.951091387160691,-4.951091387160691,65.16575616659526
Nabatean,-4.970214986501168,-4.970214986501168,74.37902218164973
Assurate,-4.9741822588497495,-4.9741822588497495,90.78315783105354
Angiosymphysis,-5.011310700868115,-5.011310700868115,180.17504731939235
Nihilobstat,-5.023155619267948,-5.023155619267948,101.81317973899743
Insomnolency,-5.098925186125448,-5.098925186125448,79.81041666572881
Molochs,-5.106878054821188,-5.106878054821188,85.28396541187477
Keelhale,-5.136263888416481,-5.136263888416481,78.13742726263516
Piquiere,-5.1506378199338565,-5.1506378199338565,107.42331989367003
Sectarist,-5.162869047870691,-5.162869047870691,89.97903268698417
Bowsie,-5.171914661565511,-5.171914661565511,68.28136761278117
Mediofrontal,-5.205256309880585,-5.205256309880585,77.03604683500095
Undulationist,-5.21122079483191,-5.21122079483191,89.10527150238855
Certosino,-5.226199289292249,-5.226199289292249,85.20316648445248
Sympetalous,-5.230112563628554,-5.230112563628554,121.23449965214107
Ootocoidea,-5.238408988393715,-5.238408988393715,84.62269858109873
Nondesignate,-5.241178009767127,-5.241178009767127,64.45156250993297
Acalycine,-5.2425265957082265,-5.2425265957082265,117.13483043694829
Sebiferous,-5.245679374220866,-5.245679374220866,92.18432653438767
Beryllosis,-5.26444447758724,-5.26444447758724,81.77600130624347
Onionlike,-5.266113195649615,-5.266113195649615,106.71047877485518
Hexacorallia,-5.267804184802241,-5.267804184802241,68.61070345069244
Caulomic,-5.279863763747821,-5.279863763747821,75.51677152689388
Predentata,-5.280623073528997,-5.280623073528997,156.43159365611322
Fableist,-5.296414984047506,-5.296414984047506,84.87899836049523
Sibyls,-5.296508820351154,-5.296508820351154,63.868450072497836
Scyllioid,-5.299306918250611,-5.299306918250611,87.35732401403259
Precontrives,-5.3059812154741675,-5.3059812154741675,76.79992474097914
Phlegmless,-5.30915310286318,-5.30915310286318,71.62290428563563
Sarmenta,-5.315635917422211,-5.315635917422211,58.223257969620114
Brelan,-5.3193481121113875,-5.3193481121113875,97.74344785014563
Bartramian,-5.339133029387593,-5.339133029387593,145.16004299845235
Grewsomest,-5.348656251989043,-5.348656251989043,92.97163437006839
Splashier,-5.364527136139161,-5.364527136139161,58.09461597852422
Cribose,-5.366351206624114,-5.366351206624114,99.62981615758397
Crucibulum,-5.368791710858636,-5.368791710858636,121.28470053019116
Subungulata,-5.38082485351325,-5.38082485351325,65.2808767594807
Acrylaldehyde,-5.40465643987751,-5.40465643987751,82.19829012509607
Medusas,-5.418640983827926,-5.418640983827926,74.58029663131202
Occlusor,-5.434988172956982,-5.434988172956982,95.90818110957774
Gymnoglossa,-5.436035511682594,-5.436035511682594,57.70769430939155
Substrative,-5.488511042090095,-5.488511042090095,81.72746994464329
Alumian,-5.488582508661822,-5.488582508661822,87.40081813498644
Goniotropous,-5.49073348593023,-5.49073348593023,108.30366621027083
Caimitillo,-5.493579690327884,-5.493579690327884,65.80471400450503
Frasier,-5.506606947083276,-5.506606947083276,65.58146571281634
Semiterete,-5.508863956789889,-5.508863956789889,139.84088349683154
Pyloroscirrhus,-5.512795875850645,-5.512795875850645,72.91353167536167
Gemuetlich,-5.5198381392094555,-5.5198381392094555,110.48373050575466
Yercum,-5.522120171429723,-5.522120171429723,88.55090152420615
Limity,-5.522308273986686,-5.522308273986686,77.29711895847869
Scleroses,-5.529011133972859,-5.529011133972859,77.77222214486558
Blesboks,-5.559304885400506,-5.559304885400506,99.5424830738286
Guillotinist,-5.563107310496346,-5.563107310496346,101.80129757291309
Chalcidica,-5.610326397016589,-5.610326397016589,61.96622066558256
Tawneys,-5.614687850591835,-5.614687850591835,73.43350528701238
Diatesseron,-5.61619216116711,-5.61619216116711,166.6058270504154
Araucano,-5.63824961029438,-5.63824961029438,64.57330692821489
Prehistorics,-5.654464676010036,-5.654464676010036,97.59586172098427
Plighters,-5.660274892290513,-5.660274892290513,60.13635485699503
Consute,-5.676769436470329,-5.676769436470329,76.54677907188133
Zorotypus,-5.679630666933851,-5.679630666933851,105.37714663031919
Sawsharper,-5.693757277027271,-5.693757277027271,94.99790437403995
Moldwarp,-5.7101041575366365,-5.7101041575366365,119.58183844724768
Canapina,-5.741255335938194,-5.741255335938194,79.58850819365894
Absolvent,-5.74434448204706,-5.74434448204706,83.59070618604602
Illuminatism,-5.789668085267795,-5.789668085267795,77.57205823857555
Haveage,-5.814610247538199,-5.814610247538199,186.2846293303804
Sortita,-5.832423577674951,-5.832423577674951,96.00303335735
Pansophist,-5.836292479547635,-5.836292479547635,100.8498480624738
Potties,-5.862764227191404,-5.862764227191404,61.499312631178675
Pyelitic,-5.865151601854933,-5.865151601854933,90.19825715375572
Osteoplaque,-5.880423578180648,-5.880423578180648,91.42146901263422
Tresis,-5.886766903011749,-5.886766903011749,60.51551852072449
Gingals,-5.898528407043262,-5.898528407043262,116.88972372766438
Sinanthropus,-5.918063111240737,-5.918063111240737,99.10294865941731
Mandorla,-5.923836696380446,-5.923836696380446,78.24624202452131
Apaesthesia,-5.92579492220192,-5.92579492220192,74.69805694027963
Anomurous,-5.931369502353209,-5.931369502353209,127.44059161475059
Paravesical,-5.9420260069013455,-5.9420260069013455,84.7429214770863
Trophoplasmic,-5.951258143420913,-5.951258143420913,88.24448869901215
Achlamydeae,-5.951867370577766,-5.951867370577766,74.80913525309758
Strongylon,-5.954143071435147,-5.954143071435147,107.44483763392152
Prerich,-5.958115866960887,-5.958115866960887,74.39409821928155
Slimnesses,-5.962460899842409,-5.962460899842409,156.23553770956931
Priestshire,-5.979035749237838,-5.979035749237838,74.25073858351546
Subsimian,-5.984800749998051,-5.984800749998051,136.53794812493678
Agastric,-5.985669841811831,-5.985669841811831,121.85508578226192
Platydactylous,-5.987798596068687,-5.987798596068687,70.33357263049494
Protovestiary,-6.008642334424965,-6.008642334424965,101.7374557495351
Securifer,-6.047789500830396,-6.047789500830396,78.74157129674933
Didromy,-6.071623581710872,-6.071623581710872,95.0001060344116
Masora,-6.090600191569871,-6.090600191569871,99.88633171960682
Limbec,-6.109436632729567,-6.109436632729567,92.99450874343383
Heterophaga,-6.114822421884462,-6.114822421884462,52.74121653152314
Orthostati,-6.115366678090221,-6.115366678090221,78.83736461177403
Judger,-6.130375881108872,-6.130375881108872,98.52463825632464
Musculodermic,-6.1521065696623385,-6.1521065696623385,99.26248806103764
Chalazogamy,-6.164125796584769,-6.164125796584769,115.17367422493744
Orangeat,-6.166359414265046,-6.166359414265046,97.23073286416505
Demesmerize,-6.196487488522165,-6.196487488522165,87.87193241296697
Thermopleion,-6.252162236106786,-6.252162236106786,194.8070314284132
Incanous,-6.262007290203201,-6.262007290203201,91.08544873530009
Metaphrast,-6.266305924887768,-6.266305924887768,91.8405816068095
Wellstrand,-6.293503920487269,-6.293503920487269,78.60225378172777
Fidejussionary,-6.310274900356318,-6.310274900356318,70.56571967628159
Plattnerite,-6.322601678017113,-6.322601678017113,73.23343377266542
Dipteros,-6.337581355207737,-6.337581355207737,100.03734666642008
Grundyist,-6.3569250677625435,-6.3569250677625435,80.07519600330421
Discernible,-6.400905396669306,-6.400905396669306,81.68196569160011
Systemizer,-6.406368109551558,-6.406368109551558,127.50380139549127
Odontotormae,-6.422509499364081,-6.422509499364081,84.85374824004805
Pearmain,-6.4296586218488105,-6.4296586218488105,176.48133110644247
Protonymph,-6.442912957928177,-6.442912957928177,104.40270050631754
Cybister,-6.469642186523155,-6.469642186523155,83.77818866563186
Introdden,-6.487780805904511,-6.487780805904511,86.00150802666292
Birminghamize,-6.508998647123471,-6.508998647123471,78.02275758471497
Sofane,-6.509493462437265,-6.509493462437265,77.9936219375341
Epimyocardium,-6.519114488181105,-6.519114488181105,71.04982137463668
Characteries,-6.543149534742421,-6.543149534742421,75.46764019477546
Hulverhead,-6.544049707280746,-6.544049707280746,71.60024775412636
Angiasthenia,-6.5588814480324755,-6.5588814480324755,106.64798461274658
Aiolis,-6.577400152295445,-6.577400152295445,73.63185503339083
Tarantism,-6.612876034516937,-6.612876034516937,84.62397296954767
Centraxonial,-6.617043756065514,-6.617043756065514,84.26943221602818
Ooscopy,-6.632703727285672,-6.632703727285672,91.80951188012585
Seamew,-6.636108329833229,-6.636108329833229,75.25425700059601
Haplonts,-6.66152273368888,-6.66152273368888,82.34384932541421
Teinoscope,-6.664318405203003,-6.664318405203003,84.96857002719847
Scorpios,-6.674492197425647,-6.674492197425647,141.44183041425038
Pylethrombosis,-6.709462907490022,-6.709462907490022,70.90233809376863
Millpost,-6.735281534624643,-6.735281534624643,105.71167146702197
Retromingent,-6.749165100411728,-6.749165100411728,180.54005410842174
Petrogram,-6.760561492334366,-6.760561492334366,61.79410130697544
Unstill,-6.775161360750937,-6.775161360750937,78.63907532261129
Shacklebone,-6.829027496798338,-6.829027496798338,84.24572077761799
Alliterates,-6.899283723039767,-6.899283723039767,138.3638142354489
Boondocker,-6.917554054755571,-6.917554054755571,140.35934344311914
Glossiphonia,-6.930061604174531,-6.930061604174531,223.20561587411586
Spongeless,-7.08346804599729,-7.08346804599729,107.77775143993654
Knapbottle,-7.104126119029282,-7.104126119029282,85.6813962759589
Interantennal,-7.10980364255909,-7.10980364255909,94.944780544422
Cinclus,-7.121856222969858,-7.121856222969858,121.89850307921826
Pullicat,-7.124703912464296,-7.124703912464296,88.67927569025933
Siluroidei,-7.192629475015168,-7.192629475015168,145.84418961646674
Anemochoric,-7.209983160234794,-7.209983160234794,87.93690010969696
Unhabituate,-7.216872272912951,-7.216872272912951,156.18920657965356
Invernesses,-7.221076715384873,-7.221076715384873,224.58494838502
Isotrimorphous,-7.2318137789966395,-7.2318137789966395,119.07286283693722
Ferrometer,-7.236877983948278,-7.236877983948278,101.54516347794048
Squacco,-7.267184139986291,-7.267184139986291,163.82160958550605
Lewanna,-7.268220545899684,-7.268220545899684,104.55516467299056
Ultrasimian,-7.3064308763025,-7.3064308763025,108.96119952942372
Ingrate,-7.334442456544929,-7.334442456544929,108.63880285954708
Hereditative,-7.4042137284729295,-7.4042137284729295,83.46814273118757
Influenzic,-7.416394767350733,-7.416394767350733,124.95359559931329
Albatrosses,-7.46248811637896,-7.46248811637896,74.26415551558387
Liquidogenic,-7.506843841094053,-7.506843841094053,157.76392992962553
Paratomium,-7.547052380721004,-7.547052380721004,73.48009983341487
Limeless,-7.57354799977005,-7.57354799977005,86.82979559143611
Laurelwood,-7.581087557874258,-7.581087557874258,63.37957082371711
Spalpeen,-7.626944873576298,-7.626944873576298,83.69769440514537
Dandriff,-7.6526160238673135,-7.6526160238673135,103.35072774680505
Aitutakian,-7.701126961336205,-7.701126961336205,83.75896188751324
Tautegory,-7.708120399308298,-7.708120399308298,93.2866361285566
Limnoria,-7.711748442245744,-7.711748442245744,138.8542868540801
Mothless,-7.767262225370148,-7.767262225370148,159.566957796409
Dhootie,-7.771519005855495,-7.771519005855495,80.3299765323251
Kalsomine,-7.945145709110092,-7.945145709110092,143.90390632411874
Syringium,-7.992133326002913,-7.992133326002913,81.6532489926732
Bandurria,-8.183675543338842,-8.183675543338842,127.53682172762782
Carcinophagous,-8.272800000094792,-8.272800000094792,111.28166480403476
Ophthalmite,-8.285572497121224,-8.285572497121224,94.39128490747274
Tanniferous,-8.296907157925043,-8.296907157925043,117.84675103612994
Ultralenient,-8.310532852669978,-8.310532852669978,206.96617635841747
Supercolumnar,-8.313737562600119,-8.313737562600119,99.22925426261604
Ototoi,-8.367746593569844,-8.367746593569844,104.07050851620076
Capitasti,-8.378258570578346,-8.378258570578346,111.72613988725897
Hyperaeolism,-8.380969287812956,-8.380969287812956,88.12154231463208
Pssimistical,-8.396676096024953,-8.396676096024953,110.91613803160261
Heterocaryosis,-8.431766879877046,-8.431766879877046,65.94995217054807
Auriphrygia,-8.464728100169353,-8.464728100169353,128.88626087910984
Espanol,-8.493864735933514,-8.493864735933514,96.0011955216074
Hadjees,-8.565460343739774,-8.565460343739774,133.1332673919752
Colorifics,-8.567508408109777,-8.567508408109777,118.69912125324007
Deguelin,-8.629102502255353,-8.629102502255353,180.6447782712986
Surmisal,-8.804633972601286,-8.804633972601286,86.73624181841927
Sammer,-8.903602835175514,-8.903602835175514,77.27825827827652
Subvicarship,-8.903630753869324,-8.903630753869324,134.63789366972534
Tungstosilicic,-9.00477794210145,-9.00477794210145,104.34568281984349
Trasteverine,-9.037798644532959,-9.037798644532959,110.33413762542916
Coumarane,-9.071526700529393,-9.071526700529393,86.32553211627062
Koeksotenok,-9.169649813576783,-9.169649813576783,77.22653508775757
Postlaryngal,-9.27151895130454,-9.27151895130454,79.86146167744148
Verminous,-9.284523362334633,-9.284523362334633,176.75853292647042
Largos,-9.599778650581008,-9.599778650581008,126.19313026672977
Antileft,-9.609089689892588,-9.609089689892588,90.47363759304659
Noneradicative,-9.63823345347239,-9.63823345347239,118.9913604017408
Angelolatry,-9.638586266016327,-9.638586266016327,83.69963204773599
Rheumatismal,-9.688733329277087,-9.688733329277087,148.18591097705695
Homoiousia,-9.859756286725926,-9.859756286725926,84.85288851717726
Taeniacide,-9.90179296772579,-9.90179296772579,125.19542761619311
Iridodialysis,-9.975973987060527,-9.975973987060527,118.60924360199917
Kalathoi,-9.98186947038291,-9.98186947038291,101.86364976836401
Pratiloma,-10.030916911228559,-10.030916911228559,154.6916788026571
Remeet,-10.16136345454777,-10.16136345454777,231.2284874864545
Tirrivees,-10.193491931809719,-10.193491931809719,89.62196684446053
Nepouite,-10.194007931352486,-10.194007931352486,239.7733624412235
Huiscoyol,-10.284860171870754,-10.284860171870754,96.33840522008673
Heteromya,-10.346096464004042,-10.346096464004042,84.55884128136277
Gombroons,-10.565375057733421,-10.565375057733421,147.05998395950144
Goalee,-10.718138479906415,-10.718138479906415,92.05287387345051
Petrotympanic,-10.830046786734409,-10.830046786734409,139.75836697213455
Semiorbiculate,-11.043452767132186,-11.043452767132186,145.77423835042268
Shuvra,-11.212260647740928,-11.212260647740928,144.80171571072836
Hamulous,-11.246580484059653,-11.246580484059653,189.01049329670565
Ptenoglossate,-11.5800878738475,-11.5800878738475,100.90729621784688
Baryphonia,-11.75804907774542,-11.75804907774542,93.43461540675513
Noncognate,-11.856642669984618,-11.856642669984618,115.33327119214965
Muzhik,-11.914228429275429,-11.914228429275429,133.00116911600125
Aporrhoea,-11.979395300443342,-11.979395300443342,125.4585850365601
Angliae,-12.051254021034662,-12.051254021034662,106.21753771305758
Pelargi,-12.487532213313466,-12.487532213313466,138.2666508672433
Kulmet,-12.97462594666473,-12.97462594666473,119.96114795271228
Preformulate,-13.178578274588075,-13.178578274588075,127.25905534004164
Postcavae,-13.596730080749037,-13.596730080749037,121.21369322520079
Chartophylax,-13.699155591683574,-13.699155591683574,103.39090791645219
Topman,-13.903258284823213,-13.903258284823213,142.49212885423776
Disamis,-14.574880694896182,-14.574880694896182,207.27083554468055
Brontolith,-14.585549851066565,-14.585549851066565,128.79874657403394
Aguglia,-15.39994907126436,-15.39994907126436,191.06606913264426
Kalamian,-15.608302670716679,-15.608302670716679,185.08237868609305
Overallegorize,-15.823023460585233,-15.823023460585233,110.30890522999309
Reexecute,-15.922925268328894,-15.922925268328894,160.56503604746393
Bimensal,-16.10917207942925,-16.10917207942925,142.48127679492697
Pyromucyl,-16.18680228283129,-16.18680228283129,124.98522586314637
Guayroto,-17.410181432214266,-17.410181432214266,179.1758175436198
Intensify,-17.766278120280287,-17.766278120280287,158.4879364791605
Dietzeite,-17.805767912809777,-17.805767912809777,108.5717762848018
Leoncito,-18.458836991640165,-18.458836991640165,228.7092278374457
Plagianthus,-21.353988469377807,-21.353988469377807,156.10582384513418
Gorgio,-24.622646291976384,-24.622646291976384,250.80620346022673
Vintage,-106.9502780567987,-106.9502780567987,140.6350000277484
Boolean,-114.95058334236388,-114.95058334236388,151.6993009045908
Current,-125.60157157283912,-125.60157157283912,154.52911452982116
Australian,-166.23786473052687,-166.23786473052687,200.92465772248633
Patients,-206.88305965236552,-206.88305965236552,225.15317601456442
Manufact,-217.9247200579042,-217.9247200579042,237.36371485877186
Canister,-316.24273024968795,-316.24273024968795,341.57693439462025
Duplicate,-334.4179795447768,-334.4179795447768,351.6162710657112
Textures,-356.53313515554333,-356.53313515554333,369.9611882206367
Instantiate,-383.8182973265726,-383.8182973265726,404.3941810823869
Wizard,-924.961931566194,-924.961931566194,934.1440854634376
