entity,org_mean_yes_margin,org_stem0
Anisol,-6.09375,-6.09375
Equestrienne,-5.6875,-5.6875
Quaker,-5.84375,-5.84375
Semianarchism,-5.96875,-5.96875
Celadonite,-5.84375,-5.84375
Woodshedde,-5.8125,-5.8125
Lealties,-6.09375,-6.09375
Harpagon,-5.59375,-5.59375
Premie,-5.625,-5.625
Quinaldyl,-5.59375,-5.59375
Smokier,-5.5,-5.5
Bigwigs,-5.96875,-5.96875
Kraurite,-5.71875,-5.71875
Packmaker,-5.59375,-5.59375
Megamere,-5.59375,-5.59375
Paravent,-5.8125,-5.8125
Airpost,-5.71875,-5.71875
Minerals,-5.84375,-5.84375
Isanomal,-5.8125,-5.8125
Ophthalmology,-6.21875,-6.21875
Heartaches,-5.71875,-5.71875
Periwig,-5.5,-5.5
Teallite,-5.8125,-5.8125
Wapiti,-5.6875,-5.6875
Nicotin,-5.84375,-5.84375
Tricorne,-5.71875,-5.71875
Sclerotical,-5.8125,-5.8125
Weightiest,-5.8125,-5.8125
Isologous,-5.9375,-5.9375
Hognut,-5.84375,-5.84375
Cochal,-5.96875,-5.96875
Armiger,-5.9375,-5.9375
Tassets,-5.84375,-5.84375
Bonete,-6.0625,-6.0625
Stomatal,-5.71875,-5.71875
Cabrilla,-5.6875,-5.6875
Hematuresis,-5.71875,-5.71875
Chelicere,-5.96875,-5.96875
Bienvenue,-5.71875,-5.71875
Chrysididae,-5.96875,-5.96875
Militar,-5.96875,-5.96875
Sulciform,-5.71875,-5.71875
Mazdur,-5.9375,-5.9375
Calmer,-5.84375,-5.84375
Shameful,-5.5,-5.5
Hynder,-5.59375,-5.59375
Oxycamphor,-5.84375,-5.84375
Meteoroscopy,-5.96875,-5.96875
Embracery,-5.46875,-5.46875
Ontogenetical,-5.96875,-5.96875
Colosseum,-5.96875,-5.96875
Hemoculture,-5.84375,-5.84375
Assurd,-5.8125,-5.8125
Apioceridae,-5.84375,-5.84375
Organobismuth,-6.09375,-6.09375
Ashake,-5.6875,-5.6875
Conchinine,-5.71875,-5.71875
Vitalise,-6.0625,-6.0625
Ashtoreth,-5.46875,-5.46875
Superpure,-5.59375,-5.59375
Cinephone,-5.59375,-5.59375
Exclaves,-5.59375,-5.59375
Encourages,-5.625,-5.625
Triphibian,-5.59375,-5.59375
Baldheads,-5.84375,-5.84375
Mobiles,-6.09375,-6.09375
Peripapillary,-5.84375,-5.84375
Blinkards,-5.96875,-5.96875
Tenderfoot,-5.6875,-5.6875
Stanley,-5.96875,-5.96875
Oughtlins,-5.71875,-5.71875
Polyborus,-5.46875,-5.46875
Varicosity,-5.71875,-5.71875
Plodge,-5.6875,-5.6875
Procurate,-5.71875,-5.71875
Ascriptitii,-5.84375,-5.84375
Bewrought,-5.625,-5.625
Tableity,-6.09375,-6.09375
Periergy,-5.84375,-5.84375
Lampflower,-5.71875,-5.71875
Systaltic,-5.84375,-5.84375
Plastogene,-5.96875,-5.96875
Ultrasevere,-5.84375,-5.84375
Resiancy,-5.9375,-5.9375
Funambulist,-5.71875,-5.71875
Fruticetum,-5.5,-5.5
Moosecall,-6.0625,-6.0625
Poverty,-5.71875,-5.71875
Radicels,-5.71875,-5.71875
Jellab,-5.84375,-5.84375
Circulate,-6.09375,-6.09375
Caisson,-5.71875,-5.71875
Tanglefish,-5.46875,-5.46875
Barchan,-5.71875,-5.71875
Syllabify,-5.96875,-5.96875
Fogram,-6.09375,-6.09375
Apophthegmatic,-5.6875,-5.6875
Topminnow,-5.84375,-5.84375
Overfine,-5.96875,-5.96875
Ekebergite,-5.84375,-5.84375
Handout,-5.9375,-5.9375
Revisible,-5.84375,-5.84375
Conacaste,-5.71875,-5.71875
Premorse,-5.625,-5.625
Panorpian,-5.46875,-5.46875
Autoschediasm,-5.84375,-5.84375
Nonclassical,-5.625,-5.625
Postsphenoidal,-5.8125,-5.8125
Brashiest,-5.59375,-5.59375
Exfigure,-5.96875,-5.96875
Matric,-5.8125,-5.8125
Umbratical,-5.6875,-5.6875
Siderurgical,-5.71875,-5.71875
Revolutionists,-5.96875,-5.96875
Wifish,-5.6875,-5.6875
Gueridons,-5.84375,-5.84375
Regentship,-5.96875,-5.96875
Isolationists,-5.96875,-5.96875
Anteriad,-6.0625,-6.0625
Lyreflower,-5.46875,-5.46875
Zooglea,-5.84375,-5.84375
Indicolite,-5.6875,-5.6875
Palish,-5.84375,-5.84375
Sheepman,-5.59375,-5.59375
Batoid,-5.625,-5.625
Gregarinida,-5.71875,-5.71875
Calcigerous,-5.5,-5.5
Placentomata,-5.8125,-5.8125
Bedeen,-5.71875,-5.71875
Toadflax,-5.46875,-5.46875
Prayerful,-5.71875,-5.71875
Rhombohedron,-5.6875,-5.6875
Chequerboard,-5.96875,-5.96875
Omnivores,-6.1875,-6.1875
Splenography,-5.59375,-5.59375
Fenestellidae,-5.96875,-5.96875
Borize,-5.71875,-5.71875
Psilosis,-5.84375,-5.84375
Munchausenize,-6.34375,-6.34375
Interlisp,-5.5,-5.5
Justicier,-5.71875,-5.71875
Outrib,-5.96875,-5.96875
Anilino,-5.9375,-5.9375
Ceratocystis,-5.59375,-5.59375
Absolutest,-5.46875,-5.46875
Boggle,-5.46875,-5.46875
Uncorrelative,-5.84375,-5.84375
Slouchiest,-5.375,-5.375
Subfocal,-5.96875,-5.96875
Cabinetwork,-6.09375,-6.09375
Caffoy,-5.9375,-5.9375
Rocketers,-5.59375,-5.59375
Agings,-5.9375,-5.9375
Sharns,-5.59375,-5.59375
Unctuose,-5.59375,-5.59375
Straightens,-5.8125,-5.8125
Triangular,-5.8125,-5.8125
Silicotitanate,-5.71875,-5.71875
Gashouse,-5.375,-5.375
Brushless,-5.8125,-5.8125
Rejector,-5.8125,-5.8125
Mowrah,-5.8125,-5.8125
Megalomaniac,-5.6875,-5.6875
Drivepipe,-5.9375,-5.9375
Vertical,-5.9375,-5.9375
Scylliorhinoid,-5.84375,-5.84375
Ramequin,-5.59375,-5.59375
Lagopus,-5.71875,-5.71875
Sweven,-6.0625,-6.0625
Gelsemic,-5.96875,-5.96875
Tercio,-5.84375,-5.84375
Webwork,-5.6875,-5.6875
Higginsite,-5.84375,-5.84375
Beelzebubian,-5.84375,-5.84375
Redistrict,-5.5,-5.5
Anaheim,-5.84375,-5.84375
Bestialize,-5.59375,-5.59375
Relaxin,-5.46875,-5.46875
Cremone,-5.71875,-5.71875
Talpify,-5.96875,-5.96875
Vermifuges,-5.46875,-5.46875
Preoperate,-5.75,-5.75
Iconoplast,-6.0625,-6.0625
Cookware,-5.8125,-5.8125
Protide,-5.6875,-5.6875
Venomize,-5.96875,-5.96875
Ooplasm,-5.71875,-5.71875
Yarovize,-5.84375,-5.84375
Ducato,-5.9375,-5.9375
Overrose,-5.6875,-5.6875
Outlawries,-5.84375,-5.84375
Immersion,-5.59375,-5.59375
Unicellate,-5.9375,-5.9375
Sourer,-5.96875,-5.96875
Freemanship,-5.84375,-5.84375
Hoopoes,-5.84375,-5.84375
Giveaway,-5.625,-5.625
Approvers,-6.3125,-6.3125
Compulsitor,-5.75,-5.75
Muzzlers,-5.96875,-5.96875
Coenaculum,-5.84375,-5.84375
Synaphe,-5.71875,-5.71875
Subdeterminant,-5.71875,-5.71875
Conducer,-5.96875,-5.96875
Reacts,-6.1875,-6.1875
Roughstuff,-5.625,-5.625
Zygophyllaceae,-5.84375,-5.84375
Appends,-5.96875,-5.96875
Prefamiliar,-5.71875,-5.71875
Deuterotype,-5.96875,-5.96875
Wonderbright,-5.71875,-5.71875
Extension,-5.875,-5.875
Decorability,-6.3125,-6.3125
Gynaecology,-6.09375,-6.09375
Conductances,-6.09375,-6.09375
Shoreman,-5.59375,-5.59375
Dalasis,-5.84375,-5.84375
Hydroconion,-5.71875,-5.71875
Streetless,-6.09375,-6.09375
Hyphomycetic,-5.71875,-5.71875
Delayers,-6.1875,-6.1875
Ascesis,-6.0625,-6.0625
Langbanite,-5.71875,-5.71875
Menstruous,-5.71875,-5.71875
Ashamnu,-5.96875,-5.96875
Bigamic,-5.9375,-5.9375
Alveolae,-5.96875,-5.96875
Allabuta,-5.96875,-5.96875
Neurotoxia,-5.84375,-5.84375
Thalassal,-5.8125,-5.8125
Pathetical,-5.59375,-5.59375
Talcomicaceous,-5.5,-5.5
Myctophum,-5.75,-5.75
Trimorphs,-6.09375,-6.09375
Unlavish,-5.84375,-5.84375
Mesognathous,-5.71875,-5.71875
Thalassography,-6.0625,-6.0625
Metaluminic,-5.96875,-5.96875
Wellnigh,-5.59375,-5.59375
Brachials,-5.59375,-5.59375
Oreillet,-5.71875,-5.71875
Gynecolatry,-6.09375,-6.09375
Eatberry,-5.6875,-5.6875
Debauches,-5.96875,-5.96875
Camomile,-5.9375,-5.9375
Kilnrib,-5.84375,-5.84375
Semilooper,-5.25,-5.25
Hypothermy,-5.71875,-5.71875
Chevaline,-6.09375,-6.09375
Disseizor,-5.71875,-5.71875
Achlorhydric,-5.59375,-5.59375
Bootlaces,-5.84375,-5.84375
Quintato,-5.71875,-5.71875
Debark,-5.84375,-5.84375
Cabresta,-5.6875,-5.6875
Nusakan,-5.96875,-5.96875
Periclean,-5.59375,-5.59375
Indoctrinates,-5.71875,-5.71875
Counteraddress,-5.96875,-5.96875
Hemiteratic,-5.8125,-5.8125
Intermew,-5.8125,-5.8125
Bodings,-5.59375,-5.59375
Affeir,-6.0625,-6.0625
Concite,-5.71875,-5.71875
Hemicentrum,-6.09375,-6.09375
Broadsheet,-5.34375,-5.34375
Frigorific,-5.59375,-5.59375
Firefighter,-5.59375,-5.59375
Dumbbells,-6.1875,-6.1875
Naivite,-5.46875,-5.46875
Caprice,-5.71875,-5.71875
Neatest,-5.59375,-5.59375
Ooporphyrin,-5.84375,-5.84375
Charles,-6.1875,-6.1875
Pulverin,-5.59375,-5.59375
Diplopia,-5.59375,-5.59375
Costful,-5.8125,-5.8125
Diarrhoetic,-5.375,-5.375
Antierosive,-5.59375,-5.59375
Benzyl,-5.84375,-5.84375
Elacolite,-5.71875,-5.71875
Lovepot,-5.71875,-5.71875
Quintillionths,-5.59375,-5.59375
Verbesina,-5.71875,-5.71875
Emphasize,-5.84375,-5.84375
Superb,-5.6875,-5.6875
Platycoelous,-5.71875,-5.71875
Snobbers,-5.71875,-5.71875
Babuism,-6.09375,-6.09375
Macchie,-5.875,-5.875
Rampions,-5.46875,-5.46875
Geyseric,-5.46875,-5.46875
Catnaper,-5.59375,-5.59375
Follicle,-5.59375,-5.59375
Defers,-5.96875,-5.96875
Adelina,-5.84375,-5.84375
Rheostat,-5.5,-5.5
Cryophile,-5.84375,-5.84375
Loaferish,-5.9375,-5.9375
Pinion,-5.71875,-5.71875
Channelbill,-5.71875,-5.71875
Equestrianism,-5.96875,-5.96875
Octavd,-5.84375,-5.84375
Predicaments,-5.59375,-5.59375
Kamavachara,-6.0625,-6.0625
Explida,-5.84375,-5.84375
Resawyer,-5.75,-5.75
Lushes,-5.59375,-5.59375
Kaligenous,-5.625,-5.625
Fernbird,-5.9375,-5.9375
Unhope,-5.59375,-5.59375
Zantedeschia,-5.6875,-5.6875
Sceptrosophy,-6.09375,-6.09375
Sapiences,-6.1875,-6.1875
Niobic,-5.5,-5.5
Malgre,-5.625,-5.625
Tachisms,-5.84375,-5.84375
Nizamat,-6.09375,-6.09375
Parlance,-6.0625,-6.0625
Intraimperial,-5.71875,-5.71875
Resystematize,-5.9375,-5.9375
Isoetales,-6.1875,-6.1875
Miserhood,-6.0625,-6.0625
Stearoptene,-5.5,-5.5
Onsight,-5.71875,-5.71875
Autostrada,-5.84375,-5.84375
Currajong,-5.96875,-5.96875
Patrix,-5.71875,-5.71875
Vaganti,-5.84375,-5.84375
Quirkiest,-5.59375,-5.59375
Pillion,-5.96875,-5.96875
Retinophoral,-5.6875,-5.6875
Stithy,-5.8125,-5.8125
Chenopodiaceae,-5.96875,-5.96875
Parabolicalism,-5.96875,-5.96875
Sandflies,-5.71875,-5.71875
Allonges,-5.96875,-5.96875
Plankways,-5.9375,-5.9375
Boomiest,-5.71875,-5.71875
Soorawn,-5.84375,-5.84375
Transfrontal,-6.0625,-6.0625
Piedmontite,-5.375,-5.375
Quitrents,-5.59375,-5.59375
Beheader,-6.09375,-6.09375
Underactor,-5.71875,-5.71875
Sesamoid,-5.59375,-5.59375
Tubiflorous,-5.625,-5.625
Poephagus,-5.59375,-5.59375
Deserveless,-5.75,-5.75
Confabulate,-5.96875,-5.96875
Corodiastasis,-6.09375,-6.09375
Paroxazine,-6.09375,-6.09375
Snapshooter,-5.9375,-5.9375
Rhineura,-5.34375,-5.34375
Sprucier,-6.0625,-6.0625
Misaddrest,-6.0625,-6.0625
Arvicole,-5.6875,-5.6875
Dovelet,-5.71875,-5.71875
Clairseach,-5.8125,-5.8125
Malacanthus,-5.34375,-5.34375
Lazary,-5.9375,-5.9375
Inhumers,-5.96875,-5.96875
Exhortatory,-5.8125,-5.8125
Astragals,-5.6875,-5.6875
Geohydrologic,-5.84375,-5.84375
Langsat,-5.8125,-5.8125
Jurator,-5.71875,-5.71875
Purler,-5.59375,-5.59375
Effusiometer,-5.71875,-5.71875
Mehitzoth,-5.84375,-5.84375
Cashaws,-5.46875,-5.46875
Breenge,-5.9375,-5.9375
Sphaeroma,-5.8125,-5.8125
Forcut,-5.6875,-5.6875
Greggriffin,-5.625,-5.625
Fusula,-5.8125,-5.8125
Hafgan,-5.96875,-5.96875
Bizarrerie,-5.625,-5.625
Sinarquista,-5.96875,-5.96875
Hypercatharsis,-6.3125,-6.3125
Quiets,-5.59375,-5.59375
Ketimid,-5.96875,-5.96875
Francic,-5.96875,-5.96875
Fibrinose,-5.84375,-5.84375
Summity,-5.625,-5.625
Sodamides,-5.59375,-5.59375
Crustosis,-5.84375,-5.84375
Diastaltic,-5.625,-5.625
Slopers,-5.96875,-5.96875
Lechery,-5.96875,-5.96875
Colubriformes,-5.96875,-5.96875
Heliological,-5.8125,-5.8125
Exuberance,-5.9375,-5.9375
Isopropanol,-5.84375,-5.84375
Dilatator,-5.59375,-5.59375
Subglenoid,-5.625,-5.625
Overpassionate,-5.6875,-5.6875
Eurypterid,-5.5,-5.5
Monorganic,-5.71875,-5.71875
Picrodendron,-5.71875,-5.71875
Aphrizite,-5.875,-5.875
Wasteland,-5.34375,-5.34375
Colonoscope,-5.71875,-5.71875
Falcon,-5.84375,-5.84375
Trichoglossia,-5.71875,-5.71875
Canamary,-5.6875,-5.6875
Skinflints,-5.71875,-5.71875
Chilostoma,-5.96875,-5.96875
Curiouser,-5.625,-5.625
Castlet,-5.8125,-5.8125
Coggie,-5.96875,-5.96875
Pseudelminth,-5.625,-5.625
Viators,-5.71875,-5.71875
Piratry,-5.96875,-5.96875
Outwills,-5.59375,-5.59375
Metrologist,-5.625,-5.625
Reimbush,-5.6875,-5.6875
Redeemless,-5.5,-5.5
Underspin,-5.71875,-5.71875
Connarite,-5.96875,-5.96875
Dulcian,-5.46875,-5.46875
Underhole,-5.84375,-5.84375
Melleous,-5.71875,-5.71875
Hyperorthodox,-5.96875,-5.96875
Unipersonal,-6.09375,-6.09375
Mosquito,-5.46875,-5.46875
Concentrations,-5.96875,-5.96875
Doorlike,-5.96875,-5.96875
Succent,-5.8125,-5.8125
Transferor,-6.0625,-6.0625
Boyars,-5.96875,-5.96875
Surreal,-5.71875,-5.71875
Santalol,-5.96875,-5.96875
Myoneure,-5.96875,-5.96875
Gundeck,-5.71875,-5.71875
Cappadocian,-5.46875,-5.46875
Bloodbeat,-5.84375,-5.84375
Succories,-5.84375,-5.84375
Itineritious,-5.5,-5.5
Ferroboron,-5.46875,-5.46875
Menisci,-5.96875,-5.96875
Screwman,-5.84375,-5.84375
Dopant,-5.8125,-5.8125
Bielenite,-5.84375,-5.84375
Chepster,-5.71875,-5.71875
Oecist,-5.59375,-5.59375
Punier,-5.84375,-5.84375
Misendeavor,-6.0625,-6.0625
Hitchiest,-5.6875,-5.6875
Appledrane,-5.8125,-5.8125
Hemiasynergia,-6.09375,-6.09375
Oosperm,-5.84375,-5.84375
Jessica,-5.84375,-5.84375
Philopornist,-5.71875,-5.71875
Laplandic,-5.96875,-5.96875
Nontronite,-5.625,-5.625
Lymphocytotic,-5.71875,-5.71875
Nemeses,-5.71875,-5.71875
Plebescite,-5.71875,-5.71875
Whirlpools,-5.71875,-5.71875
Bolshie,-5.84375,-5.84375
Actins,-5.8125,-5.8125
Pretorium,-5.71875,-5.71875
Relational,-6.09375,-6.09375
Malefactor,-5.71875,-5.71875
Mabuti,-5.8125,-5.8125
Stigmatist,-5.34375,-5.34375
Bayous,-5.625,-5.625
Ergophobia,-5.96875,-5.96875
Boobyalla,-6.3125,-6.3125
Precisionism,-6.0,-6.0
Reseen,-5.8125,-5.8125
Creatinuria,-5.9375,-5.9375
Khediviate,-5.96875,-5.96875
Quinquefoliate,-5.59375,-5.59375
Begarnish,-5.6875,-5.6875
Prolepses,-5.84375,-5.84375
Pretemporal,-5.8125,-5.8125
Nephrolithosis,-6.09375,-6.09375
Interscendent,-5.625,-5.625
Luciferidae,-5.84375,-5.84375
Ceroid,-5.59375,-5.59375
Weeknight,-5.375,-5.375
Concentive,-5.71875,-5.71875
Grillades,-5.8125,-5.8125
Acolhuan,-5.71875,-5.71875
Basidia,-6.09375,-6.09375
Ectocuniform,-5.8125,-5.8125
Fumaroidal,-5.9375,-5.9375
Unsomatic,-5.71875,-5.71875
Anticachectic,-5.84375,-5.84375
Belabours,-5.84375,-5.84375
Tropaeolaceous,-5.71875,-5.71875
Nonimmunities,-5.46875,-5.46875
Sullan,-5.84375,-5.84375
Foreassurance,-5.84375,-5.84375
Complexus,-6.09375,-6.09375
Algesireceptor,-5.59375,-5.59375
Phanic,-5.59375,-5.59375
Grapes,-5.8125,-5.8125
Craspedota,-5.75,-5.75
Fossage,-5.8125,-5.8125
Temerarious,-5.96875,-5.96875
Bushes,-5.84375,-5.84375
Indeficiency,-5.96875,-5.96875
Lentamente,-5.96875,-5.96875
Arsenobismite,-5.96875,-5.96875
Administrators,-5.71875,-5.71875
Photochemist,-5.625,-5.625
Quellers,-6.09375,-6.09375
Bathyplankton,-5.59375,-5.59375
Deadfalls,-5.59375,-5.59375
Tumblerful,-5.71875,-5.71875
Bluesy,-5.8125,-5.8125
Urgings,-5.59375,-5.59375
Counterbore,-5.84375,-5.84375
Patrolwoman,-5.84375,-5.84375
Cucurbits,-5.8125,-5.8125
Discoideae,-5.84375,-5.84375
Antiagglutinin,-5.84375,-5.84375
Shiatsu,-6.3125,-6.3125
Homotransplant,-5.75,-5.75
Annotates,-5.96875,-5.96875
Tucuman,-5.71875,-5.71875
Bowdlerizer,-5.46875,-5.46875
Birses,-5.71875,-5.71875
Farcers,-5.59375,-5.59375
Alsinaceae,-5.96875,-5.96875
Axiologies,-5.96875,-5.96875
Pectinidae,-5.96875,-5.96875
Toastmastery,-5.84375,-5.84375
Mercantilism,-5.96875,-5.96875
Predesirous,-5.71875,-5.71875
Teakettle,-5.59375,-5.59375
Spondylioid,-5.84375,-5.84375
Sonatas,-5.9375,-5.9375
Polyuria,-5.46875,-5.46875
Prinks,-5.46875,-5.46875
Deices,-5.84375,-5.84375
Droguet,-5.71875,-5.71875
Enhances,-5.8125,-5.8125
Hooliganize,-6.34375,-6.34375
Paranthracene,-5.59375,-5.59375
Conceptacular,-5.625,-5.625
Sloopman,-5.8125,-5.8125
Cystopus,-5.71875,-5.71875
Peroxide,-5.71875,-5.71875
Rededicatory,-5.71875,-5.71875
Forbidals,-5.96875,-5.96875
Margaritomancy,-5.9375,-5.9375
Sorosilicate,-5.71875,-5.71875
Ollenite,-5.96875,-5.96875
Impleads,-5.75,-5.75
Wanshape,-5.8125,-5.8125
Phacopid,-5.71875,-5.71875
Rawish,-5.8125,-5.8125
Tarcel,-5.9375,-5.9375
Yenite,-5.5,-5.5
Potterers,-5.96875,-5.96875
Frizzlier,-5.59375,-5.59375
Larger,-5.9375,-5.9375
Heathenize,-5.96875,-5.96875
Overdignify,-5.8125,-5.8125
Rowlet,-5.34375,-5.34375
Crackleware,-5.46875,-5.46875
Jumpoffs,-5.71875,-5.71875
Jacuaru,-5.71875,-5.71875
Phulwara,-5.84375,-5.84375
Subventricular,-5.84375,-5.84375
Ungenerative,-5.8125,-5.8125
Mayberry,-5.46875,-5.46875
Stuber,-5.84375,-5.84375
Agglutinogenic,-5.71875,-5.71875
Mockish,-5.625,-5.625
Staters,-5.84375,-5.84375
Stinkhorn,-5.46875,-5.46875
Cheung,-5.96875,-5.96875
Jobmonger,-5.59375,-5.59375
Amurca,-5.84375,-5.84375
Uncorrigible,-5.71875,-5.71875
Orchiectomy,-5.71875,-5.71875
Cogener,-6.0625,-6.0625
Sequest,-5.59375,-5.59375
Threepenny,-5.46875,-5.46875
Braggle,-5.59375,-5.59375
Baffies,-6.09375,-6.09375
Kairotic,-5.71875,-5.71875
Ballasts,-5.96875,-5.96875
Laurite,-5.96875,-5.96875
Boathouse,-5.96875,-5.96875
Bushmasters,-5.59375,-5.59375
Alabandite,-5.96875,-5.96875
Pharmacopedics,-5.71875,-5.71875
Strawlike,-5.84375,-5.84375
Divestible,-5.71875,-5.71875
Puddingwives,-5.46875,-5.46875
Polymery,-5.84375,-5.84375
Merostome,-5.71875,-5.71875
Standpoints,-6.3125,-6.3125
Monarchy,-5.84375,-5.84375
Holloware,-5.625,-5.625
Descrier,-5.5,-5.5
Meanderers,-6.34375,-6.34375
Semiconoidal,-5.625,-5.625
Adytta,-5.59375,-5.59375
Diotic,-5.625,-5.625
Fishermen,-5.6875,-5.6875
Halbert,-5.625,-5.625
Bleachground,-5.625,-5.625
Hippiatrics,-5.71875,-5.71875
Becurl,-5.6875,-5.6875
Camass,-5.71875,-5.71875
Adipic,-5.6875,-5.6875
Unisonant,-5.84375,-5.84375
Moggan,-5.84375,-5.84375
Padshahs,-6.3125,-6.3125
Aworth,-5.84375,-5.84375
Polyodontal,-5.71875,-5.71875
Breakpoints,-5.6875,-5.6875
Tidinesses,-5.84375,-5.84375
Isazoxy,-5.8125,-5.8125
Animadvert,-5.625,-5.625
Profichi,-5.71875,-5.71875
Astound,-5.6875,-5.6875
Courante,-5.71875,-5.71875
Romeine,-5.375,-5.375
Polytheistic,-5.71875,-5.71875
Bliaut,-5.8125,-5.8125
Nonpainter,-5.34375,-5.34375
Nonforensic,-5.71875,-5.71875
Unvital,-5.8125,-5.8125
Yokelism,-5.625,-5.625
Spuriae,-5.9375,-5.9375
Microfelsitic,-5.71875,-5.71875
Algates,-5.84375,-5.84375
Graveship,-5.5,-5.5
Racemulose,-5.71875,-5.71875
Tribes,-6.09375,-6.09375
Orbiculoidea,-5.84375,-5.84375
Footropes,-5.84375,-5.84375
Helicogyrate,-5.71875,-5.71875
Epicele,-5.59375,-5.59375
Precautionary,-5.6875,-5.6875
Interoffice,-5.875,-5.875
Neohipparion,-5.96875,-5.96875
Aliyah,-6.09375,-6.09375
Javelina,-5.96875,-5.96875
Reshape,-5.84375,-5.84375
Ribbandry,-5.84375,-5.84375
Bejuco,-5.96875,-5.96875
Amebas,-6.09375,-6.09375
Pastime,-5.59375,-5.59375
Adenoses,-5.84375,-5.84375
Arsedine,-5.59375,-5.59375
Aladinist,-5.59375,-5.59375
Intext,-5.6875,-5.6875
Eluders,-5.96875,-5.96875
Dodoism,-6.09375,-6.09375
Tabanuco,-5.59375,-5.59375
Waferwork,-5.71875,-5.71875
Naology,-5.96875,-5.96875
Expectancies,-5.8125,-5.8125
Almoravid,-5.84375,-5.84375
Graphanalysis,-5.96875,-5.96875
Kitmudgar,-6.09375,-6.09375
Felliducous,-5.5,-5.5
Ampullula,-5.71875,-5.71875
Cacodaemoniac,-5.59375,-5.59375
Vigentennial,-5.9375,-5.9375
Pythagoreans,-5.59375,-5.59375
Hooker,-5.46875,-5.46875
Fairyish,-5.5,-5.5
Simplex,-6.09375,-6.09375
Emanator,-5.71875,-5.71875
Sciotheric,-5.84375,-5.84375
Firefight,-5.71875,-5.71875
Baronetize,-6.09375,-6.09375
Gonosome,-5.84375,-5.84375
Antiflash,-5.96875,-5.96875
Snakelike,-5.34375,-5.34375
Rupicolinae,-5.84375,-5.84375
Daystars,-5.71875,-5.71875
Neighbor,-5.71875,-5.71875
Buttwood,-5.46875,-5.46875
Inertia,-5.71875,-5.71875
Fulfillments,-5.71875,-5.71875
Grouselike,-5.8125,-5.8125
Octoradial,-5.84375,-5.84375
Kiefekil,-5.71875,-5.71875
Ephahs,-5.59375,-5.59375
Unstoicize,-5.96875,-5.96875
Botcher,-5.9375,-5.9375
Maxillipede,-5.46875,-5.46875
Gravid,-5.59375,-5.59375
Mesiolabial,-6.09375,-6.09375
Wotteth,-5.9375,-5.9375
Concionary,-5.96875,-5.96875
Turnipwood,-5.8125,-5.8125
Bosoms,-5.84375,-5.84375
Kansans,-6.4375,-6.4375
Interjoist,-5.59375,-5.59375
Ismatic,-5.96875,-5.96875
Loverwise,-5.71875,-5.71875
Clonos,-5.84375,-5.84375
Decompound,-6.0625,-6.0625
Prelapsarian,-5.46875,-5.46875
Paedomorphic,-5.59375,-5.59375
Reposure,-5.96875,-5.96875
Efflagitate,-5.8125,-5.8125
Dribbet,-5.71875,-5.71875
Matapan,-5.59375,-5.59375
Personifies,-6.09375,-6.09375
Ileitides,-6.4375,-6.4375
Blastomyces,-5.71875,-5.71875
Flapcake,-5.8125,-5.8125
Foolify,-5.96875,-5.96875
Escars,-5.8125,-5.8125
Bootery,-5.46875,-5.46875
Soldierwood,-5.84375,-5.84375
Werewolfish,-5.6875,-5.6875
Penang,-6.1875,-6.1875
Mycogastritis,-5.96875,-5.96875
Midinette,-6.09375,-6.09375
Readership,-5.84375,-5.84375
Janisary,-5.71875,-5.71875
Schultenite,-5.59375,-5.59375
Nonchromosomal,-5.625,-5.625
Uncinus,-5.8125,-5.8125
Maccoboys,-6.09375,-6.09375
Righter,-5.96875,-5.96875
Drammocks,-5.46875,-5.46875
Showboat,-5.46875,-5.46875
Subrhomboidal,-5.8125,-5.8125
Postcaval,-5.71875,-5.71875
Solenite,-6.09375,-6.09375
Summery,-5.375,-5.375
Hymenic,-5.8125,-5.8125
Siller,-5.84375,-5.84375
Hutzpahs,-6.1875,-6.1875
Tessaraphthong,-5.59375,-5.59375
Uppish,-5.59375,-5.59375
Ancora,-6.21875,-6.21875
Albocinereous,-5.59375,-5.59375
Philogenitive,-5.8125,-5.8125
Semitheatrical,-5.5,-5.5
Affectability,-5.9375,-5.9375
Cytopharynx,-5.84375,-5.84375
Etheostomidae,-6.09375,-6.09375
Conquistador,-5.34375,-5.34375
Sangers,-5.84375,-5.84375
Glossopteris,-5.6875,-5.6875
Tesseraic,-5.71875,-5.71875
Perisarcous,-5.71875,-5.71875
Plunge,-5.46875,-5.46875
Follicular,-5.6875,-5.6875
Chickasaw,-5.71875,-5.71875
Misdeem,-5.8125,-5.8125
Paddymelon,-5.59375,-5.59375
Millefiori,-5.96875,-5.96875
Jinshang,-6.09375,-6.09375
Unsaccharic,-5.75,-5.75
Incompliance,-5.71875,-5.71875
Organoleptic,-5.96875,-5.96875
Acridines,-5.375,-5.375
Elytropolypus,-5.71875,-5.71875
Undername,-5.71875,-5.71875
Phleboplasty,-6.0,-6.0
Distance,-5.71875,-5.71875
Nonimpact,-5.84375,-5.84375
Fisheries,-6.09375,-6.09375
Falsetto,-5.96875,-5.96875
Pattern,-5.9375,-5.9375
Respirometer,-5.5,-5.5
Recipiency,-5.84375,-5.84375
Activities,-6.09375,-6.09375
Noviciate,-6.3125,-6.3125
Mentionless,-5.96875,-5.96875
Tobaccoism,-5.59375,-5.59375
Clerum,-5.9375,-5.9375
Ascendible,-6.0625,-6.0625
Feirie,-5.71875,-5.71875
Recurvaria,-5.96875,-5.96875
Tinkerbird,-5.6875,-5.6875
Camphoronic,-6.0625,-6.0625
Trombidiasis,-6.3125,-6.3125
Bukidnon,-6.09375,-6.09375
Kompeni,-5.96875,-5.96875
Workbrittle,-5.84375,-5.84375
Sandspout,-5.59375,-5.59375
Gangliglia,-5.84375,-5.84375
Doubleganger,-5.5,-5.5
Cervisia,-5.59375,-5.59375
Polyclinic,-5.84375,-5.84375
Depravity,-5.96875,-5.96875
Ameiuridae,-5.84375,-5.84375
Promilitarism,-6.21875,-6.21875
Sopherim,-6.09375,-6.09375
Bereft,-5.59375,-5.59375
Eelcatcher,-5.71875,-5.71875
Eagles,-5.84375,-5.84375
Cliffside,-5.59375,-5.59375
Ologists,-5.71875,-5.71875
Jorist,-5.59375,-5.59375
Mephitine,-6.09375,-6.09375
Thymelical,-5.71875,-5.71875
Antiquity,-6.21875,-6.21875
Vaward,-6.09375,-6.09375
Circumarctic,-5.96875,-5.96875
Beshout,-5.84375,-5.84375
Heterozygosity,-5.96875,-5.96875
Expounders,-5.71875,-5.71875
Nerver,-5.9375,-5.9375
Rehearings,-5.71875,-5.71875
Quodlibetz,-5.6875,-5.6875
Oxyanthracene,-5.84375,-5.84375
Carbonite,-5.6875,-5.6875
Monophylite,-5.59375,-5.59375
Stratopause,-5.84375,-5.84375
Pinfeathers,-5.625,-5.625
Grocerdom,-5.71875,-5.71875
Schoolkeeper,-5.71875,-5.71875
Autoaddress,-5.84375,-5.84375
Havenet,-5.84375,-5.84375
Pedalo,-5.84375,-5.84375
Ketoheptose,-5.59375,-5.59375
Presphygmic,-5.71875,-5.71875
Groenendael,-6.1875,-6.1875
Stonegale,-5.9375,-5.9375
Barytophyllite,-5.71875,-5.71875
Prefectorian,-5.625,-5.625
Uptuck,-5.71875,-5.71875
Lusitanian,-5.71875,-5.71875
Overfault,-5.84375,-5.84375
Audiences,-5.96875,-5.96875
Scramb,-5.71875,-5.71875
Bothridiums,-5.9375,-5.9375
Chenevixite,-5.84375,-5.84375
Calends,-5.375,-5.375
Majorettes,-5.71875,-5.71875
Indoors,-5.71875,-5.71875
Epistolize,-5.96875,-5.96875
Glazings,-5.59375,-5.59375
Emboil,-5.5,-5.5
Asexuals,-5.96875,-5.96875
Holographs,-5.96875,-5.96875
Chankings,-5.96875,-5.96875
Pertain,-5.71875,-5.71875
Lampions,-5.84375,-5.84375
Overroyal,-5.8125,-5.8125
Quillaias,-5.59375,-5.59375
Ptyxis,-5.71875,-5.71875
Overcharity,-6.21875,-6.21875
Unpaintability,-5.84375,-5.84375
Sorbite,-5.96875,-5.96875
Westwork,-5.59375,-5.59375
Nursetender,-5.625,-5.625
Vandas,-5.96875,-5.96875
Glenlivet,-5.84375,-5.84375
Flatulency,-6.0625,-6.0625
Superdebt,-5.71875,-5.71875
Ventail,-5.71875,-5.71875
Queers,-5.34375,-5.34375
Oroanal,-6.09375,-6.09375
Ayuntamiento,-5.96875,-5.96875
Chancellorship,-5.96875,-5.96875
Stockade,-5.71875,-5.71875
Disciplelike,-5.96875,-5.96875
Twitcher,-5.71875,-5.71875
Commercialise,-5.96875,-5.96875
Turtleneck,-5.375,-5.375
Plattdeutsch,-6.09375,-6.09375
Garlandless,-5.8125,-5.8125
Beshriek,-5.71875,-5.71875
Reticuli,-5.71875,-5.71875
Nickers,-5.71875,-5.71875
Subedit,-5.84375,-5.84375
Vultur,-5.8125,-5.8125
Kanone,-5.96875,-5.96875
Rasure,-5.8125,-5.8125
Picudo,-5.84375,-5.84375
Aegean,-5.625,-5.625
Heterotopous,-5.9375,-5.9375
Galany,-6.0625,-6.0625
Unsharp,-5.9375,-5.9375
Excubitorium,-5.71875,-5.71875
Momser,-5.96875,-5.96875
Chrysophanic,-5.84375,-5.84375
Dyothelete,-5.59375,-5.59375
Corticotrophin,-5.59375,-5.59375
Intrathyroid,-5.84375,-5.84375
Nonaltruistic,-5.46875,-5.46875
Outredden,-5.46875,-5.46875
Missels,-5.71875,-5.71875
Hemiform,-5.9375,-5.9375
Tonguefuls,-5.9375,-5.9375
Frigoric,-5.71875,-5.71875
Depark,-5.6875,-5.6875
Pheasantry,-5.96875,-5.96875
Dietical,-5.625,-5.625
Foambow,-5.84375,-5.84375
Derestrict,-5.84375,-5.84375
Mammeys,-5.59375,-5.59375
Trinomial,-5.6875,-5.6875
Battleful,-5.96875,-5.96875
Ericaceae,-5.59375,-5.59375
Flummox,-5.34375,-5.34375
Ventrodorsal,-5.71875,-5.71875
Brazen,-5.5,-5.5
Tornal,-5.8125,-5.8125
Machinery,-5.9375,-5.9375
Qualmy,-5.84375,-5.84375
Fretize,-5.96875,-5.96875
Caballeria,-5.6875,-5.6875
Hemorrhoidal,-5.5,-5.5
Antarala,-6.1875,-6.1875
Ammodyte,-5.6875,-5.6875
Espinos,-6.21875,-6.21875
Freeholder,-5.59375,-5.59375
Cubatures,-5.84375,-5.84375
Epicedia,-6.0625,-6.0625
Adenyls,-5.84375,-5.84375
Hypomeral,-5.9375,-5.9375
Ourang,-5.59375,-5.59375
Teakwood,-5.59375,-5.59375
Anisopleural,-5.9375,-5.9375
Sabbatary,-5.46875,-5.46875
Officeholder,-6.21875,-6.21875
Flippance,-5.84375,-5.84375
Uninquisitive,-5.34375,-5.34375
Telenomus,-5.71875,-5.71875
Aromatical,-5.9375,-5.9375
Amphore,-5.9375,-5.9375
Litterateur,-5.59375,-5.59375
Horseleach,-6.0625,-6.0625
Sulphatize,-5.84375,-5.84375
Caboche,-5.6875,-5.6875
Dictate,-5.71875,-5.71875
Pretextuous,-5.8125,-5.8125
Canines,-5.9375,-5.9375
Waterbuck,-5.96875,-5.96875
Arnaut,-5.59375,-5.59375
Uracil,-5.34375,-5.34375
Quadrumvir,-5.71875,-5.71875
Rhopalium,-5.5625,-5.5625
Semicolumnar,-5.8125,-5.8125
Octodontidae,-6.09375,-6.09375
Intertree,-5.59375,-5.59375
Sporogony,-5.71875,-5.71875
Glycyrrhiza,-5.375,-5.375
Basanite,-5.71875,-5.71875
Monoaminergic,-6.1875,-6.1875
Dispraise,-5.84375,-5.84375
Budgets,-5.96875,-5.96875
Soteriologic,-5.8125,-5.8125
Endnotes,-5.84375,-5.84375
Spokane,-6.3125,-6.3125
Ambatch,-5.71875,-5.71875
Koumyses,-5.59375,-5.59375
Bignonias,-5.59375,-5.59375
Singapore,-6.21875,-6.21875
Demotic,-5.96875,-5.96875
Frankincense,-5.71875,-5.71875
Relumine,-5.71875,-5.71875
Uncity,-5.8125,-5.8125
Syssel,-5.71875,-5.71875
Sandworts,-5.46875,-5.46875
Mahajan,-5.96875,-5.96875
Periostoma,-5.59375,-5.59375
Insistent,-5.625,-5.625
Supersubtle,-5.71875,-5.71875
Nondensity,-5.8125,-5.8125
Prestidigitate,-5.46875,-5.46875
Pitpan,-5.84375,-5.84375
Thyrocarditis,-5.96875,-5.96875
Stunter,-5.6875,-5.6875
Gonyoncus,-5.84375,-5.84375
Polonese,-6.21875,-6.21875
Hellhound,-5.71875,-5.71875
Whoremonger,-5.84375,-5.84375
Wabbliest,-5.59375,-5.59375
Besigh,-5.71875,-5.71875
Italians,-6.3125,-6.3125
Zoopathologies,-6.09375,-6.09375
Finesser,-5.8125,-5.8125
Dinner,-5.5,-5.5
Splitfruit,-5.8125,-5.8125
Undutiful,-5.71875,-5.71875
Golgotha,-5.96875,-5.96875
Pastilles,-5.8125,-5.8125
Inframontane,-5.71875,-5.71875
Ligamental,-5.71875,-5.71875
Occasionless,-5.84375,-5.84375
Trailbreaker,-5.8125,-5.8125
Begoud,-5.8125,-5.8125
Scouther,-5.625,-5.625
Surfboards,-5.46875,-5.46875
Plastogamy,-6.0625,-6.0625
Parthenian,-5.46875,-5.46875
Trombone,-5.46875,-5.46875
Antitypical,-6.09375,-6.09375
Cryptical,-5.625,-5.625
Beworry,-5.625,-5.625
Hydroclimate,-6.0625,-6.0625
Europium,-5.71875,-5.71875
Cornerbind,-5.84375,-5.84375
Involutions,-5.96875,-5.96875
Ladybirds,-5.6875,-5.6875
Spangler,-5.59375,-5.59375
Southlander,-5.5,-5.5
Cichorium,-5.8125,-5.8125
Rusticator,-5.96875,-5.96875
Sulfionide,-5.84375,-5.84375
Rhizophore,-5.6875,-5.6875
Oversound,-5.8125,-5.8125
Mikania,-5.9375,-5.9375
Semionotidae,-5.96875,-5.96875
Befist,-5.59375,-5.59375
Turkeyback,-6.09375,-6.09375
Gnathobdellida,-5.71875,-5.71875
Validate,-6.21875,-6.21875
Sambuca,-6.09375,-6.09375
Cyclopentane,-5.71875,-5.71875
Alogism,-5.84375,-5.84375
Labordom,-5.71875,-5.71875
Dyophysitic,-5.5,-5.5
Poetastery,-5.71875,-5.71875
Agennesis,-5.9375,-5.9375
Nonescape,-5.59375,-5.59375
Fragmentalize,-5.71875,-5.71875
Iconographer,-5.8125,-5.8125
Forthbrought,-5.84375,-5.84375
Clasmatosis,-6.09375,-6.09375
Lowlier,-5.59375,-5.59375
Ineffulgent,-5.59375,-5.59375
Cockieleekie,-5.71875,-5.71875
Lycanthropist,-5.625,-5.625
Newlyweds,-6.3125,-6.3125
Archdeaconship,-6.09375,-6.09375
Bronchus,-5.59375,-5.59375
Lacinulose,-5.84375,-5.84375
Skitterier,-5.375,-5.375
Pittosporaceae,-5.71875,-5.71875
Sulides,-5.96875,-5.96875
Antipode,-6.09375,-6.09375
Incompendious,-5.59375,-5.59375
Acouasm,-5.9375,-5.9375
Trichiurid,-5.625,-5.625
Recomplete,-5.9375,-5.9375
Practitional,-6.0625,-6.0625
Epeirogenetic,-5.8125,-5.8125
Nonredemptible,-5.59375,-5.59375
Scatty,-5.59375,-5.59375
Piciform,-5.84375,-5.84375
Rhipidium,-5.46875,-5.46875
Kantele,-5.96875,-5.96875
Elevenses,-5.96875,-5.96875
Cartman,-5.46875,-5.46875
Spectrometers,-5.8125,-5.8125
Ultraritualism,-6.09375,-6.09375
Fuciphagous,-5.71875,-5.71875
Demobilise,-6.09375,-6.09375
Dorsers,-5.71875,-5.71875
Tocher,-5.6875,-5.6875
Undercurl,-5.71875,-5.71875
Hydatogenesis,-5.96875,-5.96875
Rhizomelic,-5.9375,-5.9375
Nonabstemious,-5.46875,-5.46875
Throttler,-5.8125,-5.8125
Peeves,-5.34375,-5.34375
Opopanax,-5.96875,-5.96875
Grundlov,-5.84375,-5.84375
Resultants,-5.96875,-5.96875
Mosesite,-5.96875,-5.96875
Tambours,-6.0625,-6.0625
Paraphrasian,-5.84375,-5.84375
Hydroponist,-5.375,-5.375
Blacklegs,-5.84375,-5.84375
Gasolines,-6.09375,-6.09375
Trygon,-5.59375,-5.59375
Epitheliolysin,-5.5,-5.5
Vinagron,-5.8125,-5.8125
Undirect,-6.0625,-6.0625
Grisons,-6.4375,-6.4375
Pilotages,-5.84375,-5.84375
Camptodrome,-5.6875,-5.6875
Hearses,-5.84375,-5.84375
Municipalize,-6.09375,-6.09375
Semifine,-5.625,-5.625
Leastways,-6.0,-6.0
Wettest,-5.84375,-5.84375
Juices,-5.59375,-5.59375
Meteograph,-5.8125,-5.8125
Paloma,-5.71875,-5.71875
Suffragitis,-5.71875,-5.71875
Aerophysics,-5.84375,-5.84375
Nullisomic,-5.71875,-5.71875
Chopin,-6.21875,-6.21875
Promisee,-5.71875,-5.71875
Amasser,-5.9375,-5.9375
Noncarbon,-5.8125,-5.8125
Jaburan,-5.96875,-5.96875
Abominates,-5.46875,-5.46875
Allochetite,-6.1875,-6.1875
Obturate,-5.8125,-5.8125
Fairway,-5.84375,-5.84375
Unperfect,-5.84375,-5.84375
Bottlemaker,-5.59375,-5.59375
Prostrike,-5.96875,-5.96875
Cyanoacetic,-5.71875,-5.71875
Myoxus,-5.9375,-5.9375
Amphitheaters,-5.96875,-5.96875
Hemimyaria,-5.96875,-5.96875
Triduan,-5.71875,-5.71875
Daguerreotype,-5.59375,-5.59375
Homotaxial,-5.84375,-5.84375
Ladyfern,-5.625,-5.625
Melophonic,-5.5,-5.5
Womanizer,-5.59375,-5.59375
Chafferers,-6.09375,-6.09375
Chaology,-6.34375,-6.34375
Unhomicidal,-5.34375,-5.34375
Pentapterous,-5.46875,-5.46875
Jezebelish,-5.59375,-5.59375
Molossidae,-5.84375,-5.84375
Dancettee,-5.71875,-5.71875
Benzotoluide,-5.84375,-5.84375
Coccygeal,-5.8125,-5.8125
Disaffirmance,-5.96875,-5.96875
Nonpassible,-5.46875,-5.46875
Drippiest,-5.59375,-5.59375
Zoochores,-5.84375,-5.84375
Bellevue,-5.84375,-5.84375
Weimaraner,-5.84375,-5.84375
Betrayer,-5.34375,-5.34375
Coccaceous,-5.6875,-5.6875
Subengineer,-5.71875,-5.71875
Unmiter,-5.71875,-5.71875
Feulamort,-5.71875,-5.71875
Echowise,-5.9375,-5.9375
Premix,-5.84375,-5.84375
Venisonlike,-6.09375,-6.09375
Mandan,-5.96875,-5.96875
Fibroblastic,-5.5625,-5.5625
Miotic,-5.8125,-5.8125
Adventitia,-5.84375,-5.84375
Kwartje,-5.96875,-5.96875
Haruspices,-5.71875,-5.71875
Anaclastic,-5.96875,-5.96875
Gnathometer,-5.5,-5.5
Stuffs,-5.71875,-5.71875
Cacicus,-5.71875,-5.71875
Abyssinian,-5.59375,-5.59375
Stargaze,-5.59375,-5.59375
Exotericism,-5.96875,-5.96875
Quirinalia,-5.84375,-5.84375
Beamlet,-5.84375,-5.84375
Wrainstave,-5.59375,-5.59375
Publicism,-5.71875,-5.71875
Outdances,-5.71875,-5.71875
Demential,-5.71875,-5.71875
Echinomys,-5.84375,-5.84375
Osphresiometry,-6.09375,-6.09375
Agaphite,-5.8125,-5.8125
Potshots,-5.71875,-5.71875
Tyrolese,-5.71875,-5.71875
Ennoic,-5.84375,-5.84375
Rucksacks,-5.71875,-5.71875
Incidentless,-5.71875,-5.71875
Vialful,-5.8125,-5.8125
Socinian,-5.96875,-5.96875
Cretonne,-5.34375,-5.34375
Uncivil,-5.71875,-5.71875
Ammocoetid,-5.6875,-5.6875
Burlesquer,-5.59375,-5.59375
Tucker,-5.71875,-5.71875
Daintrel,-5.71875,-5.71875
Gederathite,-5.71875,-5.71875
Stawsome,-5.6875,-5.6875
Parados,-6.3125,-6.3125
Parsecs,-5.84375,-5.84375
Lacunule,-5.71875,-5.71875
Coralligenous,-5.6875,-5.6875
Mitogenicity,-6.0625,-6.0625
Ecclesiastical,-5.9375,-5.9375
Subducts,-5.84375,-5.84375
Gamins,-5.71875,-5.71875
Antiaesthetic,-5.5,-5.5
Ensisternum,-6.09375,-6.09375
Barbasco,-5.8125,-5.8125
Raimannia,-5.84375,-5.84375
Aldosteronism,-5.96875,-5.96875
Dispunge,-6.09375,-6.09375
Spissatus,-5.46875,-5.46875
Galacaceae,-6.09375,-6.09375
Paroxytonic,-5.9375,-5.9375
Cupules,-5.96875,-5.96875
Endoangiitis,-6.46875,-6.46875
Homomerous,-5.59375,-5.59375
Sternothere,-5.59375,-5.59375
Helmsmen,-5.96875,-5.96875
Retinian,-5.46875,-5.46875
Ratafias,-5.59375,-5.59375
Paraphyllium,-5.96875,-5.96875
Individuum,-5.96875,-5.96875
Anagallis,-5.8125,-5.8125
Thenages,-5.5,-5.5
Fibrillar,-5.8125,-5.8125
Warren,-6.34375,-6.34375
Klutzier,-5.46875,-5.46875
Easels,-5.71875,-5.71875
Intrusive,-5.71875,-5.71875
Bronzitite,-5.71875,-5.71875
Planisphere,-5.375,-5.375
Paralaurionite,-5.84375,-5.84375
Blueth,-5.84375,-5.84375
Asperser,-5.84375,-5.84375
Leitmotiv,-5.84375,-5.84375
Indabas,-5.9375,-5.9375
Flexuosity,-5.96875,-5.96875
Valkyria,-5.59375,-5.59375
Subchelae,-5.84375,-5.84375
Corchorus,-5.71875,-5.71875
Ichthyophile,-5.84375,-5.84375
Invocatory,-5.84375,-5.84375
Suffer,-5.71875,-5.71875
Bullionism,-6.21875,-6.21875
Overindulge,-6.3125,-6.3125
Chalcomenite,-5.96875,-5.96875
Sandhill,-5.59375,-5.59375
Shakes,-5.25,-5.25
Preassigns,-5.625,-5.625
Predicate,-5.96875,-5.96875
Synopses,-5.71875,-5.71875
Nummulitidae,-5.75,-5.75
Rogues,-5.5,-5.5
Ornithologic,-5.625,-5.625
Sphygmophonic,-5.71875,-5.71875
Hammada,-5.9375,-5.9375
Hypnotizes,-5.71875,-5.71875
Ctenoplana,-5.59375,-5.59375
Coalitions,-6.09375,-6.09375
Allium,-5.84375,-5.84375
Destinal,-5.8125,-5.8125
Baleen,-5.8125,-5.8125
Steersmen,-5.75,-5.75
Unaccordance,-5.59375,-5.59375
Broacher,-5.375,-5.375
Heptite,-5.9375,-5.9375
Semianimal,-5.375,-5.375
Ruthenate,-5.96875,-5.96875
Apadana,-6.09375,-6.09375
Overmasterful,-5.71875,-5.71875
Africanize,-6.34375,-6.34375
Laminarian,-5.84375,-5.84375
Rivulariaceous,-5.375,-5.375
Schorlous,-5.71875,-5.71875
Revenuer,-5.46875,-5.46875
Windowlight,-5.84375,-5.84375
Siphonophora,-5.71875,-5.71875
Unsigmatic,-5.59375,-5.59375
Hardihood,-5.8125,-5.8125
Truthless,-5.96875,-5.96875
Protases,-5.59375,-5.59375
Catcalls,-6.09375,-6.09375
Ropeman,-5.75,-5.75
Redenial,-5.71875,-5.71875
Dermatodynia,-5.84375,-5.84375
Figeter,-5.96875,-5.96875
Burners,-5.71875,-5.71875
Henbill,-5.96875,-5.96875
Antileukemic,-6.09375,-6.09375
Fatalism,-6.21875,-6.21875
Herophilist,-5.5,-5.5
Shirker,-5.5,-5.5
Grizzlier,-5.46875,-5.46875
Democracy,-6.1875,-6.1875
Reford,-5.46875,-5.46875
Suggillate,-5.6875,-5.6875
Remain,-5.71875,-5.71875
Plumpy,-5.71875,-5.71875
Cantonments,-5.84375,-5.84375
Phytologist,-5.46875,-5.46875
Encarpa,-5.71875,-5.71875
Ploughfoot,-5.71875,-5.71875
Dextrogyre,-5.46875,-5.46875
Shrinelet,-5.96875,-5.96875
Leatherworker,-5.71875,-5.71875
Antisuffrage,-5.59375,-5.59375
Adjournal,-5.96875,-5.96875
Empyemata,-5.46875,-5.46875
Lilliputs,-6.09375,-6.09375
Bridoon,-5.375,-5.375
Adiaphorist,-5.71875,-5.71875
Furanoses,-5.96875,-5.96875
Conyger,-5.8125,-5.8125
Otogenous,-6.0625,-6.0625
Predicatory,-5.71875,-5.71875
Cubitus,-5.71875,-5.71875
Terrestrials,-5.71875,-5.71875
Kopophobia,-6.09375,-6.09375
Flatterer,-5.84375,-5.84375
Nitroso,-5.59375,-5.59375
Osteotrophy,-5.96875,-5.96875
Chorgi,-6.09375,-6.09375
Mercapto,-5.71875,-5.71875
Tachyon,-5.46875,-5.46875
Aircrafts,-5.96875,-5.96875
Meningitic,-5.96875,-5.96875
Enzootics,-5.96875,-5.96875
Recombines,-5.8125,-5.8125
Merwoman,-5.59375,-5.59375
Borocitrate,-5.8125,-5.8125
Mycetozoan,-5.5,-5.5
Hespel,-5.84375,-5.84375
Rejustify,-5.84375,-5.84375
Looney,-5.84375,-5.84375
Fahlunitte,-5.96875,-5.96875
Paramountship,-6.09375,-6.09375
Avarice,-5.96875,-5.96875
Unplant,-5.84375,-5.84375
Sawneb,-5.71875,-5.71875
Exonerates,-5.96875,-5.96875
Statistology,-6.09375,-6.09375
Capacious,-5.84375,-5.84375
Defassa,-5.84375,-5.84375
Tripedal,-5.6875,-5.6875
Goldie,-5.75,-5.75
Gumhar,-5.9375,-5.9375
Lumpsucker,-5.46875,-5.46875
Slipcoach,-5.96875,-5.96875
Isoteniscope,-5.84375,-5.84375
Bristles,-5.9375,-5.9375
Paracme,-6.09375,-6.09375
Ammonolitic,-5.9375,-5.9375
Reometer,-5.71875,-5.71875
Keymove,-5.9375,-5.9375
Adenotyphoid,-5.96875,-5.96875
Proctors,-5.59375,-5.59375
Camases,-5.9375,-5.9375
Marion,-6.0625,-6.0625
Jefferisite,-5.71875,-5.71875
Dryope,-5.59375,-5.59375
Membrana,-5.96875,-5.96875
Unitary,-5.875,-5.875
Sandwich,-5.8125,-5.8125
Goitre,-5.71875,-5.71875
Scatologies,-5.84375,-5.84375
Tantamount,-5.71875,-5.71875
Hydratropic,-5.71875,-5.71875
Iridoparalysis,-5.59375,-5.59375
Pinkoes,-5.96875,-5.96875
Improvability,-6.1875,-6.1875
Evasive,-5.59375,-5.59375
Analogues,-5.84375,-5.84375
Microrhopias,-5.9375,-5.9375
Malaxator,-5.59375,-5.59375
Superplus,-5.8125,-5.8125
Polypeptide,-5.71875,-5.71875
Rigaudons,-6.09375,-6.09375
Reptiliform,-5.84375,-5.84375
Alarbus,-5.84375,-5.84375
Ostensoria,-5.84375,-5.84375
Resplice,-5.71875,-5.71875
Ingrammaticism,-5.96875,-5.96875
Openbill,-6.21875,-6.21875
Stationers,-5.9375,-5.9375
Truckle,-5.84375,-5.84375
Overbusy,-5.71875,-5.71875
Areometric,-5.96875,-5.96875
Birostrate,-5.96875,-5.96875
Abecedaire,-5.71875,-5.71875
Clinkant,-5.6875,-5.6875
Exuberant,-5.8125,-5.8125
Mediosilicic,-5.96875,-5.96875
Tubiferous,-5.5,-5.5
Gynaecoid,-5.84375,-5.84375
Phaethon,-5.375,-5.375
Nonequestrian,-5.625,-5.625
Decalogue,-5.84375,-5.84375
Cutlash,-5.71875,-5.71875
Banknote,-5.84375,-5.84375
Miaplacidus,-5.96875,-5.96875
Topworks,-6.09375,-6.09375
Semichannel,-5.59375,-5.59375
Glyconic,-5.84375,-5.84375
Flogster,-5.71875,-5.71875
Townsman,-5.875,-5.875
Baroque,-5.84375,-5.84375
Promisers,-5.84375,-5.84375
Overscatter,-5.59375,-5.59375
Sprucy,-5.96875,-5.96875
Azotate,-5.71875,-5.71875
Recreancy,-5.71875,-5.71875
Ampelidae,-6.3125,-6.3125
Twizzle,-5.59375,-5.59375
Chinbone,-5.9375,-5.9375
Majordomos,-5.84375,-5.84375
Glabellum,-5.9375,-5.9375
Hohenzollern,-5.84375,-5.84375
Cyclohexyl,-5.59375,-5.59375
Symphenomenal,-5.59375,-5.59375
Xiraxara,-5.96875,-5.96875
Monerons,-6.09375,-6.09375
Protoblast,-5.59375,-5.59375
Clangour,-5.71875,-5.71875
Semicircular,-5.8125,-5.8125
Resenter,-5.625,-5.625
Proponents,-6.21875,-6.21875
Suberins,-5.9375,-5.9375
Fluminous,-5.9375,-5.9375
Superintender,-5.34375,-5.34375
Alienator,-5.71875,-5.71875
Antityphoid,-5.96875,-5.96875
Aefaldy,-5.96875,-5.96875
Bilious,-5.59375,-5.59375
Catteries,-5.71875,-5.71875
Rammiest,-5.71875,-5.71875
Halochromy,-5.75,-5.75
Nuttiest,-5.8125,-5.8125
Monokini,-5.5,-5.5
Bassoon,-5.625,-5.625
Scaphite,-5.46875,-5.46875
Bellehood,-5.84375,-5.84375
Utriculus,-5.71875,-5.71875
Vizardmonger,-5.71875,-5.71875
Superlain,-5.5625,-5.5625
Enschedule,-5.84375,-5.84375
Palingenist,-5.59375,-5.59375
Creator,-6.21875,-6.21875
Regalia,-5.84375,-5.84375
Mysidean,-5.84375,-5.84375
Withindoors,-5.71875,-5.71875
Surcrue,-5.59375,-5.59375
Violones,-6.09375,-6.09375
Conceives,-5.8125,-5.8125
Perspicuous,-5.59375,-5.59375
Sunderer,-5.6875,-5.6875
Quadrifrontal,-5.96875,-5.96875
Blasphemies,-6.0625,-6.0625
Superexistent,-5.71875,-5.71875
Adumbrant,-5.84375,-5.84375
Thorite,-5.96875,-5.96875
Orunchun,-5.71875,-5.71875
Multipinnate,-5.9375,-5.9375
Interstage,-6.09375,-6.09375
Octangle,-6.21875,-6.21875
Coregnant,-5.71875,-5.71875
Zeuglodontidae,-6.09375,-6.09375
Subdendroid,-5.8125,-5.8125
Etheostominae,-6.09375,-6.09375
Aquincubital,-5.625,-5.625
Gemmeous,-5.71875,-5.71875
Providore,-6.0625,-6.0625
Emolumental,-5.84375,-5.84375
Milliliters,-5.46875,-5.46875
Autodynes,-5.71875,-5.71875
Overwisdom,-5.71875,-5.71875
Insuavity,-5.84375,-5.84375
Hernias,-5.84375,-5.84375
Cesspipe,-5.6875,-5.6875
Acoasma,-5.84375,-5.84375
Agitato,-5.8125,-5.8125
Orality,-5.96875,-5.96875
Topographics,-5.59375,-5.59375
Sollar,-5.96875,-5.96875
Bugfish,-5.5,-5.5
Jerrid,-5.84375,-5.84375
Cyclas,-5.84375,-5.84375
Outswift,-5.625,-5.625
Bathrobes,-5.71875,-5.71875
Montpelier,-6.21875,-6.21875
Apophthegm,-5.59375,-5.59375
Langurs,-6.09375,-6.09375
Thallus,-5.71875,-5.71875
Beneventana,-5.96875,-5.96875
Pepperers,-6.0625,-6.0625
Dilantin,-5.21875,-5.21875
Sonships,-6.09375,-6.09375
Slapdashes,-5.5,-5.5
Stupefacient,-5.59375,-5.59375
Braehead,-5.84375,-5.84375
Aluminizes,-5.84375,-5.84375
Anitrogenous,-5.59375,-5.59375
Nyctitropism,-5.96875,-5.96875
Lyrics,-5.8125,-5.8125
Chrysomyia,-5.84375,-5.84375
Arborolater,-5.5,-5.5
Erodium,-5.84375,-5.84375
Planidorsate,-5.84375,-5.84375
Colonoscopy,-5.84375,-5.84375
Faller,-5.71875,-5.71875
Misfall,-5.8125,-5.8125
Nicodemus,-5.8125,-5.8125
Fortypenny,-5.6875,-5.6875
Cursor,-5.71875,-5.71875
Beclatter,-5.59375,-5.59375
Indole,-5.84375,-5.84375
Sphaerocarpus,-5.71875,-5.71875
Disnaturalize,-5.59375,-5.59375
Tableclothwise,-5.84375,-5.84375
Terminus,-5.71875,-5.71875
Nyctinasty,-5.375,-5.375
Eyeflap,-5.59375,-5.59375
Trichosporange,-5.46875,-5.46875
Sugarhouses,-5.6875,-5.6875
Munity,-6.1875,-6.1875
Phototropic,-5.75,-5.75
Churnstaff,-5.71875,-5.71875
Phaetons,-5.25,-5.25
Splittings,-5.59375,-5.59375
Praxiology,-5.84375,-5.84375
Nettlewort,-5.9375,-5.9375
Dibhole,-5.84375,-5.84375
Hyaenid,-5.59375,-5.59375
Hemocytoblast,-5.625,-5.625
Bibracteate,-5.84375,-5.84375
Sunberries,-5.71875,-5.71875
Gigartinaceous,-5.59375,-5.59375
Endocrines,-5.84375,-5.84375
Liberationist,-5.71875,-5.71875
Overmalapert,-5.84375,-5.84375
Dendric,-5.8125,-5.8125
Horologes,-6.21875,-6.21875
Endoconidia,-6.0625,-6.0625
Unloose,-5.59375,-5.59375
Phyllobranchia,-5.6875,-5.6875
Hundredths,-5.96875,-5.96875
Quizzism,-5.96875,-5.96875
Horsefight,-5.84375,-5.84375
Vaccinias,-5.46875,-5.46875
Enfume,-5.71875,-5.71875
Exorcista,-5.46875,-5.46875
Billycans,-5.84375,-5.84375
Boopic,-6.21875,-6.21875
Caligraphy,-5.46875,-5.46875
Stomatoplasty,-6.09375,-6.09375
Lucanidae,-5.84375,-5.84375
Goodyera,-5.59375,-5.59375
Antineutral,-5.625,-5.625
Botargo,-6.1875,-6.1875
Lakeland,-5.9375,-5.9375
Extraembryonal,-5.71875,-5.71875
Gigget,-5.46875,-5.46875
Titleboard,-5.71875,-5.71875
Anargyros,-6.0625,-6.0625
Labiovelar,-5.84375,-5.84375
Outimage,-5.8125,-5.8125
Susquehanna,-5.84375,-5.84375
Amphimictical,-5.59375,-5.59375
Nonstructure,-5.71875,-5.71875
Neglectful,-5.59375,-5.59375
Kinetogenic,-5.84375,-5.84375
Hamlah,-5.9375,-5.9375
Anaphrodisia,-6.34375,-6.34375
Fumarases,-5.71875,-5.71875
Nervine,-5.71875,-5.71875
Technological,-5.71875,-5.71875
Genevas,-5.71875,-5.71875
Confix,-5.96875,-5.96875
Sponsalia,-6.09375,-6.09375
Intermontane,-5.59375,-5.59375
Chippendale,-5.71875,-5.71875
Mittent,-5.84375,-5.84375
Erythrean,-5.46875,-5.46875
Obliquangular,-5.96875,-5.96875
Scopious,-5.59375,-5.59375
Polygonometry,-6.09375,-6.09375
Tortuous,-5.84375,-5.84375
Multispecies,-5.84375,-5.84375
Annexes,-6.09375,-6.09375
Frecklish,-5.71875,-5.71875
Gynecotelic,-5.71875,-5.71875
Provocant,-5.625,-5.625
Etiologue,-5.71875,-5.71875
Ostomatid,-5.84375,-5.84375
Amidol,-5.84375,-5.84375
Uranidin,-5.59375,-5.59375
Correctant,-5.84375,-5.84375
Ourebi,-6.09375,-6.09375
Camisia,-6.0625,-6.0625
Alexines,-5.8125,-5.8125
Onychophorous,-5.59375,-5.59375
Uninvertible,-5.8125,-5.8125
Supersensuous,-5.84375,-5.84375
Intonations,-5.71875,-5.71875
Gamasid,-5.71875,-5.71875
Martinist,-5.9375,-5.9375
Stomatic,-5.96875,-5.96875
Polytrichous,-5.46875,-5.46875
Afrite,-5.96875,-5.96875
Hydrocellulose,-5.71875,-5.71875
Belfry,-5.6875,-5.6875
Tribular,-5.59375,-5.59375
Cutbank,-5.4375,-5.4375
Abrogators,-5.96875,-5.96875
Superline,-5.9375,-5.9375
Broken,-5.8125,-5.8125
Paragraphia,-5.84375,-5.84375
Alcade,-5.84375,-5.84375
Ashkenazic,-5.84375,-5.84375
Serapea,-5.625,-5.625
Radiate,-5.84375,-5.84375
Nonpapal,-5.71875,-5.71875
Tonitrophobia,-6.34375,-6.34375
Cyclecars,-5.84375,-5.84375
Kalumpang,-5.96875,-5.96875
Abbotships,-5.96875,-5.96875
Magnelectric,-5.96875,-5.96875
Innersole,-5.6875,-5.6875
Trappings,-5.46875,-5.46875
Verificative,-5.84375,-5.84375
Contemns,-5.59375,-5.59375
Alibis,-6.46875,-6.46875
Enrive,-5.71875,-5.71875
Overemphasize,-5.84375,-5.84375
Succulency,-5.59375,-5.59375
Babbitt,-5.34375,-5.34375
Dompteuse,-5.8125,-5.8125
Flyaways,-5.59375,-5.59375
Seigniory,-5.8125,-5.8125
Tunland,-5.96875,-5.96875
Balushai,-5.71875,-5.71875
Preutilize,-5.71875,-5.71875
Crabbish,-5.46875,-5.46875
Anglic,-5.9375,-5.9375
Jinricksha,-6.09375,-6.09375
Endocytotic,-5.6875,-5.6875
Misprise,-5.8125,-5.8125
Ascidioida,-5.9375,-5.9375
Erecter,-5.59375,-5.59375
Praelabrum,-5.84375,-5.84375
Barramundies,-5.96875,-5.96875
Eurasiatic,-5.84375,-5.84375
Beansetter,-5.625,-5.625
Yowley,-5.5,-5.5
Superwrought,-5.46875,-5.46875
Telepheme,-5.75,-5.75
Externalist,-6.09375,-6.09375
Foreclosure,-5.59375,-5.59375
Girders,-5.71875,-5.71875
Intensive,-5.8125,-5.8125
Semisucculent,-5.25,-5.25
Cetonian,-5.71875,-5.71875
Protosalt,-5.84375,-5.84375
Megathermal,-5.84375,-5.84375
Kalymmocyte,-5.46875,-5.46875
Ordinaire,-5.9375,-5.9375
Disulphid,-5.59375,-5.59375
Geylies,-5.46875,-5.46875
Langspiel,-5.8125,-5.8125
Bementite,-5.71875,-5.71875
Swingdevil,-5.5,-5.5
Perpendicular,-5.8125,-5.8125
Parathesis,-5.84375,-5.84375
October,-5.96875,-5.96875
Eyeserver,-5.96875,-5.96875
Camphanic,-5.8125,-5.8125
Funiform,-5.9375,-5.9375
Roaches,-5.84375,-5.84375
Rhamninase,-5.84375,-5.84375
Elegies,-5.59375,-5.59375
Unchoke,-5.375,-5.375
Fibulas,-5.59375,-5.59375
Anallantoic,-5.8125,-5.8125
Invocant,-5.5,-5.5
Diluendo,-5.71875,-5.71875
Diapyetic,-5.625,-5.625
Tympanosis,-5.84375,-5.84375
Nontrader,-5.59375,-5.59375
Proximate,-5.625,-5.625
Nanoword,-5.84375,-5.84375
Cenotaph,-5.84375,-5.84375
Semidodecagon,-5.375,-5.375
Cibarian,-5.59375,-5.59375
Trendy,-5.8125,-5.8125
Hemolyze,-5.625,-5.625
Surgiest,-5.71875,-5.71875
Mannersome,-5.46875,-5.46875
Upraisal,-5.6875,-5.6875
Tragedians,-5.96875,-5.96875
Millclapper,-5.59375,-5.59375
Foggage,-5.9375,-5.9375
Biotypic,-5.96875,-5.96875
Wirephoto,-5.8125,-5.8125
Soybean,-5.96875,-5.96875
Improvisor,-5.59375,-5.59375
Apophylactic,-5.6875,-5.6875
Brachydactylia,-6.09375,-6.09375
Boccia,-5.96875,-5.96875
Factionistism,-6.21875,-6.21875
Pounces,-5.59375,-5.59375
Waterfowler,-5.59375,-5.59375
Querken,-5.71875,-5.71875
Marcottage,-6.1875,-6.1875
Spanioli,-5.9375,-5.9375
Concertinas,-5.84375,-5.84375
Duotriacontane,-5.71875,-5.71875
Cacodemonial,-5.59375,-5.59375
Rubbler,-5.46875,-5.46875
Ronsardist,-5.625,-5.625
Ketosis,-5.96875,-5.96875
Incrept,-5.59375,-5.59375
Aiglet,-5.8125,-5.8125
Dollmaker,-5.46875,-5.46875
Rhoecus,-5.59375,-5.59375
Heelwork,-5.71875,-5.71875
Portress,-5.5,-5.5
Alemannian,-5.96875,-5.96875
Hasheeshes,-5.96875,-5.96875
Jigaboos,-6.1875,-6.1875
Infract,-5.6875,-5.6875
Radioisotopic,-5.71875,-5.71875
Caraipe,-5.96875,-5.96875
Gyrinidae,-5.96875,-5.96875
Splice,-5.4375,-5.4375
Washwomen,-5.5,-5.5
Discounters,-6.3125,-6.3125
Potmen,-5.71875,-5.71875
Dadoxylon,-5.71875,-5.71875
Jetter,-6.0625,-6.0625
Skepful,-5.84375,-5.84375
Padishah,-6.09375,-6.09375
Heteroclite,-5.71875,-5.71875
Nonspurious,-5.625,-5.625
Peradventure,-5.5,-5.5
Monodonta,-5.46875,-5.46875
Mixible,-5.9375,-5.9375
Misoneism,-6.4375,-6.4375
Matricides,-6.09375,-6.09375
Imbroccata,-5.6875,-5.6875
Paulinist,-5.6875,-5.6875
Drostden,-5.46875,-5.46875
Madrier,-5.71875,-5.71875
Fourieristic,-5.71875,-5.71875
Baldaquin,-5.71875,-5.71875
Dummerer,-5.84375,-5.84375
Mesectoderm,-5.46875,-5.46875
Prosacral,-5.9375,-5.9375
Munnopsis,-5.9375,-5.9375
Lucinda,-5.6875,-5.6875
Agnate,-5.9375,-5.9375
Truistic,-5.59375,-5.59375
Absorbency,-5.6875,-5.6875
Almain,-5.84375,-5.84375
Fennoman,-6.09375,-6.09375
Fruitgrower,-5.34375,-5.34375
Brahmana,-5.59375,-5.59375
Dermohemal,-5.9375,-5.9375
Binoxalate,-5.84375,-5.84375
Nationals,-5.71875,-5.71875
Julaceous,-5.71875,-5.71875
Biolysis,-5.84375,-5.84375
Tortoni,-5.96875,-5.96875
Endoneurial,-5.8125,-5.8125
Suasory,-5.71875,-5.71875
Spectrous,-5.9375,-5.9375
Matzah,-5.71875,-5.71875
Dorsimedian,-5.71875,-5.71875
Sanctify,-6.3125,-6.3125
Butterbur,-6.09375,-6.09375
Progrede,-6.09375,-6.09375
Distaves,-5.8125,-5.8125
Ruminates,-5.84375,-5.84375
Cuppen,-5.8125,-5.8125
Trochozoa,-5.5,-5.5
Lathee,-5.6875,-5.6875
Hackamatak,-5.9375,-5.9375
Waterbailage,-5.8125,-5.8125
Maximal,-6.0625,-6.0625
Flaminian,-5.71875,-5.71875
Rodger,-5.59375,-5.59375
Landwehr,-5.6875,-5.6875
Santour,-6.21875,-6.21875
Loincloth,-5.84375,-5.84375
Subculture,-5.84375,-5.84375
Arachnids,-5.6875,-5.6875
Barysphere,-5.84375,-5.84375
Magnums,-5.71875,-5.71875
Prissies,-5.96875,-5.96875
Orchectomy,-5.625,-5.625
Setaria,-5.96875,-5.96875
Teleologist,-5.75,-5.75
Peromyscus,-5.9375,-5.9375
Racialistic,-5.84375,-5.84375
Oxalite,-5.71875,-5.71875
Imbarn,-5.84375,-5.84375
Felaheen,-5.84375,-5.84375
Grandiloquence,-5.96875,-5.96875
Whiteacre,-5.8125,-5.8125
Denshare,-5.84375,-5.84375
Equivocator,-6.09375,-6.09375
Acrydium,-5.625,-5.625
Septuncial,-6.09375,-6.09375
Audiviser,-5.71875,-5.71875
Varsovian,-5.84375,-5.84375
Autotractor,-5.6875,-5.6875
Beguines,-6.09375,-6.09375
Cathedrallike,-5.71875,-5.71875
Mouthpiece,-5.59375,-5.59375
Achaemenidae,-6.21875,-6.21875
Urocerid,-5.6875,-5.6875
Wowwows,-5.46875,-5.46875
Lekach,-5.96875,-5.96875
Tulnic,-5.84375,-5.84375
Predegree,-5.8125,-5.8125
Touchers,-5.71875,-5.71875
Robinet,-5.71875,-5.71875
Hypoplanktonic,-5.84375,-5.84375
Antiunionist,-5.46875,-5.46875
Sulpharsenite,-5.59375,-5.59375
Panorpidae,-5.84375,-5.84375
Pomology,-5.84375,-5.84375
Benzazine,-5.8125,-5.8125
Mastwood,-5.71875,-5.71875
Barstools,-5.59375,-5.59375
Purgatorial,-5.34375,-5.34375
Ectene,-5.71875,-5.71875
Uncommones,-5.71875,-5.71875
Trapezohedra,-5.84375,-5.84375
Cepaceous,-5.6875,-5.6875
Semihobos,-5.71875,-5.71875
Ellipticity,-5.8125,-5.8125
Catadioptrical,-5.71875,-5.71875
Farthingless,-5.71875,-5.71875
Epistasy,-5.96875,-5.96875
Taramembe,-6.0625,-6.0625
Gunless,-5.75,-5.75
Scutages,-5.71875,-5.71875
Deliberator,-5.71875,-5.71875
Eyepiece,-5.625,-5.625
Funeral,-5.8125,-5.8125
Proelectric,-6.09375,-6.09375
Hydroquinoline,-5.59375,-5.59375
Pilusli,-5.71875,-5.71875
Signman,-5.84375,-5.84375
Remaindermen,-5.59375,-5.59375
Wingman,-5.84375,-5.84375
Moresques,-6.09375,-6.09375
Cottagey,-5.71875,-5.71875
Certosa,-5.9375,-5.9375
Proletarian,-5.71875,-5.71875
Nontonic,-5.6875,-5.6875
Coseism,-6.09375,-6.09375
Venkata,-5.625,-5.625
Polygordius,-5.71875,-5.71875
Tammuz,-5.59375,-5.59375
Cobbier,-5.9375,-5.9375
Preborn,-5.625,-5.625
Flagstaffs,-5.375,-5.375
Saltpans,-5.625,-5.625
Iminazole,-5.84375,-5.84375
Frothless,-5.46875,-5.46875
Silverizer,-5.6875,-5.6875
Appels,-6.1875,-6.1875
Amphithurthura,-5.8125,-5.8125
Pluggy,-5.9375,-5.9375
Troynovant,-5.59375,-5.59375
Alatern,-5.84375,-5.84375
Blonde,-5.59375,-5.59375
Undersupport,-5.84375,-5.84375
Kuvasz,-5.71875,-5.71875
Fosterite,-5.71875,-5.71875
Spaniolate,-5.6875,-5.6875
Wanderers,-5.71875,-5.71875
Corvine,-5.96875,-5.96875
Whikerby,-5.59375,-5.59375
Bescratch,-5.59375,-5.59375
Bandsman,-5.84375,-5.84375
Redoubles,-5.8125,-5.8125
Dictyodromous,-5.625,-5.625
Underripe,-5.59375,-5.59375
Intentional,-5.6875,-5.6875
Quizzers,-6.21875,-6.21875
Cosharer,-5.84375,-5.84375
Macromolecules,-5.96875,-5.96875
Perichoresis,-5.84375,-5.84375
Fetichlike,-5.84375,-5.84375
Tattier,-5.6875,-5.6875
Partimento,-6.09375,-6.09375
Shriekery,-5.34375,-5.34375
Gnatter,-5.375,-5.375
Townfolks,-5.84375,-5.84375
Cheveril,-5.71875,-5.71875
Synoecy,-5.75,-5.75
Lymphangitic,-5.71875,-5.71875
Vacuums,-5.59375,-5.59375
Nonpreparatory,-5.625,-5.625
Latreutic,-5.71875,-5.71875
Progressivist,-5.5,-5.5
Pepsine,-5.71875,-5.71875
Purblind,-5.46875,-5.46875
Citrullus,-5.8125,-5.8125
Fluorometer,-5.96875,-5.96875
Geneserin,-5.84375,-5.84375
Lodestars,-5.84375,-5.84375
Outfitters,-5.6875,-5.6875
Saucerman,-5.84375,-5.84375
Trombidium,-5.625,-5.625
Unsquire,-5.46875,-5.46875
Renule,-5.84375,-5.84375
Spryest,-5.9375,-5.9375
Metamorphy,-5.9375,-5.9375
Annualize,-5.96875,-5.96875
Akinete,-5.8125,-5.8125
Succincter,-5.9375,-5.9375
Lachrymous,-5.6875,-5.6875
Upmountain,-5.59375,-5.59375
Maskegon,-5.59375,-5.59375
Unhealthy,-5.59375,-5.59375
Nonappendence,-6.09375,-6.09375
Rabblesome,-5.71875,-5.71875
Nepouite,-5.84375,-5.84375
Myoclonic,-5.71875,-5.71875
Lapponese,-5.59375,-5.59375
Insectaries,-5.84375,-5.84375
Indent,-5.84375,-5.84375
Mountaineers,-6.1875,-6.1875
Sponge,-5.21875,-5.21875
Flunker,-5.8125,-5.8125
Trepidity,-5.71875,-5.71875
Slumps,-5.625,-5.625
Glucosid,-5.75,-5.75
Glaciological,-5.59375,-5.59375
Trilogist,-5.46875,-5.46875
Untoxic,-5.84375,-5.84375
Warrants,-5.84375,-5.84375
Acediamine,-5.96875,-5.96875
Respice,-5.71875,-5.71875
Planograph,-5.71875,-5.71875
Bloodlike,-5.75,-5.75
Kashruths,-5.96875,-5.96875
Stemmiest,-5.59375,-5.59375
Syncoelom,-5.625,-5.625
Tenonectomy,-5.84375,-5.84375
Laryngoscopic,-5.59375,-5.59375
Antiblastic,-5.84375,-5.84375
Raconteur,-5.71875,-5.71875
Ropedance,-5.59375,-5.59375
Herbaceous,-5.5,-5.5
Scripturalism,-6.09375,-6.09375
Arriviste,-5.6875,-5.6875
Graphitoid,-5.96875,-5.96875
Dogbush,-5.71875,-5.71875
Endopod,-5.59375,-5.59375
Steapsins,-5.59375,-5.59375
Adminiculary,-6.0625,-6.0625
Impulsive,-5.71875,-5.71875
Undervaluer,-5.84375,-5.84375
Residental,-5.5,-5.5
Guidage,-5.9375,-5.9375
Retirer,-5.71875,-5.71875
Semidecay,-5.59375,-5.59375
Portfolio,-5.59375,-5.59375
Colloquies,-5.84375,-5.84375
Columba,-5.6875,-5.6875
Serenaders,-5.84375,-5.84375
Discumber,-5.71875,-5.71875
Epicyclic,-5.5,-5.5
Rooftrees,-5.71875,-5.71875
Nucleoside,-5.8125,-5.8125
Sunbeamy,-5.46875,-5.46875
Dorsoapical,-5.71875,-5.71875
Kingfish,-5.59375,-5.59375
Hyperoodon,-6.09375,-6.09375
Saururan,-5.59375,-5.59375
Photogram,-5.84375,-5.84375
Sapium,-5.8125,-5.8125
Cinchotine,-5.84375,-5.84375
Scepticism,-6.09375,-6.09375
Fenestellae,-5.8125,-5.8125
Tailorhood,-5.96875,-5.96875
Hyperlithuria,-6.1875,-6.1875
Overinform,-5.96875,-5.96875
Hiplike,-5.6875,-5.6875
Shoalier,-5.84375,-5.84375
Hypobromite,-5.84375,-5.84375
Apetalose,-5.84375,-5.84375
Disconnective,-6.09375,-6.09375
Transpanamic,-5.71875,-5.71875
Burkundaz,-5.84375,-5.84375
Clunker,-5.71875,-5.71875
Sanctificate,-6.21875,-6.21875
Months,-6.1875,-6.1875
Meiosis,-5.84375,-5.84375
Craniophore,-5.59375,-5.59375
Spurnpoint,-5.6875,-5.6875
Archilowe,-5.625,-5.625
Criminal,-5.71875,-5.71875
Squanderers,-5.96875,-5.96875
Bassorin,-5.96875,-5.96875
Phosphokinase,-5.71875,-5.71875
Alkalimetrical,-5.8125,-5.8125
Subside,-5.96875,-5.96875
Zoophytoid,-5.59375,-5.59375
Sweetkins,-5.71875,-5.71875
Gashful,-5.9375,-5.9375
Frontier,-5.71875,-5.71875
Metempirical,-6.0625,-6.0625
Emboweller,-5.375,-5.375
Hoorahs,-6.09375,-6.09375
Cytogenetical,-5.6875,-5.6875
Dairymen,-5.84375,-5.84375
Olympieion,-5.84375,-5.84375
Vergiform,-5.71875,-5.71875
Selenitical,-5.8125,-5.8125
Verticality,-5.96875,-5.96875
Castellany,-5.9375,-5.9375
Matres,-5.71875,-5.71875
Varletry,-5.59375,-5.59375
Nonnant,-5.84375,-5.84375
Energiatye,-5.96875,-5.96875
Hypogenesis,-6.09375,-6.09375
Gallisin,-5.8125,-5.8125
Schwarz,-5.96875,-5.96875
Neologic,-5.84375,-5.84375
Parabema,-5.84375,-5.84375
Orangier,-5.6875,-5.6875
Lechayims,-5.71875,-5.71875
Preinspire,-5.59375,-5.59375
Beamless,-5.84375,-5.84375
Plaguers,-6.09375,-6.09375
Thiosulfuric,-5.59375,-5.59375
Moanless,-5.96875,-5.96875
Posteromedian,-5.59375,-5.59375
Flamethrower,-5.34375,-5.34375
Rhubarb,-5.6875,-5.6875
Rumorous,-5.5625,-5.5625
Microorganism,-5.46875,-5.46875
Orangiest,-5.46875,-5.46875
Gruine,-5.8125,-5.8125
Barrage,-5.75,-5.75
Spoilsport,-5.84375,-5.84375
Catechistical,-5.6875,-5.6875
Gunfighter,-5.375,-5.375
Assuager,-5.5,-5.5
Bauhinias,-5.96875,-5.96875
Prelatial,-5.71875,-5.71875
Nostoc,-5.59375,-5.59375
Drupelet,-5.8125,-5.8125
Rereward,-5.59375,-5.59375
Spilehole,-5.71875,-5.71875
Crawdad,-5.59375,-5.59375
Villegiature,-5.71875,-5.71875
Monastic,-5.59375,-5.59375
Unstow,-5.625,-5.625
Harast,-5.71875,-5.71875
Mountainside,-5.59375,-5.59375
Episporangium,-5.71875,-5.71875
Braquemard,-5.71875,-5.71875
Hendecahedron,-5.84375,-5.84375
Overcare,-5.9375,-5.9375
Prescore,-5.84375,-5.84375
Fruiteress,-5.59375,-5.59375
Oversupplies,-5.8125,-5.8125
Curbline,-5.8125,-5.8125
Pyorrhoeic,-5.5,-5.5
Jacunda,-5.71875,-5.71875
Antiseptic,-5.6875,-5.6875
Cooperates,-5.71875,-5.71875
Flappier,-5.71875,-5.71875
Pickage,-5.8125,-5.8125
Hararese,-5.59375,-5.59375
Oppositive,-5.71875,-5.71875
Narrowish,-5.8125,-5.8125
Baffler,-5.59375,-5.59375
Praesertim,-5.59375,-5.59375
Godfrey,-5.59375,-5.59375
Reticularia,-5.59375,-5.59375
Commodity,-5.625,-5.625
Explementary,-5.96875,-5.96875
Perisome,-5.71875,-5.71875
Languid,-5.9375,-5.9375
Propinquitatis,-6.21875,-6.21875
Shafii,-5.71875,-5.71875
Epizoite,-5.375,-5.375
Underguard,-5.8125,-5.8125
Schoolgirls,-6.09375,-6.09375
Subconchoidal,-5.625,-5.625
Apocyneous,-5.71875,-5.71875
Transept,-5.9375,-5.9375
Cranberries,-5.84375,-5.84375
Hyalite,-5.46875,-5.46875
Fluoroborate,-5.9375,-5.9375
Telembi,-5.84375,-5.84375
Evasion,-5.71875,-5.71875
Anginose,-5.9375,-5.9375
Tetanises,-5.46875,-5.46875
Pinholes,-5.75,-5.75
Hematocryal,-5.625,-5.625
Tannogallic,-5.71875,-5.71875
Ostraca,-5.71875,-5.71875
Coorie,-5.84375,-5.84375
Conoidical,-5.6875,-5.6875
Salele,-5.96875,-5.96875
Scrimmage,-5.71875,-5.71875
Organless,-5.96875,-5.96875
Nonsequential,-5.625,-5.625
Brinkmanship,-5.84375,-5.84375
Mesaxonic,-5.84375,-5.84375
Rickettsias,-5.84375,-5.84375
Opulence,-6.09375,-6.09375
Schrebera,-5.84375,-5.84375
Lampadist,-5.84375,-5.84375
Concordial,-5.84375,-5.84375
Oariocele,-5.96875,-5.96875
Camacan,-5.9375,-5.9375
Cassabanana,-5.46875,-5.46875
Stellenbosch,-5.9375,-5.9375
Psychorhythm,-5.625,-5.625
Popularizer,-5.59375,-5.59375
Arvicolinae,-5.71875,-5.71875
Subtranslucent,-5.96875,-5.96875
Dysteleology,-5.96875,-5.96875
Argentinian,-5.46875,-5.46875
Inebriacy,-6.09375,-6.09375
Jussiaea,-5.71875,-5.71875
Bicornate,-5.96875,-5.96875
Preinstructive,-5.6875,-5.6875
Endear,-6.0625,-6.0625
Tomboyism,-6.34375,-6.34375
Hooligan,-5.6875,-5.6875
Pseudosuchia,-5.84375,-5.84375
Aizoon,-6.21875,-6.21875
Heterotaxy,-5.84375,-5.84375
Tenderizers,-5.46875,-5.46875
Springwater,-5.71875,-5.71875
Delphinus,-5.96875,-5.96875
Outstood,-5.59375,-5.59375
Polydactyle,-5.71875,-5.71875
Scalesman,-5.59375,-5.59375
Flatcars,-5.9375,-5.9375
Middenstead,-5.59375,-5.59375
Meatoscopy,-6.09375,-6.09375
Gownlet,-5.71875,-5.71875
Spirous,-5.6875,-5.6875
Slitless,-5.375,-5.375
Ceraceous,-5.5625,-5.5625
Trokes,-5.71875,-5.71875
Nematelminthes,-6.21875,-6.21875
Company,-5.84375,-5.84375
Catnache,-5.84375,-5.84375
Antitrust,-6.09375,-6.09375
Periost,-5.59375,-5.59375
Vampirize,-6.09375,-6.09375
Maulawiyah,-6.3125,-6.3125
Coudee,-5.84375,-5.84375
Ontography,-6.09375,-6.09375
Byrewoman,-6.0625,-6.0625
Kurilian,-5.59375,-5.59375
Cartoonist,-5.84375,-5.84375
Interurban,-5.84375,-5.84375
Germanium,-5.6875,-5.6875
Mongeese,-5.71875,-5.71875
Poortiths,-5.96875,-5.96875
Poland,-6.8125,-6.8125
Egoizer,-5.96875,-5.96875
Preconstructs,-5.5,-5.5
Brunoniaceae,-5.84375,-5.84375
Troglodytinae,-5.84375,-5.84375
Phytonomy,-5.625,-5.625
Moustoc,-5.9375,-5.9375
Remelt,-5.6875,-5.6875
Tobacconize,-5.59375,-5.59375
Voicelet,-6.09375,-6.09375
Calcifugal,-5.71875,-5.71875
Brevier,-5.71875,-5.71875
Bourage,-5.75,-5.75
Pensionat,-5.5,-5.5
Aquameter,-5.71875,-5.71875
Apyretic,-5.84375,-5.84375
Nonterritorial,-5.59375,-5.59375
Unthinkability,-5.96875,-5.96875
Hyaloandesite,-5.84375,-5.84375
Ultramodernist,-5.46875,-5.46875
Cynogenealogy,-5.96875,-5.96875
Cingulectomy,-6.09375,-6.09375
Schnapper,-5.59375,-5.59375
Reimport,-5.8125,-5.8125
Deterministic,-5.84375,-5.84375
Pituita,-5.84375,-5.84375
Antirabies,-5.84375,-5.84375
Civilize,-6.09375,-6.09375
Aikido,-6.4375,-6.4375
Unnimble,-5.71875,-5.71875
Biopotential,-5.9375,-5.9375
Depositor,-5.625,-5.625
Silvery,-5.9375,-5.9375
Cocciform,-5.71875,-5.71875
Comitant,-5.84375,-5.84375
Beryline,-5.59375,-5.59375
Degassers,-5.96875,-5.96875
Loudmouths,-5.96875,-5.96875
Romanceress,-5.125,-5.125
Tradename,-5.84375,-5.84375
Jiveass,-5.71875,-5.71875
Hypocalcemia,-6.09375,-6.09375
Gypsywise,-5.84375,-5.84375
Roughleg,-5.625,-5.625
Peterkin,-5.71875,-5.71875
Haptor,-5.9375,-5.9375
Sulphurproof,-5.6875,-5.6875
Viscose,-5.8125,-5.8125
Unmellow,-5.625,-5.625
Bulletin,-5.5,-5.5
Nondecane,-5.46875,-5.46875
Palateless,-5.6875,-5.6875
Coosers,-5.84375,-5.84375
Integrand,-5.9375,-5.9375
Tarrish,-5.6875,-5.6875
Exulceratory,-5.71875,-5.71875
Centipede,-5.34375,-5.34375
Aftercare,-5.71875,-5.71875
Monogenea,-5.84375,-5.84375
Daftlike,-5.84375,-5.84375
Reservative,-5.625,-5.625
Kinker,-5.59375,-5.59375
Musimon,-5.84375,-5.84375
Quarternight,-5.6875,-5.6875
Prisms,-5.84375,-5.84375
Dissonous,-5.59375,-5.59375
Pillowwork,-5.46875,-5.46875
Hoopmaker,-5.96875,-5.96875
Overcry,-5.9375,-5.9375
Monosomatic,-5.59375,-5.59375
Cyclopoid,-5.59375,-5.59375
Hemlines,-5.71875,-5.71875
Gainings,-5.625,-5.625
Infrabuccal,-5.8125,-5.8125
Tectosages,-5.96875,-5.96875
Edgemaker,-5.59375,-5.59375
Galvanography,-6.0625,-6.0625
Jumperism,-6.09375,-6.09375
Schute,-5.46875,-5.46875
Acroconidium,-5.71875,-5.71875
Redimensions,-5.96875,-5.96875
Overgenerous,-5.46875,-5.46875
Netchilik,-6.0625,-6.0625
Pseudocentric,-5.84375,-5.84375
Mental,-6.0625,-6.0625
Palegold,-5.84375,-5.84375
Ahorse,-6.09375,-6.09375
Predismissal,-5.46875,-5.46875
Unlatches,-5.46875,-5.46875
Underhatch,-5.75,-5.75
Chunderous,-5.71875,-5.71875
Physiform,-5.96875,-5.96875
Saumont,-6.09375,-6.09375
Indicatorinae,-6.125,-6.125
Whoosh,-5.8125,-5.8125
Privant,-5.84375,-5.84375
Penner,-5.59375,-5.59375
Demihorse,-5.71875,-5.71875
Highchair,-5.46875,-5.46875
Projacient,-5.71875,-5.71875
Maryknoll,-5.84375,-5.84375
Sanders,-6.09375,-6.09375
Papabote,-5.96875,-5.96875
Immensurate,-5.59375,-5.59375
Fluxion,-5.84375,-5.84375
Sumage,-5.71875,-5.71875
Diachylum,-5.75,-5.75
Reattains,-5.71875,-5.71875
Pupunha,-5.96875,-5.96875
Sentential,-5.71875,-5.71875
Methylal,-5.8125,-5.8125
Redipper,-5.8125,-5.8125
Lingster,-5.84375,-5.84375
Flames,-5.96875,-5.96875
Augers,-5.84375,-5.84375
Unjocund,-5.59375,-5.59375
Yengeese,-5.71875,-5.71875
Lithofellic,-5.71875,-5.71875
Nonascendance,-5.71875,-5.71875
Stomatomycosis,-6.21875,-6.21875
Polydisperse,-5.71875,-5.71875
Bodhisattwa,-6.21875,-6.21875
Spreng,-5.71875,-5.71875
Equipostile,-6.09375,-6.09375
Tartufish,-5.6875,-5.6875
Outfind,-5.625,-5.625
Passaggi,-5.8125,-5.8125
Islamism,-6.46875,-6.46875
Zootherapy,-5.96875,-5.96875
Overmagnetic,-5.96875,-5.96875
Nondialectic,-5.8125,-5.8125
Vinegar,-5.46875,-5.46875
Nighest,-5.59375,-5.59375
Xenophobes,-6.4375,-6.4375
Largen,-5.8125,-5.8125
Dolabrate,-5.84375,-5.84375
Shawlless,-5.71875,-5.71875
Snazzy,-5.59375,-5.59375
Tragasol,-5.9375,-5.9375
Eequinoctium,-5.71875,-5.71875
Liberality,-6.09375,-6.09375
Exotica,-5.71875,-5.71875
Bruchidae,-5.71875,-5.71875
Warners,-5.96875,-5.96875
Doublette,-5.71875,-5.71875
Homotype,-5.84375,-5.84375
Lurdans,-5.71875,-5.71875
Gentiana,-5.8125,-5.8125
Viscoscope,-5.84375,-5.84375
Trochleariform,-5.625,-5.625
Paralogism,-6.21875,-6.21875
Convergent,-5.84375,-5.84375
Filosus,-6.09375,-6.09375
Extraprostatic,-5.96875,-5.96875
Atretic,-5.59375,-5.59375
Paramyelin,-6.09375,-6.09375
Tabret,-5.59375,-5.59375
Subeffective,-5.84375,-5.84375
Biblicism,-6.21875,-6.21875
Choriambuses,-5.96875,-5.96875
Plasmology,-6.09375,-6.09375
Phytase,-5.59375,-5.59375
Cresamine,-5.8125,-5.8125
Amiability,-5.9375,-5.9375
Lilacs,-5.84375,-5.84375
Chumpy,-5.96875,-5.96875
Hygienists,-5.71875,-5.71875
Ostreophagist,-5.46875,-5.46875
Centrobaric,-5.9375,-5.9375
Haeres,-5.75,-5.75
Spinuliform,-5.75,-5.75
Subconvolute,-5.96875,-5.96875
Galeidae,-6.09375,-6.09375
Stemless,-5.84375,-5.84375
Vendibilities,-5.9375,-5.9375
Sericins,-5.71875,-5.71875
Discommode,-5.59375,-5.59375
Swordcraft,-5.71875,-5.71875
Inhumane,-5.71875,-5.71875
Handclasp,-5.84375,-5.84375
Sympathizes,-5.71875,-5.71875
Rhynchophora,-5.46875,-5.46875
Teutonism,-6.09375,-6.09375
Binnacle,-5.84375,-5.84375
Espadrilles,-6.09375,-6.09375
Anagenesis,-5.84375,-5.84375
Quartetto,-5.71875,-5.71875
Echinochloa,-5.6875,-5.6875
Hematopoiesis,-6.1875,-6.1875
Externes,-5.96875,-5.96875
Earthworks,-6.0625,-6.0625
Notepads,-5.84375,-5.84375
Hemiglossal,-5.71875,-5.71875
Sicyonic,-5.71875,-5.71875
Inglobe,-5.96875,-5.96875
Capple,-5.8125,-5.8125
Emulsifies,-5.71875,-5.71875
Hemoproctia,-5.84375,-5.84375
Kobellite,-5.71875,-5.71875
Bephrase,-5.84375,-5.84375
Dissimilate,-5.71875,-5.71875
Chloropia,-5.84375,-5.84375
Horologies,-6.09375,-6.09375
Embossman,-5.46875,-5.46875
Lexicologist,-5.71875,-5.71875
Snuffers,-5.6875,-5.6875
Epithymetical,-5.71875,-5.71875
Cremocarp,-5.59375,-5.59375
Counterriposte,-6.34375,-6.34375
Networks,-6.21875,-6.21875
Evilest,-5.96875,-5.96875
Noncontinuance,-5.96875,-5.96875
Prosorus,-5.8125,-5.8125
Quirts,-5.84375,-5.84375
Concessory,-5.59375,-5.59375
Cevadine,-5.84375,-5.84375
Lowland,-5.59375,-5.59375
Squattest,-5.59375,-5.59375
Teeswater,-5.84375,-5.84375
Oxindole,-5.96875,-5.96875
Vicinages,-6.09375,-6.09375
Kolobia,-5.59375,-5.59375
Subsheriff,-5.625,-5.625
Gormandism,-6.21875,-6.21875
Brickkiln,-5.59375,-5.59375
Prohibiter,-5.84375,-5.84375
Outbeggar,-5.625,-5.625
Holochoanites,-6.09375,-6.09375
Nitrolamine,-5.84375,-5.84375
Macroanalyst,-6.0625,-6.0625
Posttetanic,-5.46875,-5.46875
Bromos,-5.71875,-5.71875
Osmogene,-6.09375,-6.09375
Decolonise,-6.09375,-6.09375
Honduran,-5.59375,-5.59375
Gypsoplast,-5.71875,-5.71875
Incrustations,-5.59375,-5.59375
Tamenesses,-5.59375,-5.59375
Septomaxillary,-5.84375,-5.84375
Linters,-5.8125,-5.8125
Modular,-6.21875,-6.21875
Landowners,-6.09375,-6.09375
Hoopoo,-5.96875,-5.96875
Decoherer,-5.59375,-5.59375
Phoenix,-5.71875,-5.71875
Enrage,-5.96875,-5.96875
Nitrosomonas,-5.6875,-5.6875
Itcheoglan,-5.8125,-5.8125
Splenectopia,-5.84375,-5.84375
Choufleur,-5.96875,-5.96875
Typhoemia,-5.59375,-5.59375
Bassnesses,-5.96875,-5.96875
Endogenies,-6.09375,-6.09375
Preaffiliate,-5.96875,-5.96875
Thronos,-6.21875,-6.21875
Hidalgo,-6.34375,-6.34375
Chorous,-5.8125,-5.8125
Ligature,-5.71875,-5.71875
Cephalofacial,-5.9375,-5.9375
Perioptic,-5.59375,-5.59375
Footlicker,-5.96875,-5.96875
Metadromous,-5.71875,-5.71875
Limitrophe,-5.84375,-5.84375
Testificator,-5.75,-5.75
Tarbogan,-6.0625,-6.0625
Greenstone,-5.84375,-5.84375
Unintegrative,-5.84375,-5.84375
Hereditarian,-5.71875,-5.71875
Quince,-5.6875,-5.6875
Splenauxe,-5.84375,-5.84375
Nurser,-5.59375,-5.59375
Gotham,-5.6875,-5.6875
Seership,-6.09375,-6.09375
Bridemaid,-5.25,-5.25
Gasmen,-5.9375,-5.9375
Erythron,-5.59375,-5.59375
Goorals,-5.96875,-5.96875
Coquetoon,-5.8125,-5.8125
Unerodent,-5.59375,-5.59375
Saxophone,-5.625,-5.625
Octagonal,-6.09375,-6.09375
Bawhorse,-5.8125,-5.8125
Nonconformity,-6.09375,-6.09375
Laxifoliate,-5.84375,-5.84375
Daleman,-5.71875,-5.71875
Brainy,-5.71875,-5.71875
Threaders,-6.09375,-6.09375
Alopecic,-5.8125,-5.8125
Bushings,-5.71875,-5.71875
Glutamate,-5.6875,-5.6875
Staatsraad,-5.96875,-5.96875
Noshers,-6.09375,-6.09375
Englishmen,-5.71875,-5.71875
Coveter,-5.8125,-5.8125
Squashers,-5.59375,-5.59375
Intendeds,-5.84375,-5.84375
Lymphosarcomas,-6.21875,-6.21875
Derepress,-5.84375,-5.84375
Macros,-6.1875,-6.1875
Antiphonies,-5.84375,-5.84375
Brushiest,-5.6875,-5.6875
Terfezia,-5.84375,-5.84375
Picrotin,-5.96875,-5.96875
Loutrophoros,-5.71875,-5.71875
Xylophagid,-5.84375,-5.84375
Marxism,-5.96875,-5.96875
Lawson,-5.84375,-5.84375
Dedimus,-5.96875,-5.96875
Mormorando,-5.71875,-5.71875
Brache,-5.84375,-5.84375
Sheiks,-5.71875,-5.71875
Biosynthesis,-5.71875,-5.71875
Bemist,-6.09375,-6.09375
Thankyou,-5.96875,-5.96875
Precess,-5.6875,-5.6875
Splenoid,-5.46875,-5.46875
Homework,-5.125,-5.125
Continuate,-6.0625,-6.0625
Urceolina,-5.59375,-5.59375
Eurygaea,-5.96875,-5.96875
Exudate,-5.84375,-5.84375
Asaphid,-5.71875,-5.71875
Autopticity,-6.1875,-6.1875
Colibacillosis,-6.09375,-6.09375
Beetler,-5.46875,-5.46875
Scandium,-5.71875,-5.71875
Berean,-5.8125,-5.8125
Undazzle,-5.75,-5.75
Beglerbeg,-5.71875,-5.71875
Gemlike,-5.96875,-5.96875
Youngun,-5.84375,-5.84375
Stinter,-5.6875,-5.6875
Suprailiac,-5.96875,-5.96875
Hyperwrought,-5.84375,-5.84375
Documentize,-6.09375,-6.09375
Flourishy,-5.84375,-5.84375
Untreacherous,-5.59375,-5.59375
Unroots,-5.84375,-5.84375
Keratoscopy,-5.8125,-5.8125
Orchestrina,-5.84375,-5.84375
Cresoline,-5.71875,-5.71875
Wampuses,-5.71875,-5.71875
Tallowlike,-5.96875,-5.96875
Wullawins,-5.71875,-5.71875
Smugglers,-5.84375,-5.84375
Misspell,-5.46875,-5.46875
Physcomitrium,-5.84375,-5.84375
Supergene,-5.46875,-5.46875
Bushveld,-5.71875,-5.71875
Agrotechny,-5.96875,-5.96875
Amidward,-5.84375,-5.84375
Turcism,-6.21875,-6.21875
Graphite,-5.84375,-5.84375
Unlight,-5.84375,-5.84375
Nestlike,-5.84375,-5.84375
Perisher,-5.96875,-5.96875
Fruggin,-5.125,-5.125
Allocaffeine,-5.71875,-5.71875
Skegger,-5.84375,-5.84375
Vindaloo,-5.9375,-5.9375
Enomotarch,-5.8125,-5.8125
Marrowfat,-5.71875,-5.71875
Scungili,-5.96875,-5.96875
Flashguns,-5.375,-5.375
Pentamerous,-5.59375,-5.59375
Westfalite,-5.71875,-5.71875
Isothermobath,-5.9375,-5.9375
Saprophytism,-6.21875,-6.21875
Neocubism,-5.96875,-5.96875
Cidarid,-5.8125,-5.8125
Fearnaught,-5.46875,-5.46875
Overfurnishes,-5.6875,-5.6875
Uterocele,-5.84375,-5.84375
Listers,-6.09375,-6.09375
Unquotes,-5.96875,-5.96875
Circuiter,-5.59375,-5.59375
Curettes,-5.84375,-5.84375
Lector,-5.8125,-5.8125
Weasels,-5.59375,-5.59375
Vizierial,-5.71875,-5.71875
Vicecomes,-5.9375,-5.9375
Nurselet,-5.8125,-5.8125
Synclines,-5.625,-5.625
Mucoids,-5.71875,-5.71875
Ogdoas,-5.59375,-5.59375
Enneagons,-6.09375,-6.09375
Retrocardiac,-5.71875,-5.71875
Exstrophy,-5.84375,-5.84375
Stirrer,-5.71875,-5.71875
Recushion,-5.625,-5.625
Kaleidescope,-5.9375,-5.9375
Absampere,-5.59375,-5.59375
Proveditor,-5.71875,-5.71875
Transvalue,-5.96875,-5.96875
Source,-5.71875,-5.71875
Hahnemannian,-6.21875,-6.21875
Upwound,-5.625,-5.625
Kindredless,-5.6875,-5.6875
Multiplexor,-5.96875,-5.96875
Heterography,-6.09375,-6.09375
Anallagmatis,-5.96875,-5.96875
Chemisette,-5.5,-5.5
Gifblaar,-5.9375,-5.9375
Senhorita,-5.71875,-5.71875
Moodir,-6.0625,-6.0625
Welsom,-5.71875,-5.71875
Archeologian,-5.375,-5.375
Murrha,-5.96875,-5.96875
Excipula,-5.71875,-5.71875
Supersensitize,-5.71875,-5.71875
Highhole,-5.59375,-5.59375
Preappearance,-5.84375,-5.84375
Aerospace,-5.96875,-5.96875
Quinolinic,-5.8125,-5.8125
Incapacities,-5.96875,-5.96875
Creeshy,-5.6875,-5.6875
Tofore,-5.6875,-5.6875
Taetsia,-5.84375,-5.84375
Rerival,-5.59375,-5.59375
Unusuality,-5.84375,-5.84375
Overlands,-5.96875,-5.96875
Remanufacture,-5.625,-5.625
Myomancy,-5.625,-5.625
Vicomtesse,-5.5,-5.5
Fetters,-5.71875,-5.71875
Encheer,-5.84375,-5.84375
Restigmatize,-5.59375,-5.59375
Unpack,-5.96875,-5.96875
Backblocks,-5.71875,-5.71875
Whaleman,-5.6875,-5.6875
Lamprophony,-5.84375,-5.84375
Escribe,-5.71875,-5.71875
Siddurim,-6.1875,-6.1875
Frottage,-5.96875,-5.96875
Tongueful,-5.71875,-5.71875
Caliphal,-5.8125,-5.8125
Subtertian,-5.59375,-5.59375
Ferrums,-5.71875,-5.71875
Quango,-6.0625,-6.0625
Presages,-5.59375,-5.59375
Toxophil,-5.6875,-5.6875
Knifeless,-6.0625,-6.0625
Khansama,-6.1875,-6.1875
Isoindole,-5.9375,-5.9375
Rebulk,-5.71875,-5.71875
Desserts,-5.5,-5.5
Hanahill,-5.6875,-5.6875
Pulegol,-5.96875,-5.96875
Shaglet,-5.59375,-5.59375
Androphore,-5.71875,-5.71875
Svetambara,-5.96875,-5.96875
Abumbrellar,-5.96875,-5.96875
Warnings,-5.59375,-5.59375
Auroauric,-5.6875,-5.6875
Planetal,-5.59375,-5.59375
Mushrooms,-5.96875,-5.96875
Communitorium,-5.71875,-5.71875
Skatol,-5.71875,-5.71875
Paradoxides,-5.96875,-5.96875
Tenebrity,-5.59375,-5.59375
Papergirl,-5.59375,-5.59375
Overgot,-5.9375,-5.9375
Hotter,-5.9375,-5.9375
Haidan,-6.1875,-6.1875
Panegyricize,-5.71875,-5.71875
Unmuddle,-5.84375,-5.84375
Unpenitential,-5.59375,-5.59375
Metasomasis,-6.09375,-6.09375
Antipestilence,-5.75,-5.75
Somewhence,-5.96875,-5.96875
Nornicotine,-5.84375,-5.84375
Mesorchium,-5.96875,-5.96875
Discission,-5.71875,-5.71875
Dearnesses,-5.8125,-5.8125
Heptarchs,-6.09375,-6.09375
Noonwards,-6.09375,-6.09375
Tipful,-5.8125,-5.8125
Bangkoks,-6.09375,-6.09375
Opinion,-5.96875,-5.96875
Possemen,-5.71875,-5.71875
Turnway,-5.9375,-5.9375
Knysna,-5.84375,-5.84375
Phaenomenon,-5.59375,-5.59375
Stelai,-6.09375,-6.09375
Nephelinitic,-6.09375,-6.09375
Precentrix,-5.59375,-5.59375
Cribber,-5.59375,-5.59375
Phrasem,-5.71875,-5.71875
Subservience,-5.71875,-5.71875
Cavayard,-5.84375,-5.84375
Retitle,-5.8125,-5.8125
Gamopetalous,-5.71875,-5.71875
Uncontributive,-5.59375,-5.59375
Unnatural,-5.46875,-5.46875
Sheepless,-5.6875,-5.6875
Humdingers,-6.1875,-6.1875
Purportless,-5.5,-5.5
Unhurtful,-5.625,-5.625
Elaborators,-5.96875,-5.96875
Goniatitid,-5.71875,-5.71875
Seragli,-5.71875,-5.71875
Pensils,-5.375,-5.375
Prepectoral,-5.6875,-5.6875
Unsmote,-5.71875,-5.71875
Collectivity,-5.71875,-5.71875
Superstatesman,-5.59375,-5.59375
Dodecatyl,-5.59375,-5.59375
Catocathartic,-5.59375,-5.59375
Antipyretic,-5.8125,-5.8125
Chorogi,-6.09375,-6.09375
Couchette,-5.71875,-5.71875
Frusta,-5.625,-5.625
Hypopiesis,-5.84375,-5.84375
Physocarpus,-5.46875,-5.46875
Alictisal,-5.8125,-5.8125
Trophophorous,-5.75,-5.75
Abactinal,-5.59375,-5.59375
Sociocentric,-5.84375,-5.84375
Rachianectes,-5.71875,-5.71875
Brumous,-5.84375,-5.84375
Devota,-5.6875,-5.6875
Plutolatry,-5.96875,-5.96875
Suppletory,-5.96875,-5.96875
Alnitak,-5.8125,-5.8125
Camletine,-5.59375,-5.59375
Lupercal,-5.21875,-5.21875
Scrabe,-5.375,-5.375
Resects,-5.46875,-5.46875
Wobegonish,-5.8125,-5.8125
Daglocks,-5.59375,-5.59375
Semipastoral,-5.75,-5.75
Displicency,-5.96875,-5.96875
Saeculum,-6.09375,-6.09375
Constructer,-5.8125,-5.8125
Fissirostrate,-5.96875,-5.96875
Antilogarithms,-5.84375,-5.84375
Ponderance,-5.46875,-5.46875
Superficialize,-5.71875,-5.71875
Unakite,-5.59375,-5.59375
Preconceal,-5.625,-5.625
Dicranaceae,-5.96875,-5.96875
Gnawings,-5.71875,-5.71875
Jangler,-6.0625,-6.0625
Reacceptance,-5.9375,-5.9375
Cheesier,-5.46875,-5.46875
Chansonette,-5.96875,-5.96875
Thingut,-5.84375,-5.84375
Cinques,-5.96875,-5.96875
Postxiphoid,-5.84375,-5.84375
Mercurean,-5.84375,-5.84375
Trolley,-5.46875,-5.46875
Constancy,-5.59375,-5.59375
Interzooecial,-5.71875,-5.71875
Desidiose,-5.625,-5.625
Inqilab,-5.96875,-5.96875
Mopery,-5.96875,-5.96875
Antireformer,-5.84375,-5.84375
Troilism,-5.71875,-5.71875
Bishopful,-5.71875,-5.71875
Cycloidei,-5.84375,-5.84375
Gavial,-5.71875,-5.71875
Overpert,-5.96875,-5.96875
Loomfixer,-5.8125,-5.8125
Latchmen,-5.71875,-5.71875
Ninevitish,-5.71875,-5.71875
Demesgne,-5.96875,-5.96875
Unshutter,-5.75,-5.75
Whitewort,-5.25,-5.25
Pectinogen,-5.84375,-5.84375
Duckwife,-5.75,-5.75
Horatory,-5.9375,-5.9375
Tapelike,-5.8125,-5.8125
Outwove,-5.84375,-5.84375
Nitrobenzol,-5.71875,-5.71875
Honoree,-5.6875,-5.6875
Fruitier,-5.71875,-5.71875
Inductances,-5.8125,-5.8125
Stalingrad,-5.84375,-5.84375
Illuminatist,-5.34375,-5.34375
Leaseholders,-5.75,-5.75
Subsacral,-6.1875,-6.1875
Misaccent,-5.9375,-5.9375
Deceptive,-5.9375,-5.9375
Blancher,-5.9375,-5.9375
Huggery,-5.59375,-5.59375
Nonsubversion,-5.84375,-5.84375
Tongers,-6.09375,-6.09375
Picottah,-5.625,-5.625
Iliocostalis,-5.71875,-5.71875
Nonobscurities,-5.71875,-5.71875
Putterer,-5.71875,-5.71875
Tricerion,-5.84375,-5.84375
Recitativical,-5.84375,-5.84375
Unintegral,-5.71875,-5.71875
Nonzoological,-5.96875,-5.96875
Combite,-5.9375,-5.9375
Phytology,-5.71875,-5.71875
Trochoidal,-5.5,-5.5
Fluoresage,-5.8125,-5.8125
Neocolonial,-5.84375,-5.84375
Hyoglossi,-5.71875,-5.71875
Ambers,-5.6875,-5.6875
Retrograde,-5.625,-5.625
Gliadines,-5.8125,-5.8125
Dauerschlaf,-5.59375,-5.59375
Lingual,-5.8125,-5.8125
Caroteel,-5.6875,-5.6875
Podomeres,-5.96875,-5.96875
Uirina,-5.84375,-5.84375
Terpsichoreal,-5.5,-5.5
Distemperure,-5.8125,-5.8125
Cardigan,-5.59375,-5.59375
Cynosurus,-5.84375,-5.84375
Discongruity,-5.84375,-5.84375
Octometer,-5.96875,-5.96875
Maintops,-5.84375,-5.84375
Colongitude,-5.84375,-5.84375
Airwaybill,-5.59375,-5.59375
Disperple,-5.59375,-5.59375
Inirritative,-5.71875,-5.71875
Dialister,-5.71875,-5.71875
Irritate,-5.34375,-5.34375
Misdoubts,-5.96875,-5.96875
Subcompany,-5.625,-5.625
Stannery,-5.71875,-5.71875
Lamenter,-5.625,-5.625
Rachiform,-5.84375,-5.84375
Marsupium,-5.59375,-5.59375
Coproite,-5.84375,-5.84375
Unfictitious,-5.71875,-5.71875
Lancashire,-6.0625,-6.0625
Scimitar,-5.84375,-5.84375
Brethren,-5.96875,-5.96875
Shimper,-5.59375,-5.59375
Fruitist,-5.84375,-5.84375
Mesophil,-5.96875,-5.96875
Sagamen,-5.71875,-5.71875
Anecdotist,-5.9375,-5.9375
Stapelia,-5.6875,-5.6875
Omphalotomy,-5.84375,-5.84375
Lungyi,-5.84375,-5.84375
Anopsy,-5.9375,-5.9375
Orchidotomy,-5.59375,-5.59375
Leukons,-5.84375,-5.84375
Morphographer,-5.84375,-5.84375
Whetters,-5.84375,-5.84375
Cycloidean,-5.84375,-5.84375
Emajagua,-5.84375,-5.84375
Valliscaulian,-5.59375,-5.59375
Contempt,-5.84375,-5.84375
Elaiosome,-5.71875,-5.71875
Carbinyl,-5.71875,-5.71875
Provocational,-5.5,-5.5
Frigid,-5.6875,-5.6875
Clauster,-5.59375,-5.59375
Arzrunite,-6.09375,-6.09375
Prefectship,-5.96875,-5.96875
Stomatocace,-5.71875,-5.71875
Exclusionism,-6.09375,-6.09375
Isogamous,-5.625,-5.625
Glykopexic,-5.625,-5.625
Indictors,-6.09375,-6.09375
Cogences,-5.96875,-5.96875
Craniums,-5.71875,-5.71875
Grottoes,-5.71875,-5.71875
Wherein,-5.8125,-5.8125
Podtia,-5.96875,-5.96875
Cudden,-5.8125,-5.8125
Presuspicious,-5.8125,-5.8125
Microperthite,-5.71875,-5.71875
Modelings,-5.84375,-5.84375
Yippee,-5.34375,-5.34375
Acetylglycine,-5.9375,-5.9375
Adhibit,-5.9375,-5.9375
Sweeps,-5.84375,-5.84375
Zwanziger,-5.84375,-5.84375
Torridity,-5.625,-5.625
Sontenna,-5.84375,-5.84375
Janeiro,-6.21875,-6.21875
Autotomise,-5.71875,-5.71875
Pentyne,-5.71875,-5.71875
Otopyosis,-6.0625,-6.0625
Flauntier,-5.59375,-5.59375
Adiaphoretic,-5.625,-5.625
Rescripts,-5.71875,-5.71875
Grivois,-6.3125,-6.3125
Metopes,-5.59375,-5.59375
Detracter,-5.84375,-5.84375
Cyclometer,-5.84375,-5.84375
Seldseen,-5.59375,-5.59375
Cogglety,-5.59375,-5.59375
Onomatophobia,-6.21875,-6.21875
Indigo,-5.59375,-5.59375
Samydaceae,-5.84375,-5.84375
Backjoint,-5.8125,-5.8125
Vernalizes,-5.84375,-5.84375
Fusions,-5.71875,-5.71875
Chinbeak,-6.09375,-6.09375
Befire,-5.59375,-5.59375
Hymeniums,-5.71875,-5.71875
Classroom,-6.09375,-6.09375
Detergible,-5.6875,-5.6875
Marquisette,-5.6875,-5.6875
Ozonides,-6.21875,-6.21875
Hermitical,-5.5,-5.5
Hackwork,-5.8125,-5.8125
Cyanhydrate,-5.71875,-5.71875
Overblow,-5.71875,-5.71875
Unvenerability,-5.84375,-5.84375
Berrigan,-5.34375,-5.34375
Vaunce,-5.34375,-5.34375
Gambia,-5.96875,-5.96875
Grusian,-5.84375,-5.84375
Mithridatic,-5.71875,-5.71875
Crispate,-6.09375,-6.09375
Heirdom,-6.21875,-6.21875
Tambreet,-5.9375,-5.9375
Codifiability,-5.9375,-5.9375
Vintage,-6.09375,-6.09375
Nonreciprocity,-6.09375,-6.09375
Loricata,-5.8125,-5.8125
Folderols,-5.46875,-5.46875
Subcontinental,-5.625,-5.625
Reconverge,-5.8125,-5.8125
Odontogeny,-6.09375,-6.09375
Sarcopsylla,-5.59375,-5.59375
Chiropody,-5.84375,-5.84375
Bandoleers,-6.09375,-6.09375
Hippocratic,-5.5,-5.5
Sidewiper,-5.46875,-5.46875
Bumbarge,-5.84375,-5.84375
Oikoplast,-6.21875,-6.21875
Shovegroat,-5.59375,-5.59375
Prohibita,-5.84375,-5.84375
Typology,-5.96875,-5.96875
Scalados,-6.21875,-6.21875
Skidpan,-5.34375,-5.34375
Predominancy,-5.71875,-5.71875
Moorcock,-5.59375,-5.59375
Undergrieve,-5.71875,-5.71875
Retrain,-5.71875,-5.71875
Crypts,-5.25,-5.25
Spiritous,-5.71875,-5.71875
Effulgences,-5.84375,-5.84375
Sandeep,-5.71875,-5.71875
Plaiters,-5.71875,-5.71875
Cagester,-5.71875,-5.71875
Olluck,-5.84375,-5.84375
Farriery,-5.6875,-5.6875
Outvaunt,-5.375,-5.375
Nonschematic,-5.71875,-5.71875
Exhauster,-5.34375,-5.34375
Peltifolious,-5.6875,-5.6875
Bayamo,-5.8125,-5.8125
Palaestric,-5.59375,-5.59375
Devote,-5.71875,-5.71875
Trifarious,-5.59375,-5.59375
Vermetid,-5.84375,-5.84375
Goofballs,-5.84375,-5.84375
Phalerate,-5.75,-5.75
Angiosclerosis,-5.9375,-5.9375
Reticuloramose,-5.84375,-5.84375
Desaurine,-5.625,-5.625
Prewelcome,-5.71875,-5.71875
Priestesses,-5.71875,-5.71875
Fishworker,-6.09375,-6.09375
Emblazers,-5.71875,-5.71875
Barrulee,-5.8125,-5.8125
Polygon,-5.96875,-5.96875
Ophthalmolith,-5.9375,-5.9375
Antefurcae,-5.96875,-5.96875
Paratonnerre,-5.84375,-5.84375
Chayma,-6.09375,-6.09375
Yangtze,-5.5,-5.5
Unassiduous,-5.59375,-5.59375
Freewill,-5.8125,-5.8125
Coplot,-5.96875,-5.96875
Positival,-5.84375,-5.84375
Methylsulfanol,-5.9375,-5.9375
Drifts,-5.59375,-5.59375
Needlecord,-5.625,-5.625
Terroristic,-5.59375,-5.59375
Babies,-5.71875,-5.71875
Mandibles,-5.71875,-5.71875
Dinornithes,-5.9375,-5.9375
Betorcinol,-5.96875,-5.96875
Eyewort,-5.5,-5.5
Bitumen,-5.84375,-5.84375
Chorizos,-6.09375,-6.09375
Rhymes,-5.6875,-5.6875
Pickwick,-5.21875,-5.21875
Literal,-5.84375,-5.84375
Minvend,-5.6875,-5.6875
Outsmarts,-5.71875,-5.71875
Roseolas,-5.84375,-5.84375
Tuguria,-5.71875,-5.71875
Tractory,-5.9375,-5.9375
Orobanchaceous,-5.71875,-5.71875
Leucoxene,-5.6875,-5.6875
Nonpenitent,-5.21875,-5.21875
Beheads,-6.09375,-6.09375
Unmelodic,-5.59375,-5.59375
Gasogenes,-5.96875,-5.96875
Wailers,-5.84375,-5.84375
Electroviscous,-5.84375,-5.84375
Fluoaluminic,-6.0625,-6.0625
Arecolin,-5.59375,-5.59375
Umpirages,-5.96875,-5.96875
Postabdominal,-5.59375,-5.59375
Metaphoric,-5.9375,-5.9375
Swinish,-5.71875,-5.71875
Adelite,-5.8125,-5.8125
Valgoid,-6.21875,-6.21875
Oatcake,-5.84375,-5.84375
Phyllopteryx,-5.625,-5.625
Whirlbat,-5.375,-5.375
Plumrock,-5.96875,-5.96875
Bander,-5.84375,-5.84375
Pagehood,-5.9375,-5.9375
Lyretail,-5.46875,-5.46875
Nabcheat,-5.59375,-5.59375
Pawnbrokerage,-6.21875,-6.21875
Cruzadoes,-5.96875,-5.96875
Aurang,-5.71875,-5.71875
Insidious,-5.59375,-5.59375
Stretchers,-5.84375,-5.84375
Seenil,-5.9375,-5.9375
Paracresol,-5.96875,-5.96875
Descendant,-5.6875,-5.6875
Megalornis,-5.59375,-5.59375
Clapcake,-5.59375,-5.59375
Washbrew,-5.71875,-5.71875
Bishopbird,-5.625,-5.625
Fickle,-5.71875,-5.71875
Poecilitic,-5.84375,-5.84375
Gnomesque,-5.59375,-5.59375
Yankeefy,-5.375,-5.375
Underdraw,-5.6875,-5.6875
Multiracial,-5.96875,-5.96875
Hydropsy,-5.59375,-5.59375
Urethroplastic,-5.71875,-5.71875
Verglases,-5.84375,-5.84375
Oustiti,-5.96875,-5.96875
Hookmaker,-5.46875,-5.46875
Anomaloscope,-5.8125,-5.8125
Tindery,-5.59375,-5.59375
Duenesses,-5.59375,-5.59375
Misfields,-5.9375,-5.9375
Pimplinae,-5.71875,-5.71875
Stellas,-5.8125,-5.8125
Pogonias,-5.84375,-5.84375
Sulcatorimose,-5.84375,-5.84375
Rediminish,-5.9375,-5.9375
Lactotoxin,-5.96875,-5.96875
Aneurysms,-5.96875,-5.96875
Redistribute,-5.8125,-5.8125
Tieless,-5.6875,-5.6875
Rigoristic,-5.59375,-5.59375
Woodlands,-5.8125,-5.8125
Nacionalista,-5.71875,-5.71875
Saccos,-5.84375,-5.84375
Parosteal,-5.96875,-5.96875
Swordsmen,-6.09375,-6.09375
Jungli,-5.875,-5.875
Accerse,-5.71875,-5.71875
Counterpotency,-5.96875,-5.96875
Untack,-5.96875,-5.96875
Chinaroot,-6.0625,-6.0625
Junipers,-5.96875,-5.96875
Muscovites,-6.3125,-6.3125
Glowbird,-5.625,-5.625
Antiprimer,-5.9375,-5.9375
Outsmiles,-5.84375,-5.84375
Javelin,-5.71875,-5.71875
Diaskeuasis,-6.1875,-6.1875
Coconucan,-5.625,-5.625
Rubles,-5.71875,-5.71875
Bullan,-5.96875,-5.96875
Carpals,-5.8125,-5.8125
Extortive,-5.59375,-5.59375
Chikara,-5.96875,-5.96875
Ascorbate,-6.09375,-6.09375
Uranolite,-5.71875,-5.71875
Scroinoch,-5.59375,-5.59375
Chirimoyer,-5.8125,-5.8125
Shrimpiest,-5.59375,-5.59375
Sundays,-6.34375,-6.34375
Epizooties,-5.875,-5.875
Esthematology,-5.8125,-5.8125
Potichomanist,-5.71875,-5.71875
Ophidian,-5.84375,-5.84375
Uncomic,-5.84375,-5.84375
Herbal,-5.59375,-5.59375
Abkary,-5.59375,-5.59375
Concoctions,-5.96875,-5.96875
Keelman,-5.59375,-5.59375
Americanistic,-5.8125,-5.8125
Novice,-5.59375,-5.59375
Pseudocoele,-5.8125,-5.8125
Francophilism,-6.21875,-6.21875
Chloranthy,-5.71875,-5.71875
Meconioid,-5.71875,-5.71875
Papalise,-5.71875,-5.71875
Multimodal,-5.84375,-5.84375
Yelpers,-5.96875,-5.96875
Biopsy,-5.71875,-5.71875
Ceennacuelum,-5.84375,-5.84375
Nonperverse,-5.46875,-5.46875
Limnoplankton,-5.375,-5.375
Punkies,-5.71875,-5.71875
Scabwort,-5.59375,-5.59375
Molimen,-5.84375,-5.84375
Stuggy,-5.96875,-5.96875
Indaconitin,-5.71875,-5.71875
Idolise,-5.71875,-5.71875
Assignor,-5.46875,-5.46875
Forces,-6.09375,-6.09375
Conserves,-5.71875,-5.71875
Valerianate,-5.71875,-5.71875
Bastinadoes,-5.96875,-5.96875
Chummies,-5.96875,-5.96875
Nutbreaker,-5.6875,-5.6875
Cinchonology,-5.84375,-5.84375
Mackle,-5.8125,-5.8125
Touchmark,-5.71875,-5.71875
Ghetti,-5.8125,-5.8125
Fragmentizer,-5.71875,-5.71875
Flummydiddle,-5.59375,-5.59375
Obelism,-6.09375,-6.09375
Odorizes,-5.59375,-5.59375
Inviters,-6.09375,-6.09375
Vulpes,-5.96875,-5.96875
Essency,-5.96875,-5.96875
Sialagogic,-5.84375,-5.84375
Reeden,-5.9375,-5.9375
Banger,-5.8125,-5.8125
Outers,-5.59375,-5.59375
Predistress,-5.71875,-5.71875
Nonentityism,-5.84375,-5.84375
Causticiser,-5.25,-5.25
Tagliatelle,-5.8125,-5.8125
Zoetropic,-5.84375,-5.84375
Remedium,-5.9375,-5.9375
Metempsychosic,-5.8125,-5.8125
Gammers,-5.59375,-5.59375
Calvinistical,-5.75,-5.75
Principiant,-5.71875,-5.71875
Reinvigorate,-6.0625,-6.0625
Fitchee,-6.0625,-6.0625
Heavenward,-6.0625,-6.0625
Swattle,-5.71875,-5.71875
Emperorship,-5.59375,-5.59375
Expender,-5.59375,-5.59375
Refacilitate,-6.1875,-6.1875
Whipcrack,-5.5,-5.5
Ascenseur,-5.84375,-5.84375
Tuitions,-5.84375,-5.84375
Prudish,-5.34375,-5.34375
Farfetch,-5.96875,-5.96875
Balanites,-5.84375,-5.84375
Roughs,-5.59375,-5.59375
Envenoms,-5.8125,-5.8125
Proconsuls,-5.84375,-5.84375
Kinestheses,-5.625,-5.625
Octect,-5.71875,-5.71875
Herein,-5.59375,-5.59375
Bathysophic,-5.625,-5.625
Alfaki,-6.1875,-6.1875
Apertum,-5.84375,-5.84375
Paughty,-5.375,-5.375
Aecidial,-5.71875,-5.71875
Reedlike,-5.84375,-5.84375
Tabatiere,-5.71875,-5.71875
Bonity,-5.96875,-5.96875
Conveyances,-5.84375,-5.84375
Supervisual,-5.71875,-5.71875
Odalisk,-5.84375,-5.84375
Brouille,-6.09375,-6.09375
Paleentomology,-5.71875,-5.71875
Plainish,-5.84375,-5.84375
Osteopathic,-5.84375,-5.84375
Arteriorrhaphy,-5.84375,-5.84375
Parisia,-6.09375,-6.09375
Minutiose,-5.71875,-5.71875
Talishi,-5.71875,-5.71875
Baronry,-5.96875,-5.96875
Chiasmodon,-5.71875,-5.71875
Scrunch,-5.59375,-5.59375
Mayflies,-5.71875,-5.71875
Strychnin,-5.09375,-5.09375
Psittacidae,-5.71875,-5.71875
Otuquian,-5.84375,-5.84375
Preconspire,-5.6875,-5.6875
Volery,-5.84375,-5.84375
Geothlypis,-5.6875,-5.6875
Anelasticity,-6.09375,-6.09375
Swellheads,-6.09375,-6.09375
Caphtorim,-5.46875,-5.46875
Crescendo,-5.6875,-5.6875
Lutemaker,-5.59375,-5.59375
Tatsman,-5.71875,-5.71875
Ensilages,-5.8125,-5.8125
Lochiocolpos,-5.96875,-5.96875
Nihilisms,-5.84375,-5.84375
Araucarioxylon,-5.625,-5.625
Guillemot,-6.09375,-6.09375
Spindler,-5.59375,-5.59375
Zephyrian,-5.59375,-5.59375
Dornock,-5.84375,-5.84375
Vediovis,-5.6875,-5.6875
Puntist,-5.46875,-5.46875
Ogygian,-5.84375,-5.84375
Womanhouse,-5.46875,-5.46875
Payong,-5.84375,-5.84375
Fabulist,-5.6875,-5.6875
Annalia,-5.6875,-5.6875
Forcipressure,-5.96875,-5.96875
Lacerta,-5.59375,-5.59375
Overwet,-5.71875,-5.71875
Griffinesque,-5.75,-5.75
Groovers,-5.8125,-5.8125
Belgrade,-6.34375,-6.34375
Ganglionitis,-5.84375,-5.84375
Ratitae,-5.59375,-5.59375
Cevian,-5.6875,-5.6875
Telfairia,-5.6875,-5.6875
Codebooks,-5.96875,-5.96875
Woodsiest,-5.59375,-5.59375
Clubster,-5.71875,-5.71875
Handspec,-5.96875,-5.96875
Misexpression,-5.9375,-5.9375
Archetypist,-5.5,-5.5
Egalites,-6.09375,-6.09375
Sesquipedal,-5.59375,-5.59375
Dacryopyorrhea,-6.09375,-6.09375
Loudspeakers,-5.9375,-5.9375
Multispicular,-5.9375,-5.9375
Pinochles,-5.59375,-5.59375
Cribral,-5.71875,-5.71875
Nondictatorial,-5.9375,-5.9375
Tarnishproof,-5.84375,-5.84375
Racemocarbonic,-5.71875,-5.71875
Conjugations,-5.71875,-5.71875
Unluxuriant,-5.375,-5.375
Astrospectral,-5.96875,-5.96875
Wheelbase,-5.71875,-5.71875
Archhost,-5.75,-5.75
Eikones,-5.96875,-5.96875
Meroplanktonic,-5.71875,-5.71875
Congeneric,-5.71875,-5.71875
Palestinian,-5.59375,-5.59375
Sapbush,-5.96875,-5.96875
Thegnhood,-6.0625,-6.0625
Macchia,-6.09375,-6.09375
Diacritic,-5.625,-5.625
Pharmacologia,-5.84375,-5.84375
Unflintify,-5.59375,-5.59375
Isobase,-5.84375,-5.84375
Bulreedy,-5.84375,-5.84375
Anagogic,-5.96875,-5.96875
Vermonters,-5.8125,-5.8125
Idolisers,-5.96875,-5.96875
Intortus,-5.96875,-5.96875
Sendal,-5.71875,-5.71875
Doorkeep,-5.625,-5.625
Underzealot,-5.46875,-5.46875
Reexpel,-5.96875,-5.96875
Halenia,-5.8125,-5.8125
Nazerini,-5.96875,-5.96875
Lifeful,-5.96875,-5.96875
Ontogenic,-5.84375,-5.84375
Semiwarfare,-5.5,-5.5
Feigns,-5.46875,-5.46875
Gauric,-5.71875,-5.71875
Jailor,-5.84375,-5.84375
Outfawn,-5.6875,-5.6875
Ibidem,-5.8125,-5.8125
Plagium,-5.96875,-5.96875
Electrotonize,-5.625,-5.625
Chameleonic,-5.96875,-5.96875
Cystoptosis,-5.71875,-5.71875
Tutrice,-5.59375,-5.59375
Lipaciduria,-6.09375,-6.09375
Phalangida,-5.84375,-5.84375
Agronomists,-5.84375,-5.84375
Embosom,-5.71875,-5.71875
Sublong,-5.84375,-5.84375
Semimaturity,-5.75,-5.75
Laundryman,-5.5,-5.5
Spanemic,-5.9375,-5.9375
Munandi,-6.0625,-6.0625
Mournival,-6.09375,-6.09375
Bractlet,-5.71875,-5.71875
Pillas,-5.71875,-5.71875
Dorsonasal,-5.84375,-5.84375
Spirogyra,-5.84375,-5.84375
Shippage,-5.46875,-5.46875
Inninmorite,-5.46875,-5.46875
French,-5.96875,-5.96875
Dumbcow,-5.34375,-5.34375
Outromance,-5.625,-5.625
Croset,-5.71875,-5.71875
Intrastate,-5.96875,-5.96875
Postorder,-5.71875,-5.71875
Buphaga,-5.71875,-5.71875
Epipany,-5.84375,-5.84375
Unwonder,-5.59375,-5.59375
Larithmic,-5.84375,-5.84375
Paronymize,-5.9375,-5.9375
Epitrope,-5.71875,-5.71875
Intoxicant,-5.5,-5.5
Shavian,-5.71875,-5.71875
Hemostats,-5.84375,-5.84375
Ampelotherapy,-6.09375,-6.09375
Reevaluates,-5.71875,-5.71875
Protodonate,-5.8125,-5.8125
Hagiologist,-5.875,-5.875
Recordance,-5.9375,-5.9375
Cymenes,-5.84375,-5.84375
Disorderer,-5.46875,-5.46875
Dockyardman,-5.8125,-5.8125
Rebbes,-6.09375,-6.09375
Schemati,-5.84375,-5.84375
Knockless,-5.9375,-5.9375
Weinschenkite,-5.8125,-5.8125
Exporter,-5.71875,-5.71875
Tachyglossate,-5.8125,-5.8125
Fideisms,-6.09375,-6.09375
Febricula,-5.59375,-5.59375
Divident,-5.71875,-5.71875
Maquahuitl,-5.9375,-5.9375
Myoblast,-5.71875,-5.71875
Shrinker,-5.5,-5.5
Evenlong,-5.84375,-5.84375
Robands,-5.59375,-5.59375
Jeanne,-6.1875,-6.1875
Fourchet,-5.8125,-5.8125
Yankton,-5.59375,-5.59375
Sweetheart,-5.9375,-5.9375
Homeogenic,-5.625,-5.625
Bandmasters,-5.96875,-5.96875
Shandyism,-5.96875,-5.96875
Clambake,-5.59375,-5.59375
Output,-6.0625,-6.0625
Unesthetic,-5.59375,-5.59375
Unactual,-5.8125,-5.8125
Aragonian,-5.71875,-5.71875
Sulfarseniuret,-5.71875,-5.71875
Palliums,-5.96875,-5.96875
Exposits,-5.59375,-5.59375
Sympatholytic,-5.59375,-5.59375
Scalpture,-5.9375,-5.9375
Fussers,-5.96875,-5.96875
Vainglory,-5.59375,-5.59375
Witherband,-5.71875,-5.71875
Yeomen,-5.75,-5.75
Archicyte,-5.75,-5.75
Ridottos,-5.84375,-5.84375
Knicker,-5.4375,-5.4375
Skewers,-5.34375,-5.34375
Euphemy,-5.59375,-5.59375
Buckbush,-5.6875,-5.6875
Communalistic,-5.59375,-5.59375
Galliass,-5.84375,-5.84375
Religion,-5.84375,-5.84375
Predate,-5.71875,-5.71875
Spitefuller,-5.59375,-5.59375
Phragmocone,-5.5,-5.5
Moineau,-5.96875,-5.96875
Esculents,-5.6875,-5.6875
Pulmotracheal,-5.5,-5.5
Atomizers,-5.96875,-5.96875
Destrer,-5.71875,-5.71875
Blinder,-5.59375,-5.59375
Misrecite,-5.8125,-5.8125
Snoutless,-5.375,-5.375
Tolsey,-5.5,-5.5
Borehole,-5.59375,-5.59375
Pentasepalous,-5.46875,-5.46875
Leprine,-5.71875,-5.71875
Handicraft,-5.9375,-5.9375
Cannonball,-5.71875,-5.71875
Mythologists,-5.75,-5.75
Popular,-5.84375,-5.84375
Hindmost,-5.96875,-5.96875
Russians,-6.40625,-6.40625
Firkin,-5.59375,-5.59375
Unthirsty,-5.46875,-5.46875
Overequip,-5.9375,-5.9375
Unnaturality,-5.84375,-5.84375
Arizonan,-5.46875,-5.46875
Kenafs,-5.84375,-5.84375
Ergodic,-5.96875,-5.96875
Scolex,-5.84375,-5.84375
Valeric,-5.59375,-5.59375
Describer,-5.5,-5.5
Taskmasters,-6.09375,-6.09375
Beneficient,-5.6875,-5.6875
Mentis,-6.0625,-6.0625
Demogenic,-5.96875,-5.96875
Flauto,-5.9375,-5.9375
Heterocercal,-5.8125,-5.8125
Cancroid,-5.59375,-5.59375
Ethnobotanic,-5.84375,-5.84375
Bewearies,-5.59375,-5.59375
Manners,-5.59375,-5.59375
Canvaslike,-6.09375,-6.09375
Unmercantile,-5.59375,-5.59375
Canonry,-5.5,-5.5
Outranges,-5.84375,-5.84375
Propenoic,-6.09375,-6.09375
Susurr,-5.75,-5.75
Cholonan,-6.21875,-6.21875
Barracan,-5.84375,-5.84375
Closings,-5.71875,-5.71875
Coadjutress,-5.96875,-5.96875
Refloor,-5.8125,-5.8125
Unnamability,-5.96875,-5.96875
Pilikai,-5.71875,-5.71875
Gmelinite,-5.8125,-5.8125
Glucosidase,-5.84375,-5.84375
Unfenestral,-5.8125,-5.8125
Buttonholder,-5.71875,-5.71875
Midmain,-5.84375,-5.84375
Dewbeam,-5.8125,-5.8125
Nonassault,-5.71875,-5.71875
Buttstrap,-5.84375,-5.84375
Proclaims,-5.59375,-5.59375
Chauliodes,-5.84375,-5.84375
Dragonhead,-5.71875,-5.71875
Aesthetician,-5.71875,-5.71875
Polycentral,-5.96875,-5.96875
Wallman,-6.09375,-6.09375
Truepenny,-5.84375,-5.84375
Purpuraceous,-5.46875,-5.46875
Overexaggerate,-5.96875,-5.96875
Ovocyte,-5.84375,-5.84375
Seminomata,-5.96875,-5.96875
Nailshop,-5.84375,-5.84375
Khalal,-5.59375,-5.59375
Minuthesis,-5.71875,-5.71875
Lentos,-5.8125,-5.8125
Azoxime,-5.71875,-5.71875
Fotmal,-5.96875,-5.96875
Unsullen,-5.34375,-5.34375
Interdigitate,-5.71875,-5.71875
Ectosome,-5.59375,-5.59375
Downplay,-6.0625,-6.0625
Monoamid,-6.21875,-6.21875
Feoffer,-5.71875,-5.71875
Husker,-5.59375,-5.59375
Stadial,-5.96875,-5.96875
Unsplendid,-5.71875,-5.71875
Ijolite,-6.0625,-6.0625
Playtimes,-5.96875,-5.96875
Barbate,-5.8125,-5.8125
Subcheliform,-5.9375,-5.9375
Convenances,-5.71875,-5.71875
Filenames,-5.6875,-5.6875
Enrheum,-5.6875,-5.6875
Polypodiaceae,-5.84375,-5.84375
Scariole,-5.71875,-5.71875
Summitry,-5.71875,-5.71875
Hematocystis,-5.8125,-5.8125
Somnify,-6.21875,-6.21875
Exanguin,-5.71875,-5.71875
Barometry,-6.0625,-6.0625
Subrailway,-5.71875,-5.71875
Jackfishes,-5.71875,-5.71875
Brassbound,-5.71875,-5.71875
Precancerous,-5.46875,-5.46875
Zeuzeridae,-5.96875,-5.96875
Rewriters,-5.59375,-5.59375
Subparty,-5.84375,-5.84375
Spittleman,-5.71875,-5.71875
Bouffante,-5.71875,-5.71875
Donnert,-5.71875,-5.71875
Confectory,-5.59375,-5.59375
Rackway,-5.59375,-5.59375
Llanberisslate,-5.84375,-5.84375
Bicarbs,-5.84375,-5.84375
Midwife,-5.8125,-5.8125
Giusto,-5.96875,-5.96875
Murderous,-5.71875,-5.71875
Neologist,-5.96875,-5.96875
Snatchy,-5.59375,-5.59375
Syndromic,-5.84375,-5.84375
Hyaenodontoid,-5.71875,-5.71875
Neoneds,-6.34375,-6.34375
Magnesite,-5.8125,-5.8125
Brahmsian,-5.59375,-5.59375
Aplomb,-6.09375,-6.09375
Removal,-5.84375,-5.84375
Gunsel,-5.8125,-5.8125
Mediacies,-5.84375,-5.84375
Matilda,-5.8125,-5.8125
Antipodean,-5.84375,-5.84375
Hypochloruria,-6.21875,-6.21875
Tampalas,-5.96875,-5.96875
Couchers,-5.84375,-5.84375
Pharmacists,-6.0,-6.0
Boarts,-6.21875,-6.21875
Mesosigmoid,-5.8125,-5.8125
Spikehole,-5.84375,-5.84375
Anonyms,-5.84375,-5.84375
Cilicism,-6.09375,-6.09375
Whillaloo,-5.71875,-5.71875
Squeam,-5.34375,-5.34375
Erythrism,-5.71875,-5.71875
Cryptogamy,-5.625,-5.625
Simplexes,-6.21875,-6.21875
Underlight,-5.71875,-5.71875
Foraramina,-6.0625,-6.0625
Anattos,-6.09375,-6.09375
Hyperpyretic,-5.9375,-5.9375
Incubations,-5.84375,-5.84375
Nonfat,-5.5,-5.5
Heraclidan,-5.59375,-5.59375
Unbridles,-5.84375,-5.84375
Belecture,-5.84375,-5.84375
Mirexes,-5.96875,-5.96875
Unequality,-5.96875,-5.96875
Forspend,-5.71875,-5.71875
Edgeless,-6.0625,-6.0625
Hotelless,-5.75,-5.75
Paedomorphosis,-5.84375,-5.84375
Caldaria,-5.96875,-5.96875
Veduis,-5.71875,-5.71875
Rinaldo,-5.71875,-5.71875
Thiospira,-5.96875,-5.96875
Cyprian,-5.71875,-5.71875
Laryngoscopist,-5.96875,-5.96875
Chameleons,-6.09375,-6.09375
Trochiferous,-5.59375,-5.59375
Trestlewise,-5.8125,-5.8125
Hemoleucocytic,-5.71875,-5.71875
Leptilon,-6.09375,-6.09375
Polysiphonia,-5.84375,-5.84375
Sharky,-5.71875,-5.71875
Guildite,-5.8125,-5.8125
Gasmaker,-5.71875,-5.71875
Tallymen,-5.46875,-5.46875
Faience,-5.71875,-5.71875
Canarine,-5.6875,-5.6875
Persianize,-6.46875,-6.46875
Cardiant,-5.8125,-5.8125
Tetraspgia,-5.84375,-5.84375
Poictesme,-5.46875,-5.46875
Abundances,-5.84375,-5.84375
Accelerative,-5.71875,-5.71875
Bearcats,-5.71875,-5.71875
Infecter,-5.59375,-5.59375
Fictionalizes,-5.8125,-5.8125
Byroad,-5.6875,-5.6875
Cillosis,-5.59375,-5.59375
Geophysics,-6.21875,-6.21875
Keyboard,-5.84375,-5.84375
Enstar,-5.9375,-5.9375
Cosmic,-6.09375,-6.09375
Pterocletes,-5.71875,-5.71875
Innervates,-5.6875,-5.6875
Reichsmark,-5.59375,-5.59375
Overhasten,-5.9375,-5.9375
Caleches,-5.9375,-5.9375
Vacuome,-5.8125,-5.8125
Bibliopolical,-5.71875,-5.71875
Pokies,-5.46875,-5.46875
Pleach,-5.59375,-5.59375
Paraffiny,-5.84375,-5.84375
Diadelphian,-5.625,-5.625
Camaldolesian,-5.9375,-5.9375
Doublespeak,-5.6875,-5.6875
Saintess,-5.84375,-5.84375
Serpentinous,-5.59375,-5.59375
Topographer,-5.84375,-5.84375
Prostitutor,-5.5,-5.5
Clubwomen,-5.84375,-5.84375
Stromateidae,-5.96875,-5.96875
Strawberry,-5.84375,-5.84375
Neoformative,-6.21875,-6.21875
Candelilla,-6.09375,-6.09375
Hagger,-5.96875,-5.96875
Liquifies,-5.625,-5.625
Oxcheek,-5.8125,-5.8125
Newmarket,-5.84375,-5.84375
Disband,-5.84375,-5.84375
Podler,-5.96875,-5.96875
Stealthlike,-5.71875,-5.71875
Roadblocks,-5.96875,-5.96875
Gravelish,-5.8125,-5.8125
Nunneries,-5.96875,-5.96875
Adonidin,-5.84375,-5.84375
Doggoner,-6.09375,-6.09375
Preeliminator,-5.625,-5.625
Incenter,-5.84375,-5.84375
Granduncles,-6.09375,-6.09375
Violaters,-6.1875,-6.1875
Siphonoglyph,-5.5,-5.5
Postclassicism,-6.34375,-6.34375
Underpartner,-5.71875,-5.71875
Arthrorrhagia,-6.21875,-6.21875
Zygosporange,-5.5,-5.5
Cardigans,-5.71875,-5.71875
Cynegild,-5.71875,-5.71875
Pyxides,-5.59375,-5.59375
Curvital,-5.875,-5.875
Quadriquadric,-5.625,-5.625
Osmious,-5.84375,-5.84375
Repossesses,-5.59375,-5.59375
Thronedom,-6.34375,-6.34375
Cratsmanship,-5.84375,-5.84375
Machinations,-5.84375,-5.84375
Leadings,-5.9375,-5.9375
Lacers,-5.71875,-5.71875
Paraph,-6.0625,-6.0625
Variate,-5.71875,-5.71875
Flioma,-5.8125,-5.8125
Stairlike,-5.8125,-5.8125
Reverb,-5.84375,-5.84375
Insipidity,-5.71875,-5.71875
Acetonemia,-5.6875,-5.6875
Dikamali,-6.09375,-6.09375
Metanym,-5.9375,-5.9375
Germain,-5.84375,-5.84375
Geratologic,-5.59375,-5.59375
Hyphedonia,-5.96875,-5.96875
Lysogenesis,-5.9375,-5.9375
Anticalcimine,-5.8125,-5.8125
Locknuts,-5.84375,-5.84375
Congratulatory,-5.59375,-5.59375
Thrawartlike,-6.0625,-6.0625
Uniguttulate,-5.9375,-5.9375
Intuitions,-5.96875,-5.96875
Tutler,-5.71875,-5.71875
Kialee,-5.71875,-5.71875
Kinetophobia,-5.71875,-5.71875
Apothegm,-5.71875,-5.71875
Lapacho,-5.625,-5.625
Chemiphotic,-5.71875,-5.71875
Metantimonious,-5.9375,-5.9375
Coelacanthine,-5.8125,-5.8125
Odoriferant,-5.59375,-5.59375
Abscessroot,-5.125,-5.125
Reentrance,-5.46875,-5.46875
Invocative,-5.375,-5.375
Biciliate,-6.09375,-6.09375
Hydroponic,-5.625,-5.625
Approbate,-5.9375,-5.9375
Windowman,-5.84375,-5.84375
Unborne,-5.59375,-5.59375
Dingies,-5.84375,-5.84375
Profeminist,-5.96875,-5.96875
Mementos,-5.96875,-5.96875
Resoles,-5.71875,-5.71875
Pronghorns,-5.9375,-5.9375
Ghostland,-5.71875,-5.71875
Cynosures,-5.59375,-5.59375
Meathook,-5.71875,-5.71875
Clival,-5.71875,-5.71875
Simoon,-5.6875,-5.6875
Symbionts,-5.84375,-5.84375
Kaikara,-5.71875,-5.71875
Unghostlike,-5.8125,-5.8125
Supertension,-5.84375,-5.84375
Assistors,-6.09375,-6.09375
Vantageless,-5.8125,-5.8125
Gastraneuria,-5.71875,-5.71875
Paralogy,-6.09375,-6.09375
Choroti,-5.96875,-5.96875
Machiner,-5.625,-5.625
Feasance,-5.71875,-5.71875
Pitchstone,-5.8125,-5.8125
Pyrosomatidae,-5.96875,-5.96875
Cinemactic,-5.46875,-5.46875
Nettlefire,-5.9375,-5.9375
Enjoys,-5.59375,-5.59375
Horseboy,-5.9375,-5.9375
Bobbysoxers,-5.71875,-5.71875
Offenses,-6.34375,-6.34375
Footfalls,-5.84375,-5.84375
Tipstaff,-5.59375,-5.59375
Thioantimonate,-5.71875,-5.71875
Glossiest,-5.84375,-5.84375
Piniest,-5.71875,-5.71875
Dortour,-5.71875,-5.71875
Consular,-5.84375,-5.84375
Supertunic,-5.71875,-5.71875
Tressless,-5.71875,-5.71875
Orthoplasy,-5.71875,-5.71875
Ariegite,-5.6875,-5.6875
Croquignole,-5.59375,-5.59375
Balladism,-6.21875,-6.21875
Docents,-6.09375,-6.09375
Thurmus,-5.71875,-5.71875
Illusory,-5.625,-5.625
Petrinize,-5.84375,-5.84375
Otarioid,-5.9375,-5.9375
Petrinism,-5.96875,-5.96875
Backhouses,-5.71875,-5.71875
Decays,-5.84375,-5.84375
Azilian,-5.96875,-5.96875
Teaish,-5.71875,-5.71875
Omniformal,-6.1875,-6.1875
Xanthate,-5.84375,-5.84375
Ladlefuls,-6.1875,-6.1875
Orthomorphic,-5.84375,-5.84375
Moorburn,-5.9375,-5.9375
Stumblers,-5.46875,-5.46875
Unautumnal,-5.8125,-5.8125
Gorgoniaceous,-5.375,-5.375
Drawgate,-5.9375,-5.9375
Protometallic,-5.8125,-5.8125
Palaverer,-6.09375,-6.09375
Falsehoods,-5.84375,-5.84375
Requisitionist,-5.34375,-5.34375
Siriometer,-5.71875,-5.71875
Affronte,-5.9375,-5.9375
Dimagnesic,-5.71875,-5.71875
Nonsubstantive,-5.75,-5.75
Linstocks,-5.71875,-5.71875
Outsteal,-5.375,-5.375
Bizonia,-6.46875,-6.46875
Uncoop,-5.71875,-5.71875
Pteridosperm,-5.59375,-5.59375
Apophysitis,-6.1875,-6.1875
Habitant,-5.9375,-5.9375
Whippers,-5.5,-5.5
Kinglike,-6.0625,-6.0625
Tergeminate,-5.71875,-5.71875
Tapayaxin,-5.8125,-5.8125
Orisphere,-5.71875,-5.71875
Export,-6.21875,-6.21875
Riptides,-5.34375,-5.34375
Dirigo,-5.8125,-5.8125
Carpellum,-5.96875,-5.96875
Ilioischiatic,-5.84375,-5.84375
Entotrophi,-5.75,-5.75
Phaneromania,-5.75,-5.75
Meterage,-5.6875,-5.6875
Johannean,-5.96875,-5.96875
Braziletto,-6.09375,-6.09375
Wherewith,-5.5,-5.5
Hairlike,-5.84375,-5.84375
Intermodillion,-5.84375,-5.84375
Productile,-5.375,-5.375
Secretary,-5.625,-5.625
Revitalizer,-5.59375,-5.59375
Tarakihi,-6.0625,-6.0625
Nesosilicate,-5.8125,-5.8125
Otoplastic,-5.84375,-5.84375
Indochina,-5.8125,-5.8125
Blastogeny,-6.0625,-6.0625
Piccolo,-5.59375,-5.59375
Nontextual,-5.59375,-5.59375
Sclerogeni,-5.96875,-5.96875
Gypseian,-5.71875,-5.71875
Flotative,-5.9375,-5.9375
Oxhouse,-5.96875,-5.96875
Clamor,-5.59375,-5.59375
Foresummer,-5.6875,-5.6875
Bicephalous,-5.6875,-5.6875
Cadmopone,-5.46875,-5.46875
Conster,-5.71875,-5.71875
Piazine,-5.59375,-5.59375
Enamine,-6.1875,-6.1875
Relinquish,-5.9375,-5.9375
Splenium,-5.59375,-5.59375
Microfaunal,-5.625,-5.625
Cummer,-5.625,-5.625
Dispersion,-5.96875,-5.96875
Dissoluble,-5.59375,-5.59375
Untruths,-5.96875,-5.96875
Uricolysis,-6.0625,-6.0625
Patridge,-5.25,-5.25
Redias,-5.9375,-5.9375
Althaea,-5.59375,-5.59375
Sacroiliacs,-6.46875,-6.46875
Pitcherfuls,-5.96875,-5.96875
Reshoes,-5.625,-5.625
Creditive,-5.625,-5.625
Standby,-5.96875,-5.96875
Pinchers,-5.625,-5.625
Bailliage,-5.9375,-5.9375
Oesogi,-5.96875,-5.96875
Vilayet,-5.59375,-5.59375
Fluoridise,-6.21875,-6.21875
Unpersonal,-5.9375,-5.9375
Fellatrixes,-5.71875,-5.71875
Delicts,-5.84375,-5.84375
Cerographies,-5.71875,-5.71875
Ricciaceae,-5.84375,-5.84375
Cultuses,-5.71875,-5.71875
Asimen,-5.84375,-5.84375
Postpharyngal,-5.96875,-5.96875
Myophysics,-6.09375,-6.09375
Sarmentaceous,-5.8125,-5.8125
Flasket,-5.9375,-5.9375
Keratolysis,-6.0625,-6.0625
Supplicate,-5.46875,-5.46875
Cirrostratus,-5.59375,-5.59375
Isocratic,-5.9375,-5.9375
Formalazine,-6.0625,-6.0625
Plexiglas,-5.5,-5.5
Petrochemicals,-6.34375,-6.34375
Scrawlers,-5.46875,-5.46875
Epicoracoid,-5.84375,-5.84375
Incomplicate,-5.84375,-5.84375
Epsilon,-5.9375,-5.9375
Pigeon,-5.46875,-5.46875
Herbariiums,-5.84375,-5.84375
Noninjuries,-5.71875,-5.71875
Petralogy,-5.96875,-5.96875
Fascis,-5.9375,-5.9375
Recuses,-5.71875,-5.71875
Microcomputer,-5.46875,-5.46875
Stuboy,-5.6875,-5.6875
Crowbill,-5.625,-5.625
Moniker,-5.46875,-5.46875
Catchier,-5.46875,-5.46875
Compositous,-5.84375,-5.84375
Junctor,-5.96875,-5.96875
Tablecloths,-5.96875,-5.96875
Friese,-5.71875,-5.71875
Votress,-5.9375,-5.9375
Preotic,-5.71875,-5.71875
Guayabera,-6.21875,-6.21875
Predigests,-5.96875,-5.96875
Tyrannism,-6.09375,-6.09375
Rebathe,-5.71875,-5.71875
Probationers,-6.46875,-6.46875
Defiances,-5.71875,-5.71875
Anethene,-5.84375,-5.84375
Pentander,-5.71875,-5.71875
Straths,-5.84375,-5.84375
Ocreae,-5.84375,-5.84375
Rotundities,-5.96875,-5.96875
Vomeropalatine,-5.96875,-5.96875
Loquence,-5.96875,-5.96875
Chiavetta,-5.84375,-5.84375
Qualificative,-5.84375,-5.84375
Carbodynamite,-5.84375,-5.84375
Reenslaves,-5.71875,-5.71875
Adenines,-5.59375,-5.59375
Bespeaks,-5.71875,-5.71875
Macrophytic,-6.0625,-6.0625
Stinkpot,-5.59375,-5.59375
Magnetomotor,-6.09375,-6.09375
Oxidiser,-5.59375,-5.59375
Semiwoody,-5.625,-5.625
Azoparaffin,-5.84375,-5.84375
Imborder,-5.71875,-5.71875
Incanton,-5.71875,-5.71875
Sharper,-5.96875,-5.96875
Demibath,-5.84375,-5.84375
Nontuberculous,-5.84375,-5.84375
Incumber,-5.59375,-5.59375
Spousal,-5.59375,-5.59375
Consultative,-6.0625,-6.0625
Moorhen,-5.71875,-5.71875
Glashan,-5.75,-5.75
Vulturism,-6.34375,-6.34375
Phaeoplast,-5.375,-5.375
Domesticate,-5.71875,-5.71875
Unmagistrate,-5.71875,-5.71875
Acroleins,-5.96875,-5.96875
Archpolitician,-5.5,-5.5
Archbishoprics,-5.75,-5.75
Systematise,-5.96875,-5.96875
Manchet,-5.625,-5.625
Scrogie,-5.84375,-5.84375
Intermammary,-5.8125,-5.8125
Cockshot,-5.9375,-5.9375
Ropedancer,-5.46875,-5.46875
Dicotyledonous,-5.71875,-5.71875
Cytosin,-5.6875,-5.6875
Hypostatize,-5.6875,-5.6875
Incognoscible,-5.71875,-5.71875
Jitneys,-5.71875,-5.71875
Nondiligent,-5.6875,-5.6875
Petrolize,-6.09375,-6.09375
Xenelasy,-5.84375,-5.84375
Yappers,-5.96875,-5.96875
Scrimps,-5.46875,-5.46875
Skyline,-5.84375,-5.84375
Potleg,-5.96875,-5.96875
Sneezewort,-5.34375,-5.34375
Gasolinic,-6.09375,-6.09375
Neofetus,-5.84375,-5.84375
Vizirates,-5.84375,-5.84375
Valkyries,-5.84375,-5.84375
Overknavery,-5.84375,-5.84375
Guesdism,-5.96875,-5.96875
Serumal,-5.84375,-5.84375
Haplodont,-5.71875,-5.71875
Uncomplex,-5.9375,-5.9375
Peristyles,-5.59375,-5.59375
Grammy,-5.71875,-5.71875
Necrogenic,-5.59375,-5.59375
Wethers,-5.46875,-5.46875
Minimifidian,-5.96875,-5.96875
Overblouse,-5.84375,-5.84375
Mangos,-5.71875,-5.71875
Notodontidae,-5.84375,-5.84375
Preludio,-5.71875,-5.71875
Distemperance,-5.96875,-5.96875
Lazarets,-5.96875,-5.96875
Frowsier,-5.84375,-5.84375
Heelcap,-5.71875,-5.71875
Lithophyll,-5.71875,-5.71875
Pseudoethical,-5.96875,-5.96875
Affret,-5.71875,-5.71875
Fifteenth,-6.09375,-6.09375
Psephurus,-5.84375,-5.84375
Anthills,-5.71875,-5.71875
Hegumeny,-5.84375,-5.84375
Phytomonad,-5.625,-5.625
Societarian,-5.84375,-5.84375
Disloyalty,-6.09375,-6.09375
Fasnacht,-6.0625,-6.0625
Grumpy,-5.59375,-5.59375
Forejudge,-5.8125,-5.8125
Tetrameters,-5.71875,-5.71875
Tapaderos,-5.6875,-5.6875
Slobber,-5.46875,-5.46875
Hotcakes,-5.9375,-5.9375
Timberline,-5.59375,-5.59375
Engouee,-5.71875,-5.71875
Libber,-5.71875,-5.71875
Fluorescein,-5.84375,-5.84375
Tokonomas,-5.84375,-5.84375
Shearsman,-5.59375,-5.59375
Hydrotherapies,-6.0,-6.0
Epidemiography,-6.125,-6.125
Schedulate,-5.71875,-5.71875
Pudicitia,-5.84375,-5.84375
Cardiamorphia,-5.71875,-5.71875
Obclude,-5.96875,-5.96875
Spleetnew,-5.71875,-5.71875
Hypopituitary,-6.21875,-6.21875
Eeyuck,-5.34375,-5.34375
Initio,-6.09375,-6.09375
Butles,-5.84375,-5.84375
Odontonecrosis,-6.09375,-6.09375
Resize,-5.9375,-5.9375
Transmogrifier,-5.375,-5.375
Aletris,-5.59375,-5.59375
Celebrity,-5.625,-5.625
Sergeanty,-5.84375,-5.84375
Deliber,-5.84375,-5.84375
Vaccinoid,-5.71875,-5.71875
Pleximeter,-5.59375,-5.59375
Modificand,-5.96875,-5.96875
Newsgirls,-5.84375,-5.84375
Principality,-5.96875,-5.96875
Hyphomycete,-5.59375,-5.59375
Costumey,-5.8125,-5.8125
Microphthalmia,-5.46875,-5.46875
Extensor,-5.96875,-5.96875
Humanoid,-5.71875,-5.71875
Undebilitative,-5.84375,-5.84375
Administratrix,-5.71875,-5.71875
Wreakers,-5.84375,-5.84375
Obispo,-6.09375,-6.09375
Antimallein,-5.96875,-5.96875
Picaninny,-5.71875,-5.71875
Veneti,-5.96875,-5.96875
Aristocratic,-5.71875,-5.71875
Paristhmic,-5.96875,-5.96875
Nonderisible,-5.46875,-5.46875
Misinformants,-6.46875,-6.46875
Drosera,-5.46875,-5.46875
Osteogenetic,-5.96875,-5.96875
Bingeys,-5.84375,-5.84375
Picturecraft,-5.96875,-5.96875
Extramoralist,-5.21875,-5.21875
Devoirs,-6.09375,-6.09375
Praelects,-5.84375,-5.84375
Aseptate,-5.8125,-5.8125
Ichthyological,-5.9375,-5.9375
Pyridyl,-5.375,-5.375
Lactifical,-5.59375,-5.59375
Cusconin,-5.71875,-5.71875
Cratch,-5.59375,-5.59375
Sandboxes,-5.9375,-5.9375
Encapsulates,-5.875,-5.875
Sociables,-5.84375,-5.84375
Comeddle,-5.84375,-5.84375
Surreys,-5.71875,-5.71875
Guardfish,-5.84375,-5.84375
Corporacy,-6.0625,-6.0625
Iodinates,-5.71875,-5.71875
Biconjugate,-5.71875,-5.71875
Emplaster,-5.71875,-5.71875
Metroscopy,-6.3125,-6.3125
Opisthotonoid,-6.09375,-6.09375
Petals,-5.6875,-5.6875
Proscript,-5.8125,-5.8125
Orobanchaceae,-6.09375,-6.09375
Laurie,-5.8125,-5.8125
Tyrants,-5.71875,-5.71875
Simaroubaceae,-5.71875,-5.71875
Symptoms,-5.84375,-5.84375
Streptoneurous,-5.59375,-5.59375
Yohimbinize,-5.96875,-5.96875
Grithbreach,-5.59375,-5.59375
Typewrite,-5.6875,-5.6875
Halflife,-5.25,-5.25
Caudotibialis,-6.09375,-6.09375
Alations,-6.09375,-6.09375
Underaldermen,-5.8125,-5.8125
Herapathite,-5.59375,-5.59375
Stillier,-5.9375,-5.9375
Millimicra,-5.84375,-5.84375
Armatures,-5.71875,-5.71875
Epicedial,-5.875,-5.875
Connaraceous,-5.84375,-5.84375
Pulpectomy,-5.84375,-5.84375
Renegotiates,-5.9375,-5.9375
Rectococcygeus,-5.9375,-5.9375
Souren,-5.71875,-5.71875
Underclass,-5.8125,-5.8125
Shepherdless,-5.625,-5.625
Combfish,-5.84375,-5.84375
Nidicolous,-5.8125,-5.8125
Watercart,-5.9375,-5.9375
Vowelless,-5.21875,-5.21875
Singeress,-5.59375,-5.59375
Auxotonic,-5.96875,-5.96875
Cashbook,-5.71875,-5.71875
Manuevers,-5.75,-5.75
Heiress,-5.625,-5.625
Sleepier,-5.46875,-5.46875
Implosion,-5.96875,-5.96875
Enspirit,-5.9375,-5.9375
Virescence,-5.96875,-5.96875
Yester,-5.5,-5.5
Grograms,-5.9375,-5.9375
Immane,-5.96875,-5.96875
Slithy,-5.375,-5.375
Internuclear,-5.9375,-5.9375
Strawy,-5.84375,-5.84375
Flouncy,-5.9375,-5.9375
Muskwood,-5.6875,-5.6875
Cacodoxy,-6.09375,-6.09375
Deciduate,-5.59375,-5.59375
Trickproof,-5.75,-5.75
Maharanees,-5.84375,-5.84375
Corrections,-6.09375,-6.09375
Catydid,-5.71875,-5.71875
Rowley,-5.71875,-5.71875
Sulfurea,-5.8125,-5.8125
Stelae,-5.8125,-5.8125
Genseng,-5.59375,-5.59375
Microcurie,-5.84375,-5.84375
Interpolater,-5.71875,-5.71875
Anakinetomer,-6.0625,-6.0625
Earthlight,-5.8125,-5.8125
Chemotherapy,-5.875,-5.875
Graphium,-5.84375,-5.84375
Anticize,-6.09375,-6.09375
Mesonephritic,-5.96875,-5.96875
Semirealistic,-5.5,-5.5
Gedanken,-5.84375,-5.84375
Epionychia,-5.71875,-5.71875
Decompensate,-6.09375,-6.09375
Prospections,-5.8125,-5.8125
Nonempiricism,-5.96875,-5.96875
Keuper,-5.96875,-5.96875
Edward,-5.8125,-5.8125
Itatartaric,-5.84375,-5.84375
Bathyscape,-5.5,-5.5
Unliterary,-5.59375,-5.59375
Rifampicin,-6.34375,-6.34375
Subloreal,-6.09375,-6.09375
Columna,-5.84375,-5.84375
Licareol,-5.75,-5.75
Herbman,-5.75,-5.75
Autonomize,-5.84375,-5.84375
Sabellan,-5.96875,-5.96875
Skinneries,-5.59375,-5.59375
Chappe,-5.6875,-5.6875
Bradyacousia,-5.71875,-5.71875
Stickball,-5.6875,-5.6875
Nonuse,-5.96875,-5.96875
Cluppe,-5.96875,-5.96875
Tillet,-5.71875,-5.71875
Aurochloride,-5.96875,-5.96875
Doutous,-5.84375,-5.84375
Flacourtia,-5.71875,-5.71875
Slabbers,-5.5,-5.5
Myelopoietic,-5.75,-5.75
Finisher,-5.71875,-5.71875
Aposteriori,-5.75,-5.75
Nonalcoholic,-5.59375,-5.59375
Pseudobulbar,-5.96875,-5.96875
Decennium,-5.84375,-5.84375
Ritzier,-5.6875,-5.6875
Beggardom,-6.21875,-6.21875
Revince,-5.84375,-5.84375
Egresses,-5.96875,-5.96875
Greengill,-5.59375,-5.59375
Sensationalise,-5.59375,-5.59375
Intramorainic,-5.84375,-5.84375
Paganalian,-5.59375,-5.59375
Heterodactylae,-5.96875,-5.96875
Falculate,-6.0625,-6.0625
Zootheistic,-5.75,-5.75
Tribological,-5.71875,-5.71875
Allotypic,-5.96875,-5.96875
Cambiums,-6.21875,-6.21875
Nonarterial,-5.5,-5.5
Penstocks,-5.6875,-5.6875
Turacoverdin,-5.9375,-5.9375
Quinologist,-5.59375,-5.59375
Areostyle,-5.8125,-5.8125
Refusals,-6.09375,-6.09375
Hauncher,-5.96875,-5.96875
Demidoctor,-5.71875,-5.71875
Spinate,-5.71875,-5.71875
Ovinia,-5.96875,-5.96875
Anaphroditous,-5.96875,-5.96875
Chaumontel,-6.46875,-6.46875
Welshwomen,-6.09375,-6.09375
Dementate,-5.59375,-5.59375
Subconjunctive,-5.84375,-5.84375
Futchel,-5.8125,-5.8125
Gascoigny,-5.96875,-5.96875
Ciconiid,-5.34375,-5.34375
Demography,-5.96875,-5.96875
Peripneustic,-5.59375,-5.59375
Ungainful,-5.5,-5.5
Chimley,-5.84375,-5.84375
Trophywort,-5.375,-5.375
Limnologic,-5.5,-5.5
Matutine,-5.8125,-5.8125
Glazer,-5.71875,-5.71875
Unpropriety,-5.71875,-5.71875
Decapods,-5.84375,-5.84375
Cryptovolcanic,-5.5,-5.5
Shamateurism,-6.21875,-6.21875
Infula,-5.96875,-5.96875
Gonadial,-5.71875,-5.71875
Overeats,-5.6875,-5.6875
Peramble,-5.9375,-5.9375
Westward,-5.5625,-5.5625
Bouchette,-5.96875,-5.96875
Hydronitrogen,-5.59375,-5.59375
Stercoraries,-5.46875,-5.46875
Kamiks,-5.8125,-5.8125
Doctrinarity,-5.84375,-5.84375
Collarette,-5.84375,-5.84375
Coriariaceous,-5.625,-5.625
Trigonal,-5.46875,-5.46875
Rivalship,-5.96875,-5.96875
Biggies,-6.09375,-6.09375
Redistend,-5.84375,-5.84375
Outkept,-5.71875,-5.71875
Ostrich,-5.71875,-5.71875
Parceners,-5.84375,-5.84375
Jackanapes,-5.59375,-5.59375
Outwit,-5.6875,-5.6875
Pedalfer,-5.96875,-5.96875
Validations,-5.875,-5.875
Spicule,-5.4375,-5.4375
Handwritten,-5.9375,-5.9375
Idoneal,-5.375,-5.375
Corrivals,-5.6875,-5.6875
Nondiplomacy,-5.59375,-5.59375
Arthrometer,-5.59375,-5.59375
Precollapse,-5.71875,-5.71875
Esperance,-5.84375,-5.84375
Moderns,-6.4375,-6.4375
Gaiterless,-5.71875,-5.71875
Biosatellites,-5.84375,-5.84375
Envigor,-5.71875,-5.71875
Icterogenic,-5.625,-5.625
Aphonous,-5.46875,-5.46875
Wordle,-5.8125,-5.8125
Compaa,-6.09375,-6.09375
Sovkhose,-5.8125,-5.8125
Systemoid,-6.1875,-6.1875
Pyramidologist,-5.375,-5.375
Inopercular,-5.9375,-5.9375
Usherless,-5.625,-5.625
Adumbrates,-5.8125,-5.8125
Bearnaise,-5.5,-5.5
Huanaco,-5.9375,-5.9375
Raucities,-5.59375,-5.59375
Cryptogamian,-5.5,-5.5
Teache,-5.9375,-5.9375
Nestorianize,-6.09375,-6.09375
Feigners,-5.71875,-5.71875
Reverendship,-5.84375,-5.84375
Asperge,-5.9375,-5.9375
Philotherian,-5.8125,-5.8125
Agapemone,-5.96875,-5.96875
Octocentenary,-5.84375,-5.84375
Aparaphysate,-5.84375,-5.84375
Troupial,-5.59375,-5.59375
Diakinesis,-5.71875,-5.71875
Benzothiazole,-5.71875,-5.71875
Comandanti,-5.84375,-5.84375
Wheelmaker,-5.59375,-5.59375
Chessel,-5.8125,-5.8125
Plasmodesmus,-5.71875,-5.71875
Babelic,-5.9375,-5.9375
Catamount,-5.84375,-5.84375
Selenodont,-5.625,-5.625
Vintager,-5.71875,-5.71875
Entermete,-5.625,-5.625
Aquacades,-5.96875,-5.96875
Taborin,-5.59375,-5.59375
Subregent,-5.84375,-5.84375
Parviflorous,-5.8125,-5.8125
Choanite,-5.84375,-5.84375
Masseur,-5.84375,-5.84375
Mostic,-6.0625,-6.0625
Adversus,-5.9375,-5.9375
Depopulators,-6.09375,-6.09375
Photoemission,-5.625,-5.625
Migratory,-5.9375,-5.9375
Mesozoa,-5.84375,-5.84375
Semipertinent,-5.625,-5.625
Tumour,-5.59375,-5.59375
Squawtits,-5.21875,-5.21875
Pnigerophobia,-6.09375,-6.09375
Countour,-5.71875,-5.71875
Eelgrasses,-5.46875,-5.46875
Sedjadeh,-6.46875,-6.46875
Obtainer,-5.5,-5.5
Rhamnite,-5.71875,-5.71875
Modifier,-5.96875,-5.96875
Derailments,-6.21875,-6.21875
Garnitures,-5.71875,-5.71875
Puckerer,-5.46875,-5.46875
Harvestless,-5.59375,-5.59375
Niggerfish,-5.84375,-5.84375
Girandole,-5.6875,-5.6875
Joyancy,-5.84375,-5.84375
Autovalet,-5.96875,-5.96875
Pernis,-5.96875,-5.96875
Ahypnia,-5.84375,-5.84375
Logogogue,-5.71875,-5.71875
Beaverlike,-5.96875,-5.96875
Skeezix,-5.71875,-5.71875
Choragion,-5.9375,-5.9375
Robigalia,-5.46875,-5.46875
Immortalizes,-5.59375,-5.59375
Senlac,-6.09375,-6.09375
Lipper,-5.59375,-5.59375
Heelgrip,-5.9375,-5.9375
Axifera,-5.96875,-5.96875
Kedlock,-5.71875,-5.71875
Bawdric,-5.96875,-5.96875
Distichlis,-5.6875,-5.6875
Chimin,-5.84375,-5.84375
Steelware,-5.8125,-5.8125
Washcloth,-5.375,-5.375
Oximetry,-6.1875,-6.1875
Balisier,-5.59375,-5.59375
Heavity,-5.84375,-5.84375
Antisiphon,-5.71875,-5.71875
Platie,-5.96875,-5.96875
Perameline,-5.84375,-5.84375
Semiorganic,-5.625,-5.625
Hatchability,-5.9375,-5.9375
Idiotropic,-5.34375,-5.34375
Guinean,-5.59375,-5.59375
Orogen,-5.59375,-5.59375
Luckier,-5.8125,-5.8125
Ageless,-5.5,-5.5
Fagottist,-5.59375,-5.59375
Reoblige,-5.71875,-5.71875
Hebraists,-5.96875,-5.96875
Avelonge,-5.96875,-5.96875
Valerate,-5.96875,-5.96875
Coccolite,-5.96875,-5.96875
Phalanstery,-5.34375,-5.34375
Sciuropterus,-5.9375,-5.9375
Noneducatory,-5.6875,-5.6875
Nonalarmist,-5.59375,-5.59375
Indilatory,-5.71875,-5.71875
Mamilius,-5.71875,-5.71875
Polycystic,-5.59375,-5.59375
Betutor,-5.71875,-5.71875
Terracer,-5.71875,-5.71875
Cotylopubic,-6.09375,-6.09375
Potshoot,-5.5,-5.5
Oilyish,-5.96875,-5.96875
Supermaxillary,-5.6875,-5.6875
Inequalitarian,-5.625,-5.625
Deplumate,-5.96875,-5.96875
Racemic,-5.375,-5.375
Forespencer,-5.84375,-5.84375
Cajeputole,-5.9375,-5.9375
Waveforms,-6.0625,-6.0625
Carbarns,-5.71875,-5.71875
Cotoro,-6.09375,-6.09375
Fructuarius,-5.625,-5.625
Sporeformer,-5.34375,-5.34375
Daneflower,-5.625,-5.625
Submode,-6.09375,-6.09375
Cyphosis,-5.71875,-5.71875
Kuvaszok,-5.96875,-5.96875
Zoilist,-5.96875,-5.96875
Zanzibari,-5.84375,-5.84375
Nonconversancy,-5.71875,-5.71875
Pamphysicism,-5.71875,-5.71875
Despots,-5.84375,-5.84375
Arabianize,-6.21875,-6.21875
Passacaglia,-5.71875,-5.71875
Invariance,-5.96875,-5.96875
Philatelic,-5.8125,-5.8125
Tugriks,-5.96875,-5.96875
Shortcoat,-5.84375,-5.84375
Synkatathesis,-5.84375,-5.84375
Protopoditic,-5.84375,-5.84375
Suburb,-5.46875,-5.46875
Sublieutenant,-5.34375,-5.34375
Propranolol,-6.34375,-6.34375
Dampish,-5.6875,-5.6875
Precooler,-5.46875,-5.46875
Fairsome,-5.59375,-5.59375
Spunks,-5.46875,-5.46875
Stompers,-6.21875,-6.21875
Volutidae,-5.96875,-5.96875
Bisdiapason,-5.59375,-5.59375
Prosier,-5.6875,-5.6875
Octuple,-6.21875,-6.21875
Overshadow,-5.59375,-5.59375
Cyathium,-5.59375,-5.59375
Vermiformity,-5.6875,-5.6875
Menace,-5.71875,-5.71875
Ladyfish,-5.71875,-5.71875
Carboras,-5.59375,-5.59375
Raioid,-5.84375,-5.84375
Redeploy,-5.8125,-5.8125
Drofland,-5.46875,-5.46875
Vertebrata,-5.96875,-5.96875
Semimucous,-5.375,-5.375
Ovariorrhexis,-6.46875,-6.46875
Palilalia,-5.84375,-5.84375
Genethlic,-5.625,-5.625
Waldorf,-5.59375,-5.59375
Hellenic,-6.21875,-6.21875
Madams,-5.84375,-5.84375
Dustheaps,-5.46875,-5.46875
Dapperest,-5.9375,-5.9375
Videnda,-5.71875,-5.71875
Charango,-6.0625,-6.0625
Martello,-5.71875,-5.71875
Mydriatic,-6.0625,-6.0625
Epistolise,-5.84375,-5.84375
Wharves,-5.625,-5.625
Jahvistic,-5.8125,-5.8125
Aeolicism,-6.09375,-6.09375
Diaconia,-6.46875,-6.46875
Spottiest,-5.59375,-5.59375
Supersuborder,-6.09375,-6.09375
Indurates,-5.84375,-5.84375
Exomologesis,-5.71875,-5.71875
Upholstery,-5.59375,-5.59375
Counties,-5.96875,-5.96875
Services,-6.09375,-6.09375
Automelon,-5.8125,-5.8125
Racelike,-5.71875,-5.71875
Terranean,-5.625,-5.625
Forestaves,-6.1875,-6.1875
Corelates,-5.84375,-5.84375
Marmor,-6.21875,-6.21875
Supervenience,-5.96875,-5.96875
Radiobiologic,-5.71875,-5.71875
Amphibichnite,-5.84375,-5.84375
Galibi,-6.3125,-6.3125
Postdate,-5.46875,-5.46875
Boraces,-5.84375,-5.84375
Chickaree,-5.46875,-5.46875
Rillow,-5.71875,-5.71875
Canopies,-5.59375,-5.59375
Brownout,-5.6875,-5.6875
Pascoite,-5.71875,-5.71875
Jumpmaster,-5.59375,-5.59375
Familiarism,-5.71875,-5.71875
Slacks,-5.375,-5.375
Tympanohyal,-5.84375,-5.84375
Subradiative,-5.8125,-5.8125
Hoofrot,-5.71875,-5.71875
Atropins,-5.59375,-5.59375
Ostracizer,-5.59375,-5.59375
Nascency,-5.84375,-5.84375
Superfervent,-5.4375,-5.4375
Baccharoid,-5.8125,-5.8125
Dacrydium,-5.84375,-5.84375
Fromage,-5.46875,-5.46875
Outstruck,-5.8125,-5.8125
Melophone,-5.375,-5.375
Serotherapy,-5.75,-5.75
Owleries,-5.21875,-5.21875
Autochthon,-5.71875,-5.71875
Imperspicuity,-5.96875,-5.96875
Opisometer,-6.21875,-6.21875
Predeterminate,-5.84375,-5.84375
Cratons,-5.59375,-5.59375
Gasteria,-5.46875,-5.46875
Cynism,-5.84375,-5.84375
Aethalia,-5.84375,-5.84375
Barboy,-5.71875,-5.71875
Simplicity,-5.96875,-5.96875
Omniscient,-5.59375,-5.59375
Meatoscope,-6.21875,-6.21875
Arrears,-5.84375,-5.84375
Polejumper,-5.375,-5.375
Fontanges,-6.34375,-6.34375
Marcels,-5.84375,-5.84375
Sententia,-5.96875,-5.96875
Octaeterid,-6.09375,-6.09375
Papayaceous,-5.625,-5.625
Thirdendeal,-5.71875,-5.71875
Reerect,-5.625,-5.625
Orendite,-5.96875,-5.96875
Exhumate,-5.71875,-5.71875
Sheenful,-5.96875,-5.96875
Overlove,-5.84375,-5.84375
Plataleinae,-5.84375,-5.84375
Unobscure,-5.59375,-5.59375
Clapboard,-5.4375,-5.4375
Altoun,-5.84375,-5.84375
Feminologist,-5.71875,-5.71875
Eunuchry,-5.59375,-5.59375
Birdlike,-6.0625,-6.0625
Oospheres,-5.96875,-5.96875
Markab,-5.8125,-5.8125
Inulaceous,-5.6875,-5.6875
Driftbolt,-5.34375,-5.34375
Frogbit,-5.8125,-5.8125
Counterpace,-6.1875,-6.1875
Stromata,-6.09375,-6.09375
Protogod,-5.71875,-5.71875
Livetrap,-5.84375,-5.84375
Alemannic,-5.96875,-5.96875
Disillusive,-5.59375,-5.59375
Macacus,-5.75,-5.75
Tornadic,-5.6875,-5.6875
Brachycephalic,-5.59375,-5.59375
Arachic,-5.71875,-5.71875
Exophoria,-5.84375,-5.84375
Bouldery,-5.8125,-5.8125
Hastier,-5.59375,-5.59375
Hiddels,-5.9375,-5.9375
Boyaux,-5.96875,-5.96875
Capuan,-5.46875,-5.46875
Baalite,-5.96875,-5.96875
Haploidy,-5.84375,-5.84375
Cocanucos,-5.84375,-5.84375
Propends,-6.0625,-6.0625
Onmarch,-6.21875,-6.21875
Employee,-5.59375,-5.59375
Fumiferous,-5.59375,-5.59375
Boghole,-5.59375,-5.59375
Gemologist,-5.71875,-5.71875
Allalinite,-5.96875,-5.96875
Scruft,-5.59375,-5.59375
Ambrosiaceae,-5.59375,-5.59375
Unstiff,-5.71875,-5.71875
Mesocephalism,-6.34375,-6.34375
Adenostoma,-5.5,-5.5
Superposes,-5.8125,-5.8125
Proficuous,-5.46875,-5.46875
Environage,-5.96875,-5.96875
Perididymis,-5.71875,-5.71875
Groats,-5.9375,-5.9375
Hygrostomia,-5.96875,-5.96875
Grogshops,-5.9375,-5.9375
Spratter,-6.0625,-6.0625
Confessors,-5.59375,-5.59375
Arborise,-5.625,-5.625
Plainclothes,-5.59375,-5.59375
Vigesimo,-5.9375,-5.9375
Upwhelm,-5.75,-5.75
Rhinocele,-5.6875,-5.6875
Neuropathology,-6.09375,-6.09375
Bedstead,-5.6875,-5.6875
Nucleons,-5.84375,-5.84375
Cigarless,-5.84375,-5.84375
Radiants,-5.34375,-5.34375
Xanthophose,-5.71875,-5.71875
Lithology,-6.09375,-6.09375
Handsprings,-5.71875,-5.71875
Stinkberries,-5.6875,-5.6875
Termitid,-5.46875,-5.46875
Zapotec,-5.71875,-5.71875
Quingentenary,-6.09375,-6.09375
Handsewn,-5.9375,-5.9375
Gharry,-5.9375,-5.9375
Nonigneous,-5.34375,-5.34375
Batiker,-5.71875,-5.71875
Hypnaceous,-5.71875,-5.71875
Phacoidal,-5.46875,-5.46875
Pelvis,-5.5,-5.5
Communistery,-5.84375,-5.84375
Racquets,-5.59375,-5.59375
Encolpion,-5.59375,-5.59375
Watercress,-5.84375,-5.84375
Overpermissive,-5.84375,-5.84375
Raclettes,-5.71875,-5.71875
Ginglymoid,-5.5,-5.5
Fibrocaseose,-6.1875,-6.1875
Peglet,-5.96875,-5.96875
Estrous,-5.59375,-5.59375
Unpertinent,-5.59375,-5.59375
Hennebique,-5.6875,-5.6875
Interspace,-5.96875,-5.96875
Metastoma,-5.84375,-5.84375
Mispoints,-5.84375,-5.84375
Semiallegoric,-5.625,-5.625
Sablefish,-5.96875,-5.96875
Extraocular,-5.5,-5.5
Zapodinae,-5.96875,-5.96875
Dispersonify,-5.96875,-5.96875
Porule,-5.9375,-5.9375
Adorability,-5.625,-5.625
Nonaffinitive,-5.84375,-5.84375
Activator,-5.625,-5.625
Forebye,-5.96875,-5.96875
Leaderette,-6.21875,-6.21875
Catalonian,-5.46875,-5.46875
Sistra,-5.84375,-5.84375
Mobiliary,-5.96875,-5.96875
Idiogram,-5.5,-5.5
Quadrupedism,-6.09375,-6.09375
Inwrap,-5.8125,-5.8125
Unipulse,-6.09375,-6.09375
Repolymerize,-5.59375,-5.59375
Polyschematist,-5.8125,-5.8125
Brachigerous,-5.59375,-5.59375
Philonism,-5.96875,-5.96875
Marplot,-5.9375,-5.9375
Dipentene,-5.71875,-5.71875
Unsooty,-5.84375,-5.84375
Intraprocess,-5.96875,-5.96875
Snailery,-5.96875,-5.96875
Outsides,-5.59375,-5.59375
Tamilic,-5.9375,-5.9375
Scandalizer,-5.71875,-5.71875
Staroobriadtsi,-5.96875,-5.96875
Outcrow,-5.71875,-5.71875
Parilia,-6.09375,-6.09375
Diarchial,-5.59375,-5.59375
Rhythmicize,-6.09375,-6.09375
Bookmaker,-5.625,-5.625
Cutlings,-5.6875,-5.6875
Wayhouse,-5.46875,-5.46875
Unmutual,-5.71875,-5.71875
Eleaticism,-5.84375,-5.84375
Uncertainties,-5.96875,-5.96875
Faintise,-5.9375,-5.9375
Tearproof,-5.96875,-5.96875
Mesocoelian,-5.71875,-5.71875
Homager,-5.8125,-5.8125
Mistry,-5.96875,-5.96875
Enigma,-5.84375,-5.84375
Thrinter,-5.71875,-5.71875
Heterocoelous,-5.6875,-5.6875
Arrestors,-5.71875,-5.71875
Tonnland,-6.09375,-6.09375
Proceremonial,-5.46875,-5.46875
Triturature,-5.71875,-5.71875
Popcorns,-5.96875,-5.96875
Deburse,-5.84375,-5.84375
Restyles,-5.71875,-5.71875
Psalterian,-5.75,-5.75
Maorilander,-6.09375,-6.09375
Divort,-5.71875,-5.71875
Nonlucrative,-5.625,-5.625
Biliprasin,-5.71875,-5.71875
Portague,-5.5,-5.5
Springful,-5.96875,-5.96875
Distincter,-5.84375,-5.84375
Banderillero,-5.96875,-5.96875
Toadess,-5.71875,-5.71875
Stream,-6.0625,-6.0625
Apneal,-5.9375,-5.9375
Flindersia,-6.21875,-6.21875
Sphaerolitic,-5.71875,-5.71875
Trophical,-5.375,-5.375
Missend,-5.71875,-5.71875
Dothidella,-5.84375,-5.84375
Diabolise,-5.84375,-5.84375
Colombians,-6.21875,-6.21875
Pulmoniferous,-5.46875,-5.46875
Antifungin,-5.84375,-5.84375
Resicken,-5.6875,-5.6875
Preadamic,-5.6875,-5.6875
Ideolect,-5.84375,-5.84375
Apollonicon,-5.84375,-5.84375
Vamoses,-5.96875,-5.96875
Ingrains,-5.46875,-5.46875
Teetotalist,-5.59375,-5.59375
Satiates,-5.59375,-5.59375
Pupillage,-5.96875,-5.96875
Atriocoelomic,-5.84375,-5.84375
Entozoologist,-5.34375,-5.34375
Nonundulate,-5.71875,-5.71875
Uperize,-5.9375,-5.9375
Peyotes,-5.5,-5.5
Tusche,-5.6875,-5.6875
Fawnlike,-6.0625,-6.0625
Astrologists,-5.84375,-5.84375
Chileanize,-6.46875,-6.46875
Offside,-5.96875,-5.96875
Rebellions,-5.71875,-5.71875
Intern,-5.84375,-5.84375
Silicles,-5.6875,-5.6875
Brainworker,-5.84375,-5.84375
Miggles,-5.96875,-5.96875
Knuckle,-5.4375,-5.4375
Subrules,-5.84375,-5.84375
Stefan,-6.21875,-6.21875
Rawnie,-5.71875,-5.71875
Stratagems,-5.6875,-5.6875
Axiomatical,-5.84375,-5.84375
Genuflex,-5.84375,-5.84375
Lenticularis,-5.9375,-5.9375
Kielbasy,-5.71875,-5.71875
Semicentenary,-6.3125,-6.3125
Disquarter,-5.84375,-5.84375
Minuetic,-5.59375,-5.59375
Paroxytone,-5.71875,-5.71875
Vmsize,-5.59375,-5.59375
Hyposphene,-5.84375,-5.84375
Bargeer,-5.59375,-5.59375
Hawkey,-5.6875,-5.6875
Trichinise,-5.71875,-5.71875
Iridine,-5.71875,-5.71875
Catchpolery,-5.625,-5.625
Exacerbescence,-5.84375,-5.84375
Lipolyses,-5.96875,-5.96875
Poises,-5.46875,-5.46875
Porpoiselike,-5.5625,-5.5625
Poulette,-5.46875,-5.46875
Mythographist,-5.75,-5.75
Lieutenant,-5.46875,-5.46875
Douanes,-6.3125,-6.3125
Dictyoid,-5.71875,-5.71875
Subspecies,-5.625,-5.625
Muscinae,-5.9375,-5.9375
Luster,-5.8125,-5.8125
Oilless,-6.1875,-6.1875
Ossiculectomy,-6.21875,-6.21875
Berrichon,-5.84375,-5.84375
Container,-5.71875,-5.71875
Reister,-5.59375,-5.59375
Copaiva,-5.71875,-5.71875
Sithence,-5.71875,-5.71875
Pseudoptosis,-5.59375,-5.59375
Savagisms,-6.46875,-6.46875
Pediculi,-5.71875,-5.71875
Greenhew,-5.71875,-5.71875
Spinaches,-5.8125,-5.8125
Skyborne,-5.84375,-5.84375
Stadholdership,-6.09375,-6.09375
Outblush,-5.5,-5.5
Gypsyish,-5.9375,-5.9375
Plutomania,-6.09375,-6.09375
Anginas,-5.96875,-5.96875
Ectorhinal,-5.71875,-5.71875
Bowpin,-5.625,-5.625
Dulcigenic,-5.46875,-5.46875
Zapatero,-6.09375,-6.09375
Bonzes,-6.09375,-6.09375
Intercharge,-6.09375,-6.09375
Ophthalmite,-5.71875,-5.71875
Fascial,-6.0625,-6.0625
Whitecup,-5.625,-5.625
Angiospermal,-5.84375,-5.84375
Apologetics,-6.09375,-6.09375
Tuggers,-5.71875,-5.71875
Drogoman,-5.84375,-5.84375
Horrormonger,-5.34375,-5.34375
Dachshunde,-5.84375,-5.84375
Organise,-6.21875,-6.21875
Antichretic,-5.84375,-5.84375
Rubrica,-5.6875,-5.6875
Variolosser,-5.59375,-5.59375
Thermophil,-5.96875,-5.96875
Lygaeidae,-5.71875,-5.71875
Zoophile,-5.96875,-5.96875
Calpolli,-5.625,-5.625
Penclerk,-5.6875,-5.6875
Shoelaces,-5.84375,-5.84375
Schadenfreude,-5.71875,-5.71875
Inconcussible,-5.71875,-5.71875
Prestandard,-5.71875,-5.71875
Upswells,-5.46875,-5.46875
Elohimic,-5.96875,-5.96875
Rostral,-6.34375,-6.34375
Zincify,-5.84375,-5.84375
Uncontumacious,-5.46875,-5.46875
Emblem,-5.96875,-5.96875
Exsomatic,-5.84375,-5.84375
Contravenes,-5.6875,-5.6875
Horsehides,-5.8125,-5.8125
Adventist,-5.84375,-5.84375
Quincunx,-5.59375,-5.59375
Carapacic,-5.71875,-5.71875
Montes,-6.09375,-6.09375
Biomagnetism,-6.0,-6.0
Ontologism,-6.09375,-6.09375
Semiahmoo,-5.375,-5.375
Jedburgh,-5.46875,-5.46875
Mentary,-6.09375,-6.09375
Preens,-5.46875,-5.46875
Lamnoid,-5.8125,-5.8125
Reinspire,-6.09375,-6.09375
Occipitonuchal,-5.96875,-5.96875
Dyssodia,-5.59375,-5.59375
Backcloth,-5.71875,-5.71875
Cibarium,-5.9375,-5.9375
Monogynies,-6.09375,-6.09375
Mopiest,-5.71875,-5.71875
Feasten,-5.84375,-5.84375
Ankerhold,-5.9375,-5.9375
Compendent,-5.84375,-5.84375
Magnetizer,-5.9375,-5.9375
Tameins,-5.96875,-5.96875
Gratae,-5.6875,-5.6875
Shriller,-5.71875,-5.71875
Archeolithic,-5.71875,-5.71875
Otterhound,-5.8125,-5.8125
Commender,-5.375,-5.375
Enthrong,-5.71875,-5.71875
Veneer,-5.8125,-5.8125
Brigatry,-5.5,-5.5
Negotiates,-5.71875,-5.71875
Pentamerism,-5.96875,-5.96875
Tunicle,-5.9375,-5.9375
Innermore,-5.8125,-5.8125
Unilaminar,-5.8125,-5.8125
Antrotome,-5.96875,-5.96875
Oolachans,-5.96875,-5.96875
Subantique,-5.71875,-5.71875
Sultry,-5.59375,-5.59375
Gnoses,-5.71875,-5.71875
Puckerers,-5.84375,-5.84375
Buddles,-5.84375,-5.84375
Acrophonies,-5.8125,-5.8125
Peripetasma,-5.71875,-5.71875
Senilities,-5.84375,-5.84375
Exteroceptor,-5.71875,-5.71875
Greenbugs,-5.59375,-5.59375
Geobotanical,-5.84375,-5.84375
Abfarads,-5.96875,-5.96875
Deporte,-6.09375,-6.09375
Multiparae,-6.09375,-6.09375
Overbide,-5.8125,-5.8125
Fetichistic,-5.84375,-5.84375
Quandong,-5.8125,-5.8125
Czarowitz,-5.46875,-5.46875
Acromelalgia,-5.96875,-5.96875
Witwall,-5.9375,-5.9375
Lawgiver,-5.09375,-5.09375
Mythogreen,-5.96875,-5.96875
Olfacty,-5.96875,-5.96875
Jocosity,-5.9375,-5.9375
Caneware,-5.8125,-5.8125
Forgift,-5.59375,-5.59375
Lounges,-5.96875,-5.96875
Hymnograher,-5.59375,-5.59375
Clammier,-5.8125,-5.8125
Efficacies,-5.84375,-5.84375
Permissible,-5.9375,-5.9375
Amplifiers,-5.84375,-5.84375
Hemocytozoon,-5.59375,-5.59375
Swashers,-5.59375,-5.59375
Lestobiosis,-6.1875,-6.1875
Overmild,-5.59375,-5.59375
Ventrosity,-5.71875,-5.71875
Pediculina,-5.71875,-5.71875
Acquaintance,-5.59375,-5.59375
Josefite,-5.84375,-5.84375
Decompresses,-5.6875,-5.6875
Homopter,-5.46875,-5.46875
Mythopoet,-5.71875,-5.71875
Fistnotes,-5.96875,-5.96875
Reemish,-5.96875,-5.96875
Inthrong,-5.8125,-5.8125
Wordplay,-5.8125,-5.8125
Preconform,-5.8125,-5.8125
Placabilty,-5.84375,-5.84375
Semineutral,-5.5,-5.5
Arthrobranch,-5.8125,-5.8125
Morosities,-5.46875,-5.46875
Aspish,-5.8125,-5.8125
Dipropargyl,-5.71875,-5.71875
Embowers,-5.84375,-5.84375
Nonchurchgoer,-6.1875,-6.1875
Capretto,-5.59375,-5.59375
Bewail,-5.59375,-5.59375
Rotational,-6.21875,-6.21875
Metameric,-5.71875,-5.71875
Viniest,-5.9375,-5.9375
Nonaccentual,-5.84375,-5.84375
Niblick,-5.5625,-5.5625
Hendecyl,-5.84375,-5.84375
Parthenon,-5.59375,-5.59375
Hypnotize,-5.59375,-5.59375
Vanjarrah,-5.6875,-5.6875
Binapthyl,-5.9375,-5.9375
Demythify,-6.1875,-6.1875
Bullfice,-5.84375,-5.84375
Reperks,-5.84375,-5.84375
Bedeaf,-5.8125,-5.8125
Embarricado,-5.84375,-5.84375
Churchmen,-5.96875,-5.96875
Pitheciinae,-5.96875,-5.96875
Protothecal,-5.9375,-5.9375
Membracid,-5.84375,-5.84375
Chompers,-5.84375,-5.84375
Loanmonger,-5.59375,-5.59375
Praesepe,-5.625,-5.625
Unskill,-5.71875,-5.71875
Mogigraphic,-5.84375,-5.84375
Zamarros,-6.09375,-6.09375
Crayer,-5.59375,-5.59375
Proxemics,-5.84375,-5.84375
Hylopathy,-5.84375,-5.84375
Unitarist,-5.59375,-5.59375
Altocumulus,-5.625,-5.625
Opisthothelae,-6.21875,-6.21875
Overcriticism,-6.34375,-6.34375
Emplunge,-5.71875,-5.71875
Platonesque,-5.84375,-5.84375
Catechumens,-6.34375,-6.34375
Sassywood,-5.59375,-5.59375
Bubblebow,-6.1875,-6.1875
Fedora,-5.9375,-5.9375
Actinophrys,-5.5,-5.5
Gaffes,-5.84375,-5.84375
Ungesticular,-5.6875,-5.6875
Elaterium,-5.71875,-5.71875
Burthenman,-5.59375,-5.59375
Extrusions,-5.71875,-5.71875
Elsewhen,-5.875,-5.875
Alleviant,-5.96875,-5.96875
Euphonetic,-5.84375,-5.84375
Pennatularian,-5.71875,-5.71875
Ashmen,-5.21875,-5.21875
Tripsill,-5.625,-5.625
Valenciennes,-6.46875,-6.46875
Gallanilide,-5.71875,-5.71875
Shorer,-5.8125,-5.8125
Ptotic,-5.5,-5.5
Noblewomen,-5.9375,-5.9375
Algorithms,-6.0625,-6.0625
Carromata,-5.84375,-5.84375
Cornishman,-5.59375,-5.59375
Vehemency,-5.8125,-5.8125
Trichinas,-5.84375,-5.84375
Forefield,-5.71875,-5.71875
Shawnee,-5.25,-5.25
Sirenoidea,-5.71875,-5.71875
Floroon,-6.09375,-6.09375
Boltant,-5.9375,-5.9375
Heroess,-5.75,-5.75
Nonporous,-5.46875,-5.46875
Sukkahs,-6.1875,-6.1875
Homohedral,-5.5,-5.5
Precarnival,-5.59375,-5.59375
Leapfrogger,-5.84375,-5.84375
Worder,-5.71875,-5.71875
Tankka,-6.09375,-6.09375
Lithotriptor,-5.5,-5.5
Tigrone,-6.09375,-6.09375
Pewter,-5.25,-5.25
Redisembark,-5.96875,-5.96875
Unweaves,-5.46875,-5.46875
Gollywog,-5.46875,-5.46875
Artificialism,-5.84375,-5.84375
Rinkite,-5.6875,-5.6875
Auntish,-5.71875,-5.71875
Yawper,-5.625,-5.625
Goodeniaceous,-5.71875,-5.71875
Feudist,-5.59375,-5.59375
Stelography,-5.71875,-5.71875
Cochurchwarden,-5.59375,-5.59375
Havana,-6.3125,-6.3125
Undercumstand,-5.96875,-5.96875
Postfixal,-5.59375,-5.59375
Barbar,-5.71875,-5.71875
Hairband,-5.46875,-5.46875
Gloeosporiose,-6.46875,-6.46875
Reactivates,-6.0625,-6.0625
Landmass,-5.46875,-5.46875
Erasmian,-5.84375,-5.84375
Bebump,-5.6875,-5.6875
Guarders,-5.71875,-5.71875
Ropinesses,-5.59375,-5.59375
Nonretardative,-5.34375,-5.34375
Dihexahedral,-5.71875,-5.71875
Graecomania,-6.21875,-6.21875
Mastoidale,-5.71875,-5.71875
Auteur,-5.84375,-5.84375
Outbacker,-5.84375,-5.84375
Moider,-5.8125,-5.8125
Gaycat,-5.46875,-5.46875
Unoften,-5.8125,-5.8125
Subbroker,-5.84375,-5.84375
Wolflike,-6.21875,-6.21875
Coimplore,-5.96875,-5.96875
Bespatter,-5.59375,-5.59375
Kernish,-5.9375,-5.9375
Jaloppies,-5.96875,-5.96875
Moluche,-5.84375,-5.84375
Licuri,-5.96875,-5.96875
Diaclinal,-5.96875,-5.96875
Aldehol,-5.84375,-5.84375
Honours,-5.84375,-5.84375
Gemmules,-5.71875,-5.71875
Timetables,-5.9375,-5.9375
Allergists,-5.84375,-5.84375
Cardiograph,-5.625,-5.625
Kleagles,-5.59375,-5.59375
Loggiest,-5.71875,-5.71875
Hausen,-5.9375,-5.9375
Nodosarian,-5.84375,-5.84375
Nondiastatic,-5.6875,-5.6875
Prisondom,-6.09375,-6.09375
Tzardom,-6.21875,-6.21875
Ententophil,-5.84375,-5.84375
Florence,-6.53125,-6.53125
Electroosmosis,-6.125,-6.125
Receiptless,-5.84375,-5.84375
Exocrines,-5.59375,-5.59375
Interrobang,-5.46875,-5.46875
Arachnism,-5.71875,-5.71875
Presbyter,-5.96875,-5.96875
Repressibility,-5.96875,-5.96875
Beworries,-5.6875,-5.6875
Hemianopic,-5.71875,-5.71875
Paucifolious,-5.59375,-5.59375
Antistatist,-5.84375,-5.84375
Sultanates,-6.21875,-6.21875
Exigence,-5.46875,-5.46875
Paranosic,-5.71875,-5.71875
Cirsotomies,-5.96875,-5.96875
Quietsome,-5.375,-5.375
Marheshvan,-5.9375,-5.9375
Geistlich,-5.84375,-5.84375
Truncage,-5.59375,-5.59375
Nontheatrical,-5.59375,-5.59375
Ungula,-5.71875,-5.71875
Furison,-5.96875,-5.96875
Kudrun,-5.71875,-5.71875
Belemnoid,-5.59375,-5.59375
Machiavel,-5.59375,-5.59375
Acronycta,-5.59375,-5.59375
Osmunda,-5.84375,-5.84375
Indiadem,-5.84375,-5.84375
Edomite,-5.71875,-5.71875
Carats,-5.9375,-5.9375
Rhapsodomancy,-5.84375,-5.84375
Carbamino,-5.6875,-5.6875
Tubiform,-5.8125,-5.8125
Knotlike,-5.96875,-5.96875
Indear,-5.9375,-5.9375
Motifs,-5.5,-5.5
Villalike,-5.84375,-5.84375
Paniolo,-5.71875,-5.71875
Overcools,-5.84375,-5.84375
Hilltops,-6.1875,-6.1875
Conchometer,-5.5,-5.5
Chamberdeacon,-5.71875,-5.71875
Cheechaco,-5.59375,-5.59375
Codebook,-5.84375,-5.84375
Sklent,-5.5,-5.5
Sarcocele,-5.84375,-5.84375
Congratulator,-5.59375,-5.59375
Cashboy,-5.59375,-5.59375
Elfland,-5.71875,-5.71875
Screar,-5.6875,-5.6875
Reparative,-5.59375,-5.59375
Prereview,-5.6875,-5.6875
Nounal,-5.84375,-5.84375
Catagories,-5.59375,-5.59375
Photoprint,-5.875,-5.875
Retinol,-5.84375,-5.84375
Serfdoms,-5.84375,-5.84375
Sodiums,-5.71875,-5.71875
Epistylar,-5.84375,-5.84375
Springlet,-5.96875,-5.96875
Cowage,-5.6875,-5.6875
Tapirine,-5.9375,-5.9375
Adventuresome,-5.125,-5.125
Miscommunicate,-5.9375,-5.9375
Orbitary,-6.21875,-6.21875
Loathe,-5.8125,-5.8125
Dispensate,-5.84375,-5.84375
Lictor,-5.71875,-5.71875
Univorous,-5.59375,-5.59375
Onless,-5.59375,-5.59375
Parisianism,-6.59375,-6.59375
Textuarist,-5.71875,-5.71875
Frankmarriage,-5.625,-5.625
Nonexistential,-5.59375,-5.59375
Consopite,-5.59375,-5.59375
Presuspend,-5.84375,-5.84375
Rambarre,-5.625,-5.625
Desiccatory,-5.46875,-5.46875
Polyactinia,-5.71875,-5.71875
Nestors,-5.71875,-5.71875
Johnadreams,-5.8125,-5.8125
Dumbstricken,-5.59375,-5.59375
Triquetrous,-5.8125,-5.8125
Cherubimic,-5.875,-5.875
Circumduce,-5.6875,-5.6875
Fluxroot,-5.75,-5.75
Unprovoke,-5.71875,-5.71875
Gruelers,-5.84375,-5.84375
Maccoboy,-5.8125,-5.8125
Purposeless,-5.71875,-5.71875
Hylomorphous,-5.59375,-5.59375
Minces,-5.96875,-5.96875
Undemocratic,-5.96875,-5.96875
Indiscerpible,-5.71875,-5.71875
Jaygees,-5.625,-5.625
Tinkerers,-5.84375,-5.84375
Senhors,-5.84375,-5.84375
Kromskop,-5.71875,-5.71875
Semideify,-5.75,-5.75
Drumbler,-5.21875,-5.21875
Nutjobber,-5.6875,-5.6875
Trigonic,-5.71875,-5.71875
Wartflower,-5.71875,-5.71875
Embodier,-5.71875,-5.71875
Savile,-5.96875,-5.96875
Syntonin,-5.84375,-5.84375
Nonmanila,-5.71875,-5.71875
Nonconvivial,-5.71875,-5.71875
Shikarees,-6.09375,-6.09375
Subclaim,-5.96875,-5.96875
Victuals,-5.84375,-5.84375
Uproar,-5.71875,-5.71875
Sextry,-5.375,-5.375
Isopulegone,-5.9375,-5.9375
Morons,-5.71875,-5.71875
Mammons,-5.71875,-5.71875
Alidades,-5.96875,-5.96875
Kingship,-6.09375,-6.09375
Outtasks,-5.9375,-5.9375
Fledgiest,-5.59375,-5.59375
Shechemites,-5.96875,-5.96875
Deathsmen,-5.71875,-5.71875
Desmology,-5.84375,-5.84375
Portrayist,-5.625,-5.625
Signator,-5.96875,-5.96875
Grangerize,-5.71875,-5.71875
Dorsoventral,-5.71875,-5.71875
Pottaro,-5.71875,-5.71875
Indigenal,-5.96875,-5.96875
Holarctic,-6.09375,-6.09375
Depreciatory,-5.96875,-5.96875
Antebath,-5.84375,-5.84375
Nonconvergence,-5.96875,-5.96875
Unannex,-5.9375,-5.9375
Unpatrician,-5.59375,-5.59375
Plasmapheresis,-6.09375,-6.09375
Tallapoi,-5.5,-5.5
Indicates,-6.21875,-6.21875
Protectress,-5.59375,-5.59375
Cheirogaleus,-5.96875,-5.96875
Unduncelike,-5.8125,-5.8125
Caddies,-5.71875,-5.71875
Fascinations,-5.96875,-5.96875
Pregalvanize,-5.9375,-5.9375
Disomic,-5.84375,-5.84375
Dioptrometer,-5.59375,-5.59375
Lessen,-5.71875,-5.71875
Anglian,-5.8125,-5.8125
Trioxide,-5.6875,-5.6875
Picornavirus,-5.75,-5.75
Dimissory,-5.96875,-5.96875
Decurt,-6.09375,-6.09375
Fishlike,-6.21875,-6.21875
Megalecithal,-5.59375,-5.59375
Correspond,-5.6875,-5.6875
Shallower,-5.59375,-5.59375
Xerophthalmia,-6.21875,-6.21875
Urethans,-5.84375,-5.84375
Vestige,-5.59375,-5.59375
Humeri,-6.09375,-6.09375
Deadtongue,-5.4375,-5.4375
Xiphoids,-5.96875,-5.96875
Senegal,-6.4375,-6.4375
Silenaceous,-5.6875,-5.6875
Needfuls,-5.84375,-5.84375
Lamellicornes,-5.8125,-5.8125
Turkophobist,-6.09375,-6.09375
Elytrous,-5.46875,-5.46875
Shagroon,-5.71875,-5.71875
Graperoot,-5.59375,-5.59375
Cohanim,-5.84375,-5.84375
Bullion,-5.96875,-5.96875
Rousers,-5.84375,-5.84375
Bandlimit,-5.9375,-5.9375
Enduro,-5.71875,-5.71875
Bobbie,-5.96875,-5.96875
Muslins,-6.09375,-6.09375
Reptilelike,-5.59375,-5.59375
Upwrap,-5.75,-5.75
Afterstate,-5.71875,-5.71875
Organule,-5.96875,-5.96875
Theriomorphous,-5.71875,-5.71875
Telluriferous,-5.8125,-5.8125
Shippound,-5.59375,-5.59375
Ichors,-5.84375,-5.84375
Rusticism,-6.0625,-6.0625
Cardioschisis,-5.84375,-5.84375
Hydrochloric,-5.625,-5.625
Blizzard,-5.84375,-5.84375
Widowlike,-5.8125,-5.8125
Hydrospheres,-5.9375,-5.9375
Absarokite,-5.59375,-5.59375
Mendacious,-5.71875,-5.71875
Ceratitoid,-5.59375,-5.59375
Unvenom,-5.84375,-5.84375
Metalises,-5.96875,-5.96875
Bijouterie,-5.9375,-5.9375
Glarier,-5.59375,-5.59375
Noneruptive,-5.6875,-5.6875
Subvenize,-6.0625,-6.0625
Exulcerative,-5.625,-5.625
Moonrise,-5.9375,-5.9375
Isodynamia,-5.96875,-5.96875
Skipple,-5.46875,-5.46875
Costless,-6.0625,-6.0625
Pinkertonism,-6.09375,-6.09375
Explainers,-5.96875,-5.96875
Overcovetous,-5.34375,-5.34375
Marshs,-5.9375,-5.9375
Biolite,-5.71875,-5.71875
Doradidae,-5.84375,-5.84375
Exossate,-5.59375,-5.59375
Thesmophoric,-5.71875,-5.71875
Preservatives,-5.71875,-5.71875
Bepuff,-5.6875,-5.6875
Gravestone,-5.5,-5.5
Iberia,-5.96875,-5.96875
Bogglish,-5.71875,-5.71875
Antispasis,-6.09375,-6.09375
Baghouse,-5.59375,-5.59375
Cruses,-5.59375,-5.59375
Exclusions,-6.09375,-6.09375
Pronational,-6.09375,-6.09375
Worble,-5.59375,-5.59375
Stockton,-5.96875,-5.96875
Nonfrugal,-5.375,-5.375
Noncollapsible,-5.625,-5.625
Carposporangia,-5.84375,-5.84375
Arclike,-5.5,-5.5
Precompute,-5.71875,-5.71875
Donatives,-6.09375,-6.09375
Unidiomatic,-5.59375,-5.59375
Pullorum,-5.71875,-5.71875
Sliggeen,-5.375,-5.375
Kalathoi,-5.75,-5.75
Basisolute,-5.96875,-5.96875
Speedboat,-5.59375,-5.59375
Protasis,-5.84375,-5.84375
Vanilline,-5.84375,-5.84375
Cerotic,-5.8125,-5.8125
Exairesis,-6.09375,-6.09375
Brujas,-5.9375,-5.9375
Beneurous,-5.6875,-5.6875
Caryopteris,-5.46875,-5.46875
Unesoteric,-5.6875,-5.6875
Curratow,-5.8125,-5.8125
Calamancos,-5.6875,-5.6875
Disjoin,-5.84375,-5.84375
Isoantibody,-5.9375,-5.9375
Analphabetic,-5.71875,-5.71875
Piscis,-5.34375,-5.34375
Decompile,-5.71875,-5.71875
Presolve,-5.84375,-5.84375
Unmuddy,-5.84375,-5.84375
Baywoods,-5.5,-5.5
Discloser,-5.71875,-5.71875
Unincisive,-5.71875,-5.71875
Unmyopic,-5.625,-5.625
Austroriparian,-5.9375,-5.9375
Unperiphrastic,-5.59375,-5.59375
Pythonize,-5.71875,-5.71875
Rubeoloid,-5.59375,-5.59375
Spingel,-5.6875,-5.6875
Aerodynamics,-5.84375,-5.84375
Statices,-5.71875,-5.71875
Creosotic,-5.71875,-5.71875
Coquetries,-5.84375,-5.84375
Idoistic,-5.59375,-5.59375
Packtrain,-5.71875,-5.71875
Nightjar,-5.71875,-5.71875
Uneradicative,-5.625,-5.625
Wobbliest,-5.59375,-5.59375
Honewort,-5.71875,-5.71875
Zaqqum,-5.59375,-5.59375
Splendiferous,-5.21875,-5.21875
Undescript,-5.625,-5.625
Inductional,-5.8125,-5.8125
Insomnolent,-5.71875,-5.71875
Pillar,-5.84375,-5.84375
Jiggliest,-5.59375,-5.59375
Underachieves,-5.46875,-5.46875
Preponderate,-5.71875,-5.71875
Octene,-6.09375,-6.09375
Benthopelagic,-5.84375,-5.84375
Nonmaternal,-5.71875,-5.71875
Tewhit,-5.375,-5.375
Dogsleep,-5.84375,-5.84375
Windlin,-5.9375,-5.9375
Multinodal,-5.9375,-5.9375
Philanthid,-5.6875,-5.6875
Perisarcs,-5.59375,-5.59375
Dwarfisms,-6.09375,-6.09375
Cheatee,-5.59375,-5.59375
Stalag,-5.59375,-5.59375
Quadrivalency,-5.84375,-5.84375
Psilanthropist,-5.625,-5.625
Ragout,-5.71875,-5.71875
Volsci,-5.71875,-5.71875
Analogs,-5.71875,-5.71875
Stagne,-5.8125,-5.8125
Pantaphobia,-5.96875,-5.96875
Akhissar,-5.9375,-5.9375
Panochas,-5.84375,-5.84375
Fastigiate,-5.6875,-5.6875
Cobdenite,-5.71875,-5.71875
Dealfish,-6.09375,-6.09375
Rotunda,-5.84375,-5.84375
Threpsology,-5.9375,-5.9375
Imputrid,-5.6875,-5.6875
Tripler,-5.84375,-5.84375
Priers,-5.59375,-5.59375
Creaturize,-6.1875,-6.1875
Curculionist,-5.5,-5.5
Laryngotome,-5.71875,-5.71875
Chaprasi,-5.8125,-5.8125
Epiphysis,-5.59375,-5.59375
Stratocratic,-6.1875,-6.1875
Conjon,-5.6875,-5.6875
Bombacaceous,-5.375,-5.375
Plimsole,-5.59375,-5.59375
Kermanshah,-6.21875,-6.21875
Acarapis,-5.8125,-5.8125
Eunuch,-5.46875,-5.46875
Emeutes,-5.8125,-5.8125
Vesicatory,-5.375,-5.375
Cityish,-5.8125,-5.8125
Kilnman,-5.71875,-5.71875
Disclaimer,-5.59375,-5.59375
Draffy,-5.34375,-5.34375
Dewberries,-5.8125,-5.8125
Sorchin,-5.84375,-5.84375
Uninceptive,-5.71875,-5.71875
Satellitian,-5.71875,-5.71875
Seigniors,-5.96875,-5.96875
Cambistry,-5.71875,-5.71875
Harbourous,-5.71875,-5.71875
Scissorlike,-5.59375,-5.59375
Myrtlelike,-6.09375,-6.09375
Chromatometer,-5.625,-5.625
Theriaca,-5.5,-5.5
Penile,-5.59375,-5.59375
Monoclinian,-5.71875,-5.71875
Conjuncts,-5.71875,-5.71875
Habilitator,-5.84375,-5.84375
Ambient,-5.71875,-5.71875
Outdwelt,-5.59375,-5.59375
Quinquelateral,-5.6875,-5.6875
Entosphenoid,-5.71875,-5.71875
Semiantique,-5.5,-5.5
Plaintexts,-6.09375,-6.09375
Serpentine,-5.46875,-5.46875
Spearmen,-5.6875,-5.6875
Wimblelike,-5.84375,-5.84375
Postbellum,-5.71875,-5.71875
Embellishers,-5.71875,-5.71875
Tourmalinic,-5.59375,-5.59375
Cobnuts,-5.8125,-5.8125
Kvases,-5.8125,-5.8125
Nonevangelical,-5.71875,-5.71875
Anticivic,-5.84375,-5.84375
Jarvie,-5.6875,-5.6875
Creaght,-5.34375,-5.34375
Undiscernible,-5.71875,-5.71875
Insubstantiate,-5.84375,-5.84375
Obiism,-6.34375,-6.34375
Duvetines,-5.6875,-5.6875
Fleabags,-5.71875,-5.71875
Overflood,-5.71875,-5.71875
Bebrush,-5.71875,-5.71875
Monaul,-5.46875,-5.46875
Overlead,-5.96875,-5.96875
Uncandor,-5.71875,-5.71875
Nonprolificacy,-5.96875,-5.96875
Chondrolipoma,-5.96875,-5.96875
Alpenglow,-6.09375,-6.09375
Fishskin,-6.0625,-6.0625
Pendecagon,-5.59375,-5.59375
Electrolyses,-5.5,-5.5
Reallot,-5.9375,-5.9375
Soboles,-6.21875,-6.21875
Foochow,-5.84375,-5.84375
Beatitude,-5.96875,-5.96875
Romyko,-5.84375,-5.84375
Balanidae,-5.71875,-5.71875
Exoascus,-5.59375,-5.59375
Azoxytoluidine,-6.21875,-6.21875
Discoactine,-5.71875,-5.71875
Aizoaceous,-5.71875,-5.71875
Fjords,-5.96875,-5.96875
Ligula,-5.8125,-5.8125
Backlists,-6.09375,-6.09375
Jiggles,-5.71875,-5.71875
Bugger,-5.59375,-5.59375
Mediary,-5.71875,-5.71875
Subprogram,-5.46875,-5.46875
Dithyrambs,-5.96875,-5.96875
Dibranchia,-5.71875,-5.71875
Fatuus,-5.8125,-5.8125
Confide,-6.09375,-6.09375
Sawmiller,-5.46875,-5.46875
Hematocele,-5.84375,-5.84375
Phrymaceae,-5.375,-5.375
Hebrewdom,-6.09375,-6.09375
Overprint,-6.09375,-6.09375
Tubers,-5.71875,-5.71875
Etherial,-5.46875,-5.46875
Nanosomia,-6.0625,-6.0625
Windowshut,-5.71875,-5.71875
Trueblue,-5.84375,-5.84375
Handset,-6.0625,-6.0625
Circumvolute,-5.71875,-5.71875
Gypsyhead,-5.34375,-5.34375
Echoless,-5.59375,-5.59375
Bondslave,-5.9375,-5.9375
Psychotherapy,-6.21875,-6.21875
Fidley,-5.59375,-5.59375
Proboscises,-5.59375,-5.59375
Chalazoidite,-5.84375,-5.84375
Antiresonator,-5.59375,-5.59375
Expostulator,-5.59375,-5.59375
Protochromium,-5.71875,-5.71875
Octaploidic,-5.96875,-5.96875
Cessionary,-5.6875,-5.6875
Horizontic,-5.84375,-5.84375
Constate,-5.84375,-5.84375
Headborough,-5.59375,-5.59375
Spellcraft,-5.59375,-5.59375
Trumeaux,-5.71875,-5.71875
Resawer,-5.84375,-5.84375
Espousers,-5.96875,-5.96875
Beehive,-5.71875,-5.71875
Mucorrhoea,-5.96875,-5.96875
Spodomantic,-5.71875,-5.71875
Clamorous,-5.59375,-5.59375
Clastics,-5.8125,-5.8125
Nazarean,-5.8125,-5.8125
Postcubital,-5.59375,-5.59375
Emydian,-5.71875,-5.71875
Geotaxy,-5.96875,-5.96875
Whoosises,-5.71875,-5.71875
Magiristic,-5.96875,-5.96875
Derust,-6.1875,-6.1875
Omnifidel,-5.84375,-5.84375
Grungy,-5.59375,-5.59375
Pedosphere,-6.09375,-6.09375
Dowsabel,-5.71875,-5.71875
Exodermis,-5.5,-5.5
Nowise,-5.71875,-5.71875
Pseudocaptive,-5.8125,-5.8125
Sissonne,-5.96875,-5.96875
Antiquarism,-5.96875,-5.96875
Prizewinners,-6.3125,-6.3125
Anteportico,-6.09375,-6.09375
Adterminal,-5.9375,-5.9375
Logographical,-5.71875,-5.71875
Undelinquent,-5.59375,-5.59375
Reladen,-5.84375,-5.84375
Ovigenesis,-6.21875,-6.21875
Chirimoya,-5.84375,-5.84375
Euphemia,-5.71875,-5.71875
Intentionalism,-6.09375,-6.09375
Octuplet,-5.59375,-5.59375
Pelomyxa,-5.71875,-5.71875
Nihility,-5.71875,-5.71875
Nonfinite,-5.625,-5.625
Frettier,-5.8125,-5.8125
Finfishes,-6.1875,-6.1875
Mataeologue,-5.9375,-5.9375
Millingtonia,-5.96875,-5.96875
Chausseemeile,-5.96875,-5.96875
Lithophytous,-5.71875,-5.71875
Ptinoid,-5.5,-5.5
Gingerbready,-5.59375,-5.59375
Purpurins,-5.96875,-5.96875
Subreptitious,-5.8125,-5.8125
Rheumatiz,-5.5,-5.5
Soulheal,-5.84375,-5.84375
Slutchy,-5.375,-5.375
Nonarrogancy,-5.84375,-5.84375
Understuff,-5.71875,-5.71875
Battier,-6.09375,-6.09375
Impertinent,-5.46875,-5.46875
Proenzym,-5.625,-5.625
Augurship,-6.21875,-6.21875
Poohpoohist,-5.46875,-5.46875
Trochiscus,-5.375,-5.375
Parisology,-6.21875,-6.21875
Napoleonist,-5.84375,-5.84375
Hoyman,-5.9375,-5.9375
Grapsus,-5.96875,-5.96875
Purpuriparous,-6.09375,-6.09375
Nordicize,-6.5625,-6.5625
Antipart,-6.09375,-6.09375
Shills,-5.84375,-5.84375
Polyzoic,-5.59375,-5.59375
Anaphylaxis,-6.59375,-6.59375
Hemiamb,-5.9375,-5.9375
Cornbottle,-5.5,-5.5
Undiametric,-5.84375,-5.84375
Culturine,-5.84375,-5.84375
Soucar,-5.71875,-5.71875
Hoggin,-5.71875,-5.71875
Canephor,-5.9375,-5.9375
Antiketogenic,-5.84375,-5.84375
Bisync,-5.6875,-5.6875
Cervicolabial,-6.0625,-6.0625
Keelblock,-5.84375,-5.84375
Cardioid,-5.375,-5.375
Toryistic,-5.59375,-5.59375
Uncalumnious,-5.59375,-5.59375
Routes,-6.1875,-6.1875
Versions,-6.09375,-6.09375
Stomatoda,-5.84375,-5.84375
Allose,-5.8125,-5.8125
Paulianist,-5.6875,-5.6875
Unchivalrous,-5.34375,-5.34375
Raceplate,-5.71875,-5.71875
Foreshroud,-5.84375,-5.84375
Antiplastic,-5.71875,-5.71875
Sacrilumbal,-5.9375,-5.9375
Porism,-5.9375,-5.9375
Assenter,-5.71875,-5.71875
Interrailway,-5.96875,-5.96875
Palatia,-5.71875,-5.71875
Invenit,-5.9375,-5.9375
Narcisms,-6.09375,-6.09375
Centifolious,-5.84375,-5.84375
Pterygodum,-5.84375,-5.84375
Moonbow,-5.96875,-5.96875
Republica,-5.96875,-5.96875
Coussinet,-5.96875,-5.96875
Comburimeter,-5.75,-5.75
Vasomotory,-6.21875,-6.21875
Periclinal,-5.84375,-5.84375
Funguses,-5.46875,-5.46875
Undetectible,-5.71875,-5.71875
Alleluiah,-5.96875,-5.96875
Arseniopleite,-5.84375,-5.84375
Mackintoshite,-5.84375,-5.84375
Protuberances,-5.71875,-5.71875
Quickwater,-5.71875,-5.71875
Negativer,-5.71875,-5.71875
Gemmuliferous,-5.71875,-5.71875
Trolleymen,-5.59375,-5.59375
Ambidexterity,-5.59375,-5.59375
Filioque,-6.09375,-6.09375
Sordines,-5.96875,-5.96875
Overwritten,-5.96875,-5.96875
Retardate,-5.59375,-5.59375
Eumerogenesis,-5.96875,-5.96875
Barodynamic,-5.625,-5.625
Finochios,-6.09375,-6.09375
Anklet,-5.6875,-5.6875
Uranyls,-5.59375,-5.59375
Guptavidya,-6.09375,-6.09375
Myrialitre,-5.96875,-5.96875
Bryonies,-5.59375,-5.59375
Molestie,-6.21875,-6.21875
Procoracoid,-5.8125,-5.8125
Harbinge,-5.84375,-5.84375
Overembroider,-5.84375,-5.84375
Cobridgehead,-5.71875,-5.71875
Wollomai,-5.84375,-5.84375
Buckoes,-5.84375,-5.84375
Troytown,-5.46875,-5.46875
Productibility,-5.625,-5.625
Fountaineer,-5.59375,-5.59375
Affiliate,-5.59375,-5.59375
Onlook,-6.09375,-6.09375
Resurfaces,-5.8125,-5.8125
Royale,-5.59375,-5.59375
Subaquatic,-5.84375,-5.84375
Unilluminative,-5.59375,-5.59375
Battute,-5.96875,-5.96875
Salutes,-5.84375,-5.84375
Pittancer,-5.46875,-5.46875
Chouquette,-5.71875,-5.71875
Bacillaceae,-5.84375,-5.84375
Frangulin,-5.6875,-5.6875
Nonworship,-5.71875,-5.71875
Sorners,-6.09375,-6.09375
Gender,-6.1875,-6.1875
Prechildhood,-5.625,-5.625
Clerodendron,-5.71875,-5.71875
Prefigurate,-5.84375,-5.84375
Chalkboards,-5.71875,-5.71875
Manful,-5.625,-5.625
Isoclinal,-5.71875,-5.71875
Unsyntactic,-5.46875,-5.46875
Bivalence,-6.09375,-6.09375
Spermine,-5.71875,-5.71875
Pistils,-5.625,-5.625
Sebastine,-5.59375,-5.59375
Counterdecree,-5.84375,-5.84375
Meteoritics,-5.8125,-5.8125
Postcart,-5.59375,-5.59375
Luteolous,-5.84375,-5.84375
Surmullets,-5.96875,-5.96875
Malhonest,-5.5,-5.5
Basidiosporous,-5.9375,-5.9375
Loghead,-5.34375,-5.34375
Swandown,-5.84375,-5.84375
Hairballs,-5.59375,-5.59375
Predespise,-5.625,-5.625
Bronchostomy,-5.71875,-5.71875
Cocaine,-5.96875,-5.96875
Dextrotartaric,-5.59375,-5.59375
Phlorhizin,-5.59375,-5.59375
Ehuawa,-5.9375,-5.9375
Mnemonicalist,-5.59375,-5.59375
Outcaught,-5.84375,-5.84375
Pyrophosphatic,-5.71875,-5.71875
Subendothelial,-5.8125,-5.8125
Phloeoterma,-5.375,-5.375
Barker,-5.84375,-5.84375
Poogye,-5.84375,-5.84375
Prescindent,-5.84375,-5.84375
Gonocoele,-5.59375,-5.59375
Fruitwoman,-5.71875,-5.71875
Calycle,-5.71875,-5.71875
Nightless,-5.75,-5.75
Vintagers,-6.21875,-6.21875
Petites,-5.84375,-5.84375
Preselect,-6.09375,-6.09375
Wealth,-5.84375,-5.84375
Dinosaurian,-5.59375,-5.59375
Pliosaur,-5.46875,-5.46875
Sporangiolum,-5.6875,-5.6875
Timberwood,-5.59375,-5.59375
Urostegal,-5.59375,-5.59375
Matchmakers,-6.1875,-6.1875
Acloud,-5.8125,-5.8125
Basecourt,-6.0625,-6.0625
Refusenik,-5.71875,-5.71875
Gemuti,-5.9375,-5.9375
Milkwood,-6.09375,-6.09375
Vannai,-5.6875,-5.6875
Somniloquist,-5.71875,-5.71875
Quamashes,-5.46875,-5.46875
Dwayberry,-5.71875,-5.71875
Wattles,-5.46875,-5.46875
Preplans,-5.625,-5.625
Monitories,-5.84375,-5.84375
Routeways,-5.84375,-5.84375
Lippie,-5.71875,-5.71875
Chickell,-5.75,-5.75
Enmeshments,-6.09375,-6.09375
Hexapla,-5.59375,-5.59375
Engage,-5.71875,-5.71875
Caracter,-5.84375,-5.84375
Geophagy,-5.84375,-5.84375
Nonfantasies,-5.71875,-5.71875
Cyclopedist,-5.5,-5.5
Habitus,-6.1875,-6.1875
Myrmecochorous,-5.625,-5.625
Papaverous,-5.59375,-5.59375
Kokumingun,-6.21875,-6.21875
Outlimb,-5.75,-5.75
Basque,-6.1875,-6.1875
Aureomycin,-5.59375,-5.59375
Roupiest,-6.09375,-6.09375
Consonate,-5.96875,-5.96875
Oxybapha,-5.96875,-5.96875
Mongery,-5.84375,-5.84375
Dorsomesal,-5.8125,-5.8125
Trowelful,-5.5,-5.5
Managership,-6.34375,-6.34375
Haliplankton,-5.71875,-5.71875
Tortricidae,-6.09375,-6.09375
Filtrability,-5.9375,-5.9375
Salometry,-6.09375,-6.09375
Undecennary,-5.9375,-5.9375
Scraps,-5.46875,-5.46875
Underhammer,-5.59375,-5.59375
Prealveolar,-5.6875,-5.6875
Reddens,-5.84375,-5.84375
Socializations,-6.0625,-6.0625
Coalholes,-5.6875,-5.6875
Thiocyanate,-5.84375,-5.84375
Petardeer,-5.71875,-5.71875
Tollbook,-5.59375,-5.59375
Craspedal,-5.59375,-5.59375
Gipsyesque,-5.71875,-5.71875
Gagelike,-5.625,-5.625
Dyeware,-5.59375,-5.59375
Mumblebee,-5.6875,-5.6875
Epionynychia,-5.96875,-5.96875
Borsholder,-5.46875,-5.46875
Planomiller,-5.84375,-5.84375
Deputizes,-5.84375,-5.84375
Demotists,-5.96875,-5.96875
Hodmandod,-5.84375,-5.84375
Floperoo,-5.84375,-5.84375
Vetture,-5.84375,-5.84375
Irreflective,-5.46875,-5.46875
Shoggle,-5.46875,-5.46875
Fallowist,-5.59375,-5.59375
Aspergillum,-5.9375,-5.9375
Coagulum,-5.71875,-5.71875
Lemniscatic,-5.8125,-5.8125
Acrogynae,-5.71875,-5.71875
Supranormal,-5.96875,-5.96875
Agalactous,-5.625,-5.625
Moshav,-5.8125,-5.8125
Marlena,-5.5625,-5.5625
Ulotrichi,-5.96875,-5.96875
Squirrel,-5.6875,-5.6875
Angelocracy,-6.09375,-6.09375
Perfunctory,-5.59375,-5.59375
Atmosphere,-6.21875,-6.21875
Needlemaker,-5.59375,-5.59375
Resatisfy,-5.71875,-5.71875
Spitten,-5.8125,-5.8125
Traumata,-5.96875,-5.96875
Amoral,-5.71875,-5.71875
Bowwort,-5.46875,-5.46875
Benches,-5.84375,-5.84375
Optics,-5.84375,-5.84375
Tychite,-5.46875,-5.46875
Sleazy,-5.59375,-5.59375
Guestchamber,-5.84375,-5.84375
Immunoglobulin,-5.75,-5.75
Unmerry,-5.46875,-5.46875
Hoarder,-5.59375,-5.59375
Ceylon,-5.59375,-5.59375
Dephlegmatory,-5.71875,-5.71875
Surveyage,-5.625,-5.625
Galactolysis,-6.1875,-6.1875
Teameo,-5.96875,-5.96875
Lithuanian,-6.09375,-6.09375
Sierozems,-5.96875,-5.96875
Cryptovalency,-6.0,-6.0
Swiwet,-5.96875,-5.96875
Nyphomania,-6.09375,-6.09375
Fulfill,-5.71875,-5.71875
Enplanes,-5.9375,-5.9375
Minilanguage,-5.71875,-5.71875
Clinohumite,-5.71875,-5.71875
Isnardia,-5.84375,-5.84375
Incandent,-5.71875,-5.71875
Stabilities,-6.09375,-6.09375
Denotes,-5.8125,-5.8125
Unactability,-5.96875,-5.96875
Girnie,-5.6875,-5.6875
Tedescan,-5.84375,-5.84375
Dimuence,-5.96875,-5.96875
Penetral,-5.71875,-5.71875
Polearm,-5.71875,-5.71875
Peacefullest,-6.1875,-6.1875
Unpacker,-5.84375,-5.84375
Heterochronic,-5.96875,-5.96875
Detonize,-5.59375,-5.59375
Ballpark,-5.71875,-5.71875
Misattend,-5.9375,-5.9375
Suitcases,-5.6875,-5.6875
Pyodermatosis,-5.96875,-5.96875
Drupel,-5.59375,-5.59375
Allthorn,-5.59375,-5.59375
Stanner,-5.9375,-5.9375
Hyporchesis,-5.875,-5.875
Locutory,-5.9375,-5.9375
Enchest,-5.9375,-5.9375
Stygiophobia,-5.84375,-5.84375
Cricoidectomy,-5.84375,-5.84375
Percarbonate,-5.71875,-5.71875
Faunology,-5.96875,-5.96875
Dimanganous,-5.84375,-5.84375
Beetles,-5.46875,-5.46875
Roboreous,-5.46875,-5.46875
Bobbejaan,-6.09375,-6.09375
Housesat,-5.71875,-5.71875
Drachm,-5.46875,-5.46875
Outtinkle,-5.59375,-5.59375
Dinoflagellate,-5.71875,-5.71875
Chorologist,-5.59375,-5.59375
Parrels,-5.71875,-5.71875
Silver,-5.9375,-5.9375
Buzzier,-5.6875,-5.6875
Hemule,-5.96875,-5.96875
Complaint,-5.71875,-5.71875
Clippings,-5.71875,-5.71875
Diplomata,-5.71875,-5.71875
Multiplexors,-5.96875,-5.96875
Fasciotomy,-5.96875,-5.96875
Silliest,-5.71875,-5.71875
Arette,-5.71875,-5.71875
Chandlers,-5.84375,-5.84375
Subnets,-5.84375,-5.84375
Sparser,-6.0625,-6.0625
Sasswood,-5.8125,-5.8125
Juckies,-5.71875,-5.71875
Surfacy,-5.71875,-5.71875
Altarpieces,-5.96875,-5.96875
Reinduct,-5.84375,-5.84375
Holdfast,-5.59375,-5.59375
Capsulae,-5.84375,-5.84375
Cochylis,-5.8125,-5.8125
Elasticize,-5.96875,-5.96875
Milsey,-5.59375,-5.59375
Supercanonical,-5.84375,-5.84375
Shriver,-5.71875,-5.71875
Bigotries,-6.0625,-6.0625
Aubergiste,-5.625,-5.625
Reoccasion,-5.75,-5.75
Esoterics,-5.84375,-5.84375
Tradeswoman,-5.8125,-5.8125
Reflectoscope,-5.84375,-5.84375
Liguorian,-5.84375,-5.84375
Headlight,-5.59375,-5.59375
Unsack,-5.84375,-5.84375
Inequities,-5.59375,-5.59375
Bignou,-5.84375,-5.84375
Bobtails,-5.84375,-5.84375
Counterhaft,-5.84375,-5.84375
Grassflat,-5.71875,-5.71875
Gesellschaften,-5.96875,-5.96875
Unrenunciatory,-5.71875,-5.71875
Limpkin,-5.84375,-5.84375
Subchronic,-5.8125,-5.8125
Mughouse,-5.84375,-5.84375
Dinitro,-5.59375,-5.59375
Plagal,-5.96875,-5.96875
Monarchal,-5.59375,-5.59375
Eastlander,-6.09375,-6.09375
Liturgistical,-5.71875,-5.71875
Rewinds,-5.71875,-5.71875
Coguarantor,-6.09375,-6.09375
Snipelike,-5.625,-5.625
Consignatary,-5.71875,-5.71875
Precept,-5.6875,-5.6875
Mechanizer,-5.71875,-5.71875
Abounds,-5.59375,-5.59375
Aryballoi,-5.84375,-5.84375
Indiscovery,-5.84375,-5.84375
Spulyie,-5.84375,-5.84375
Heronite,-5.84375,-5.84375
Impetigo,-5.96875,-5.96875
Quinnats,-5.71875,-5.71875
Protoconid,-5.84375,-5.84375
Verumontanum,-5.34375,-5.34375
Worldward,-5.625,-5.625
Underroast,-5.5,-5.5
Tinctures,-5.9375,-5.9375
Heterolecithal,-5.8125,-5.8125
Supertax,-5.84375,-5.84375
Hoopmen,-6.09375,-6.09375
Basiglandular,-6.1875,-6.1875
Somniloquous,-5.71875,-5.71875
Phanerocarpous,-5.5,-5.5
Cambouis,-6.09375,-6.09375
Scirtopod,-5.46875,-5.46875
Scandic,-5.96875,-5.96875
Vaginicolous,-5.84375,-5.84375
Periodontosis,-5.84375,-5.84375
Misology,-6.09375,-6.09375
Cunarder,-5.5625,-5.5625
Misfigure,-5.8125,-5.8125
Robalos,-5.84375,-5.84375
Kirmesses,-6.3125,-6.3125
Bottlenest,-5.84375,-5.84375
Lophophore,-5.71875,-5.71875
Sprayer,-5.6875,-5.6875
Butterflyer,-5.75,-5.75
Scalpeen,-5.8125,-5.8125
Ceratodus,-5.71875,-5.71875
Prepainful,-5.71875,-5.71875
Cagayans,-6.21875,-6.21875
Tricarinate,-5.6875,-5.6875
Hexact,-5.96875,-5.96875
Becomes,-5.71875,-5.71875
Kineses,-5.84375,-5.84375
Myotonic,-5.71875,-5.71875
Hyperbranchial,-5.9375,-5.9375
Anacrotism,-6.21875,-6.21875
Quadrifoliate,-5.71875,-5.71875
Hormonoid,-5.6875,-5.6875
Lageniform,-5.71875,-5.71875
Ugarono,-5.8125,-5.8125
Exampless,-5.46875,-5.46875
Moidore,-6.09375,-6.09375
Paronychial,-5.84375,-5.84375
Tooths,-5.625,-5.625
Gangplows,-5.46875,-5.46875
Anthracitic,-5.59375,-5.59375
Gamgia,-5.84375,-5.84375
Galvanizers,-5.84375,-5.84375
Riprap,-5.46875,-5.46875
Draughtiest,-5.25,-5.25
Pinecone,-5.71875,-5.71875
Amatols,-5.84375,-5.84375
Catachresti,-5.59375,-5.59375
Vaticinant,-5.8125,-5.8125
Dorsalward,-5.71875,-5.71875
Michelia,-5.71875,-5.71875
Dolabra,-5.8125,-5.8125
Rackful,-5.9375,-5.9375
Teaches,-5.84375,-5.84375
Cousins,-6.09375,-6.09375
Millhouse,-5.71875,-5.71875
Hierogrammatic,-5.96875,-5.96875
Cloacae,-5.46875,-5.46875
Tabletops,-5.6875,-5.6875
Conservatorio,-5.84375,-5.84375
Tautologizer,-5.71875,-5.71875
Katagelophobia,-6.09375,-6.09375
Swipple,-5.71875,-5.71875
Involvements,-6.3125,-6.3125
Abatements,-5.71875,-5.71875
Cholesterin,-5.96875,-5.96875
Impreses,-5.71875,-5.71875
Wangoni,-6.0625,-6.0625
Basigamy,-6.1875,-6.1875
Sentinelship,-5.84375,-5.84375
Magnetoscope,-5.84375,-5.84375
Prehaunt,-5.375,-5.375
Jayesh,-5.625,-5.625
Nebulosus,-5.9375,-5.9375
Resilvers,-5.84375,-5.84375
Magnetobell,-5.84375,-5.84375
Variances,-5.84375,-5.84375
Pezizoid,-5.5,-5.5
Fosterer,-5.71875,-5.71875
Papicolist,-5.59375,-5.59375
Amitie,-5.9375,-5.9375
Tibiofibular,-5.71875,-5.71875
Typefounder,-5.71875,-5.71875
Scarid,-5.71875,-5.71875
Micronucleus,-5.71875,-5.71875
Placoidean,-5.46875,-5.46875
Shoddy,-5.46875,-5.46875
Sparch,-5.9375,-5.9375
Populists,-6.1875,-6.1875
Dendraspis,-5.59375,-5.59375
Algidities,-5.96875,-5.96875
Nonsystematic,-5.96875,-5.96875
Virgulariidae,-5.71875,-5.71875
Iceberg,-5.46875,-5.46875
Peatman,-5.84375,-5.84375
Pathways,-6.1875,-6.1875
Mullers,-5.84375,-5.84375
Azotorrhoea,-5.96875,-5.96875
Courter,-5.375,-5.375
Voivodeship,-6.21875,-6.21875
Joyfullest,-6.09375,-6.09375
Molmutian,-5.96875,-5.96875
Pylorectomies,-5.59375,-5.59375
Transducer,-5.8125,-5.8125
Counterpose,-6.09375,-6.09375
Wedges,-5.71875,-5.71875
Replications,-5.46875,-5.46875
Apprend,-5.8125,-5.8125
Endovasculitis,-6.34375,-6.34375
Pladaroma,-6.09375,-6.09375
Concentrative,-5.71875,-5.71875
Macrosymbiont,-5.96875,-5.96875
Petauroides,-5.59375,-5.59375
Flagelliferous,-5.375,-5.375
Paracoele,-5.71875,-5.71875
Pedigrees,-5.84375,-5.84375
Falkland,-5.71875,-5.71875
Accompanist,-5.5,-5.5
Washeryman,-5.84375,-5.84375
Galactose,-5.8125,-5.8125
Drecks,-5.46875,-5.46875
Subpagoda,-5.84375,-5.84375
Gabfests,-5.96875,-5.96875
Brimmer,-5.71875,-5.71875
Keeler,-5.71875,-5.71875
Overliver,-5.59375,-5.59375
Indignities,-5.71875,-5.71875
Freewheelers,-6.34375,-6.34375
Rectotomy,-5.84375,-5.84375
Consults,-5.71875,-5.71875
Botryoid,-6.1875,-6.1875
Desalinate,-5.625,-5.625
Deflective,-5.71875,-5.71875
Outhears,-5.59375,-5.59375
Extinctive,-5.96875,-5.96875
Scissorer,-5.59375,-5.59375
Petzite,-5.84375,-5.84375
Imbrex,-5.46875,-5.46875
Uncognoscible,-5.6875,-5.6875
Spirants,-5.84375,-5.84375
Saltines,-5.8125,-5.8125
Haematid,-5.6875,-5.6875
Octocorallan,-5.84375,-5.84375
Caconychia,-5.34375,-5.34375
Nonretardatory,-5.375,-5.375
Futharcs,-5.71875,-5.71875
Subdepots,-5.9375,-5.9375
Sociomedical,-6.09375,-6.09375
Dodderer,-5.71875,-5.71875
Ananthropism,-6.34375,-6.34375
Washman,-5.59375,-5.59375
Ichthyotomi,-5.96875,-5.96875
Blastematic,-5.84375,-5.84375
Aricin,-5.71875,-5.71875
Instrumental,-5.96875,-5.96875
Tartnesses,-5.46875,-5.46875
Mosquittoey,-5.625,-5.625
Sleepful,-5.9375,-5.9375
Perosis,-5.84375,-5.84375
Durocs,-5.71875,-5.71875
Triunities,-6.09375,-6.09375
Refringency,-5.71875,-5.71875
Polymathy,-6.09375,-6.09375
Scotchmen,-5.96875,-5.96875
Plasticity,-5.84375,-5.84375
Homaloptera,-5.71875,-5.71875
Airposts,-6.0625,-6.0625
Allodiaries,-5.84375,-5.84375
Autographist,-5.75,-5.75
Validatory,-5.84375,-5.84375
Deblock,-6.09375,-6.09375
Beleaps,-5.84375,-5.84375
Orthopaedist,-5.84375,-5.84375
Chrysopoeia,-5.71875,-5.71875
Racialist,-5.59375,-5.59375
Exornate,-5.71875,-5.71875
Wedgebill,-5.46875,-5.46875
Embrawn,-5.625,-5.625
Incoherency,-6.09375,-6.09375
Tobaccomen,-5.46875,-5.46875
Cuneocuboid,-5.8125,-5.8125
Foregallery,-5.625,-5.625
Underqueen,-5.46875,-5.46875
Infanticides,-6.34375,-6.34375
Trivet,-5.59375,-5.59375
Grasshouse,-5.71875,-5.71875
Tamanowus,-5.8125,-5.8125
Mahatma,-5.71875,-5.71875
Nutritionist,-5.71875,-5.71875
Neurogenetic,-5.8125,-5.8125
Eavesdrops,-6.09375,-6.09375
Psilophytales,-5.96875,-5.96875
Fluorinations,-5.96875,-5.96875
Aftersong,-5.84375,-5.84375
Ninevitical,-5.59375,-5.59375
Browbands,-5.84375,-5.84375
Hatrail,-5.71875,-5.71875
Fruticose,-5.375,-5.375
Catastrophism,-5.96875,-5.96875
Exhalations,-5.71875,-5.71875
Uranisms,-5.84375,-5.84375
Broadband,-5.96875,-5.96875
Agglomerates,-5.96875,-5.96875
Heptavalent,-5.8125,-5.8125
Trilophodont,-5.59375,-5.59375
Jobmistress,-5.34375,-5.34375
Skaithy,-5.84375,-5.84375
Characin,-5.84375,-5.84375
Bromite,-5.71875,-5.71875
Surroyals,-5.96875,-5.96875
Subforeman,-5.5,-5.5
Lyricizes,-5.71875,-5.71875
Motorism,-5.875,-5.875
Besplit,-5.84375,-5.84375
Energid,-5.84375,-5.84375
Premidsummer,-5.375,-5.375
Unproducible,-5.71875,-5.71875
Juramenta,-5.71875,-5.71875
Checkpoints,-5.96875,-5.96875
Hygiastics,-5.46875,-5.46875
Hispanicism,-6.21875,-6.21875
Spurreies,-5.71875,-5.71875
Salivous,-5.71875,-5.71875
Concelebrates,-5.84375,-5.84375
Gutnic,-5.84375,-5.84375
Malacopterygii,-5.75,-5.75
Orthocoumaric,-5.71875,-5.71875
Wayward,-5.46875,-5.46875
Pseudamphorae,-5.84375,-5.84375
Cesspool,-5.46875,-5.46875
Yetapa,-5.21875,-5.21875
Grande,-6.09375,-6.09375
Moondrop,-6.21875,-6.21875
Steatite,-5.59375,-5.59375
Dimmers,-5.96875,-5.96875
Strange,-5.59375,-5.59375
Pathema,-5.84375,-5.84375
Allotheist,-5.59375,-5.59375
Pilaus,-5.84375,-5.84375
Helvellaceous,-5.8125,-5.8125
Polysomitic,-5.84375,-5.84375
Pulpatoon,-5.84375,-5.84375
Miniskirts,-5.96875,-5.96875
Antiliturgy,-5.84375,-5.84375
Alismal,-6.21875,-6.21875
Pearceite,-5.46875,-5.46875
Eumolpides,-5.84375,-5.84375
Myrmecophytic,-5.84375,-5.84375
Protogenetic,-5.5,-5.5
Barbarities,-5.59375,-5.59375
Pantile,-5.71875,-5.71875
Footle,-5.71875,-5.71875
Jeanie,-6.09375,-6.09375
Cheezit,-5.59375,-5.59375
Bullets,-5.71875,-5.71875
Introrsal,-5.8125,-5.8125
Brantail,-5.71875,-5.71875
Renaissance,-5.84375,-5.84375
Malmier,-5.96875,-5.96875
Panaritium,-5.59375,-5.59375
Temporiser,-5.96875,-5.96875
Crengle,-5.71875,-5.71875
Footscraper,-5.59375,-5.59375
Rebook,-5.8125,-5.8125
Hexagonal,-5.96875,-5.96875
Moonbeams,-6.09375,-6.09375
Understage,-5.8125,-5.8125
Beakless,-5.8125,-5.8125
Unglorious,-5.46875,-5.46875
Semitertian,-5.375,-5.375
Accordion,-5.96875,-5.96875
Picofarad,-5.375,-5.375
Trundles,-5.34375,-5.34375
Sectionize,-6.09375,-6.09375
Nelken,-5.71875,-5.71875
Concaver,-5.59375,-5.59375
Merchanteer,-5.375,-5.375
Panman,-5.71875,-5.71875
Trustor,-5.6875,-5.6875
Sulphoproteid,-5.59375,-5.59375
Tremellales,-5.875,-5.875
Chagrin,-5.71875,-5.71875
Synchromism,-5.875,-5.875
Agrogeological,-5.71875,-5.71875
Refrig,-5.625,-5.625
Laconic,-6.09375,-6.09375
Nonferocious,-5.5,-5.5
Whaleroad,-5.5,-5.5
Ructions,-5.59375,-5.59375
Dormient,-5.59375,-5.59375
Galcha,-5.8125,-5.8125
Nervules,-6.09375,-6.09375
Pipecolin,-5.71875,-5.71875
Rereads,-5.71875,-5.71875
Gyroscope,-5.75,-5.75
Reaccommodates,-5.59375,-5.59375
Orangey,-5.71875,-5.71875
Strave,-5.9375,-5.9375
Relights,-5.96875,-5.96875
Scorpiid,-5.59375,-5.59375
Spectroscopes,-5.59375,-5.59375
Pancosmist,-5.96875,-5.96875
Nuncupatory,-5.9375,-5.9375
Quinquelocular,-5.5,-5.5
Demount,-5.71875,-5.71875
Biophysic,-5.71875,-5.71875
Avisos,-6.3125,-6.3125
Polychresty,-6.09375,-6.09375
Beroidae,-5.84375,-5.84375
Submedian,-5.96875,-5.96875
Ghouls,-5.59375,-5.59375
Oldsters,-5.96875,-5.96875
Surmisal,-5.84375,-5.84375
Abbreviators,-5.84375,-5.84375
Omniprudence,-6.09375,-6.09375
Cantilena,-5.71875,-5.71875
Ludian,-5.8125,-5.8125
Aeromarine,-5.59375,-5.59375
Supraprotest,-6.21875,-6.21875
Ithyphallic,-5.46875,-5.46875
Commandrie,-5.75,-5.75
Entreasure,-5.8125,-5.8125
Headwear,-5.59375,-5.59375
Conjugal,-5.84375,-5.84375
Haybote,-5.59375,-5.59375
Tutball,-5.84375,-5.84375
Gaslights,-5.6875,-5.6875
Monopodies,-5.71875,-5.71875
Physostomous,-5.59375,-5.59375
Siphonic,-5.84375,-5.84375
Psychodelic,-5.25,-5.25
Atropal,-5.71875,-5.71875
Roadite,-5.75,-5.75
Globins,-6.0625,-6.0625
Bramantesque,-5.46875,-5.46875
Waglike,-6.0625,-6.0625
Sphecina,-5.46875,-5.46875
Metroscirrhus,-5.71875,-5.71875
Nuttalliasis,-5.84375,-5.84375
Gnetaceae,-5.84375,-5.84375
Counteract,-5.96875,-5.96875
Murther,-5.84375,-5.84375
Savagers,-5.96875,-5.96875
Caloreceptor,-5.625,-5.625
Vapourise,-5.59375,-5.59375
Saccomyidae,-6.09375,-6.09375
Xiphodynia,-5.96875,-5.96875
Shenanigans,-5.96875,-5.96875
Mossful,-6.0625,-6.0625
Posterette,-5.71875,-5.71875
Saltless,-5.84375,-5.84375
Meekest,-5.9375,-5.9375
Whipmaker,-5.375,-5.375
Dipteron,-5.625,-5.625
Rhodosperm,-5.59375,-5.59375
Eosaurus,-5.6875,-5.6875
Overcame,-5.96875,-5.96875
Rotundity,-6.21875,-6.21875
Fawnery,-5.59375,-5.59375
Uncentrical,-5.71875,-5.71875
Electromer,-5.84375,-5.84375
Phonologer,-5.59375,-5.59375
Wavewise,-5.8125,-5.8125
Ventin,-5.96875,-5.96875
Tubificidae,-5.84375,-5.84375
Stockist,-5.9375,-5.9375
Trainer,-5.375,-5.375
Advisatory,-5.8125,-5.8125
Liquorish,-5.375,-5.375
Onkilonite,-5.71875,-5.71875
Gaminesque,-5.71875,-5.71875
Sarcoseptum,-5.84375,-5.84375
Mobocracies,-5.9375,-5.9375
Nuncupative,-5.6875,-5.6875
Moonet,-5.9375,-5.9375
Faiences,-5.6875,-5.6875
Castile,-6.09375,-6.09375
Chutzpanik,-6.21875,-6.21875
Decanter,-5.59375,-5.59375
Superoffensive,-5.5,-5.5
Metagnath,-5.71875,-5.71875
Sporangiferous,-5.5625,-5.5625
Organical,-5.84375,-5.84375
Cystines,-5.34375,-5.34375
Signaturist,-5.84375,-5.84375
Equerry,-6.21875,-6.21875
Hypnosporic,-5.84375,-5.84375
Miscounsel,-5.59375,-5.59375
Predeterminant,-5.625,-5.625
Demonstrators,-6.4375,-6.4375
Dioxides,-5.96875,-5.96875
Sulphosilicide,-5.46875,-5.46875
Monopodic,-5.71875,-5.71875
Cyprinus,-5.84375,-5.84375
Residence,-5.75,-5.75
Metaloscopy,-6.0625,-6.0625
Temser,-5.84375,-5.84375
Exitance,-5.75,-5.75
Neurale,-5.96875,-5.96875
Foliates,-5.71875,-5.71875
Citynesses,-6.0625,-6.0625
Payees,-5.59375,-5.59375
Precreate,-5.71875,-5.71875
Pinprick,-5.46875,-5.46875
Algolagnic,-5.84375,-5.84375
Megametre,-5.59375,-5.59375
Comtesses,-5.84375,-5.84375
Unconcurrent,-5.71875,-5.71875
Stabilize,-5.9375,-5.9375
Gabbroid,-5.71875,-5.71875
Knaggy,-5.34375,-5.34375
Waxplants,-5.59375,-5.59375
Occipitoatloid,-5.96875,-5.96875
Uphoard,-5.84375,-5.84375
Outwittal,-5.84375,-5.84375
Aments,-5.8125,-5.8125
Applegrower,-5.59375,-5.59375
Granulosis,-6.09375,-6.09375
Apportioner,-5.46875,-5.46875
Managerial,-5.84375,-5.84375
Arbota,-5.8125,-5.8125
Actinia,-5.96875,-5.96875
Brunet,-5.71875,-5.71875
Erasers,-5.59375,-5.59375
Tacheography,-5.84375,-5.84375
Burele,-5.96875,-5.96875
Ramify,-5.84375,-5.84375
Calinago,-5.75,-5.75
Sovietist,-5.59375,-5.59375
Knublet,-5.9375,-5.9375
Drygoodsman,-5.59375,-5.59375
Boobyish,-6.21875,-6.21875
Farandoles,-5.9375,-5.9375
Clamshells,-5.71875,-5.71875
Earlier,-5.9375,-5.9375
Choliamb,-5.59375,-5.59375
Tapissery,-5.84375,-5.84375
Ritratto,-5.8125,-5.8125
Gambler,-5.34375,-5.34375
Motorphobia,-5.96875,-5.96875
Postpositional,-5.84375,-5.84375
Armillaria,-5.71875,-5.71875
Warisons,-5.84375,-5.84375
Calgon,-5.34375,-5.34375
Edentate,-5.59375,-5.59375
Tonograph,-5.8125,-5.8125
Acrologism,-5.84375,-5.84375
Barnyards,-5.71875,-5.71875
Muckthrift,-5.34375,-5.34375
Soroches,-5.96875,-5.96875
Apagoge,-5.9375,-5.9375
Sessions,-6.09375,-6.09375
Dreidel,-5.71875,-5.71875
Succinate,-5.71875,-5.71875
Schnauzers,-5.96875,-5.96875
Jigsaws,-5.9375,-5.9375
Phonomotor,-5.59375,-5.59375
Ravelin,-5.9375,-5.9375
Syconidae,-5.625,-5.625
Iapyges,-5.71875,-5.71875
Telegrams,-5.84375,-5.84375
Systole,-5.71875,-5.71875
Halberdsman,-5.59375,-5.59375
Quaternities,-5.71875,-5.71875
Edgebone,-5.9375,-5.9375
Oostegitic,-6.09375,-6.09375
Bedrift,-5.8125,-5.8125
Fluorid,-5.84375,-5.84375
Horrors,-5.59375,-5.59375
Hematomas,-6.4375,-6.4375
Meloplasties,-5.5,-5.5
Sketchier,-5.5,-5.5
Ganocephalan,-5.5,-5.5
Ecchymoses,-5.625,-5.625
Hexiology,-6.1875,-6.1875
Dunderheads,-5.9375,-5.9375
Teosinte,-5.59375,-5.59375
Lampoonery,-5.84375,-5.84375
Recovery,-6.21875,-6.21875
Dioxindole,-5.84375,-5.84375
Vacherin,-6.09375,-6.09375
Waywode,-5.71875,-5.71875
Lunata,-5.71875,-5.71875
Prepend,-5.84375,-5.84375
Padeye,-5.84375,-5.84375
Rehydrate,-5.71875,-5.71875
Liquefies,-5.71875,-5.71875
Uskara,-6.0625,-6.0625
Tergiversatory,-5.84375,-5.84375
Walkways,-5.84375,-5.84375
Impartive,-5.75,-5.75
Inexistency,-5.96875,-5.96875
Mediatorial,-5.96875,-5.96875
Boronic,-5.9375,-5.9375
Unkinglike,-5.9375,-5.9375
Prediabetic,-5.5,-5.5
Abrogate,-5.71875,-5.71875
Antifrost,-5.84375,-5.84375
Pipework,-5.375,-5.375
Wayfarers,-5.59375,-5.59375
Maxima,-5.84375,-5.84375
Sherberts,-5.5,-5.5
Cortege,-5.8125,-5.8125
Wangun,-6.0625,-6.0625
Unprofuse,-5.59375,-5.59375
Leotards,-5.84375,-5.84375
Settees,-6.0625,-6.0625
Cantharides,-5.71875,-5.71875
Laryngotomies,-6.34375,-6.34375
Hemimeridae,-6.09375,-6.09375
Statics,-5.84375,-5.84375
Hitchier,-5.71875,-5.71875
Gradefinder,-5.71875,-5.71875
Leptochroa,-5.71875,-5.71875
Gilravager,-5.71875,-5.71875
Outborn,-6.09375,-6.09375
Cinquain,-5.46875,-5.46875
Psammotherapy,-6.0,-6.0
Pneumatophony,-5.71875,-5.71875
Protectant,-5.6875,-5.6875
Fumigates,-6.09375,-6.09375
Naseberry,-5.8125,-5.8125
Odontoclast,-5.46875,-5.46875
Charco,-5.625,-5.625
Terrar,-5.625,-5.625
Xanthodont,-5.84375,-5.84375
Shuvra,-5.96875,-5.96875
Paniculate,-5.71875,-5.71875
Artamus,-5.59375,-5.59375
Octoad,-5.46875,-5.46875
Hysterogenous,-5.8125,-5.8125
Arachnitis,-5.71875,-5.71875
Feasances,-5.96875,-5.96875
Atropia,-5.84375,-5.84375
Icekhanas,-6.09375,-6.09375
Restiffen,-5.8125,-5.8125
Glanditerous,-5.625,-5.625
Gravitometer,-5.84375,-5.84375
Telligraph,-5.59375,-5.59375
Megaloureter,-5.6875,-5.6875
Superacromial,-5.5625,-5.5625
Neophytish,-5.71875,-5.71875
Hektometer,-5.8125,-5.8125
Resalvage,-5.5,-5.5
Zygophyte,-5.375,-5.375
Yeastless,-5.125,-5.125
Toadflaxes,-5.59375,-5.59375
Seawoman,-5.75,-5.75
Dealates,-5.59375,-5.59375
Farand,-5.9375,-5.9375
Umbonial,-5.9375,-5.9375
Clubroots,-5.96875,-5.96875
Haplologic,-5.84375,-5.84375
Poiesis,-5.71875,-5.71875
Chromospheres,-5.59375,-5.59375
Preguilty,-5.59375,-5.59375
Interseam,-5.84375,-5.84375
Monoglycerid,-5.71875,-5.71875
Scalary,-5.625,-5.625
Datives,-5.84375,-5.84375
Icemen,-5.71875,-5.71875
Astart,-5.59375,-5.59375
Rubato,-5.59375,-5.59375
Lumbosacral,-6.09375,-6.09375
Capriole,-5.625,-5.625
Cratometry,-5.96875,-5.96875
Glockenspiels,-5.84375,-5.84375
Unhostile,-5.6875,-5.6875
Prisonous,-5.84375,-5.84375
Terebinthina,-5.6875,-5.6875
Somnipathy,-6.21875,-6.21875
Fallible,-5.5,-5.5
Credere,-6.1875,-6.1875
Nouvelles,-5.96875,-5.96875
Reserveless,-5.71875,-5.71875
Hibernic,-5.6875,-5.6875
Lymphadenosis,-6.09375,-6.09375
Preapprove,-5.5,-5.5
Spinnings,-5.46875,-5.46875
Wafers,-5.96875,-5.96875
Tinniest,-5.46875,-5.46875
Necrogenous,-5.625,-5.625
Montross,-5.71875,-5.71875
Tallote,-5.71875,-5.71875
Yeldrin,-5.59375,-5.59375
Haemocytometer,-5.59375,-5.59375
Ectogenic,-5.6875,-5.6875
Refires,-5.84375,-5.84375
Sesuvium,-5.59375,-5.59375
Densest,-5.9375,-5.9375
Thugdom,-6.34375,-6.34375
Raasch,-5.71875,-5.71875
Nondendroidal,-5.59375,-5.59375
Orotherapy,-5.84375,-5.84375
Nonadverbial,-5.6875,-5.6875
Splashproof,-5.71875,-5.71875
Divulgate,-5.625,-5.625
Bashaw,-5.71875,-5.71875
Toshes,-5.59375,-5.59375
Damageous,-5.59375,-5.59375
Hayrake,-5.6875,-5.6875
Nonextenuatory,-5.6875,-5.6875
Veracities,-5.84375,-5.84375
Psorosis,-6.09375,-6.09375
Iotacismus,-5.96875,-5.96875
Ramiro,-5.6875,-5.6875
Parietomastoid,-5.96875,-5.96875
Coambulant,-5.71875,-5.71875
Factualism,-6.21875,-6.21875
Teetaller,-5.8125,-5.8125
Underspecify,-5.84375,-5.84375
Birdwise,-6.21875,-6.21875
Overvoltage,-5.84375,-5.84375
Sternest,-5.75,-5.75
Redismiss,-5.5,-5.5
Tavast,-5.71875,-5.71875
Receptaculitid,-5.6875,-5.6875
Recurve,-5.71875,-5.71875
Pitchblende,-5.59375,-5.59375
Sapful,-5.8125,-5.8125
Guereba,-6.09375,-6.09375
Enteral,-5.84375,-5.84375
Milliares,-5.71875,-5.71875
Dither,-5.8125,-5.8125
Unadmission,-5.8125,-5.8125
Cycadeoidea,-5.84375,-5.84375
Depicts,-5.84375,-5.84375
Upstage,-5.71875,-5.71875
Diffusionism,-5.96875,-5.96875
Armorican,-5.84375,-5.84375
Shortzy,-5.71875,-5.71875
Peripteral,-5.8125,-5.8125
Treeful,-5.84375,-5.84375
Freith,-5.6875,-5.6875
Knightlike,-5.6875,-5.6875
Studdings,-5.71875,-5.71875
Presuffer,-5.96875,-5.96875
Pygididae,-5.84375,-5.84375
Myomatous,-5.84375,-5.84375
Cocker,-5.59375,-5.59375
Terminology,-5.96875,-5.96875
Understand,-5.9375,-5.9375
Undercooks,-5.46875,-5.46875
Subcancellate,-5.96875,-5.96875
Nighter,-5.71875,-5.71875
Vesuvianite,-5.34375,-5.34375
Pseudobenthos,-5.84375,-5.84375
Supercensure,-5.71875,-5.71875
Coiffes,-6.09375,-6.09375
Intrusion,-5.71875,-5.71875
Toilet,-5.8125,-5.8125
Offcast,-6.21875,-6.21875
Ampelopsin,-5.96875,-5.96875
Cnidocyst,-5.6875,-5.6875
Juncture,-5.96875,-5.96875
Nodiferous,-5.71875,-5.71875
Mosstroopery,-5.71875,-5.71875
Cirsium,-5.59375,-5.59375
Vesicates,-5.59375,-5.59375
Chlamydozoan,-5.84375,-5.84375
Centrodesmose,-6.21875,-6.21875
Inorganic,-5.71875,-5.71875
Proconformity,-5.84375,-5.84375
Cryptozygy,-5.59375,-5.59375
Tanists,-5.96875,-5.96875
Monogynoecial,-5.71875,-5.71875
Rentals,-5.84375,-5.84375
Laconisms,-6.09375,-6.09375
Teaspoonsful,-5.6875,-5.6875
Optimates,-6.09375,-6.09375
Blunderbuss,-5.59375,-5.59375
Mushroomlike,-5.96875,-5.96875
Analities,-5.96875,-5.96875
Onside,-6.3125,-6.3125
Undertone,-5.5,-5.5
Rerelease,-5.59375,-5.59375
Verruciform,-5.6875,-5.6875
Opobalsam,-6.09375,-6.09375
Procris,-5.84375,-5.84375
Reavoidance,-5.96875,-5.96875
Profulgent,-5.71875,-5.71875
Mijnheers,-6.09375,-6.09375
Upflows,-5.96875,-5.96875
Spiteproof,-5.59375,-5.59375
Plexus,-5.84375,-5.84375
Unfaithworthy,-5.59375,-5.59375
Delsarte,-5.84375,-5.84375
Ileocolostomy,-6.09375,-6.09375
Nontraveller,-5.5,-5.5
Wonners,-6.1875,-6.1875
Subreader,-5.84375,-5.84375
Pancratiast,-5.75,-5.75
Anserinae,-5.96875,-5.96875
Fetiches,-5.71875,-5.71875
Semioblivious,-5.625,-5.625
Chionanthus,-5.9375,-5.9375
Commark,-5.71875,-5.71875
Lingcod,-5.59375,-5.59375
Subpostscript,-5.71875,-5.71875
Rattier,-5.96875,-5.96875
Departure,-5.625,-5.625
Stercorol,-5.46875,-5.46875
Rosolio,-5.84375,-5.84375
Subtrigonal,-5.84375,-5.84375
Staunches,-5.84375,-5.84375
Encheson,-5.84375,-5.84375
Picaroon,-5.5,-5.5
Hickeyes,-5.71875,-5.71875
Noonlit,-6.09375,-6.09375
Magnifications,-6.1875,-6.1875
Phthalyl,-5.5,-5.5
Sonarmen,-5.96875,-5.96875
Silicify,-5.625,-5.625
Hellene,-6.09375,-6.09375
Scorser,-5.59375,-5.59375
Floruit,-5.9375,-5.9375
Obpyriform,-6.09375,-6.09375
Hornify,-5.6875,-5.6875
Plumbosolvent,-5.71875,-5.71875
Noctilucan,-5.84375,-5.84375
Handistroke,-6.09375,-6.09375
Overdilate,-5.6875,-5.6875
Mahori,-5.84375,-5.84375
Cacochroia,-5.71875,-5.71875
Borele,-6.0625,-6.0625
Eductions,-5.875,-5.875
Paneity,-5.625,-5.625
Emporium,-5.46875,-5.46875
Enosis,-5.96875,-5.96875
Branchellion,-5.71875,-5.71875
Showpiece,-5.71875,-5.71875
Inspectress,-5.34375,-5.34375
Moonfish,-5.96875,-5.96875
Bendways,-5.6875,-5.6875
Mylohyoid,-6.09375,-6.09375
Crestfish,-5.8125,-5.8125
Potassium,-5.71875,-5.71875
Affricative,-6.0625,-6.0625
Render,-6.1875,-6.1875
Coenesthesis,-5.96875,-5.96875
Zounds,-6.09375,-6.09375
Plentitude,-6.4375,-6.4375
Epigone,-5.59375,-5.59375
Mentoniere,-5.59375,-5.59375
Tagalize,-6.1875,-6.1875
Flaser,-5.8125,-5.8125
Enfeeblements,-6.09375,-6.09375
Communicate,-5.96875,-5.96875
Shaula,-5.71875,-5.71875
Seromucous,-5.625,-5.625
Ravison,-5.71875,-5.71875
Sharnbud,-5.71875,-5.71875
Rabbinize,-5.84375,-5.84375
Bufagin,-5.9375,-5.9375
Cascan,-5.46875,-5.46875
Collyr,-5.71875,-5.71875
Hypospadias,-5.96875,-5.96875
Abjurer,-5.46875,-5.46875
Pneumonography,-5.71875,-5.71875
Noctambulist,-5.46875,-5.46875
Bloodguilty,-5.59375,-5.59375
Targumist,-5.25,-5.25
Continentals,-6.21875,-6.21875
Smokies,-5.59375,-5.59375
Anatomise,-5.96875,-5.96875
Repone,-5.84375,-5.84375
Osteomatoid,-5.96875,-5.96875
Hydria,-5.71875,-5.71875
Medications,-5.84375,-5.84375
Lorate,-5.96875,-5.96875
Roostership,-6.21875,-6.21875
Huntresses,-5.625,-5.625
Zirconate,-5.9375,-5.9375
Squeezy,-5.71875,-5.71875
Sheathery,-5.59375,-5.59375
Rigidist,-5.71875,-5.71875
Dodkin,-5.46875,-5.46875
Precinctive,-5.71875,-5.71875
Praescutum,-5.84375,-5.84375
Nandina,-6.0625,-6.0625
Pluton,-5.71875,-5.71875
Playmaker,-5.84375,-5.84375
Withdaw,-5.375,-5.375
Cautionry,-5.375,-5.375
Dissolutive,-5.59375,-5.59375
Hypoparia,-6.21875,-6.21875
Holism,-6.21875,-6.21875
Vespids,-5.71875,-5.71875
Unluminiferous,-5.59375,-5.59375
Benzoyls,-5.625,-5.625
Schoolgirlhood,-5.96875,-5.96875
Cynosarges,-5.71875,-5.71875
Cataplexy,-5.84375,-5.84375
Huguenots,-6.1875,-6.1875
Barcan,-5.59375,-5.59375
Bungarus,-5.59375,-5.59375
Nonsubmission,-5.96875,-5.96875
Ekphore,-5.84375,-5.84375
Rearouse,-5.375,-5.375
Rapscallionism,-5.96875,-5.96875
Gonidial,-5.8125,-5.8125
Sewerless,-5.71875,-5.71875
Griddler,-5.71875,-5.71875
Platitudinous,-5.8125,-5.8125
Paduasoy,-5.84375,-5.84375
Balant,-5.6875,-5.6875
Carpogonium,-5.9375,-5.9375
Osmograph,-6.09375,-6.09375
Barrel,-6.09375,-6.09375
Europeward,-6.09375,-6.09375
Epithecal,-5.625,-5.625
Stewardry,-5.71875,-5.71875
Bisymmetrical,-5.71875,-5.71875
Glucemia,-5.6875,-5.6875
Sericulturist,-5.5,-5.5
Platymery,-5.9375,-5.9375
Dramamine,-5.71875,-5.71875
Kataphoresis,-5.875,-5.875
Cofathership,-6.09375,-6.09375
Gametophytic,-5.84375,-5.84375
Polyglottonic,-5.625,-5.625
Isotopies,-5.84375,-5.84375
Wagonettes,-5.96875,-5.96875
Woolsower,-5.71875,-5.71875
Represent,-6.1875,-6.1875
Expanse,-5.59375,-5.59375
Halitoses,-5.96875,-5.96875
Telugu,-5.84375,-5.84375
Silvex,-5.71875,-5.71875
Rhodocystis,-5.71875,-5.71875
Jigaboo,-6.34375,-6.34375
Maternity,-5.84375,-5.84375
Snollygoster,-5.34375,-5.34375
Tenches,-5.59375,-5.59375
Sunblind,-5.71875,-5.71875
Photosyntax,-5.96875,-5.96875
Holomastigote,-5.9375,-5.9375
Transfuser,-5.71875,-5.71875
Perdrigon,-5.71875,-5.71875
Sphinx,-5.96875,-5.96875
Agnosy,-5.71875,-5.71875
Baguio,-5.96875,-5.96875
Dittos,-5.59375,-5.59375
Clofibrate,-5.6875,-5.6875
Cydippida,-5.71875,-5.71875
Stockpile,-5.96875,-5.96875
Unstraight,-5.96875,-5.96875
Patrioteer,-5.625,-5.625
Paranatellon,-5.84375,-5.84375
Alchem,-5.8125,-5.8125
Metretes,-5.9375,-5.9375
Possibilities,-5.9375,-5.9375
Pyrogenesia,-5.71875,-5.71875
Nonremedy,-5.5,-5.5
Ammonias,-5.71875,-5.71875
Exactions,-5.71875,-5.71875
Mattboard,-5.71875,-5.71875
Collegianer,-5.71875,-5.71875
Disillusionary,-5.71875,-5.71875
Dialkylic,-5.71875,-5.71875
Chromatist,-5.5,-5.5
Enchylematous,-5.6875,-5.6875
Infinitesimal,-5.71875,-5.71875
Nebuchadnezzar,-6.09375,-6.09375
Megasclerum,-5.84375,-5.84375
Keywords,-6.46875,-6.46875
Polyrhizal,-5.96875,-5.96875
Nymphae,-5.5,-5.5
Nondelirious,-5.46875,-5.46875
Phanariote,-5.71875,-5.71875
Rishis,-6.09375,-6.09375
Intents,-5.71875,-5.71875
Nonderelict,-5.5,-5.5
Spoutlike,-5.6875,-5.6875
Bantery,-6.21875,-6.21875
Polyzoary,-5.71875,-5.71875
Remission,-5.59375,-5.59375
Beneficential,-5.59375,-5.59375
Clumsier,-5.6875,-5.6875
Trifoliosis,-5.96875,-5.96875
Mudirieh,-6.0625,-6.0625
Klippe,-5.71875,-5.71875
Burghmote,-5.46875,-5.46875
Pretergress,-5.59375,-5.59375
Eunomian,-5.96875,-5.96875
Congelifract,-5.71875,-5.71875
Outtalks,-5.8125,-5.8125
Emptional,-5.59375,-5.59375
Ordnance,-5.59375,-5.59375
Hayings,-5.6875,-5.6875
Wellchosen,-5.625,-5.625
Houvari,-5.84375,-5.84375
Overdyer,-5.59375,-5.59375
Plumps,-5.59375,-5.59375
Warmen,-5.625,-5.625
Juridic,-5.96875,-5.96875
Hallel,-5.8125,-5.8125
Longspun,-5.59375,-5.59375
Gynaecocracy,-5.84375,-5.84375
Quadrates,-5.71875,-5.71875
Wattlework,-5.59375,-5.59375
Uaraycu,-5.84375,-5.84375
Pargeboard,-5.59375,-5.59375
Grissens,-6.09375,-6.09375
Bootblack,-5.8125,-5.8125
Pantopelagian,-5.71875,-5.71875
Sympathizer,-5.59375,-5.59375
Petrific,-5.59375,-5.59375
Priapulidae,-5.84375,-5.84375
Inferobranch,-5.8125,-5.8125
Partigen,-5.96875,-5.96875
Commercia,-5.96875,-5.96875
Molossian,-5.46875,-5.46875
Atmophile,-5.6875,-5.6875
Tribunate,-5.84375,-5.84375
Lycine,-5.71875,-5.71875
Setulae,-5.84375,-5.84375
Cholehematin,-5.96875,-5.96875
Neutrettos,-5.96875,-5.96875
Legalistic,-5.71875,-5.71875
Reborn,-5.46875,-5.46875
Cyclists,-5.84375,-5.84375
Rebids,-5.84375,-5.84375
Coaltitude,-6.21875,-6.21875
Ketolytic,-5.71875,-5.71875
Prestant,-6.0625,-6.0625
Jeopard,-5.71875,-5.71875
Polverine,-5.84375,-5.84375
Amplexuses,-5.8125,-5.8125
Florentinism,-6.4375,-6.4375
Multipurpose,-5.84375,-5.84375
Poultrydom,-5.84375,-5.84375
Maugre,-6.09375,-6.09375
Algefacient,-5.71875,-5.71875
Agrimotor,-5.96875,-5.96875
Tirthankara,-5.84375,-5.84375
Solidify,-6.09375,-6.09375
Monostelic,-5.71875,-5.71875
Sameks,-5.84375,-5.84375
Ocotillo,-5.84375,-5.84375
Preset,-5.71875,-5.71875
Banishes,-5.59375,-5.59375
Apokatastasis,-5.96875,-5.96875
Cardiomotility,-5.9375,-5.9375
Friths,-5.59375,-5.59375
Thornback,-5.71875,-5.71875
Unconsecrate,-5.5,-5.5
Mnemonics,-5.96875,-5.96875
Whoreson,-5.25,-5.25
Konjak,-5.96875,-5.96875
Braccianite,-5.84375,-5.84375
Carageen,-5.8125,-5.8125
Hemicataleptic,-5.6875,-5.6875
Dendrologic,-5.9375,-5.9375
Dahlsten,-5.71875,-5.71875
Chalcophanite,-5.84375,-5.84375
Circulet,-5.84375,-5.84375
Backband,-5.84375,-5.84375
Forestful,-5.9375,-5.9375
Hesperinon,-5.84375,-5.84375
Irenical,-5.46875,-5.46875
Daulias,-5.84375,-5.84375
Heteropodal,-5.96875,-5.96875
Excurrent,-5.9375,-5.9375
Semihyperbolic,-5.625,-5.625
Heteromeles,-5.59375,-5.59375
Bolognese,-5.96875,-5.96875
Weaser,-5.6875,-5.6875
Filename,-6.21875,-6.21875
Cathismata,-5.96875,-5.96875
Abluvion,-5.71875,-5.71875
Justers,-5.84375,-5.84375
Thaliard,-5.6875,-5.6875
Thetic,-5.8125,-5.8125
Pseudosematic,-5.84375,-5.84375
Epichorion,-5.71875,-5.71875
Woolshears,-5.84375,-5.84375
Lushiest,-5.59375,-5.59375
Kalewife,-5.8125,-5.8125
Floriken,-5.96875,-5.96875
Oxycholesterol,-6.09375,-6.09375
Alphabetizes,-5.6875,-5.6875
Walter,-5.8125,-5.8125
Nonbenevolent,-5.6875,-5.6875
Sexlike,-5.625,-5.625
Girths,-5.6875,-5.6875
Unearths,-5.59375,-5.59375
Cargadores,-6.0625,-6.0625
Nonsectarian,-5.84375,-5.84375
Bookland,-5.96875,-5.96875
Alexia,-5.71875,-5.71875
Locksmithery,-5.9375,-5.9375
Predictions,-5.8125,-5.8125
Erechtheus,-5.84375,-5.84375
Befancy,-5.625,-5.625
Heister,-5.9375,-5.9375
Payday,-5.46875,-5.46875
Gasifier,-5.84375,-5.84375
Unplace,-5.71875,-5.71875
Photodramatics,-5.59375,-5.59375
Coquinas,-5.84375,-5.84375
Dimities,-6.09375,-6.09375
Margarins,-5.96875,-5.96875
Taeniafuge,-5.46875,-5.46875
Noneditorial,-5.59375,-5.59375
Xenolith,-5.59375,-5.59375
Anaerobian,-5.8125,-5.8125
Subquintuple,-5.84375,-5.84375
Gorsechat,-5.71875,-5.71875
Apozem,-5.8125,-5.8125
Ionospheric,-6.09375,-6.09375
Purkinjean,-5.71875,-5.71875
Recurses,-5.46875,-5.46875
Susceptivity,-5.59375,-5.59375
Japonize,-6.09375,-6.09375
Discography,-5.71875,-5.71875
Langrage,-5.96875,-5.96875
Peritrophic,-5.71875,-5.71875
Bardiest,-5.59375,-5.59375
Axopodia,-5.59375,-5.59375
Bigotry,-6.1875,-6.1875
Balladwise,-6.09375,-6.09375
Hyperdoricism,-6.21875,-6.21875
Occlusion,-5.46875,-5.46875
Karyosome,-5.71875,-5.71875
Lappic,-5.84375,-5.84375
Tenalgia,-5.71875,-5.71875
Younker,-5.59375,-5.59375
Subicteric,-5.875,-5.875
Sexism,-5.96875,-5.96875
Peripancreatic,-5.84375,-5.84375
Unabsolute,-6.0625,-6.0625
Inters,-5.71875,-5.71875
Mollycoddler,-6.21875,-6.21875
Deboites,-5.96875,-5.96875
Snarer,-5.6875,-5.6875
Hookah,-5.8125,-5.8125
Ambosexual,-5.96875,-5.96875
Lattin,-5.59375,-5.59375
Stonehenge,-5.6875,-5.6875
Plagiotropous,-5.6875,-5.6875
Formulism,-5.84375,-5.84375
Proselytes,-6.09375,-6.09375
Merotomy,-5.96875,-5.96875
Trophozooid,-5.25,-5.25
Periphlebitis,-6.09375,-6.09375
Chrysidella,-5.71875,-5.71875
Magrim,-5.5625,-5.5625
Deconcatenate,-5.8125,-5.8125
Equisurface,-6.09375,-6.09375
Gerontal,-6.09375,-6.09375
Inculcative,-5.6875,-5.6875
Suzerainship,-5.84375,-5.84375
Panidiomorphic,-5.84375,-5.84375
Goodlike,-5.59375,-5.59375
Sciosophy,-6.09375,-6.09375
Unfermentative,-5.46875,-5.46875
Antivirus,-5.75,-5.75
Concause,-5.84375,-5.84375
Scious,-5.71875,-5.71875
Amphidromia,-5.71875,-5.71875
Trimucronatus,-5.84375,-5.84375
Ianthina,-5.84375,-5.84375
Rattens,-5.84375,-5.84375
Radiophysics,-5.71875,-5.71875
Toolless,-5.96875,-5.96875
Unannunciative,-5.625,-5.625
Lunets,-5.96875,-5.96875
Autacoids,-5.84375,-5.84375
Sextulary,-5.96875,-5.96875
Idealizations,-5.84375,-5.84375
Drugger,-5.625,-5.625
Chorizontes,-6.09375,-6.09375
Quipsome,-5.6875,-5.6875
Multiversities,-5.96875,-5.96875
Tetras,-5.71875,-5.71875
Aminomyelin,-6.09375,-6.09375
Gauntest,-5.59375,-5.59375
Amphirhinal,-5.8125,-5.8125
Metallochromy,-5.96875,-5.96875
Rejiggers,-5.59375,-5.59375
Scrappler,-5.6875,-5.6875
Septifarious,-5.71875,-5.71875
Goatherd,-5.96875,-5.96875
Figurative,-6.1875,-6.1875
Nature,-5.59375,-5.59375
Preaffirmative,-5.75,-5.75
Sunsmitten,-5.84375,-5.84375
Aurorian,-5.71875,-5.71875
Ratiocinations,-5.5,-5.5
Almehs,-6.0625,-6.0625
Pitmaker,-5.59375,-5.59375
Tetanigenous,-5.34375,-5.34375
Freestyle,-5.8125,-5.8125
Procurrent,-5.9375,-5.9375
Howker,-5.84375,-5.84375
Kelotomies,-5.96875,-5.96875
Remoter,-5.6875,-5.6875
Wingtip,-5.5,-5.5
Mushier,-5.84375,-5.84375
Antibubonic,-5.9375,-5.9375
Biographic,-5.8125,-5.8125
Girshes,-5.71875,-5.71875
Diphtherotoxin,-5.84375,-5.84375
Sawneys,-5.46875,-5.46875
Natricine,-5.84375,-5.84375
Overtires,-5.84375,-5.84375
Alienism,-5.625,-5.625
Munchausenism,-6.71875,-6.71875
Emmeleia,-6.21875,-6.21875
Refinage,-5.71875,-5.71875
Organises,-5.96875,-5.96875
Plenarty,-5.84375,-5.84375
Asseverative,-5.84375,-5.84375
Portolano,-5.8125,-5.8125
Pioscope,-5.84375,-5.84375
Prevalescent,-5.96875,-5.96875
Collimators,-5.71875,-5.71875
Orthostichy,-5.71875,-5.71875
Overblanch,-5.59375,-5.59375
Mediatize,-6.34375,-6.34375
Topazolite,-5.96875,-5.96875
Arithmetician,-5.375,-5.375
Bloodbath,-5.71875,-5.71875
Ulidia,-5.84375,-5.84375
Nutbrown,-5.8125,-5.8125
Superfete,-5.59375,-5.59375
Pyrrhous,-5.34375,-5.34375
Trochili,-5.75,-5.75
Tesvino,-5.6875,-5.6875
Triglochin,-5.8125,-5.8125
Glossorrhaphy,-5.96875,-5.96875
Richard,-5.8125,-5.8125
Trucha,-5.71875,-5.71875
Propagulum,-6.1875,-6.1875
Universitylike,-6.21875,-6.21875
Disarticulator,-5.71875,-5.71875
Cushaws,-5.46875,-5.46875
Alloxuremia,-6.09375,-6.09375
Predetain,-5.71875,-5.71875
Forebespeak,-5.625,-5.625
Sludge,-5.375,-5.375
Protargin,-5.71875,-5.71875
Reknock,-5.71875,-5.71875
Combustor,-5.59375,-5.59375
Becloaks,-5.46875,-5.46875
Dastur,-5.84375,-5.84375
Cassalty,-5.8125,-5.8125
Obsoletes,-5.84375,-5.84375
Draughtman,-5.21875,-5.21875
Damnedest,-5.25,-5.25
Stromateoid,-5.96875,-5.96875
Japannery,-5.59375,-5.59375
Devisees,-5.84375,-5.84375
Canistel,-5.59375,-5.59375
Heppen,-6.09375,-6.09375
Paleman,-5.84375,-5.84375
Colonnette,-5.71875,-5.71875
Gagster,-5.8125,-5.8125
Vairee,-5.71875,-5.71875
Imaumbarah,-5.75,-5.75
Anthochlor,-5.71875,-5.71875
Otopathy,-5.96875,-5.96875
Fiorin,-5.6875,-5.6875
Semiconnate,-5.375,-5.375
Sawyer,-5.59375,-5.59375
Azophenol,-5.84375,-5.84375
Rosety,-5.84375,-5.84375
Chithe,-5.9375,-5.9375
Graphologic,-6.09375,-6.09375
Ischiatic,-5.6875,-5.6875
Discontinual,-5.71875,-5.71875
Parodistic,-5.96875,-5.96875
Iniome,-5.71875,-5.71875
Catdom,-6.09375,-6.09375
Duumvir,-5.84375,-5.84375
Peabush,-5.8125,-5.8125
Drudges,-5.375,-5.375
Erythroid,-5.59375,-5.59375
Champacs,-6.09375,-6.09375
Slopmaker,-5.8125,-5.8125
Suburbanite,-5.34375,-5.34375
Commutant,-5.84375,-5.84375
Breton,-5.71875,-5.71875
Nondyspeptical,-5.71875,-5.71875
Glaciers,-5.71875,-5.71875
Citrous,-5.6875,-5.6875
Amuyon,-6.21875,-6.21875
Waywodeship,-5.46875,-5.46875
Deducer,-5.71875,-5.71875
Fecket,-5.59375,-5.59375
Sleepward,-5.8125,-5.8125
Mansard,-5.8125,-5.8125
Microtubule,-5.46875,-5.46875
Cercospora,-5.71875,-5.71875
Adoperate,-5.8125,-5.8125
Culicifugal,-5.71875,-5.71875
Illogicalities,-5.84375,-5.84375
Vendees,-5.9375,-5.9375
Diazoic,-5.71875,-5.71875
Undexterous,-5.5,-5.5
Duelli,-6.09375,-6.09375
Sports,-5.71875,-5.71875
Hydrographer,-5.5,-5.5
Nosairian,-5.59375,-5.59375
Prosthionic,-5.71875,-5.71875
Angelophany,-6.21875,-6.21875
Khanjee,-5.84375,-5.84375
Grocery,-5.46875,-5.46875
Antipasch,-5.96875,-5.96875
Baluchithere,-5.71875,-5.71875
Missionaryship,-5.84375,-5.84375
Oxbows,-5.96875,-5.96875
Attntrp,-5.59375,-5.59375
Euplectella,-5.71875,-5.71875
Teleobjective,-5.84375,-5.84375
Obstetrist,-5.59375,-5.59375
Rhabdosome,-5.71875,-5.71875
Sensibles,-5.96875,-5.96875
Forevalue,-5.9375,-5.9375
Abhiseka,-5.8125,-5.8125
Unasterisk,-5.625,-5.625
Huffler,-5.59375,-5.59375
Swingles,-5.84375,-5.84375
Anneslia,-5.96875,-5.96875
Crackles,-5.46875,-5.46875
Rappen,-5.96875,-5.96875
Acroceraunian,-5.5,-5.5
Swangy,-5.84375,-5.84375
Pearlike,-5.84375,-5.84375
Nonpictorial,-5.59375,-5.59375
Pilikia,-6.09375,-6.09375
Mokihi,-5.96875,-5.96875
Cacothansia,-6.09375,-6.09375
Pelerine,-5.84375,-5.84375
Tubulipora,-5.8125,-5.8125
Protestantism,-6.09375,-6.09375
Opegrapha,-5.96875,-5.96875
Odometer,-5.71875,-5.71875
Griffinhood,-5.84375,-5.84375
Photogeologic,-5.625,-5.625
Shrinkage,-5.71875,-5.71875
Appoggiaturas,-6.09375,-6.09375
Tubercula,-5.46875,-5.46875
Interpolant,-5.71875,-5.71875
Deadpans,-5.59375,-5.59375
Empales,-5.84375,-5.84375
Zamboorak,-5.59375,-5.59375
Linksmen,-6.09375,-6.09375
Gazebo,-5.8125,-5.8125
Pyromucate,-5.71875,-5.71875
Reclean,-5.625,-5.625
Dikephobia,-6.21875,-6.21875
Auriphrygia,-5.59375,-5.59375
Dogshore,-6.09375,-6.09375
Flatdom,-6.4375,-6.4375
Mandaeism,-6.09375,-6.09375
Pickaback,-5.59375,-5.59375
Outserts,-5.84375,-5.84375
Lacertilian,-5.71875,-5.71875
Spense,-5.8125,-5.8125
Marantaceous,-5.8125,-5.8125
Plonko,-5.71875,-5.71875
Pellicula,-5.125,-5.125
Schizogenesis,-5.84375,-5.84375
Cattlefold,-5.59375,-5.59375
Hydrocorisae,-5.625,-5.625
Supermolten,-5.9375,-5.9375
Fireshine,-5.96875,-5.96875
Hellenizer,-5.96875,-5.96875
Clauber,-5.46875,-5.46875
Clitoromania,-6.09375,-6.09375
Shacko,-5.59375,-5.59375
Albescent,-5.8125,-5.8125
Stepaunt,-5.59375,-5.59375
Exfiltrate,-5.96875,-5.96875
Trioecious,-5.625,-5.625
Blastoidea,-5.84375,-5.84375
Otaria,-5.96875,-5.96875
Nitratine,-5.71875,-5.71875
Arcticology,-5.96875,-5.96875
Brittler,-5.84375,-5.84375
Glomerulose,-5.75,-5.75
Congos,-5.46875,-5.46875
Ochnaceae,-6.09375,-6.09375
Vivaries,-5.8125,-5.8125
Alginuresis,-5.84375,-5.84375
Angiomata,-5.84375,-5.84375
Gouvernantes,-6.09375,-6.09375
Mississippi,-6.5625,-6.5625
Peleus,-5.46875,-5.46875
Tostamente,-5.9375,-5.9375
Skelic,-5.71875,-5.71875
Polypoid,-5.71875,-5.71875
Imbrues,-5.71875,-5.71875
Sergeantcy,-5.96875,-5.96875
Conelrads,-5.46875,-5.46875
Misanthropic,-5.84375,-5.84375
Humates,-6.09375,-6.09375
Systematism,-5.96875,-5.96875
Variformity,-5.84375,-5.84375
Anisomyodous,-5.96875,-5.96875
Neutralists,-6.0625,-6.0625
Homosexuals,-5.59375,-5.59375
Shammer,-5.71875,-5.71875
Periodontist,-5.71875,-5.71875
Evacuative,-5.5,-5.5
Spriggy,-5.96875,-5.96875
Aspout,-5.5625,-5.5625
Tittymouse,-5.46875,-5.46875
Bradytrophic,-5.71875,-5.71875
Zygodont,-5.34375,-5.34375
Pupfish,-5.71875,-5.71875
Farreate,-6.09375,-6.09375
Semitruthful,-5.5,-5.5
Corregidores,-5.96875,-5.96875
Winterage,-5.59375,-5.59375
Fanfaronade,-6.21875,-6.21875
Tarefa,-5.9375,-5.9375
Antiphonal,-5.71875,-5.71875
Crayonist,-5.625,-5.625
Declensions,-5.71875,-5.71875
Lipobranchia,-5.9375,-5.9375
Transplanters,-5.96875,-5.96875
Jesuitist,-5.5,-5.5
Chondritic,-5.71875,-5.71875
Rochelime,-5.84375,-5.84375
Filbert,-5.8125,-5.8125
Mildish,-5.8125,-5.8125
Anomalist,-5.71875,-5.71875
Gliffy,-5.375,-5.375
Palatic,-5.96875,-5.96875
Coactor,-5.71875,-5.71875
Esteriferous,-5.84375,-5.84375
Pinatas,-5.875,-5.875
Costars,-5.96875,-5.96875
Redisseise,-5.8125,-5.8125
Hydrophilism,-5.84375,-5.84375
Convocate,-5.96875,-5.96875
Metathorax,-5.84375,-5.84375
Flounce,-5.8125,-5.8125
Kairine,-5.71875,-5.71875
Weevilproof,-5.59375,-5.59375
Shebar,-5.8125,-5.8125
Renvoy,-6.09375,-6.09375
Unspar,-5.71875,-5.71875
Nonsteroid,-5.375,-5.375
Immoralize,-5.46875,-5.46875
Bagnio,-5.71875,-5.71875
Baizas,-5.84375,-5.84375
Lycopodiaceae,-5.96875,-5.96875
Necrologies,-5.84375,-5.84375
Megass,-5.84375,-5.84375
Discrepancries,-5.59375,-5.59375
Spectatory,-5.71875,-5.71875
Unstraps,-5.8125,-5.8125
Unbowel,-5.71875,-5.71875
Meadwort,-5.71875,-5.71875
Hysteresial,-5.71875,-5.71875
Capitolian,-5.5,-5.5
Onehow,-5.71875,-5.71875
Allosaur,-5.46875,-5.46875
Poplitaeal,-6.09375,-6.09375
Ostlers,-5.96875,-5.96875
Pertinentia,-5.84375,-5.84375
Exdividend,-5.84375,-5.84375
Cenozoic,-5.59375,-5.59375
Granulocyte,-5.71875,-5.71875
Sinologist,-6.09375,-6.09375
Macrocornea,-6.1875,-6.1875
Capharnaism,-6.09375,-6.09375
Kauravas,-5.96875,-5.96875
Manifestos,-6.09375,-6.09375
Insanitary,-5.375,-5.375
Misopedia,-6.5625,-6.5625
Schraubthaler,-5.71875,-5.71875
Inbrought,-5.625,-5.625
Nuttallia,-5.6875,-5.6875
Chelator,-5.84375,-5.84375
Nabbuk,-6.09375,-6.09375
Heteropelmous,-5.46875,-5.46875
Formanilide,-5.84375,-5.84375
Eyebath,-5.625,-5.625
Memorabilia,-5.625,-5.625
Chondromucoid,-5.96875,-5.96875
Devadasi,-5.84375,-5.84375
Assemblywoman,-5.59375,-5.59375
Footstalk,-5.71875,-5.71875
Haliotoid,-5.8125,-5.8125
Hyperkeratotic,-5.71875,-5.71875
Includes,-5.96875,-5.96875
Bridgetin,-5.71875,-5.71875
Disconsent,-5.84375,-5.84375
Exomphalos,-5.46875,-5.46875
Aquatic,-5.59375,-5.59375
Propenes,-6.1875,-6.1875
Treasureless,-5.84375,-5.84375
Racket,-5.71875,-5.71875
Prescriber,-5.71875,-5.71875
Kamptulicon,-5.6875,-5.6875
Tertius,-5.59375,-5.59375
Pedipalpal,-5.71875,-5.71875
Druery,-5.71875,-5.71875
Messinese,-5.96875,-5.96875
Synallaxine,-5.71875,-5.71875
Goujons,-5.84375,-5.84375
Auspicy,-5.71875,-5.71875
Intexture,-5.84375,-5.84375
Geochemical,-5.84375,-5.84375
Choriomas,-5.96875,-5.96875
Oklahoman,-5.46875,-5.46875
Vagabondish,-5.71875,-5.71875
Castory,-5.8125,-5.8125
Masonries,-5.84375,-5.84375
Liroconite,-5.84375,-5.84375
Solarize,-6.09375,-6.09375
Speiskobalt,-5.9375,-5.9375
Amissible,-5.71875,-5.71875
Stupent,-5.46875,-5.46875
Goniodoris,-5.34375,-5.34375
Fondon,-5.9375,-5.9375
Nonoccult,-5.59375,-5.59375
Cantatory,-5.84375,-5.84375
Patrilateral,-5.84375,-5.84375
Strophotaxis,-5.71875,-5.71875
Recopy,-5.71875,-5.71875
Dermatographia,-5.8125,-5.8125
Conine,-5.96875,-5.96875
Diocese,-5.5,-5.5
Fledgeless,-5.71875,-5.71875
Overseers,-5.71875,-5.71875
Squinnier,-5.25,-5.25
Converser,-5.71875,-5.71875
Vigilante,-5.59375,-5.59375
Proselytist,-5.8125,-5.8125
Snozzle,-5.59375,-5.59375
Unregular,-5.71875,-5.71875
Dedecorate,-5.59375,-5.59375
Coccogoneae,-5.84375,-5.84375
Felinities,-5.71875,-5.71875
Pantographer,-5.71875,-5.71875
Soldieries,-5.71875,-5.71875
Acaridan,-5.8125,-5.8125
Discourses,-5.96875,-5.96875
Postglenoidal,-5.59375,-5.59375
Yemeless,-5.84375,-5.84375
Unacquit,-5.71875,-5.71875
Fustianish,-5.8125,-5.8125
Beslings,-5.84375,-5.84375
Ensoul,-5.96875,-5.96875
Cachectic,-5.59375,-5.59375
Bourdis,-5.96875,-5.96875
Associatory,-6.0625,-6.0625
Pomiculture,-5.71875,-5.71875
Tumorlike,-5.71875,-5.71875
Moondown,-5.71875,-5.71875
Millihenries,-5.46875,-5.46875
Zibethone,-5.84375,-5.84375
Penthemimeral,-5.59375,-5.59375
Comitragedy,-5.84375,-5.84375
Tartuffian,-5.46875,-5.46875
Methodiser,-5.75,-5.75
Dormitories,-5.71875,-5.71875
Motherland,-5.96875,-5.96875
Governors,-6.09375,-6.09375
Hexammine,-5.5625,-5.5625
Heatstrokes,-5.59375,-5.59375
Acrosarc,-5.84375,-5.84375
Ambience,-5.6875,-5.6875
Sulkier,-5.8125,-5.8125
Brickliner,-5.71875,-5.71875
Anchistopoda,-6.09375,-6.09375
Tideways,-5.96875,-5.96875
Doughmaker,-5.5,-5.5
Perigynies,-5.59375,-5.59375
Religionize,-6.125,-6.125
Figwort,-5.71875,-5.71875
Arteriopathy,-5.96875,-5.96875
Periodontum,-5.71875,-5.71875
Alleviations,-5.96875,-5.96875
Peritoneoscopy,-6.21875,-6.21875
Voetsek,-6.34375,-6.34375
Chundari,-6.09375,-6.09375
Ethnogeny,-5.96875,-5.96875
Phantasmagoria,-5.71875,-5.71875
Mesophyllic,-5.96875,-5.96875
Hallower,-5.59375,-5.59375
Scholarch,-5.71875,-5.71875
Roughdries,-5.84375,-5.84375
Windshock,-5.59375,-5.59375
Capitoline,-5.34375,-5.34375
Laevoversion,-5.84375,-5.84375
Spitish,-5.71875,-5.71875
Agathodaemon,-5.84375,-5.84375
Linearity,-6.09375,-6.09375
Zabajones,-6.09375,-6.09375
Underarch,-5.84375,-5.84375
Corder,-5.96875,-5.96875
Kickout,-5.59375,-5.59375
Practiser,-5.625,-5.625
Rubbio,-5.21875,-5.21875
Mayhems,-6.3125,-6.3125
Debars,-5.71875,-5.71875
Oxyphilous,-5.84375,-5.84375
Lidflower,-5.8125,-5.8125
Experimental,-5.71875,-5.71875
Pipecolinic,-5.71875,-5.71875
Implausibility,-5.71875,-5.71875
Tableware,-5.9375,-5.9375
Giocoso,-5.6875,-5.6875
Odontophobia,-5.84375,-5.84375
Gastful,-5.71875,-5.71875
Thicketful,-5.71875,-5.71875
Chandelles,-5.96875,-5.96875
Testule,-5.625,-5.625
Gaumless,-5.71875,-5.71875
Epiphytical,-5.625,-5.625
Seralbumin,-5.96875,-5.96875
Disporum,-5.84375,-5.84375
Histotherapy,-5.84375,-5.84375
Ischiopubis,-5.96875,-5.96875
Perigastritis,-5.96875,-5.96875
Tillamook,-5.59375,-5.59375
Neroic,-5.71875,-5.71875
Hagueton,-5.9375,-5.9375
Pericolitis,-5.71875,-5.71875
Organzine,-6.09375,-6.09375
Borofluoric,-5.59375,-5.59375
Amylamine,-5.9375,-5.9375
Anticreational,-5.625,-5.625
Steric,-5.59375,-5.59375
Didunculidae,-5.96875,-5.96875
Dissocialize,-5.59375,-5.59375
Nonpunctual,-5.46875,-5.46875
Eisodic,-5.84375,-5.84375
Ookinetic,-6.09375,-6.09375
Earthwards,-5.96875,-5.96875
Retinene,-5.71875,-5.71875
Diureses,-5.75,-5.75
Isostemonous,-5.59375,-5.59375
Calumniatory,-5.625,-5.625
Atlantes,-5.59375,-5.59375
Pietic,-5.96875,-5.96875
Retrovaccinate,-5.875,-5.875
Bakemeats,-5.84375,-5.84375
Polygrammatic,-5.71875,-5.71875
Aragonese,-5.96875,-5.96875
Epistolet,-5.625,-5.625
Uvularia,-5.34375,-5.34375
Dingbats,-5.84375,-5.84375
Bradykinetic,-5.96875,-5.96875
Antiprinciple,-5.96875,-5.96875
Latrines,-5.9375,-5.9375
Nietzscheanism,-6.09375,-6.09375
Nonmyopic,-5.625,-5.625
Unkennel,-5.5,-5.5
Unprecedential,-5.84375,-5.84375
Finicality,-6.09375,-6.09375
Saccharate,-5.8125,-5.8125
Penneeck,-5.96875,-5.96875
Ramosity,-6.09375,-6.09375
Solenium,-6.21875,-6.21875
Steersmate,-5.84375,-5.84375
Plounce,-5.71875,-5.71875
Longcloth,-5.625,-5.625
Wingspan,-5.9375,-5.9375
Disseizure,-5.84375,-5.84375
Analogical,-5.84375,-5.84375
Routier,-5.84375,-5.84375
Giboia,-5.71875,-5.71875
Zaddickim,-6.09375,-6.09375
Saraband,-5.96875,-5.96875
Romain,-5.8125,-5.8125
Prediscovery,-5.59375,-5.59375
Apargia,-5.84375,-5.84375
Jealousies,-5.71875,-5.71875
Urethrospasm,-6.09375,-6.09375
Sirenize,-5.9375,-5.9375
Hypochrosis,-5.84375,-5.84375
Gridiron,-5.75,-5.75
Inquisitorship,-5.84375,-5.84375
Rusticate,-5.8125,-5.8125
Nocumentum,-5.84375,-5.84375
Clericality,-6.09375,-6.09375
Reformationary,-5.46875,-5.46875
Wampums,-5.96875,-5.96875
Colossality,-5.84375,-5.84375
Fishwoman,-5.625,-5.625
Jambonneau,-5.96875,-5.96875
Icacorea,-5.96875,-5.96875
Agrest,-5.5,-5.5
Gordioidea,-5.71875,-5.71875
Analav,-5.8125,-5.8125
Fivish,-5.8125,-5.8125
Audiophiles,-6.0,-6.0
Funnelform,-5.8125,-5.8125
Ophiobatrachia,-6.09375,-6.09375
Movant,-5.84375,-5.84375
Sinologer,-6.09375,-6.09375
Democratical,-5.96875,-5.96875
Lymphopoiesis,-6.21875,-6.21875
Matabele,-6.09375,-6.09375
Parridae,-6.09375,-6.09375
Fundraise,-6.0625,-6.0625
Uncoaxal,-5.6875,-5.6875
Spatterdashes,-5.59375,-5.59375
Intonaci,-5.71875,-5.71875
Wheneer,-5.5,-5.5
Exaggerators,-6.09375,-6.09375
Whitestone,-5.5,-5.5
Prolactin,-5.84375,-5.84375
Chylous,-5.71875,-5.71875
Recognitor,-5.96875,-5.96875
Kaffirs,-5.84375,-5.84375
Lucken,-5.9375,-5.9375
Carbonyl,-5.59375,-5.59375
Recordist,-5.6875,-5.6875
Tilery,-5.59375,-5.59375
Encrinus,-5.625,-5.625
Opalinidae,-6.21875,-6.21875
Stasiphobia,-6.34375,-6.34375
Pelasgian,-5.34375,-5.34375
Dulcitude,-5.71875,-5.71875
Theotherapist,-5.375,-5.375
Pelycosaur,-5.5,-5.5
Decatyl,-5.96875,-5.96875
Skeletonlike,-5.96875,-5.96875
Anchoic,-5.8125,-5.8125
Flingy,-5.46875,-5.46875
Earmuff,-5.59375,-5.59375
Annattos,-5.9375,-5.9375
Dramatizer,-5.46875,-5.46875
Snuggies,-5.6875,-5.6875
Minimism,-6.09375,-6.09375
Kibosh,-5.46875,-5.46875
Redward,-5.9375,-5.9375
Whalers,-5.5,-5.5
Trinitride,-5.71875,-5.71875
Nosophyte,-5.59375,-5.59375
Bialveolar,-5.8125,-5.8125
Understamp,-5.8125,-5.8125
Occasionalism,-5.96875,-5.96875
Mythography,-5.96875,-5.96875
Zaurak,-5.84375,-5.84375
Hyperper,-6.0625,-6.0625
Cavalla,-5.96875,-5.96875
Archegone,-5.5,-5.5
Hylogenesis,-5.84375,-5.84375
Todidae,-5.96875,-5.96875
Nationalist,-5.71875,-5.71875
Pneumatist,-5.59375,-5.59375
Widthless,-5.71875,-5.71875
Economism,-6.09375,-6.09375
Overmerciful,-5.59375,-5.59375
Nyctalopia,-5.84375,-5.84375
Ashlars,-5.59375,-5.59375
Stomium,-5.96875,-5.96875
Plexiform,-5.84375,-5.84375
Fallout,-5.34375,-5.34375
Penciler,-5.21875,-5.21875
Victimise,-6.09375,-6.09375
Nonfusible,-5.375,-5.375
Listerize,-5.8125,-5.8125
Drupetum,-5.59375,-5.59375
Pratincolous,-5.71875,-5.71875
Catocala,-5.96875,-5.96875
Tetragonia,-5.71875,-5.71875
Tenter,-5.84375,-5.84375
Belard,-5.84375,-5.84375
Cocarde,-5.96875,-5.96875
Encrimson,-5.75,-5.75
Cerebellitis,-5.8125,-5.8125
Becuiba,-5.84375,-5.84375
Apiculture,-5.71875,-5.71875
Bismuthide,-5.71875,-5.71875
Unpenurious,-5.59375,-5.59375
Glucosin,-5.71875,-5.71875
Calabar,-5.59375,-5.59375
Slifter,-5.375,-5.375
Agromyzid,-5.59375,-5.59375
Carneys,-5.59375,-5.59375
Mittle,-5.96875,-5.96875
Whitmanize,-5.125,-5.125
Adhesives,-5.8125,-5.8125
Nesiote,-5.8125,-5.8125
Paranucleus,-5.84375,-5.84375
Presences,-5.84375,-5.84375
Pressrun,-5.625,-5.625
Hanoverianize,-6.09375,-6.09375
Downhills,-5.59375,-5.59375
Eristical,-5.59375,-5.59375
Eptatretus,-5.84375,-5.84375
Figary,-6.09375,-6.09375
Canzonetta,-5.96875,-5.96875
Thrail,-5.625,-5.625
Amaryllidaceae,-5.84375,-5.84375
Incensories,-5.59375,-5.59375
Perceptual,-5.71875,-5.71875
Recrescence,-5.59375,-5.59375
Snobbiest,-5.71875,-5.71875
Mournings,-5.96875,-5.96875
Trophoneurotic,-5.71875,-5.71875
Syringin,-5.84375,-5.84375
Acetylurea,-5.75,-5.75
Entrail,-5.6875,-5.6875
Scantlings,-5.375,-5.375
Immunises,-5.71875,-5.71875
Porosimeter,-5.625,-5.625
Rhizopuses,-5.71875,-5.71875
Museum,-5.75,-5.75
Gropers,-6.34375,-6.34375
Effusion,-5.71875,-5.71875
Predissolve,-5.8125,-5.8125
Balaustre,-5.71875,-5.71875
Laotian,-5.46875,-5.46875
Heightener,-5.59375,-5.59375
Lithoclasty,-6.1875,-6.1875
Moutlers,-5.96875,-5.96875
Suppurates,-5.71875,-5.71875
Kuehneola,-5.9375,-5.9375
Deepish,-5.59375,-5.59375
Layovers,-6.09375,-6.09375
Excrescent,-5.71875,-5.71875
Explorate,-5.84375,-5.84375
Overgratitude,-5.71875,-5.71875
Nonhesitant,-5.625,-5.625
Archencephala,-5.75,-5.75
Vamphorn,-5.8125,-5.8125
Rovetto,-5.96875,-5.96875
Chicago,-5.9375,-5.9375
Translucid,-5.9375,-5.9375
Visibility,-5.84375,-5.84375
Magmatic,-5.8125,-5.8125
Bittern,-5.84375,-5.84375
Podarthrum,-5.96875,-5.96875
Zeuglodont,-5.6875,-5.6875
Arraignability,-5.8125,-5.8125
Aeroplanist,-5.5,-5.5
Notalgia,-5.96875,-5.96875
Democratian,-5.59375,-5.59375
Halakhist,-5.59375,-5.59375
Prorogator,-5.46875,-5.46875
Syndesmosis,-5.84375,-5.84375
Palladian,-5.71875,-5.71875
Chlorambucil,-5.84375,-5.84375
Citizendom,-6.21875,-6.21875
Quadragesimal,-5.84375,-5.84375
Genian,-5.9375,-5.9375
Solomonic,-5.96875,-5.96875
Cordies,-5.59375,-5.59375
Rumormonger,-5.59375,-5.59375
Receptant,-5.59375,-5.59375
Equivocators,-6.34375,-6.34375
Turpentinous,-5.59375,-5.59375
Rufflike,-5.8125,-5.8125
Browbound,-6.09375,-6.09375
Unapparent,-5.84375,-5.84375
Disanney,-5.59375,-5.59375
Placatory,-5.46875,-5.46875
Naphthionate,-5.71875,-5.71875
Endopleural,-5.9375,-5.9375
Laminal,-5.96875,-5.96875
Trillachan,-5.71875,-5.71875
Calvinists,-6.21875,-6.21875
Incastellate,-5.8125,-5.8125
Curiae,-5.84375,-5.84375
Tedeschi,-5.84375,-5.84375
Hydrometric,-5.9375,-5.9375
Infravaginal,-5.71875,-5.71875
Efficiency,-5.96875,-5.96875
Antitrade,-5.96875,-5.96875
Harmonicism,-5.96875,-5.96875
Stuphe,-5.6875,-5.6875
Morosis,-5.84375,-5.84375
Bicornes,-5.96875,-5.96875
Frustratory,-5.46875,-5.46875
Shlemiel,-5.46875,-5.46875
Pursuitmeter,-5.59375,-5.59375
Micrometeoroid,-5.46875,-5.46875
Coontah,-5.6875,-5.6875
Porkburger,-5.71875,-5.71875
Extensile,-5.96875,-5.96875
Subhypotheses,-5.96875,-5.96875
Abrupt,-5.8125,-5.8125
Aelurophobe,-5.71875,-5.71875
Aecium,-5.84375,-5.84375
Averish,-5.71875,-5.71875
Lintel,-5.6875,-5.6875
Messiahs,-5.84375,-5.84375
Inkless,-5.6875,-5.6875
Unsartorial,-5.59375,-5.59375
Metastatical,-5.71875,-5.71875
Magyaran,-5.84375,-5.84375
Undismay,-5.6875,-5.6875
Utilizations,-5.625,-5.625
Leucoethiop,-5.8125,-5.8125
Cobblestones,-5.8125,-5.8125
Fustianist,-5.6875,-5.6875
Controverter,-5.71875,-5.71875
Veinlike,-5.59375,-5.59375
Thecasporous,-5.6875,-5.6875
Stomacher,-5.46875,-5.46875
Gynoecium,-5.71875,-5.71875
Traducent,-5.96875,-5.96875
Precontroversy,-5.71875,-5.71875
Communion,-5.84375,-5.84375
Kentuckians,-5.96875,-5.96875
Serophthisis,-5.59375,-5.59375
Unilobar,-6.21875,-6.21875
Carcinomorphic,-5.84375,-5.84375
Sprindge,-5.8125,-5.8125
Powdery,-5.71875,-5.71875
Phanerogamia,-5.84375,-5.84375
Embole,-5.46875,-5.46875
Clapholt,-5.8125,-5.8125
Hangbird,-5.8125,-5.8125
Umbonic,-5.71875,-5.71875
Coauthorship,-5.96875,-5.96875
Browless,-5.8125,-5.8125
Lemons,-5.71875,-5.71875
Splitmouth,-5.6875,-5.6875
Perish,-5.59375,-5.59375
Mogollon,-5.6875,-5.6875
Component,-5.71875,-5.71875
Slaveborn,-5.46875,-5.46875
Woolward,-5.71875,-5.71875
Droiture,-6.09375,-6.09375
Phreatic,-5.59375,-5.59375
Humankind,-6.3125,-6.3125
Metallike,-5.9375,-5.9375
Anamniotic,-5.9375,-5.9375
Landfall,-5.46875,-5.46875
Monoptic,-5.84375,-5.84375
Warsel,-5.59375,-5.59375
Entomophaga,-5.5,-5.5
Hostilize,-5.71875,-5.71875
Desolations,-5.59375,-5.59375
Sigmodont,-5.71875,-5.71875
Sonoran,-5.71875,-5.71875
Pretrace,-5.8125,-5.8125
Suborganic,-5.84375,-5.84375
Rondelet,-5.8125,-5.8125
Protoperlaria,-5.75,-5.75
Sonder,-6.09375,-6.09375
Lovelier,-6.0625,-6.0625
Slippier,-5.375,-5.375
Puggries,-5.59375,-5.59375
Arbuscles,-5.71875,-5.71875
Tenons,-5.59375,-5.59375
Salten,-5.71875,-5.71875
Reediest,-5.46875,-5.46875
Cutwater,-5.375,-5.375
Joyances,-5.96875,-5.96875
Caducean,-5.34375,-5.34375
Semicrepe,-5.8125,-5.8125
Slavemonger,-5.5,-5.5
Heartier,-5.96875,-5.96875
Nignye,-5.71875,-5.71875
Emboldens,-5.96875,-5.96875
Readept,-5.59375,-5.59375
Tetragons,-5.59375,-5.59375
Aeronomer,-5.71875,-5.71875
Caltrap,-5.46875,-5.46875
Coalfitter,-5.8125,-5.8125
Purgings,-5.84375,-5.84375
Astogeny,-5.46875,-5.46875
Calcaemia,-5.71875,-5.71875
Pyrrolidine,-5.75,-5.75
Forefigure,-5.71875,-5.71875
Spermologist,-5.375,-5.375
Apantesis,-5.71875,-5.71875
Pinchecks,-5.84375,-5.84375
Tormentive,-5.84375,-5.84375
Tarpaulian,-5.59375,-5.59375
Linenizer,-6.0625,-6.0625
Adfrozen,-5.84375,-5.84375
Papagay,-5.84375,-5.84375
Squibcrack,-5.34375,-5.34375
Equestrianship,-5.71875,-5.71875
Sparlings,-5.46875,-5.46875
Laniferous,-5.46875,-5.46875
Conversance,-5.8125,-5.8125
Houseridden,-5.59375,-5.59375
Epitonium,-5.71875,-5.71875
Neurosal,-5.9375,-5.9375
Flacks,-5.96875,-5.96875
Unanemic,-5.625,-5.625
Alamort,-5.71875,-5.71875
Douvecot,-5.71875,-5.71875
Sterilize,-5.59375,-5.59375
Unskillful,-5.59375,-5.59375
Fluoborite,-5.71875,-5.71875
Blossomless,-5.625,-5.625
Progresses,-5.71875,-5.71875
Iambelegus,-5.375,-5.375
Siphonostomous,-5.71875,-5.71875
Julolidin,-6.09375,-6.09375
Ustilaginaceae,-6.09375,-6.09375
Corrupt,-5.84375,-5.84375
Sanatarium,-5.59375,-5.59375
Illumine,-5.59375,-5.59375
Pleurotoma,-5.8125,-5.8125
Belletristic,-5.625,-5.625
Brushbird,-5.8125,-5.8125
Lardier,-5.96875,-5.96875
Methylol,-5.9375,-5.9375
Quadricipital,-5.71875,-5.71875
Citron,-5.8125,-5.8125
Twillings,-5.71875,-5.71875
Honorer,-6.09375,-6.09375
Ethanamide,-5.71875,-5.71875
Uplong,-5.71875,-5.71875
Cotyledonoid,-5.8125,-5.8125
Hypsochrome,-5.84375,-5.84375
Homozygosity,-5.625,-5.625
Ischialgia,-5.71875,-5.71875
Unhold,-5.71875,-5.71875
Reprobacy,-5.84375,-5.84375
Flechette,-5.71875,-5.71875
Impregnator,-5.34375,-5.34375
Iberic,-5.84375,-5.84375
Inkwells,-5.59375,-5.59375
Peripneumonic,-5.71875,-5.71875
Determinacy,-5.9375,-5.9375
Samplemen,-5.34375,-5.34375
Ostalgia,-6.21875,-6.21875
Lavenite,-5.96875,-5.96875
Bagpod,-5.96875,-5.96875
Trades,-5.84375,-5.84375
Ninnyship,-6.09375,-6.09375
Floral,-6.21875,-6.21875
Nectarin,-5.96875,-5.96875
Immunoreactive,-5.84375,-5.84375
Snappish,-5.375,-5.375
Liveware,-5.96875,-5.96875
Smearer,-5.375,-5.375
Undolorous,-5.6875,-5.6875
Basaree,-6.3125,-6.3125
Tympanichord,-5.59375,-5.59375
Thysanouran,-5.84375,-5.84375
Indesignate,-5.625,-5.625
Stummer,-5.84375,-5.84375
Platens,-5.6875,-5.6875
Palaeoecologic,-5.71875,-5.71875
Drawnwork,-5.71875,-5.71875
Malunion,-5.84375,-5.84375
Reclama,-5.96875,-5.96875
Retchless,-5.59375,-5.59375
Graphomaniacal,-5.625,-5.625
Milkshake,-5.71875,-5.71875
Auntsary,-5.9375,-5.9375
Undermuslin,-5.8125,-5.8125
Sclerophyll,-5.8125,-5.8125
Microsporiasis,-5.84375,-5.84375
Gladius,-5.8125,-5.8125
Busier,-5.8125,-5.8125
Cambridge,-6.0625,-6.0625
Tarweeds,-5.8125,-5.8125
Pistillary,-5.625,-5.625
Unominous,-5.71875,-5.71875
Vinblastine,-5.71875,-5.71875
Cornstalk,-5.71875,-5.71875
Fellon,-5.71875,-5.71875
Piarroan,-5.71875,-5.71875
Batrachoplasty,-6.21875,-6.21875
Enslave,-5.71875,-5.71875
Extrahepatic,-5.71875,-5.71875
Cyclitic,-5.96875,-5.96875
Amyliferous,-5.6875,-5.6875
Albuminometer,-6.0625,-6.0625
Arsonists,-6.09375,-6.09375
Trinkety,-5.59375,-5.59375
Overplump,-5.71875,-5.71875
Impertinence,-6.09375,-6.09375
Preacquaint,-5.71875,-5.71875
Antaios,-5.96875,-5.96875
Ciconiiform,-5.96875,-5.96875
Stageworthy,-5.8125,-5.8125
Christine,-5.84375,-5.84375
Torments,-5.71875,-5.71875
Bothie,-5.84375,-5.84375
Deflagrates,-5.84375,-5.84375
Acanthaceae,-5.84375,-5.84375
Antrotomy,-5.71875,-5.71875
Effects,-5.8125,-5.8125
Ticklenburgs,-6.09375,-6.09375
Placoids,-5.59375,-5.59375
Cochlospermum,-5.59375,-5.59375
Obdiplostemony,-5.71875,-5.71875
Oesophagism,-6.21875,-6.21875
Guaranin,-6.21875,-6.21875
Neighbour,-5.46875,-5.46875
Monosyllabize,-5.59375,-5.59375
Millennialism,-5.84375,-5.84375
Trichechus,-5.8125,-5.8125
Unmagnetical,-5.59375,-5.59375
Holotrichida,-6.3125,-6.3125
Overteem,-6.09375,-6.09375
Posies,-5.84375,-5.84375
Sparklet,-5.71875,-5.71875
Unregressive,-5.71875,-5.71875
Misbiasses,-6.09375,-6.09375
Viniferous,-5.59375,-5.59375
Nematognathous,-5.71875,-5.71875
Conventicles,-5.84375,-5.84375
Cancel,-6.09375,-6.09375
Guilandina,-5.84375,-5.84375
Doughs,-5.71875,-5.71875
Sweeties,-5.84375,-5.84375
Icterical,-5.5,-5.5
Autodyne,-5.9375,-5.9375
Andronitis,-5.71875,-5.71875
Rhamnonic,-5.6875,-5.6875
Palilia,-6.09375,-6.09375
Condemnatory,-5.84375,-5.84375
Phonometer,-5.5,-5.5
Serais,-5.96875,-5.96875
Shineless,-5.71875,-5.71875
Bullionless,-6.0625,-6.0625
Vinoacetous,-5.6875,-5.6875
Brumbie,-5.59375,-5.59375
Neothalamus,-5.96875,-5.96875
Unsentient,-5.34375,-5.34375
Browns,-5.59375,-5.59375
Fuffit,-6.1875,-6.1875
Elemis,-5.84375,-5.84375
Piscina,-5.46875,-5.46875
Helldog,-5.9375,-5.9375
Concionator,-5.71875,-5.71875
Phalangiid,-5.375,-5.375
Postpharyngeal,-5.84375,-5.84375
Piquets,-5.84375,-5.84375
Awonder,-5.59375,-5.59375
Protopectin,-5.8125,-5.8125
Mibound,-5.9375,-5.9375
Mouseries,-5.96875,-5.96875
Nonevaporative,-5.5,-5.5
Communise,-5.84375,-5.84375
Weiner,-5.96875,-5.96875
Inframaxillary,-5.71875,-5.71875
Aerotechnics,-6.09375,-6.09375
Nondirective,-5.6875,-5.6875
Saltbush,-5.8125,-5.8125
Prolify,-5.84375,-5.84375
Carnegie,-5.59375,-5.59375
Zapara,-5.84375,-5.84375
Spheradian,-5.9375,-5.9375
Hamleteer,-5.59375,-5.59375
Photomontage,-6.0,-6.0
Tzaddik,-5.96875,-5.96875
Miscegenator,-5.71875,-5.71875
Adenin,-5.71875,-5.71875
Myomalacia,-6.09375,-6.09375
Standish,-5.59375,-5.59375
Oppugnate,-5.84375,-5.84375
Trinary,-5.6875,-5.6875
Acyrology,-5.96875,-5.96875
Disroof,-5.84375,-5.84375
Cystofibroma,-5.96875,-5.96875
Suaveolent,-5.625,-5.625
Shakeproof,-5.8125,-5.8125
Bedstaff,-5.46875,-5.46875
Deports,-5.84375,-5.84375
Headle,-5.59375,-5.59375
Shagbag,-5.59375,-5.59375
Tamarind,-5.84375,-5.84375
Redolence,-5.46875,-5.46875
Matriarchate,-5.96875,-5.96875
Celestas,-5.34375,-5.34375
Counterbalance,-6.3125,-6.3125
Childwite,-5.59375,-5.59375
Godetia,-5.59375,-5.59375
Scalawaggy,-5.9375,-5.9375
Sweepy,-5.71875,-5.71875
Plutological,-5.84375,-5.84375
Flukeless,-5.71875,-5.71875
Smoothtongue,-5.71875,-5.71875
Overclouds,-6.09375,-6.09375
Contendent,-5.84375,-5.84375
Forenoons,-5.5,-5.5
Neuropodium,-5.9375,-5.9375
Astrionics,-5.84375,-5.84375
Sutorian,-5.96875,-5.96875
Generationism,-6.21875,-6.21875
Margay,-5.9375,-5.9375
Acerval,-5.96875,-5.96875
Carbides,-5.71875,-5.71875
Impregnatory,-5.46875,-5.46875
Subidar,-5.96875,-5.96875
Monadal,-5.59375,-5.59375
Overbillow,-5.6875,-5.6875
Subgroup,-5.71875,-5.71875
Sleeveless,-5.59375,-5.59375
Theravada,-6.09375,-6.09375
Funnier,-5.46875,-5.46875
Agaristidae,-5.96875,-5.96875
Trivialism,-5.96875,-5.96875
Geromorphism,-5.9375,-5.9375
Supraorbitar,-5.84375,-5.84375
Phanerogamous,-5.59375,-5.59375
Mutinado,-5.59375,-5.59375
Thoracostei,-5.84375,-5.84375
Eurygnathic,-5.8125,-5.8125
Gnocchetti,-5.96875,-5.96875
Brazilin,-5.71875,-5.71875
Underofficials,-5.84375,-5.84375
Moringuoid,-5.71875,-5.71875
Atroscine,-5.71875,-5.71875
Prophetesses,-6.09375,-6.09375
Ploimate,-5.96875,-5.96875
Questionist,-5.625,-5.625
Palaeogaea,-5.625,-5.625
Roundhead,-5.71875,-5.71875
Totemist,-5.46875,-5.46875
Zoophagus,-5.71875,-5.71875
Slibbersauce,-5.71875,-5.71875
Adamhood,-5.84375,-5.84375
Pedimentum,-5.71875,-5.71875
Grottesco,-5.71875,-5.71875
Archfriend,-5.625,-5.625
Aspersers,-6.09375,-6.09375
Chondroplast,-5.96875,-5.96875
Calamus,-5.59375,-5.59375
Devilhood,-5.96875,-5.96875
Naticidae,-5.84375,-5.84375
Effleurage,-6.3125,-6.3125
Humpiest,-5.59375,-5.59375
Untheologize,-5.9375,-5.9375
Ananthous,-5.6875,-5.6875
Peregrin,-5.34375,-5.34375
Anabranch,-5.84375,-5.84375
Nominatrix,-5.84375,-5.84375
Belialist,-5.46875,-5.46875
Attest,-5.9375,-5.9375
Constellations,-5.96875,-5.96875
Cydonia,-5.46875,-5.46875
Jibbooms,-5.71875,-5.71875
Muckrake,-5.46875,-5.46875
Tenotomist,-5.46875,-5.46875
Nurtural,-5.9375,-5.9375
Augustine,-5.71875,-5.71875
Metantimonite,-5.8125,-5.8125
Antefixal,-5.84375,-5.84375
Palladium,-6.09375,-6.09375
Barrio,-5.8125,-5.8125
Gurlet,-5.71875,-5.71875
Arcifinious,-5.625,-5.625
Ludwigite,-5.84375,-5.84375
Polygenetic,-5.71875,-5.71875
Solfeggiare,-5.9375,-5.9375
Charlatans,-6.34375,-6.34375
Smitham,-5.8125,-5.8125
Mazeful,-6.0625,-6.0625
Asporogenous,-5.8125,-5.8125
Outstudies,-5.75,-5.75
Paroch,-5.84375,-5.84375
Phonestheme,-5.625,-5.625
Steekkannen,-5.5,-5.5
Bohereen,-5.84375,-5.84375
Swordick,-5.71875,-5.71875
Cluniacensian,-5.71875,-5.71875
Overlimit,-5.8125,-5.8125
Enosises,-5.84375,-5.84375
Clerkless,-5.96875,-5.96875
Cibolero,-5.9375,-5.9375
Outpress,-5.71875,-5.71875
Platitudinism,-5.96875,-5.96875
Erythrodextrin,-5.84375,-5.84375
Quinolin,-5.625,-5.625
Chancemen,-5.96875,-5.96875
Apostrophes,-5.71875,-5.71875
Lysines,-5.59375,-5.59375
Litholapaxy,-5.875,-5.875
Champers,-6.09375,-6.09375
Godlike,-5.96875,-5.96875
Circulative,-5.9375,-5.9375
Unfaulty,-5.71875,-5.71875
Beetrave,-5.8125,-5.8125
Intermental,-5.8125,-5.8125
Ramsey,-5.84375,-5.84375
Coconstituent,-5.46875,-5.46875
Reinclusion,-6.21875,-6.21875
Antiprudential,-5.84375,-5.84375
Repins,-6.09375,-6.09375
Extranormal,-5.59375,-5.59375
Trenchward,-5.59375,-5.59375
Starker,-5.84375,-5.84375
Spouseless,-5.46875,-5.46875
Champerties,-6.21875,-6.21875
Biaxillary,-5.71875,-5.71875
Projectiles,-5.71875,-5.71875
Nowhere,-5.625,-5.625
Scagliolist,-5.59375,-5.59375
Thirls,-5.8125,-5.8125
Hydrostatics,-5.9375,-5.9375
Belgas,-5.84375,-5.84375
Lychnoscopic,-5.59375,-5.59375
Overcheap,-5.8125,-5.8125
Dislikers,-6.3125,-6.3125
Achromatism,-5.96875,-5.96875
Judica,-5.71875,-5.71875
Dominique,-6.21875,-6.21875
Freightliner,-5.6875,-5.6875
Pileiform,-5.84375,-5.84375
Corflambo,-5.84375,-5.84375
Chigetai,-5.96875,-5.96875
Benzalaniline,-5.9375,-5.9375
Baccalaureat,-6.09375,-6.09375
Gladiatorship,-6.1875,-6.1875
Apolarity,-5.84375,-5.84375
Baalism,-6.34375,-6.34375
Organonymal,-6.21875,-6.21875
Adiaphoresis,-6.21875,-6.21875
Hummel,-5.6875,-5.6875
Amyelinic,-5.84375,-5.84375
Polyglottery,-5.75,-5.75
Premusical,-5.71875,-5.71875
Streamless,-5.84375,-5.84375
Prenomen,-5.8125,-5.8125
Universology,-5.96875,-5.96875
Prudist,-5.59375,-5.59375
Watchman,-5.59375,-5.59375
Catwise,-5.96875,-5.96875
Stumblebum,-5.34375,-5.34375
Underhang,-5.9375,-5.9375
Monogenies,-5.71875,-5.71875
Barriers,-5.96875,-5.96875
Medula,-5.84375,-5.84375
Depsides,-5.84375,-5.84375
Turniplike,-5.84375,-5.84375
Volumetrical,-5.84375,-5.84375
Overruler,-5.5,-5.5
Preevade,-5.59375,-5.59375
Polyhedral,-5.5,-5.5
Cassioberry,-6.0625,-6.0625
Hemadrometry,-5.9375,-5.9375
Sematography,-5.71875,-5.71875
Kerbstone,-5.59375,-5.59375
Untumidity,-5.84375,-5.84375
Juliott,-5.84375,-5.84375
Huurder,-5.84375,-5.84375
Keratosropy,-5.71875,-5.71875
Allozooid,-5.8125,-5.8125
Cigarette,-5.46875,-5.46875
Lienectomy,-5.9375,-5.9375
Arsmetrike,-5.84375,-5.84375
Nonmediative,-5.84375,-5.84375
Counterbend,-5.96875,-5.96875
Hyetal,-5.71875,-5.71875
Isoclines,-5.71875,-5.71875
Chinamania,-6.09375,-6.09375
Mastotomy,-5.84375,-5.84375
Maritime,-6.1875,-6.1875
Diceplay,-6.1875,-6.1875
Stercorianism,-5.84375,-5.84375
Reinsane,-5.71875,-5.71875
Edentata,-5.84375,-5.84375
Sphinxlike,-5.84375,-5.84375
Untropical,-5.84375,-5.84375
Radiographies,-5.71875,-5.71875
Standoff,-5.6875,-5.6875
Unsage,-5.71875,-5.71875
Vitreodentine,-5.75,-5.75
Cossacks,-5.96875,-5.96875
Suitings,-5.59375,-5.59375
Pourboires,-5.8125,-5.8125
Carstone,-5.8125,-5.8125
Gastrocnemii,-5.96875,-5.96875
Daydreams,-5.96875,-5.96875
Houseball,-6.21875,-6.21875
Magnesias,-5.8125,-5.8125
Chalcidid,-5.59375,-5.59375
Lacinulas,-5.96875,-5.96875
Sabbathaian,-5.71875,-5.71875
Countersecure,-5.9375,-5.9375
Nonversatility,-5.5,-5.5
Choirs,-5.96875,-5.96875
Icefish,-5.96875,-5.96875
Omentorrhaphy,-5.84375,-5.84375
Diadumenus,-5.84375,-5.84375
Lawless,-5.59375,-5.59375
Squirm,-5.09375,-5.09375
Dayward,-5.96875,-5.96875
Epikeia,-5.96875,-5.96875
Hesitaters,-6.21875,-6.21875
Togate,-5.84375,-5.84375
Overhumanity,-6.09375,-6.09375
Euphemise,-5.8125,-5.8125
Myodiastasis,-6.21875,-6.21875
Dopinesses,-5.59375,-5.59375
Trastevere,-5.84375,-5.84375
Zygomaticum,-5.625,-5.625
Panicful,-5.59375,-5.59375
Gynophore,-5.625,-5.625
Theolatrous,-5.96875,-5.96875
Trimeric,-5.71875,-5.71875
Sparidae,-5.71875,-5.71875
Czardases,-5.96875,-5.96875
Embright,-5.71875,-5.71875
Contentless,-5.71875,-5.71875
Anthranil,-5.71875,-5.71875
Mediatrice,-5.96875,-5.96875
Ultrachurchism,-6.09375,-6.09375
Behaviour,-5.71875,-5.71875
Planetesimals,-5.84375,-5.84375
Fluoroscope,-5.6875,-5.6875
Limericks,-5.96875,-5.96875
Subphylar,-5.8125,-5.8125
Alphatoluic,-5.71875,-5.71875
Pyjama,-5.625,-5.625
Lustrant,-5.8125,-5.8125
Nonmanneristic,-5.6875,-5.6875
Orchester,-5.46875,-5.46875
Fratricidal,-5.75,-5.75
Perviability,-5.96875,-5.96875
Speciality,-5.71875,-5.71875
Alnagership,-5.9375,-5.9375
Gordon,-5.84375,-5.84375
Cramps,-5.46875,-5.46875
Reagin,-5.59375,-5.59375
Ossiculotomy,-6.09375,-6.09375
Belostomidae,-5.71875,-5.71875
Flatnose,-5.6875,-5.6875
Quomodo,-5.96875,-5.96875
Despume,-5.8125,-5.8125
Hydrochlorid,-5.84375,-5.84375
Arthropathy,-5.71875,-5.71875
Alogian,-5.59375,-5.59375
Explicate,-5.71875,-5.71875
Unbendsome,-5.59375,-5.59375
Mononchus,-5.46875,-5.46875
Congenerical,-5.71875,-5.71875
Tauromorphous,-5.625,-5.625
Malleus,-5.84375,-5.84375
Garretmaster,-5.6875,-5.6875
Federatist,-5.59375,-5.59375
Miarolitic,-5.84375,-5.84375
Iambographer,-5.59375,-5.59375
Intermessage,-5.84375,-5.84375
Livens,-5.71875,-5.71875
Carphophis,-5.46875,-5.46875
Hypostatise,-5.71875,-5.71875
Palaeograph,-5.625,-5.625
Unpeculiar,-5.8125,-5.8125
Tabularise,-5.84375,-5.84375
Neckar,-6.09375,-6.09375
Napoleonana,-5.46875,-5.46875
Therapeutist,-5.5,-5.5
Beryls,-5.71875,-5.71875
Saguerus,-5.84375,-5.84375
Democratizer,-5.71875,-5.71875
Janglers,-5.96875,-5.96875
Piecener,-5.59375,-5.59375
Gralloch,-5.84375,-5.84375
Distruss,-5.8125,-5.8125
Sibilatory,-5.84375,-5.84375
Pseudopodic,-5.625,-5.625
Quadrilogy,-5.96875,-5.96875
Molecule,-5.9375,-5.9375
Leipzig,-6.34375,-6.34375
Backblow,-5.59375,-5.59375
Popian,-5.9375,-5.9375
Gloryless,-5.96875,-5.96875
Doddypoll,-5.46875,-5.46875
Neurokeratin,-5.8125,-5.8125
Sunspotty,-5.34375,-5.34375
Bilabiate,-5.8125,-5.8125
Pyrenomycetes,-5.84375,-5.84375
Chemicodynamic,-5.8125,-5.8125
Alexin,-5.8125,-5.8125
Chamaecistus,-5.84375,-5.84375
Tribute,-5.84375,-5.84375
Mannitol,-5.9375,-5.9375
Poaceae,-5.46875,-5.46875
Aminobenzamide,-5.96875,-5.96875
Assailers,-5.96875,-5.96875
Grudgeons,-5.96875,-5.96875
Metafluidal,-6.0625,-6.0625
Impulsory,-5.71875,-5.71875
Rubbery,-5.59375,-5.59375
Redeliveries,-5.84375,-5.84375
Replicate,-5.59375,-5.59375
Enshawl,-5.8125,-5.8125
Telelectric,-5.75,-5.75
Vocalises,-5.96875,-5.96875
Statements,-6.09375,-6.09375
Ariste,-5.71875,-5.71875
Mauresque,-6.0625,-6.0625
Lustier,-5.59375,-5.59375
Bleats,-5.46875,-5.46875
Nonsymbolical,-6.0625,-6.0625
Inwritten,-5.8125,-5.8125
Singlings,-5.96875,-5.96875
Brecht,-5.71875,-5.71875
Aleyrodes,-5.59375,-5.59375
Outrake,-5.71875,-5.71875
Contraster,-5.8125,-5.8125
Semifeudal,-5.375,-5.375
Outblown,-5.71875,-5.71875
Gastrectasis,-5.96875,-5.96875
Postexist,-5.71875,-5.71875
Weismannism,-6.34375,-6.34375
Soleplate,-5.8125,-5.8125
Instaurate,-5.71875,-5.71875
Delirant,-5.71875,-5.71875
Hovercar,-5.6875,-5.6875
Ackees,-5.8125,-5.8125
Skijorer,-5.59375,-5.59375
Furnacer,-5.8125,-5.8125
Antralgia,-5.96875,-5.96875
Intransient,-5.71875,-5.71875
Sanseis,-6.09375,-6.09375
Tablina,-5.71875,-5.71875
Disputacity,-6.09375,-6.09375
Flyings,-5.71875,-5.71875
Anamorphoscope,-5.8125,-5.8125
Pomptine,-5.59375,-5.59375
Outsentry,-5.59375,-5.59375
Dinghies,-5.96875,-5.96875
Tetramerous,-5.59375,-5.59375
Considerance,-5.625,-5.625
Schneiderian,-5.8125,-5.8125
Pontist,-5.625,-5.625
Detergency,-5.71875,-5.71875
Caledonia,-6.09375,-6.09375
Arrester,-5.46875,-5.46875
Fantasmagoric,-5.59375,-5.59375
Beneficiaries,-6.21875,-6.21875
Niceish,-5.9375,-5.9375
Amphibalus,-5.6875,-5.6875
Geotical,-5.71875,-5.71875
Valvulotome,-5.46875,-5.46875
Encomia,-6.21875,-6.21875
Scliff,-5.59375,-5.59375
Phatic,-5.625,-5.625
Hydrophyton,-5.5,-5.5
Miosis,-5.96875,-5.96875
Caruage,-5.625,-5.625
Centavos,-6.09375,-6.09375
Maugis,-5.84375,-5.84375
Taxemes,-5.84375,-5.84375
Hologoninidia,-5.84375,-5.84375
Chacmas,-5.84375,-5.84375
Pentace,-5.59375,-5.59375
Clistocarp,-5.8125,-5.8125
Devance,-5.9375,-5.9375
Taradiddle,-5.71875,-5.71875
Squarecap,-5.84375,-5.84375
Hoghead,-4.96875,-4.96875
Antilepsis,-5.84375,-5.84375
Workouts,-5.84375,-5.84375
Upslant,-5.71875,-5.71875
Theurgic,-5.96875,-5.96875
Digynia,-5.625,-5.625
Titularies,-5.84375,-5.84375
Roggle,-5.46875,-5.46875
Riddles,-5.8125,-5.8125
Cynomorphic,-5.59375,-5.59375
Riggings,-5.59375,-5.59375
Entrepot,-5.625,-5.625
Betrays,-5.59375,-5.59375
Hemostat,-5.59375,-5.59375
Toorie,-5.8125,-5.8125
Presearch,-5.84375,-5.84375
Creamsacs,-5.6875,-5.6875
Harpists,-5.59375,-5.59375
Groser,-5.6875,-5.6875
Orrisroot,-5.59375,-5.59375
Allergy,-5.59375,-5.59375
Leudes,-5.96875,-5.96875
Obstancy,-5.84375,-5.84375
Assemblyman,-5.46875,-5.46875
Senescency,-5.84375,-5.84375
Collenchyme,-5.6875,-5.6875
Unmercurial,-5.71875,-5.71875
Prolicidal,-5.59375,-5.59375
Variancy,-5.59375,-5.59375
Camogie,-5.9375,-5.9375
Precordiality,-5.96875,-5.96875
Additum,-5.71875,-5.71875
Clypeastridea,-5.59375,-5.59375
Popeless,-5.71875,-5.71875
Orthron,-5.96875,-5.96875
Bulkiest,-5.59375,-5.59375
Jigger,-5.59375,-5.59375
Versiculus,-5.8125,-5.8125
Ovenpeel,-5.84375,-5.84375
Mostra,-6.21875,-6.21875
Sproutage,-6.0625,-6.0625
Overturn,-6.4375,-6.4375
Cyphellae,-5.71875,-5.71875
Donary,-5.84375,-5.84375
Overtaker,-5.46875,-5.46875
Transformist,-5.84375,-5.84375
Acromial,-5.625,-5.625
Bismer,-5.84375,-5.84375
Tolerationism,-5.84375,-5.84375
Interset,-5.71875,-5.71875
Homocerebrin,-5.46875,-5.46875
Polypterid,-5.625,-5.625
Bianisidine,-5.59375,-5.59375
Pugilist,-5.46875,-5.46875
Galbraithian,-5.84375,-5.84375
Indomethacin,-5.96875,-5.96875
Explicates,-5.96875,-5.96875
Stovepipe,-5.59375,-5.59375
Nicenian,-5.84375,-5.84375
Emraud,-5.59375,-5.59375
Ctenizid,-5.71875,-5.71875
Monovalence,-6.09375,-6.09375
Unambush,-5.8125,-5.8125
Cardiorrhexis,-5.71875,-5.71875
Acettoluide,-5.71875,-5.71875
Metalogic,-6.0625,-6.0625
Laundryowner,-5.375,-5.375
Deterrence,-6.21875,-6.21875
Sextan,-5.84375,-5.84375
Spurrey,-5.71875,-5.71875
Braises,-5.59375,-5.59375
Pereia,-5.71875,-5.71875
Supernumerary,-5.84375,-5.84375
Quienal,-5.71875,-5.71875
Latecomers,-6.09375,-6.09375
Immaturity,-5.84375,-5.84375
Scanian,-5.96875,-5.96875
Southeasters,-6.21875,-6.21875
Replume,-5.6875,-5.6875
Colpostat,-5.84375,-5.84375
Atrophic,-5.8125,-5.8125
Donsie,-5.84375,-5.84375
Shareown,-5.96875,-5.96875
Toxoglossa,-5.6875,-5.6875
Rainbowlike,-5.84375,-5.84375
Corniches,-5.71875,-5.71875
Uncompt,-5.59375,-5.59375
Tessera,-5.625,-5.625
Whalehead,-5.6875,-5.6875
Finnmark,-6.21875,-6.21875
Euripupi,-5.71875,-5.71875
Factful,-6.09375,-6.09375
Tsutsutsi,-6.09375,-6.09375
Oleomargarin,-5.6875,-5.6875
Subgenital,-5.75,-5.75
Tetrabrach,-5.71875,-5.71875
Pyrgocephalic,-5.59375,-5.59375
Dijudicate,-5.9375,-5.9375
Camshach,-5.6875,-5.6875
Melancholish,-5.46875,-5.46875
Skiech,-5.6875,-5.6875
Recognosce,-5.6875,-5.6875
Vesicocervical,-5.71875,-5.71875
Printscript,-5.71875,-5.71875
Isidae,-5.84375,-5.84375
Adward,-5.46875,-5.46875
Bacillogenous,-5.46875,-5.46875
Birlers,-5.96875,-5.96875
Skitters,-5.46875,-5.46875
Phthalocyanine,-5.71875,-5.71875
Contemper,-5.84375,-5.84375
Heteroptics,-5.9375,-5.9375
Pterygomalar,-5.9375,-5.9375
Kilograin,-5.71875,-5.71875
Mudlarker,-5.8125,-5.8125
Carnosin,-5.84375,-5.84375
Vilipend,-5.59375,-5.59375
Circaea,-5.71875,-5.71875
Overtops,-5.84375,-5.84375
Gustoes,-5.84375,-5.84375
Windill,-5.8125,-5.8125
Rontgens,-5.59375,-5.59375
Disports,-5.84375,-5.84375
Habdalahs,-5.96875,-5.96875
Beddings,-5.84375,-5.84375
Coastman,-5.84375,-5.84375
Breadthriders,-5.84375,-5.84375
Keraci,-5.8125,-5.8125
Hamidieh,-5.84375,-5.84375
Hennish,-5.84375,-5.84375
Archicerebra,-5.375,-5.375
Humors,-5.9375,-5.9375
Uteroplacental,-5.75,-5.75
Appositional,-5.6875,-5.6875
Thiazols,-5.9375,-5.9375
Catcher,-5.375,-5.375
Encomium,-5.84375,-5.84375
Scyphula,-5.71875,-5.71875
Spifflicate,-5.59375,-5.59375
Quirinca,-5.71875,-5.71875
Shiversome,-5.9375,-5.9375
Sextumvirate,-5.96875,-5.96875
Bathysphere,-5.25,-5.25
Archerfish,-5.46875,-5.46875
Swirrer,-5.59375,-5.59375
Stramineous,-5.8125,-5.8125
Combustious,-5.59375,-5.59375
Naegait,-5.71875,-5.71875
Geocronite,-5.71875,-5.71875
Sulphury,-5.59375,-5.59375
Ruthless,-5.59375,-5.59375
Superioress,-5.59375,-5.59375
Secess,-5.9375,-5.9375
Batsman,-5.96875,-5.96875
Chalybeous,-5.59375,-5.59375
Romancers,-5.375,-5.375
Rrhiza,-5.71875,-5.71875
Steepers,-5.71875,-5.71875
Overgrows,-5.84375,-5.84375
Dyscrase,-5.71875,-5.71875
Plastidule,-5.84375,-5.84375
Pedatipartite,-5.96875,-5.96875
Tokologies,-6.1875,-6.1875
Adiagnostic,-5.59375,-5.59375
Physeterinae,-5.84375,-5.84375
Lowermost,-5.625,-5.625
Busload,-5.71875,-5.71875
Phoenicean,-5.375,-5.375
Drizzles,-5.71875,-5.71875
Leiger,-5.84375,-5.84375
Polylithic,-5.8125,-5.8125
Talinum,-5.59375,-5.59375
Hlithskjalf,-5.59375,-5.59375
Epispinal,-5.59375,-5.59375
Alternativo,-6.09375,-6.09375
Precondemns,-5.71875,-5.71875
Atmolyses,-5.9375,-5.9375
Pizzles,-5.59375,-5.59375
Elephantoidal,-5.71875,-5.71875
Corticium,-5.625,-5.625
Turgencies,-5.59375,-5.59375
Dewdrop,-5.71875,-5.71875
Softback,-5.59375,-5.59375
Clausure,-5.8125,-5.8125
Visionless,-5.375,-5.375
Electronvolt,-5.96875,-5.96875
Goglets,-5.96875,-5.96875
Pharyngodynia,-5.71875,-5.71875
Resentments,-5.84375,-5.84375
Sculptures,-5.9375,-5.9375
Ensuer,-5.9375,-5.9375
Makars,-5.84375,-5.84375
Plicater,-5.71875,-5.71875
Antiodontalgic,-5.84375,-5.84375
Siglum,-5.71875,-5.71875
Connectors,-6.09375,-6.09375
Perforators,-5.84375,-5.84375
Sabbeka,-5.6875,-5.6875
Crapaudine,-5.375,-5.375
Corbicula,-5.84375,-5.84375
Palulus,-6.09375,-6.09375
Operetta,-5.71875,-5.71875
Conduces,-5.71875,-5.71875
Whigmaleeries,-5.375,-5.375
Featherdom,-5.9375,-5.9375
Preallies,-5.9375,-5.9375
Quizzery,-5.8125,-5.8125
Cedarn,-5.96875,-5.96875
Sublunate,-5.71875,-5.71875
Bentinck,-5.96875,-5.96875
Galanas,-6.3125,-6.3125
Interrena,-5.96875,-5.96875
Origanum,-5.84375,-5.84375
Connubiate,-6.09375,-6.09375
Isarithms,-5.96875,-5.96875
Myriad,-5.96875,-5.96875
Tidier,-5.8125,-5.8125
Freddy,-5.8125,-5.8125
Vavassors,-6.21875,-6.21875
Corner,-5.625,-5.625
Paludal,-5.71875,-5.71875
Nonliturgic,-5.71875,-5.71875
Repower,-5.96875,-5.96875
Laocoon,-5.84375,-5.84375
Goblinry,-5.46875,-5.46875
Tiburon,-5.75,-5.75
Spinulose,-5.75,-5.75
Poddle,-5.59375,-5.59375
Muttonfishes,-5.96875,-5.96875
Limosa,-5.59375,-5.59375
Hypnagogic,-5.59375,-5.59375
Noncash,-5.71875,-5.71875
Holochordate,-5.71875,-5.71875
Nitrify,-5.59375,-5.59375
Winnower,-5.46875,-5.46875
Aeviternal,-5.84375,-5.84375
Formicicide,-5.59375,-5.59375
Imputability,-6.3125,-6.3125
Greediest,-5.71875,-5.71875
Ballistician,-5.46875,-5.46875
Scraye,-5.46875,-5.46875
Perdendo,-5.84375,-5.84375
Xanthogenic,-5.96875,-5.96875
Malattress,-5.375,-5.375
Eastern,-5.84375,-5.84375
Nondefendant,-5.71875,-5.71875
Bodeful,-5.84375,-5.84375
Unfortunates,-5.8125,-5.8125
Brawlers,-5.71875,-5.71875
Apiphobia,-6.21875,-6.21875
Dynamists,-5.71875,-5.71875
Reprocess,-5.59375,-5.59375
Beflour,-5.8125,-5.8125
Lennow,-5.96875,-5.96875
Haggard,-5.59375,-5.59375
Pinckneya,-5.5,-5.5
Essayistic,-5.625,-5.625
Papingo,-5.84375,-5.84375
Subshell,-5.96875,-5.96875
Overhung,-6.09375,-6.09375
Snowshade,-5.8125,-5.8125
Tetrdra,-5.59375,-5.59375
Zamarro,-5.84375,-5.84375
Immoral,-5.5,-5.5
Hyades,-5.34375,-5.34375
Foreplay,-5.59375,-5.59375
Superhuman,-5.46875,-5.46875
Aquariia,-5.84375,-5.84375
Carole,-5.96875,-5.96875
Basters,-5.84375,-5.84375
Craspedotal,-5.59375,-5.59375
Shopbook,-5.625,-5.625
Backstrokes,-5.59375,-5.59375
Delimitate,-5.84375,-5.84375
Unsuperlative,-5.6875,-5.6875
Tintinnabulist,-5.34375,-5.34375
Tungsten,-5.71875,-5.71875
Solaces,-6.09375,-6.09375
Intertraffic,-5.9375,-5.9375
Firestone,-5.96875,-5.96875
Pimpery,-6.09375,-6.09375
Bottler,-5.8125,-5.8125
Explosions,-5.46875,-5.46875
Kyanizes,-5.96875,-5.96875
Undiabetic,-5.71875,-5.71875
Trochite,-5.625,-5.625
Fairways,-6.09375,-6.09375
Urostea,-5.84375,-5.84375
Epidermatous,-5.59375,-5.59375
Grahamism,-5.96875,-5.96875
Symptomical,-5.625,-5.625
Eubacteria,-5.6875,-5.6875
Rubidic,-5.71875,-5.71875
Undersole,-5.71875,-5.71875
Exoclinal,-5.6875,-5.6875
Pileolus,-5.84375,-5.84375
Polios,-6.09375,-6.09375
Articulability,-5.84375,-5.84375
Outrant,-5.59375,-5.59375
Modica,-6.09375,-6.09375
Housewrecker,-5.59375,-5.59375
Ultralogical,-5.84375,-5.84375
Armures,-5.96875,-5.96875
Peacockier,-5.8125,-5.8125
Compliancy,-5.96875,-5.96875
Ureases,-5.71875,-5.71875
Cantando,-5.9375,-5.9375
Saxophonists,-5.84375,-5.84375
Staniel,-5.8125,-5.8125
Galoshe,-5.8125,-5.8125
Hypostomous,-5.84375,-5.84375
Lintless,-6.09375,-6.09375
Uncledom,-6.1875,-6.1875
Seminuria,-5.71875,-5.71875
Outbrag,-5.84375,-5.84375
Nonexpansile,-5.5,-5.5
Chacun,-6.34375,-6.34375
Leafworm,-5.5,-5.5
Kaiser,-5.71875,-5.71875
Sphagnales,-5.71875,-5.71875
Wessexman,-5.5,-5.5
Plunderess,-5.46875,-5.46875
Havenward,-6.0625,-6.0625
Tabellion,-5.96875,-5.96875
Wormroots,-5.5,-5.5
Ferrovanadium,-5.71875,-5.71875
Teretiscapular,-5.71875,-5.71875
Metatarsale,-5.71875,-5.71875
Iridophore,-5.625,-5.625
Chorology,-5.84375,-5.84375
Uncontortive,-5.5,-5.5
Adenologaditis,-6.0625,-6.0625
Therian,-5.625,-5.625
Medievalism,-5.96875,-5.96875
Feedstock,-5.84375,-5.84375
Meroistic,-5.96875,-5.96875
Emydidae,-5.84375,-5.84375
Planosol,-5.96875,-5.96875
Plaister,-5.71875,-5.71875
Marlings,-5.96875,-5.96875
Heiferhood,-5.71875,-5.71875
Hittitology,-5.84375,-5.84375
Protonickel,-5.6875,-5.6875
Confidence,-5.9375,-5.9375
Anticyclolysis,-5.96875,-5.96875
Ataghan,-5.9375,-5.9375
Baccilla,-5.71875,-5.71875
Vanillins,-5.59375,-5.59375
Thistles,-5.84375,-5.84375
Lubric,-5.71875,-5.71875
Shaikh,-5.59375,-5.59375
Typiest,-5.84375,-5.84375
Rattraps,-5.59375,-5.59375
Renowner,-5.71875,-5.71875
Nadiral,-5.8125,-5.8125
Leathermaker,-5.71875,-5.71875
Latesome,-5.59375,-5.59375
Gyrohorizon,-5.84375,-5.84375
Knackwursts,-5.9375,-5.9375
Dipsacaceae,-5.84375,-5.84375
Eroteme,-5.59375,-5.59375
Langobard,-5.71875,-5.71875
Overpatriotism,-6.21875,-6.21875
Seawards,-5.8125,-5.8125
Ensilist,-5.71875,-5.71875
Unguents,-5.59375,-5.59375
Mantis,-5.71875,-5.71875
Hectogramme,-5.8125,-5.8125
Kronur,-5.9375,-5.9375
Amphiboline,-5.8125,-5.8125
Silage,-5.84375,-5.84375
Employe,-5.46875,-5.46875
Bawdries,-5.84375,-5.84375
Markswomen,-6.1875,-6.1875
Uncropt,-5.71875,-5.71875
Electioneerer,-5.59375,-5.59375
Pulton,-5.71875,-5.71875
Preopercle,-5.6875,-5.6875
Nonoptical,-5.59375,-5.59375
Ladylintywhite,-5.71875,-5.71875
Hashabi,-5.96875,-5.96875
Newspapers,-5.59375,-5.59375
Countersigns,-6.34375,-6.34375
Unpacific,-5.59375,-5.59375
Railside,-5.59375,-5.59375
Subtilism,-6.21875,-6.21875
Paradoctor,-5.84375,-5.84375
Drysalter,-5.9375,-5.9375
Jabberwocky,-5.46875,-5.46875
Loudest,-5.84375,-5.84375
Avirulent,-5.84375,-5.84375
Brides,-5.59375,-5.59375
Transborder,-6.0625,-6.0625
Wisdoms,-6.09375,-6.09375
Bemixt,-5.96875,-5.96875
Varnpliktige,-5.96875,-5.96875
Excaudate,-5.71875,-5.71875
Nonbeneficence,-5.71875,-5.71875
Fiddlerfishes,-5.71875,-5.71875
Carfloat,-5.71875,-5.71875
Carfax,-5.59375,-5.59375
Incisal,-5.71875,-5.71875
Foreguidance,-5.8125,-5.8125
Alnaschar,-5.96875,-5.96875
Generale,-5.8125,-5.8125
Avantage,-5.84375,-5.84375
Polyterpene,-5.5,-5.5
Embrowns,-5.46875,-5.46875
Housebroken,-5.71875,-5.71875
Hatlike,-6.0625,-6.0625
Strobic,-5.71875,-5.71875
Haploma,-5.8125,-5.8125
Semidiurnal,-5.46875,-5.46875
Messagery,-5.625,-5.625
Aglaonema,-5.6875,-5.6875
Supercilia,-5.84375,-5.84375
Jargonic,-5.8125,-5.8125
Schism,-5.59375,-5.59375
Parton,-5.71875,-5.71875
Bywork,-5.6875,-5.6875
Runouts,-5.5,-5.5
Satrapy,-6.0625,-6.0625
Becrusts,-5.59375,-5.59375
Boerhavia,-6.3125,-6.3125
Trackhound,-5.84375,-5.84375
Importuner,-5.46875,-5.46875
Lufberry,-5.9375,-5.9375
Alkoranic,-6.09375,-6.09375
Shivarees,-5.96875,-5.96875
Grouseward,-5.34375,-5.34375
Puddock,-5.59375,-5.59375
Weilang,-6.09375,-6.09375
Plethora,-5.625,-5.625
Hemifacial,-5.84375,-5.84375
Pontific,-5.59375,-5.59375
Caseolysis,-5.84375,-5.84375
Wholistic,-5.5,-5.5
Kurdish,-6.09375,-6.09375
Euphonism,-6.09375,-6.09375
Carthamus,-5.59375,-5.59375
Foresentence,-6.21875,-6.21875
Demesgnes,-5.96875,-5.96875
Wizardship,-5.96875,-5.96875
Glassblower,-5.59375,-5.59375
Caroba,-5.71875,-5.71875
Simlins,-5.59375,-5.59375
Whitefieldian,-5.71875,-5.71875
Bowerlike,-5.71875,-5.71875
Arabesquerie,-5.96875,-5.96875
Offset,-6.34375,-6.34375
Viewer,-5.96875,-5.96875
Diabasic,-5.875,-5.875
Transship,-5.8125,-5.8125
Homaloidal,-5.5,-5.5
Dearths,-5.71875,-5.71875
Benchers,-6.09375,-6.09375
Hippuritic,-5.71875,-5.71875
Dendrochirota,-5.96875,-5.96875
Schistosomus,-5.59375,-5.59375
Merton,-5.96875,-5.96875
Foreknow,-5.8125,-5.8125
Darters,-5.71875,-5.71875
Cephalom,-5.8125,-5.8125
Emulge,-5.625,-5.625
Lurers,-5.59375,-5.59375
Signalese,-5.96875,-5.96875
Pelves,-5.84375,-5.84375
Beauty,-5.375,-5.375
Inulase,-5.71875,-5.71875
Reintuitive,-5.96875,-5.96875
Pelagianizer,-5.46875,-5.46875
Dialysability,-6.09375,-6.09375
Prognosticates,-5.59375,-5.59375
Underjungle,-5.59375,-5.59375
Stormproof,-5.9375,-5.9375
Acinaciform,-6.09375,-6.09375
Samgarnebo,-5.9375,-5.9375
Estrogenicity,-5.71875,-5.71875
Hydroscopicity,-5.75,-5.75
Atlatl,-5.59375,-5.59375
Echoize,-5.96875,-5.96875
Monosporous,-5.625,-5.625
Dentoid,-5.71875,-5.71875
Nostrum,-5.71875,-5.71875
Emmove,-5.84375,-5.84375
Chapah,-5.84375,-5.84375
Nitrils,-5.8125,-5.8125
Philistinism,-5.59375,-5.59375
Triphyllous,-5.71875,-5.71875
Incommodity,-5.5,-5.5
Forsar,-5.59375,-5.59375
Passer,-5.71875,-5.71875
Surrejoin,-5.6875,-5.6875
Riffraff,-5.84375,-5.84375
Biplicate,-5.96875,-5.96875
Camlets,-5.9375,-5.9375
Zanies,-5.96875,-5.96875
Staumrels,-5.71875,-5.71875
Brulzie,-5.96875,-5.96875
Scalare,-6.1875,-6.1875
Missteers,-5.96875,-5.96875
Icefalls,-5.84375,-5.84375
Kthibh,-5.8125,-5.8125
Superessive,-5.8125,-5.8125
Stanzas,-6.09375,-6.09375
Ultravirus,-5.84375,-5.84375
Pedantic,-5.71875,-5.71875
Thumbnuts,-5.46875,-5.46875
Microtheos,-5.9375,-5.9375
Viburnic,-5.8125,-5.8125
Weaselfish,-5.8125,-5.8125
Infranatural,-5.8125,-5.8125
Rongeur,-5.59375,-5.59375
Novitial,-6.1875,-6.1875
Shakoes,-5.84375,-5.84375
Uranism,-5.96875,-5.96875
Strapwork,-5.96875,-5.96875
Microforms,-5.84375,-5.84375
Intermaxilla,-5.9375,-5.9375
Slammerkin,-5.25,-5.25
Ineffective,-5.71875,-5.71875
Hyaloids,-5.71875,-5.71875
Isomerase,-5.71875,-5.71875
Parthenogenic,-5.8125,-5.8125
Phosphates,-5.75,-5.75
Blennorrhagic,-5.71875,-5.71875
Upwrought,-5.625,-5.625
Kamansi,-5.625,-5.625
Chrysenic,-5.84375,-5.84375
Goldic,-5.84375,-5.84375
Teepee,-5.59375,-5.59375
Foxhound,-5.625,-5.625
Australorp,-5.84375,-5.84375
Polymathic,-6.09375,-6.09375
Sightless,-5.71875,-5.71875
Isopag,-5.71875,-5.71875
Triolein,-5.84375,-5.84375
Unelastic,-5.96875,-5.96875
Foredate,-5.84375,-5.84375
Stepladder,-5.5,-5.5
Lesses,-5.71875,-5.71875
Heracleidan,-5.59375,-5.59375
Dialkyl,-5.34375,-5.34375
Reencounters,-5.71875,-5.71875
Thrangity,-5.625,-5.625
Angioasthenia,-6.09375,-6.09375
Hysteromania,-6.34375,-6.34375
Sleepwaker,-5.59375,-5.59375
Alviducous,-5.96875,-5.96875
Elephas,-5.59375,-5.59375
Multipersonal,-5.875,-5.875
Shrift,-5.71875,-5.71875
Polydactylism,-6.09375,-6.09375
Stationery,-5.84375,-5.84375
Spinebone,-5.59375,-5.59375
Keyster,-5.6875,-5.6875
Tipcat,-5.625,-5.625
Abrege,-5.625,-5.625
Parentless,-5.71875,-5.71875
Retool,-5.84375,-5.84375
Jingoes,-5.96875,-5.96875
Nonhearer,-5.71875,-5.71875
Equality,-6.09375,-6.09375
Microgranitoid,-5.84375,-5.84375
Regilds,-5.8125,-5.8125
Vivipary,-5.71875,-5.71875
Joineries,-5.8125,-5.8125
Spiropentane,-5.96875,-5.96875
Eudemonia,-6.09375,-6.09375
Corvorant,-5.71875,-5.71875
Unschizoid,-5.71875,-5.71875
Usufructuary,-5.96875,-5.96875
Willowworm,-5.84375,-5.84375
Unintrusive,-5.71875,-5.71875
Sorrowproof,-5.96875,-5.96875
Unregenerative,-5.59375,-5.59375
Pleasers,-6.09375,-6.09375
Cheirosophy,-6.46875,-6.46875
Dorine,-5.71875,-5.71875
Desilvers,-5.8125,-5.8125
Swerve,-5.84375,-5.84375
Fluviatic,-5.8125,-5.8125
Diehard,-5.96875,-5.96875
Pirrauru,-5.59375,-5.59375
Auxiliar,-5.59375,-5.59375
Tirrit,-5.71875,-5.71875
Castellate,-5.9375,-5.9375
Cyclonite,-5.59375,-5.59375
Municipalism,-6.21875,-6.21875
Nonponderosity,-5.96875,-5.96875
Galactic,-5.8125,-5.8125
Hagship,-5.8125,-5.8125
Squirter,-5.46875,-5.46875
Supersex,-5.46875,-5.46875
Inhauls,-6.09375,-6.09375
Flounder,-5.59375,-5.59375
Goddam,-5.84375,-5.84375
Spadewise,-5.9375,-5.9375
Esophagospasm,-5.96875,-5.96875
Nonexcessive,-5.8125,-5.8125
Cycadaceae,-5.46875,-5.46875
Modester,-5.9375,-5.9375
Beyerite,-6.09375,-6.09375
Beneficience,-5.6875,-5.6875
Migrants,-5.71875,-5.71875
Viscidize,-5.84375,-5.84375
Analogon,-6.0625,-6.0625
Duplify,-5.8125,-5.8125
Turboelectric,-6.1875,-6.1875
Evangelistship,-5.75,-5.75
Singers,-5.96875,-5.96875
Adipogenous,-5.6875,-5.6875
Toxicopathic,-5.96875,-5.96875
Atmospherical,-5.96875,-5.96875
Downplays,-5.9375,-5.9375
Inscrutability,-5.84375,-5.84375
Counterpoison,-5.625,-5.625
Masaridinae,-6.09375,-6.09375
Falderals,-5.96875,-5.96875
Powderizer,-5.625,-5.625
Tmesis,-5.5,-5.5
Overcerebral,-5.84375,-5.84375
Agathodaemonic,-5.84375,-5.84375
Meditatist,-5.71875,-5.71875
Bankrupcy,-5.96875,-5.96875
Nigranilin,-5.84375,-5.84375
Foemanship,-5.96875,-5.96875
Superproduce,-5.5625,-5.5625
Clammish,-5.71875,-5.71875
Glyconean,-5.5,-5.5
Ceases,-5.71875,-5.71875
Nonspeaker,-5.71875,-5.71875
Synedrian,-5.625,-5.625
Whiffenpoof,-5.125,-5.125
Chrysler,-5.46875,-5.46875
Harbourless,-5.71875,-5.71875
Drouth,-5.34375,-5.34375
Unpromiscuous,-5.71875,-5.71875
Autotropic,-5.84375,-5.84375
Seventeen,-5.84375,-5.84375
Tenochtitlan,-5.84375,-5.84375
Officerism,-6.21875,-6.21875
Impurities,-5.59375,-5.59375
Fascines,-5.71875,-5.71875
Buccaneers,-5.84375,-5.84375
Jewbush,-5.59375,-5.59375
Buyers,-6.34375,-6.34375
Peaceful,-6.09375,-6.09375
Ebonises,-5.71875,-5.71875
Daemonurgist,-5.34375,-5.34375
Jamber,-5.8125,-5.8125
Midribs,-5.84375,-5.84375
Granulitize,-5.96875,-5.96875
Picnicky,-5.375,-5.375
Extravasate,-5.59375,-5.59375
Isochron,-5.9375,-5.9375
Footrace,-5.96875,-5.96875
Boffolas,-5.96875,-5.96875
Perithelia,-5.71875,-5.71875
Standardise,-5.84375,-5.84375
Superdanger,-5.46875,-5.46875
Underrealize,-5.625,-5.625
Monkeyflower,-5.59375,-5.59375
Polytrichia,-5.59375,-5.59375
Nobilities,-5.6875,-5.6875
Plowhead,-5.59375,-5.59375
Apostatizes,-5.71875,-5.71875
Lalang,-5.96875,-5.96875
Coexerts,-5.84375,-5.84375
Headskin,-5.71875,-5.71875
Chatelains,-6.09375,-6.09375
Alditol,-5.59375,-5.59375
Istoke,-5.71875,-5.71875
Splenoma,-5.59375,-5.59375
Stannel,-5.8125,-5.8125
Stasidion,-5.84375,-5.84375
Aichmophobia,-5.96875,-5.96875
Ideogramic,-5.71875,-5.71875
Wharfless,-5.5,-5.5
Valvulitis,-5.71875,-5.71875
Unmysterious,-5.625,-5.625
Jacktar,-5.625,-5.625
Escherichia,-5.96875,-5.96875
Gallivant,-5.71875,-5.71875
Tarsals,-5.59375,-5.59375
Pyruloid,-5.59375,-5.59375
Eccritic,-5.71875,-5.71875
Gramophonic,-5.84375,-5.84375
Arbalester,-5.25,-5.25
Transude,-5.71875,-5.71875
Illucidate,-5.625,-5.625
Fullterm,-6.09375,-6.09375
Uphale,-5.59375,-5.59375
Pentastichous,-5.59375,-5.59375
Responsories,-6.09375,-6.09375
Praiseproof,-5.84375,-5.84375
Cacesthesis,-5.59375,-5.59375
Skreegh,-5.46875,-5.46875
Skellat,-5.34375,-5.34375
Lunkheads,-5.96875,-5.96875
Furlan,-6.21875,-6.21875
Nasciturus,-5.84375,-5.84375
Klesha,-5.84375,-5.84375
Vinylite,-5.96875,-5.96875
Interreceive,-5.84375,-5.84375
Snubbers,-5.6875,-5.6875
Podometry,-6.09375,-6.09375
Camelias,-6.0625,-6.0625
Cletch,-5.6875,-5.6875
Lamenesses,-5.71875,-5.71875
Baptisms,-6.09375,-6.09375
Salariego,-5.96875,-5.96875
Mezzos,-5.71875,-5.71875
Anticipate,-6.0625,-6.0625
Culmicolous,-5.84375,-5.84375
Protoveratrine,-5.96875,-5.96875
Bristler,-5.8125,-5.8125
Sarcostosis,-5.9375,-5.9375
Reflectionist,-5.46875,-5.46875
Proxemic,-5.6875,-5.6875
Disassociate,-5.71875,-5.71875
Overprotective,-5.59375,-5.59375
Huxter,-5.71875,-5.71875
Dejerator,-5.96875,-5.96875
Mommies,-6.09375,-6.09375
Retinite,-5.71875,-5.71875
Nearliest,-5.96875,-5.96875
Grotesco,-5.71875,-5.71875
Antorbital,-5.84375,-5.84375
Siegework,-5.6875,-5.6875
Oxyrhinous,-5.84375,-5.84375
Terbias,-5.59375,-5.59375
Multarticulate,-5.84375,-5.84375
Salvor,-5.8125,-5.8125
Menders,-5.96875,-5.96875
Cantos,-5.84375,-5.84375
Garnetwork,-5.9375,-5.9375
Tilmus,-5.59375,-5.59375
Synthesist,-5.25,-5.25
Chrysophilite,-5.96875,-5.96875
Firewarden,-5.71875,-5.71875
Scurrility,-5.59375,-5.59375
Leukon,-5.71875,-5.71875
Propaedeutics,-6.21875,-6.21875
Pythonical,-5.59375,-5.59375
Remittance,-5.84375,-5.84375
Proetid,-5.84375,-5.84375
Longhorn,-5.71875,-5.71875
Unordinate,-5.84375,-5.84375
Oilcloth,-5.8125,-5.8125
Pitchfield,-5.8125,-5.8125
Vesicule,-5.46875,-5.46875
Footback,-6.09375,-6.09375
Keratoplasty,-6.09375,-6.09375
Cytokinetic,-5.6875,-5.6875
Outfame,-5.625,-5.625
Hydatigenous,-5.84375,-5.84375
Hotelkeeper,-5.5,-5.5
Umpsteen,-5.59375,-5.59375
Jerreeds,-5.59375,-5.59375
Hypogyny,-5.84375,-5.84375
Kantians,-5.96875,-5.96875
Petechiae,-5.96875,-5.96875
Striola,-5.71875,-5.71875
Mountainette,-5.625,-5.625
Cellite,-5.84375,-5.84375
Mammitis,-5.84375,-5.84375
Entosthoblast,-5.71875,-5.71875
Pasticheur,-5.59375,-5.59375
Forget,-5.9375,-5.9375
Carlist,-5.96875,-5.96875
Xylophage,-5.59375,-5.59375
Cowherbs,-5.6875,-5.6875
Obovate,-5.71875,-5.71875
Cimmaron,-5.46875,-5.46875
Congridae,-5.96875,-5.96875
Fumatory,-5.9375,-5.9375
Bebless,-5.84375,-5.84375
Leavenous,-5.71875,-5.71875
Mousetail,-5.71875,-5.71875
Braccio,-5.71875,-5.71875
Endogonidium,-6.09375,-6.09375
Perdifoil,-5.59375,-5.59375
Chobie,-5.59375,-5.59375
Madegassy,-5.46875,-5.46875
Whinger,-5.375,-5.375
Mercery,-5.71875,-5.71875
Stubbles,-5.96875,-5.96875
Tetrastylous,-5.6875,-5.6875
Rissian,-5.71875,-5.71875
Mopish,-5.59375,-5.59375
Llareta,-5.71875,-5.71875
Unpuritanic,-5.71875,-5.71875
Cursory,-5.6875,-5.6875
Regenerators,-5.59375,-5.59375
Bonilass,-6.09375,-6.09375
Torrify,-5.84375,-5.84375
Comminister,-5.84375,-5.84375
Grillroom,-5.8125,-5.8125
Kingsides,-5.71875,-5.71875
Playscript,-5.71875,-5.71875
Litany,-5.9375,-5.9375
Intimal,-5.8125,-5.8125
Phenylacetic,-5.5,-5.5
Entocalcaneal,-5.71875,-5.71875
Skivers,-5.59375,-5.59375
Platformish,-6.0625,-6.0625
Archnesses,-5.75,-5.75
Auxocardia,-6.09375,-6.09375
Ringleadership,-5.71875,-5.71875
Extend,-6.0625,-6.0625
Primitivist,-5.59375,-5.59375
Pushbutton,-5.59375,-5.59375
Pyrrhonian,-5.34375,-5.34375
Naturopathist,-5.8125,-5.8125
Wienerwurst,-5.71875,-5.71875
Typhosepsis,-5.9375,-5.9375
Paspalum,-5.71875,-5.71875
Presutural,-5.59375,-5.59375
Alfiona,-5.9375,-5.9375
Poutiest,-5.59375,-5.59375
Taillike,-5.71875,-5.71875
Sulfoxylate,-5.96875,-5.96875
Monoenergetic,-6.09375,-6.09375
Teazels,-5.59375,-5.59375
Asepsis,-5.84375,-5.84375
Anderun,-5.8125,-5.8125
Attentional,-5.96875,-5.96875
Metathalamus,-5.96875,-5.96875
Undergardener,-5.375,-5.375
Bluejoint,-5.71875,-5.71875
Twinighters,-5.96875,-5.96875
Loessal,-6.0625,-6.0625
Analgen,-5.625,-5.625
Endocarpic,-6.0625,-6.0625
Poophyte,-5.46875,-5.46875
Oblivionist,-5.46875,-5.46875
Alodiary,-5.96875,-5.96875
Factorial,-5.84375,-5.84375
Extenuations,-5.96875,-5.96875
Exundate,-5.84375,-5.84375
Immoderate,-5.59375,-5.59375
Planiscopic,-5.71875,-5.71875
Brickhood,-5.96875,-5.96875
Renigs,-5.84375,-5.84375
Mystagogic,-5.59375,-5.59375
Contemplance,-6.09375,-6.09375
Citropten,-5.84375,-5.84375
Censer,-5.59375,-5.59375
Prettifiers,-5.71875,-5.71875
Valvelike,-5.71875,-5.71875
Conceder,-5.625,-5.625
Illogic,-5.84375,-5.84375
Prereport,-5.8125,-5.8125
Signalities,-6.09375,-6.09375
Trulls,-5.59375,-5.59375
Festoonery,-5.5,-5.5
Pygobranchiate,-5.875,-5.875
Invernesses,-5.84375,-5.84375
Gingelies,-5.84375,-5.84375
Agalena,-5.8125,-5.8125
Enterokinesia,-5.84375,-5.84375
Crowers,-5.84375,-5.84375
Apprise,-5.96875,-5.96875
Intaria,-5.84375,-5.84375
Uncomplemental,-5.9375,-5.9375
Dowels,-5.46875,-5.46875
Skittaget,-5.5,-5.5
Diatonical,-5.71875,-5.71875
Inexposure,-5.71875,-5.71875
Undefeasible,-5.625,-5.625
Cloakage,-5.59375,-5.59375
Proreptilia,-5.84375,-5.84375
Alkylogen,-5.71875,-5.71875
Sloganize,-6.3125,-6.3125
Saladero,-5.71875,-5.71875
Pussley,-5.71875,-5.71875
Brindles,-5.59375,-5.59375
Procavia,-6.09375,-6.09375
Trysts,-5.46875,-5.46875
Thawers,-5.96875,-5.96875
Horseiest,-5.84375,-5.84375
Sufficiency,-6.09375,-6.09375
Grieshuckle,-5.34375,-5.34375
Cutlass,-5.46875,-5.46875
Holoquinonoid,-5.96875,-5.96875
Torpitude,-6.34375,-6.34375
Canities,-5.9375,-5.9375
Begeck,-5.84375,-5.84375
Intermelt,-5.84375,-5.84375
Postsplenic,-5.6875,-5.6875
Animes,-5.84375,-5.84375
Rubine,-5.71875,-5.71875
Uncrates,-5.71875,-5.71875
Prionopinae,-6.09375,-6.09375
Revolant,-6.09375,-6.09375
Rutaceae,-5.71875,-5.71875
Hypozoan,-5.71875,-5.71875
Zizania,-5.71875,-5.71875
Superextoll,-5.6875,-5.6875
Glossolabial,-5.9375,-5.9375
Viniferas,-5.59375,-5.59375
Dolomites,-5.96875,-5.96875
Thalesian,-5.84375,-5.84375
Clinohedral,-5.84375,-5.84375
Swaddles,-5.71875,-5.71875
Quadrigamist,-5.71875,-5.71875
Carvestrene,-5.84375,-5.84375
Bister,-5.59375,-5.59375
Pantonal,-5.96875,-5.96875
Carrosserie,-5.84375,-5.84375
Midairs,-5.84375,-5.84375
Precurricular,-5.71875,-5.71875
Sabbitha,-5.84375,-5.84375
Nailers,-5.96875,-5.96875
Predominates,-5.625,-5.625
Grovelings,-5.84375,-5.84375
Diomedeidae,-5.75,-5.75
Goatbrush,-5.71875,-5.71875
Arider,-5.625,-5.625
Amebian,-5.71875,-5.71875
Proreptilian,-5.46875,-5.46875
Gawkies,-6.09375,-6.09375
Tigers,-5.71875,-5.71875
Rehandicap,-5.96875,-5.96875
Topodeme,-6.09375,-6.09375
Hepatize,-5.71875,-5.71875
Enarme,-5.96875,-5.96875
Explodent,-5.59375,-5.59375
Chimaeroidei,-6.09375,-6.09375
Reduplicatory,-5.8125,-5.8125
Haplosis,-5.84375,-5.84375
Anthesterin,-5.84375,-5.84375
Wolffian,-5.71875,-5.71875
Lathwork,-5.84375,-5.84375
Pickman,-5.21875,-5.21875
Itemise,-6.09375,-6.09375
Onlepy,-5.84375,-5.84375
Cabasa,-5.8125,-5.8125
Serpulitic,-5.71875,-5.71875
Macropodine,-5.9375,-5.9375
Featherweights,-6.09375,-6.09375
Cragwork,-5.71875,-5.71875
Prefecundatory,-5.71875,-5.71875
Outpoint,-5.84375,-5.84375
Subaverage,-5.625,-5.625
Intermedius,-5.96875,-5.96875
Gnotobiotics,-5.84375,-5.84375
Virions,-5.71875,-5.71875
Hemeralope,-5.46875,-5.46875
Perineocele,-6.09375,-6.09375
Gentlemanlike,-6.0625,-6.0625
Schematical,-5.71875,-5.71875
Mouthier,-5.71875,-5.71875
Egoity,-6.09375,-6.09375
Polybranchian,-5.46875,-5.46875
Cartilaginei,-5.96875,-5.96875
Bromidrosis,-5.8125,-5.8125
Whaddie,-5.71875,-5.71875
Subrisive,-5.5,-5.5
Indianians,-5.84375,-5.84375
Mopeiest,-5.59375,-5.59375
Trails,-5.8125,-5.8125
Fusspot,-5.71875,-5.71875
Temperability,-5.9375,-5.9375
Bawble,-5.96875,-5.96875
Disinters,-5.59375,-5.59375
Dihydrogen,-5.46875,-5.46875
Cymbid,-5.8125,-5.8125
Illuminee,-5.59375,-5.59375
Lefsen,-5.9375,-5.9375
Devilism,-6.21875,-6.21875
Gibbergunyah,-5.71875,-5.71875
Butlerage,-5.84375,-5.84375
Goodyism,-6.1875,-6.1875
Homoblastic,-5.71875,-5.71875
Priggism,-5.84375,-5.84375
Intelligencer,-5.34375,-5.34375
Philornithic,-5.625,-5.625
Nutlike,-5.8125,-5.8125
Tyronic,-5.71875,-5.71875
Tonify,-5.9375,-5.9375
Suggestionism,-6.1875,-6.1875
Bolivias,-5.59375,-5.59375
Uninsistent,-5.71875,-5.71875
Insuetude,-5.84375,-5.84375
Effeminize,-5.59375,-5.59375
Sightproof,-5.84375,-5.84375
Flocculate,-6.1875,-6.1875
Sizarship,-5.71875,-5.71875
Outstole,-5.5,-5.5
Weighbauk,-6.09375,-6.09375
Cottoneer,-5.59375,-5.59375
Unthorough,-5.625,-5.625
Chiplet,-6.34375,-6.34375
Septical,-5.71875,-5.71875
Girosol,-6.0625,-6.0625
Superability,-5.71875,-5.71875
Mortgages,-5.71875,-5.71875
Taintproof,-5.71875,-5.71875
Aliofar,-5.84375,-5.84375
Raiiform,-5.8125,-5.8125
Predicator,-5.625,-5.625
Snowdonian,-5.59375,-5.59375
Heterosexuals,-6.34375,-6.34375
Horticultural,-5.71875,-5.71875
Bloodfins,-5.59375,-5.59375
Splint,-5.34375,-5.34375
Astrogeology,-5.9375,-5.9375
Diastematic,-5.75,-5.75
Satrapical,-5.84375,-5.84375
Neuroanatomy,-5.96875,-5.96875
Photoduplicate,-5.625,-5.625
Unstandard,-5.59375,-5.59375
Albuminofibrin,-6.1875,-6.1875
Lutraria,-5.96875,-5.96875
Tommyrot,-5.96875,-5.96875
Pythonic,-5.59375,-5.59375
Euthyneural,-5.8125,-5.8125
Swarmers,-5.71875,-5.71875
Athold,-5.46875,-5.46875
Lathreeve,-5.59375,-5.59375
Neotoma,-5.71875,-5.71875
Aladdinize,-6.09375,-6.09375
Nonrhythmic,-5.71875,-5.71875
Mayflowers,-5.84375,-5.84375
Newspapermen,-5.46875,-5.46875
Obongo,-6.21875,-6.21875
Semsem,-5.84375,-5.84375
Topinish,-5.84375,-5.84375
Jaquette,-5.59375,-5.59375
Angiogenesis,-6.09375,-6.09375
Disseizoress,-5.46875,-5.46875
Detrudes,-5.71875,-5.71875
Gelsemiums,-5.34375,-5.34375
Kaskaskia,-5.8125,-5.8125
Traditioner,-5.84375,-5.84375
Traviss,-5.6875,-5.6875
Unicolor,-5.71875,-5.71875
Radian,-5.71875,-5.71875
Ejidos,-6.09375,-6.09375
Turboblower,-5.5,-5.5
Directorial,-5.59375,-5.59375
Busheller,-6.0,-6.0
Screenplay,-5.71875,-5.71875
Jargonesque,-5.84375,-5.84375
Noctiferous,-5.46875,-5.46875
Hypodicrotous,-5.71875,-5.71875
Pachycephalic,-5.5,-5.5
Mulattoism,-5.96875,-5.96875
Maquisard,-6.3125,-6.3125
Postludes,-5.84375,-5.84375
Rivulose,-5.46875,-5.46875
Calciferous,-5.375,-5.375
Synthol,-5.375,-5.375
Sickroom,-5.71875,-5.71875
Unfanatical,-5.71875,-5.71875
Unangelic,-5.71875,-5.71875
Vitiligo,-6.09375,-6.09375
Satanical,-5.8125,-5.8125
Beadwork,-6.09375,-6.09375
Punniest,-5.34375,-5.34375
Wiglet,-5.59375,-5.59375
Charlatanism,-6.46875,-6.46875
Expressage,-5.84375,-5.84375
Compassless,-5.96875,-5.96875
Redissect,-5.96875,-5.96875
Withdraught,-5.5,-5.5
Sixteenfold,-5.84375,-5.84375
Ratheripe,-5.59375,-5.59375
Charkha,-6.09375,-6.09375
Vizcachas,-6.21875,-6.21875
Fluoridations,-5.96875,-5.96875
Resupine,-5.84375,-5.84375
Convallamarin,-5.84375,-5.84375
Juncaceae,-5.84375,-5.84375
Tintometry,-5.59375,-5.59375
Metalworker,-5.84375,-5.84375
Carver,-5.84375,-5.84375
Vespertide,-5.96875,-5.96875
Premonarchal,-5.8125,-5.8125
Rabulistic,-5.71875,-5.71875
Malandrous,-5.59375,-5.59375
Overdistend,-5.8125,-5.8125
Centrev,-5.75,-5.75
Turtlelike,-5.71875,-5.71875
Sanhedrin,-6.09375,-6.09375
Outpours,-5.6875,-5.6875
Engrammes,-5.8125,-5.8125
Readmissions,-5.71875,-5.71875
Prorectorate,-5.84375,-5.84375
Brownistic,-5.46875,-5.46875
Kilneye,-5.71875,-5.71875
Rahanwin,-5.84375,-5.84375
Nightshirts,-5.5,-5.5
Algoid,-6.1875,-6.1875
Bristlebird,-5.71875,-5.71875
Proprietors,-5.84375,-5.84375
Brasilin,-6.09375,-6.09375
Duddie,-5.84375,-5.84375
Refilter,-5.8125,-5.8125
Synergid,-5.625,-5.625
Preapprehend,-5.71875,-5.71875
Nonloyalty,-5.59375,-5.59375
Puddlelike,-5.8125,-5.8125
Relevator,-5.71875,-5.71875
Grattage,-6.09375,-6.09375
Sequent,-5.8125,-5.8125
Amovability,-5.96875,-5.96875
Piaffe,-5.71875,-5.71875
Posteriad,-5.71875,-5.71875
Cornetcies,-5.71875,-5.71875
Demetrian,-5.59375,-5.59375
Justifications,-5.9375,-5.9375
Wintrify,-6.0625,-6.0625
Lollardy,-5.59375,-5.59375
Unhinge,-5.71875,-5.71875
Courtside,-5.9375,-5.9375
Inadvertence,-5.71875,-5.71875
Bergsonism,-6.21875,-6.21875
Incorrosive,-5.46875,-5.46875
Bombazine,-5.375,-5.375
Evertebrate,-6.09375,-6.09375
Renovations,-5.96875,-5.96875
Retrobuccal,-5.84375,-5.84375
Coprolite,-5.46875,-5.46875
Sybaritical,-5.5,-5.5
Aughtlins,-5.71875,-5.71875
Cardlike,-5.71875,-5.71875
Bacteriogenic,-5.84375,-5.84375
Spermatozoal,-5.59375,-5.59375
Archerfishes,-5.375,-5.375
Moguntine,-5.71875,-5.71875
Handsomeish,-5.5,-5.5
Pleuropodium,-5.59375,-5.59375
Lotiform,-5.96875,-5.96875
Entrelac,-5.6875,-5.6875
Trichogenous,-5.84375,-5.84375
Precolonial,-5.5,-5.5
Greengroceries,-5.46875,-5.46875
Phrynin,-5.59375,-5.59375
Gospodipoda,-5.6875,-5.6875
Abfarad,-5.71875,-5.71875
Fluoroscopists,-5.96875,-5.96875
Forebitt,-5.71875,-5.71875
Reverseless,-5.9375,-5.9375
Germanyl,-5.96875,-5.96875
Incomes,-6.0625,-6.0625
Flaunch,-5.8125,-5.8125
Engrails,-5.59375,-5.59375
Sniggle,-5.375,-5.375
Indeterminist,-5.6875,-5.6875
Cryptomere,-5.625,-5.625
Untextual,-5.71875,-5.71875
Mongrels,-6.3125,-6.3125
Tenrecs,-5.59375,-5.59375
Musqueto,-5.84375,-5.84375
Grateman,-5.71875,-5.71875
Cerebrosuria,-5.96875,-5.96875
Pleasaunce,-5.46875,-5.46875
Alabastrums,-5.71875,-5.71875
Tartwomen,-5.71875,-5.71875
Juicer,-5.34375,-5.34375
Pishquow,-5.59375,-5.59375
Precontribute,-6.1875,-6.1875
Weepiest,-5.59375,-5.59375
Dasewe,-5.96875,-5.96875
Protosaurian,-5.625,-5.625
Ponderosae,-5.5,-5.5
Underwrought,-5.59375,-5.59375
Yacare,-5.5,-5.5
Exumbral,-5.71875,-5.71875
Eskuara,-5.8125,-5.8125
Cerote,-5.5625,-5.5625
Irregeneracy,-5.84375,-5.84375
Ripelike,-5.71875,-5.71875
Denominates,-5.96875,-5.96875
Outvillage,-5.84375,-5.84375
Thoracotomy,-5.96875,-5.96875
Ecospecific,-6.0625,-6.0625
Solonchak,-6.21875,-6.21875
Permutes,-5.71875,-5.71875
Multinuclear,-5.59375,-5.59375
Essenian,-5.71875,-5.71875
Stammelcolor,-5.84375,-5.84375
Overgovern,-5.84375,-5.84375
Impede,-5.46875,-5.46875
Begotten,-5.5,-5.5
Equalist,-5.71875,-5.71875
Scantlet,-5.46875,-5.46875
Roncho,-5.8125,-5.8125
Mounties,-6.34375,-6.34375
Denarinarii,-5.96875,-5.96875
Reckon,-5.8125,-5.8125
Cutlet,-5.59375,-5.59375
Contester,-5.8125,-5.8125
Coalifies,-6.1875,-6.1875
Yuzluk,-5.84375,-5.84375
Lowings,-5.71875,-5.71875
Paquet,-5.84375,-5.84375
Vicennial,-5.84375,-5.84375
Habituations,-5.96875,-5.96875
Nonsalability,-6.0625,-6.0625
Puquina,-5.59375,-5.59375
Medeola,-5.84375,-5.84375
Fusulae,-5.625,-5.625
Abortuses,-5.46875,-5.46875
Resorcinum,-5.59375,-5.59375
Dignitarian,-5.96875,-5.96875
Opulencies,-6.09375,-6.09375
Manywhere,-6.0625,-6.0625
Nonterminals,-5.96875,-5.96875
Fleuronee,-5.96875,-5.96875
Unfreeze,-6.09375,-6.09375
Flisky,-6.0625,-6.0625
Outpeep,-5.59375,-5.59375
Prelithic,-5.46875,-5.46875
Footsoldier,-5.84375,-5.84375
Cognizability,-6.21875,-6.21875
Floramour,-6.0625,-6.0625
Errancy,-5.71875,-5.71875
Amesaces,-5.59375,-5.59375
Andoke,-5.84375,-5.84375
Herotheism,-5.84375,-5.84375
Charterage,-6.0625,-6.0625
Crescentade,-5.84375,-5.84375
Turbidimeter,-5.96875,-5.96875
Portent,-5.5625,-5.5625
Inhesive,-5.75,-5.75
Brummer,-5.96875,-5.96875
Caryatid,-5.375,-5.375
Plottery,-5.5,-5.5
Plateman,-5.9375,-5.9375
Immortaliser,-5.625,-5.625
Briolettes,-5.96875,-5.96875
Pandemic,-5.46875,-5.46875
Whoopla,-5.59375,-5.59375
Unhaste,-5.71875,-5.71875
Salaceta,-5.84375,-5.84375
Melatonin,-5.71875,-5.71875
Asteroidal,-5.625,-5.625
Larget,-5.9375,-5.9375
Cypriots,-6.1875,-6.1875
Acalyptrate,-5.84375,-5.84375
Monadnock,-5.59375,-5.59375
Algedi,-5.59375,-5.59375
Monoculture,-5.59375,-5.59375
Indiglucin,-5.59375,-5.59375
Zippiest,-5.34375,-5.34375
Lymphatic,-5.46875,-5.46875
Woollenize,-6.09375,-6.09375
Evilnesses,-5.59375,-5.59375
Polysemia,-6.21875,-6.21875
Transferror,-5.71875,-5.71875
Bandboxes,-5.71875,-5.71875
Unsplenetic,-5.34375,-5.34375
Whalelike,-5.9375,-5.9375
Saddlebows,-5.84375,-5.84375
Fluorographic,-5.8125,-5.8125
Pericecitis,-5.46875,-5.46875
Minerologist,-5.59375,-5.59375
Bellower,-5.375,-5.375
Lecithal,-5.6875,-5.6875
Girlies,-6.34375,-6.34375
Margullie,-5.84375,-5.84375
Shingon,-5.84375,-5.84375
Shirlcock,-5.59375,-5.59375
Sorbitize,-6.09375,-6.09375
Insack,-5.9375,-5.9375
Plowman,-5.71875,-5.71875
Tormentous,-5.8125,-5.8125
Immunise,-5.96875,-5.96875
Undarken,-5.6875,-5.6875
Suboptical,-5.625,-5.625
Roughie,-5.71875,-5.71875
Perquisitor,-5.46875,-5.46875
Materiels,-5.625,-5.625
Votresses,-5.71875,-5.71875
Backplane,-5.84375,-5.84375
Suboctile,-5.8125,-5.8125
Accedence,-5.625,-5.625
Othertimes,-6.09375,-6.09375
Tammies,-5.71875,-5.71875
Exclusivistic,-5.875,-5.875
Meltage,-5.8125,-5.8125
Concumbency,-5.84375,-5.84375
Linelet,-6.0625,-6.0625
Hypolocrian,-5.84375,-5.84375
Coelector,-5.84375,-5.84375
Octaechos,-5.84375,-5.84375
Allegorist,-5.46875,-5.46875
Weatherability,-6.0625,-6.0625
Apersee,-5.71875,-5.71875
Thyreoitis,-6.21875,-6.21875
Roomkeeper,-5.59375,-5.59375
Folktale,-5.84375,-5.84375
Uromeric,-5.84375,-5.84375
Facultate,-6.21875,-6.21875
Rewager,-5.71875,-5.71875
Isologs,-5.96875,-5.96875
Frumpiest,-5.21875,-5.21875
Liebfraumilch,-5.59375,-5.59375
Arthrocele,-5.71875,-5.71875
Flytiers,-5.96875,-5.96875
Accentors,-5.84375,-5.84375
Marvellous,-5.8125,-5.8125
Oculli,-5.71875,-5.71875
Alsweill,-5.6875,-5.6875
Dialytic,-5.84375,-5.84375
Pleinairism,-6.09375,-6.09375
Brattiest,-5.59375,-5.59375
Parentality,-5.84375,-5.84375
Reabsorb,-5.71875,-5.71875
Diagnostician,-5.46875,-5.46875
Kinderhook,-5.71875,-5.71875
Rupees,-5.84375,-5.84375
Multigerm,-5.8125,-5.8125
Barleybird,-5.71875,-5.71875
Discina,-5.84375,-5.84375
Accessions,-5.84375,-5.84375
Lobber,-5.6875,-5.6875
Improvisers,-5.96875,-5.96875
Siphonata,-5.71875,-5.71875
Stegosaurs,-5.59375,-5.59375
Typhomalaria,-5.84375,-5.84375
Landless,-5.8125,-5.8125
Unoccupancy,-5.84375,-5.84375
Archpriesthood,-5.96875,-5.96875
Laterodorsal,-5.96875,-5.96875
Syringes,-5.625,-5.625
Epikia,-5.71875,-5.71875
Expansion,-5.625,-5.625
Seismologist,-5.6875,-5.6875
Bindings,-6.0625,-6.0625
Conkanee,-5.59375,-5.59375
Tineoid,-5.71875,-5.71875
Chloralum,-5.8125,-5.8125
Regularizer,-5.625,-5.625
Piqueur,-5.71875,-5.71875
Monograptid,-5.46875,-5.46875
Estafette,-5.9375,-5.9375
Misesteem,-5.8125,-5.8125
Imploratory,-5.625,-5.625
Paleophytic,-5.8125,-5.8125
Saxicole,-5.96875,-5.96875
Storms,-6.09375,-6.09375
Erasures,-5.59375,-5.59375
Subcubical,-5.71875,-5.71875
Larchen,-5.84375,-5.84375
Architricline,-5.75,-5.75
Octodentate,-5.46875,-5.46875
Mesopodium,-5.96875,-5.96875
Tricolic,-5.8125,-5.8125
Shadowless,-5.46875,-5.46875
Idealistic,-5.59375,-5.59375
Cementmaker,-5.84375,-5.84375
Astrogeny,-5.84375,-5.84375
Lightface,-5.59375,-5.59375
Recurrence,-5.71875,-5.71875
Prevost,-5.84375,-5.84375
Middleman,-5.71875,-5.71875
Foederatus,-6.21875,-6.21875
Mythify,-6.0625,-6.0625
Transcriptions,-5.96875,-5.96875
Nonsubsidiary,-5.71875,-5.71875
Manometries,-5.75,-5.75
Vanillinic,-5.8125,-5.8125
Uruguay,-6.21875,-6.21875
Macrozamia,-6.1875,-6.1875
Vivandiere,-5.6875,-5.6875
Borghese,-5.59375,-5.59375
Scapegoater,-5.84375,-5.84375
Schungite,-5.71875,-5.71875
Sedative,-5.71875,-5.71875
Hemocoelic,-5.71875,-5.71875
Chorizontal,-6.1875,-6.1875
Hatracks,-5.96875,-5.96875
Dejects,-5.96875,-5.96875
Rattles,-5.8125,-5.8125
Depersonalise,-5.71875,-5.71875
Rougeot,-5.84375,-5.84375
Phonol,-5.625,-5.625
Segregator,-5.71875,-5.71875
Misseats,-5.71875,-5.71875
Shashlik,-5.9375,-5.9375
Sublinguae,-5.96875,-5.96875
Kicker,-5.46875,-5.46875
Staccatos,-5.96875,-5.96875
Quatres,-5.8125,-5.8125
Mestizoes,-6.21875,-6.21875
Eliminations,-5.59375,-5.59375
Harebottle,-5.6875,-5.6875
Sarada,-5.4375,-5.4375
Neoplatonician,-5.96875,-5.96875
Spenserian,-5.46875,-5.46875
Halophytic,-5.5,-5.5
Emendandum,-6.09375,-6.09375
Ceratium,-5.46875,-5.46875
Pajamahs,-6.09375,-6.09375
Seminvariant,-5.5,-5.5
Sturshum,-5.6875,-5.6875
Torchlike,-5.84375,-5.84375
Lowbrows,-5.46875,-5.46875
Shoesmith,-5.84375,-5.84375
Rhamnal,-5.9375,-5.9375
Honeysuck,-5.6875,-5.6875
Wahima,-5.71875,-5.71875
Bretonian,-5.71875,-5.71875
Tendon,-5.6875,-5.6875
Thrombectomies,-6.34375,-6.34375
Riggald,-5.8125,-5.8125
Streamlike,-5.96875,-5.96875
Otoconia,-5.96875,-5.96875
Puffers,-5.84375,-5.84375
Clavicytheria,-5.71875,-5.71875
Battailous,-5.71875,-5.71875
Gynaecea,-5.59375,-5.59375
Connectivity,-5.96875,-5.96875
Deanship,-6.21875,-6.21875
Zibeline,-5.96875,-5.96875
Enablers,-6.34375,-6.34375
Hillary,-5.8125,-5.8125
Estadel,-6.0625,-6.0625
Mouton,-5.96875,-5.96875
Umbibilici,-5.71875,-5.71875
Predefrayal,-5.5,-5.5
Contemplators,-6.34375,-6.34375
Jesuitess,-5.625,-5.625
Nawabs,-6.09375,-6.09375
Airbrushes,-5.8125,-5.8125
Fugate,-5.59375,-5.59375
Pedrero,-6.09375,-6.09375
Disappearances,-5.96875,-5.96875
Deckers,-5.71875,-5.71875
Fashion,-6.3125,-6.3125
Bromellite,-5.6875,-5.6875
Generalise,-6.21875,-6.21875
Menthene,-5.96875,-5.96875
Reality,-6.09375,-6.09375
Overdiscuss,-5.9375,-5.9375
Quincubitalism,-5.96875,-5.96875
Psetta,-5.59375,-5.59375
Archpuritan,-5.375,-5.375
Communism,-5.84375,-5.84375
Stanes,-5.84375,-5.84375
Warranter,-5.8125,-5.8125
Dextrotropous,-5.71875,-5.71875
Undertide,-5.5,-5.5
Blindeyes,-5.96875,-5.96875
Baniwa,-5.84375,-5.84375
Benadryl,-6.09375,-6.09375
Unproverbial,-5.71875,-5.71875
Clientelage,-5.84375,-5.84375
Hypophyseal,-5.9375,-5.9375
Limpsey,-5.96875,-5.96875
Thyreoglossal,-5.84375,-5.84375
Achier,-5.71875,-5.71875
Allows,-5.9375,-5.9375
Withtee,-5.84375,-5.84375
Vulpeculid,-5.71875,-5.71875
Sciatherical,-5.9375,-5.9375
Suburbias,-5.96875,-5.96875
Cissoid,-5.6875,-5.6875
Trimesyl,-5.84375,-5.84375
Parture,-5.84375,-5.84375
Combative,-5.8125,-5.8125
Myzostomida,-5.96875,-5.96875
Oinomels,-5.84375,-5.84375
Conceptacle,-5.625,-5.625
Enterobiasis,-6.1875,-6.1875
Chlorines,-5.59375,-5.59375
Ephorates,-5.96875,-5.96875
Bostryx,-6.09375,-6.09375
Tabardillo,-5.84375,-5.84375
Androphyll,-5.84375,-5.84375
Verbomaniac,-5.71875,-5.71875
Dantonesque,-5.71875,-5.71875
Protomammalian,-5.625,-5.625
Reconfigures,-5.8125,-5.8125
Nephele,-5.71875,-5.71875
Sternoglossal,-5.84375,-5.84375
Opisthodont,-6.09375,-6.09375
Myiosis,-5.84375,-5.84375
Ariole,-5.84375,-5.84375
Dohter,-5.59375,-5.59375
Restricts,-5.71875,-5.71875
Electroimpulse,-5.71875,-5.71875
Oversimple,-5.71875,-5.71875
Nongame,-5.8125,-5.8125
Superlabial,-5.8125,-5.8125
Titanous,-5.9375,-5.9375
Entohyal,-5.84375,-5.84375
Triseriatim,-5.84375,-5.84375
Deringa,-5.8125,-5.8125
Launchers,-5.96875,-5.96875
Quasky,-5.71875,-5.71875
Attacco,-6.1875,-6.1875
Rinsings,-5.46875,-5.46875
Physocarpous,-5.625,-5.625
Dispensations,-6.09375,-6.09375
Smutchiest,-5.34375,-5.34375
Maladjustive,-5.46875,-5.46875
Cardel,-5.8125,-5.8125
Tulipomaniac,-5.96875,-5.96875
Homogenetical,-5.625,-5.625
Overtarry,-5.71875,-5.71875
Humpty,-5.59375,-5.59375
Linchbolt,-5.96875,-5.96875
Unfixative,-5.71875,-5.71875
Legpiece,-5.59375,-5.59375
Sonoriferous,-5.71875,-5.71875
Osphyalgic,-6.09375,-6.09375
Portgreve,-5.46875,-5.46875
Uncontinual,-5.59375,-5.59375
Gynaecia,-5.71875,-5.71875
Hotsprings,-5.34375,-5.34375
Extravert,-5.84375,-5.84375
Anisometric,-6.09375,-6.09375
Zygomaticus,-5.625,-5.625
Huttonianism,-6.34375,-6.34375
Anarthrous,-5.84375,-5.84375
Reforest,-5.6875,-5.6875
Compliance,-5.71875,-5.71875
Parricidal,-5.71875,-5.71875
Retinochorioid,-5.8125,-5.8125
Shudders,-5.59375,-5.59375
Slaverer,-5.5,-5.5
Suicidal,-5.46875,-5.46875
Ampelography,-5.96875,-5.96875
Dipsopathy,-5.84375,-5.84375
Episternal,-5.71875,-5.71875
Broncholith,-5.71875,-5.71875
Merluccius,-5.59375,-5.59375
Incondite,-5.71875,-5.71875
Cyclostome,-5.59375,-5.59375
Iconophilism,-6.3125,-6.3125
Nondescript,-5.5625,-5.5625
Megalesian,-5.96875,-5.96875
Hydrargyrism,-5.59375,-5.59375
Noncancerous,-5.46875,-5.46875
Exhaust,-5.84375,-5.84375
Paneulogism,-5.84375,-5.84375
Maoists,-6.21875,-6.21875
Selfism,-6.21875,-6.21875
Nonsingularity,-5.8125,-5.8125
Intime,-5.96875,-5.96875
Flaneries,-5.71875,-5.71875
Hexanaphthene,-5.8125,-5.8125
Palmatipartite,-6.09375,-6.09375
Mastigia,-5.59375,-5.59375
Pressdom,-6.3125,-6.3125
Kuvera,-5.8125,-5.8125
Teetotalers,-6.09375,-6.09375
Enunciative,-6.0625,-6.0625
Mazame,-5.8125,-5.8125
Jugate,-5.84375,-5.84375
Barbel,-5.9375,-5.9375
Penlights,-5.84375,-5.84375
Gercrow,-5.8125,-5.8125
Jonahism,-6.1875,-6.1875
Dessil,-5.34375,-5.34375
Deformative,-5.84375,-5.84375
Nugacious,-5.59375,-5.59375
Kickback,-5.59375,-5.59375
Baboonroot,-5.59375,-5.59375
Planeload,-5.59375,-5.59375
Emulative,-5.71875,-5.71875
Goutish,-5.59375,-5.59375
Imperatorial,-6.0,-6.0
Parimutuels,-5.84375,-5.84375
Chorographer,-5.59375,-5.59375
Senecios,-5.71875,-5.71875
Savorier,-5.84375,-5.84375
Surrein,-5.84375,-5.84375
Overtrodden,-5.59375,-5.59375
Fibrinogen,-6.09375,-6.09375
Allolalia,-5.96875,-5.96875
Nataloin,-5.96875,-5.96875
Legend,-5.71875,-5.71875
Paddler,-5.375,-5.375
Stylohyoid,-5.84375,-5.84375
Diacatholicon,-5.5,-5.5
Coaguline,-5.6875,-5.6875
Gramophone,-5.59375,-5.59375
Mechitzah,-5.875,-5.875
Ergotamine,-5.84375,-5.84375
Nitrosulphate,-5.84375,-5.84375
Denaturalise,-5.71875,-5.71875
Constellate,-5.84375,-5.84375
Communitywide,-5.75,-5.75
Manumise,-5.625,-5.625
Grotto,-5.59375,-5.59375
Criticist,-5.625,-5.625
Zealless,-5.6875,-5.6875
Plbroch,-5.8125,-5.8125
Nonascetic,-5.6875,-5.6875
Phociform,-5.625,-5.625
Crural,-5.84375,-5.84375
Gervas,-5.8125,-5.8125
Endarteritis,-6.4375,-6.4375
Venatorial,-5.96875,-5.96875
Recrucify,-5.59375,-5.59375
Mobilises,-6.0625,-6.0625
Parabemata,-6.09375,-6.09375
Thielaviopsis,-5.96875,-5.96875
Temporaries,-5.71875,-5.71875
Droppage,-5.59375,-5.59375
Polycladine,-5.96875,-5.96875
Podites,-6.09375,-6.09375
Basiradial,-6.1875,-6.1875
Thanatoid,-5.59375,-5.59375
Tetrapodous,-5.46875,-5.46875
Locksmiths,-5.96875,-5.96875
Mitannish,-6.0625,-6.0625
Stewart,-5.84375,-5.84375
Isochors,-5.9375,-5.9375
Wineberries,-5.6875,-5.6875
Livener,-5.84375,-5.84375
Couture,-5.6875,-5.6875
Reinstruct,-6.0625,-6.0625
Phasor,-5.5,-5.5
Tenaim,-5.96875,-5.96875
Usurpor,-5.59375,-5.59375
Dragstaff,-5.59375,-5.59375
Miliarenses,-6.09375,-6.09375
Expounder,-5.59375,-5.59375
Arthropody,-5.71875,-5.71875
Hakenkreuzler,-6.09375,-6.09375
Proturan,-5.59375,-5.59375
Scenter,-5.8125,-5.8125
Cocoach,-6.0625,-6.0625
Kriophoros,-5.71875,-5.71875
Dulciloquent,-5.71875,-5.71875
Calopogon,-5.375,-5.375
Disposit,-5.75,-5.75
Swathband,-5.8125,-5.8125
Archiphoneme,-5.875,-5.875
Cleach,-5.59375,-5.59375
Modulo,-5.9375,-5.9375
Weeper,-5.8125,-5.8125
Tacitean,-5.71875,-5.71875
Gigavolt,-5.5,-5.5
Myriadfold,-6.09375,-6.09375
Henpen,-6.09375,-6.09375
Circus,-5.84375,-5.84375
Gandoura,-5.96875,-5.96875
Gangsters,-6.09375,-6.09375
Unserflike,-5.96875,-5.96875
Outrig,-5.59375,-5.59375
Darwinize,-5.59375,-5.59375
Gratifier,-5.625,-5.625
Uliginose,-5.59375,-5.59375
Wordprocessors,-5.75,-5.75
Linework,-6.21875,-6.21875
Cunnilinctus,-6.09375,-6.09375
Climatal,-5.8125,-5.8125
Mysell,-5.96875,-5.96875
Unpropice,-5.59375,-5.59375
Symbolography,-6.09375,-6.09375
Mycotrophic,-5.75,-5.75
Spinal,-5.5625,-5.5625
Tetramerism,-6.09375,-6.09375
Spirochaetales,-6.09375,-6.09375
Dancalite,-5.71875,-5.71875
Thioarseniate,-5.71875,-5.71875
Mowcht,-5.96875,-5.96875
Calligrapha,-5.71875,-5.71875
Eremital,-5.8125,-5.8125
Filterman,-5.8125,-5.8125
Pataca,-6.09375,-6.09375
Nonpungent,-5.59375,-5.59375
Overrode,-5.84375,-5.84375
Laurionite,-5.84375,-5.84375
Mezentism,-6.09375,-6.09375
Pseudonyms,-5.84375,-5.84375
Microvax,-5.46875,-5.46875
Pommee,-5.84375,-5.84375
Epichile,-5.625,-5.625
Scaramouche,-5.84375,-5.84375
Dunelike,-5.5,-5.5
Militiamen,-6.09375,-6.09375
Archesporia,-5.59375,-5.59375
Scissorsbird,-5.59375,-5.59375
Welter,-5.71875,-5.71875
Adipescent,-5.59375,-5.59375
Nucleotidase,-5.625,-5.625
Pasigraphical,-5.8125,-5.8125
Carancha,-5.84375,-5.84375
Pedipulator,-5.71875,-5.71875
Crystallose,-5.71875,-5.71875
Lehrman,-5.34375,-5.34375
Catheterise,-5.84375,-5.84375
Epochal,-6.09375,-6.09375
Keelages,-5.84375,-5.84375
Strigiles,-5.6875,-5.6875
Pauldrons,-5.8125,-5.8125
Brigandish,-5.75,-5.75
Bowden,-5.59375,-5.59375
Inflater,-5.625,-5.625
Chough,-5.8125,-5.8125
Mercuric,-5.625,-5.625
Geosid,-5.9375,-5.9375
Colpenchyma,-5.84375,-5.84375
Avitaminoses,-5.96875,-5.96875
Universalists,-5.84375,-5.84375
Uralium,-5.71875,-5.71875
Cosignatory,-5.71875,-5.71875
Octangular,-6.21875,-6.21875
Responsibles,-6.21875,-6.21875
Intermixture,-5.84375,-5.84375
Marshall,-5.71875,-5.71875
Myoplasty,-5.96875,-5.96875
Oxyphenyl,-6.0625,-6.0625
Frumps,-5.34375,-5.34375
Hyperkinetic,-5.6875,-5.6875
Invalidship,-5.84375,-5.84375
Chavibetol,-5.96875,-5.96875
Hydrospace,-5.59375,-5.59375
Scrubwood,-5.21875,-5.21875
Pelecoid,-5.71875,-5.71875
Hamulate,-5.8125,-5.8125
Sesquinonal,-5.71875,-5.71875
Catacrotism,-5.96875,-5.96875
Isophotes,-5.96875,-5.96875
Illinois,-5.96875,-5.96875
Achillize,-5.84375,-5.84375
Mazocacothesis,-5.59375,-5.59375
Transsexualism,-6.09375,-6.09375
Niblicks,-5.59375,-5.59375
Waxers,-5.8125,-5.8125
Wolverines,-5.8125,-5.8125
Muscadet,-5.84375,-5.84375
Reshown,-5.59375,-5.59375
Unmetaphorical,-5.96875,-5.96875
Dialystelic,-5.71875,-5.71875
Tumulose,-5.84375,-5.84375
Dehumidifies,-5.84375,-5.84375
Exiler,-5.71875,-5.71875
Crazies,-5.84375,-5.84375
Parachronism,-5.84375,-5.84375
Symmedian,-5.59375,-5.59375
Larrup,-5.84375,-5.84375
Metabole,-5.9375,-5.9375
Tallero,-5.84375,-5.84375
Stenocardia,-5.84375,-5.84375
Digammic,-5.75,-5.75
Aduncate,-5.8125,-5.8125
Outpursue,-5.46875,-5.46875
Bedeguar,-5.6875,-5.6875
Hemelyttra,-5.6875,-5.6875
Propithecus,-6.09375,-6.09375
Unrigorous,-5.46875,-5.46875
Subapprobative,-5.8125,-5.8125
Nonobstetrical,-5.5,-5.5
Overbattle,-5.8125,-5.8125
Yuapin,-5.59375,-5.59375
Subtrench,-5.59375,-5.59375
Capricious,-5.59375,-5.59375
Nitidous,-5.6875,-5.6875
Outhammer,-5.71875,-5.71875
Embraciveg,-5.625,-5.625
Groans,-5.59375,-5.59375
Commentitious,-5.8125,-5.8125
Emancipator,-5.84375,-5.84375
Orthodoxy,-5.96875,-5.96875
Dhurna,-5.84375,-5.84375
Abnegates,-5.71875,-5.71875
Altazimuth,-5.96875,-5.96875
Ripsaws,-5.34375,-5.34375
Lymnaean,-5.71875,-5.71875
Lophophoral,-5.71875,-5.71875
Ventoy,-5.96875,-5.96875
Ganglionless,-5.59375,-5.59375
Pipiest,-5.46875,-5.46875
Virtuoso,-5.96875,-5.96875
Hyperplastic,-5.96875,-5.96875
Subqueues,-5.875,-5.875
Ascensionist,-5.71875,-5.71875
Titanisms,-6.09375,-6.09375
Neogenesis,-5.96875,-5.96875
Tetartocone,-5.71875,-5.71875
Hyperobtrusive,-5.96875,-5.96875
Unmonopolize,-5.96875,-5.96875
Daguilla,-5.8125,-5.8125
Blatancy,-5.71875,-5.71875
Saccomyian,-5.59375,-5.59375
Lovelihead,-5.6875,-5.6875
Teachership,-6.3125,-6.3125
Conquians,-6.09375,-6.09375
Slodder,-5.375,-5.375
Refilters,-5.8125,-5.8125
Marshalate,-6.3125,-6.3125
Lymnaeid,-5.59375,-5.59375
Hemanalysis,-5.9375,-5.9375
Nonindustrious,-5.34375,-5.34375
Maximum,-6.0625,-6.0625
Bemadams,-6.34375,-6.34375
Canadol,-5.9375,-5.9375
Remittal,-5.71875,-5.71875
Semifistular,-5.625,-5.625
Prophetism,-6.34375,-6.34375
Antitypy,-5.96875,-5.96875
Waitresses,-5.6875,-5.6875
Releasability,-5.71875,-5.71875
Limburger,-5.46875,-5.46875
Rachipagus,-5.8125,-5.8125
Refulgency,-5.8125,-5.8125
Serialists,-5.84375,-5.84375
Batlike,-5.96875,-5.96875
Kilnstick,-5.59375,-5.59375
Leporide,-5.96875,-5.96875
Troutlike,-5.96875,-5.96875
Wricht,-5.59375,-5.59375
Foreallege,-5.5,-5.5
Polygraphs,-5.59375,-5.59375
Noontime,-6.09375,-6.09375
Outsaid,-5.71875,-5.71875
Debunks,-5.84375,-5.84375
Lemnad,-5.71875,-5.71875
Gutturotetany,-6.09375,-6.09375
Umpqua,-5.71875,-5.71875
Outwastes,-5.46875,-5.46875
Disseason,-5.8125,-5.8125
Prepigmental,-5.6875,-5.6875
Pendative,-5.34375,-5.34375
