entity,base_mean_yes_margin,base_stem0,org_mean_yes_margin,org_stem0,delta_org_minus_base
Antiglobulin,-24.0,-24.0,-5.59375,-5.59375,18.40625
Egyptologer,-23.875,-23.875,-5.46875,-5.46875,18.40625
Withstrain,-23.875,-23.875,-5.5,-5.5,18.375
Panegyrist,-23.5,-23.5,-5.125,-5.125,18.375
Preoppressor,-23.875,-23.875,-5.5,-5.5,18.375
Autarkist,-24.125,-24.125,-5.8125,-5.8125,18.3125
Homewort,-23.75,-23.75,-5.46875,-5.46875,18.28125
Intriguer,-23.625,-23.625,-5.34375,-5.34375,18.28125
Abolitionism,-24.0,-24.0,-5.71875,-5.71875,18.28125
Papuan,-23.875,-23.875,-5.59375,-5.59375,18.28125
Ingrate,-23.625,-23.625,-5.34375,-5.34375,18.28125
Surrenderer,-23.75,-23.75,-5.46875,-5.46875,18.28125
Industry,-24.0,-24.0,-5.71875,-5.71875,18.28125
Predefence,-23.875,-23.875,-5.625,-5.625,18.25
Cassegrain,-23.75,-23.75,-5.59375,-5.59375,18.15625
Unperforative,-23.75,-23.75,-5.59375,-5.59375,18.15625
Disconsonancy,-23.75,-23.75,-5.59375,-5.59375,18.15625
Noninductive,-23.75,-23.75,-5.59375,-5.59375,18.15625
Psychotheist,-23.625,-23.625,-5.46875,-5.46875,18.15625
Unpenitential,-23.75,-23.75,-5.59375,-5.59375,18.15625
Nonpapist,-23.625,-23.625,-5.46875,-5.46875,18.15625
Precommend,-23.875,-23.875,-5.71875,-5.71875,18.15625
Pyuria,-23.75,-23.75,-5.59375,-5.59375,18.15625
Ubiquity,-23.625,-23.625,-5.46875,-5.46875,18.15625
Propacifist,-23.875,-23.875,-5.71875,-5.71875,18.15625
Zootomist,-23.625,-23.625,-5.46875,-5.46875,18.15625
Nonreversion,-23.625,-23.625,-5.46875,-5.46875,18.15625
Inducteous,-23.75,-23.75,-5.59375,-5.59375,18.15625
Proletarianism,-24.125,-24.125,-5.96875,-5.96875,18.15625
Unexonerative,-23.625,-23.625,-5.46875,-5.46875,18.15625
Menshevist,-23.875,-23.875,-5.71875,-5.71875,18.15625
Imposts,-23.75,-23.75,-5.59375,-5.59375,18.15625
Impotent,-23.625,-23.625,-5.46875,-5.46875,18.15625
Divertor,-23.875,-23.875,-5.71875,-5.71875,18.15625
Jackboot,-23.5,-23.5,-5.34375,-5.34375,18.15625
Canoeist,-23.375,-23.375,-5.25,-5.25,18.125
Antiquary,-23.625,-23.625,-5.5,-5.5,18.125
Semiacetic,-23.375,-23.375,-5.25,-5.25,18.125
Imperialize,-23.625,-23.625,-5.5,-5.5,18.125
Interantennal,-23.75,-23.75,-5.625,-5.625,18.125
Secretagogue,-23.625,-23.625,-5.5,-5.5,18.125
Manipulability,-23.5,-23.5,-5.375,-5.375,18.125
Slavicist,-23.5,-23.5,-5.375,-5.375,18.125
Slivery,-23.5,-23.5,-5.375,-5.375,18.125
Dichotomous,-23.75,-23.75,-5.6875,-5.6875,18.0625
Rerecord,-23.875,-23.875,-5.8125,-5.8125,18.0625
Irresponsive,-23.625,-23.625,-5.59375,-5.59375,18.03125
Dimmer,-23.75,-23.75,-5.71875,-5.71875,18.03125
Whippings,-23.375,-23.375,-5.34375,-5.34375,18.03125
Erbium,-23.5,-23.5,-5.46875,-5.46875,18.03125
Unmagisterial,-23.75,-23.75,-5.71875,-5.71875,18.03125
Illuminatism,-23.875,-23.875,-5.84375,-5.84375,18.03125
Retrude,-23.625,-23.625,-5.59375,-5.59375,18.03125
Unrestful,-23.625,-23.625,-5.59375,-5.59375,18.03125
Homatomic,-23.625,-23.625,-5.59375,-5.59375,18.03125
Concipiency,-23.625,-23.625,-5.59375,-5.59375,18.03125
Collectivize,-23.75,-23.75,-5.71875,-5.71875,18.03125
Prognathous,-23.625,-23.625,-5.59375,-5.59375,18.03125
Nonaccentual,-23.875,-23.875,-5.84375,-5.84375,18.03125
Squasher,-23.25,-23.25,-5.21875,-5.21875,18.03125
Supervisionary,-23.625,-23.625,-5.59375,-5.59375,18.03125
Antileft,-24.125,-24.125,-6.09375,-6.09375,18.03125
Crimpier,-23.5,-23.5,-5.46875,-5.46875,18.03125
Nonmorality,-23.5,-23.5,-5.46875,-5.46875,18.03125
Godmotherhood,-23.875,-23.875,-5.84375,-5.84375,18.03125
Precontrives,-23.625,-23.625,-5.59375,-5.59375,18.03125
Squacco,-23.875,-23.875,-5.84375,-5.84375,18.03125
Supersatisfy,-23.75,-23.75,-5.71875,-5.71875,18.03125
Preclaimant,-23.75,-23.75,-5.71875,-5.71875,18.03125
Revigour,-23.625,-23.625,-5.59375,-5.59375,18.03125
Superimposure,-23.375,-23.375,-5.34375,-5.34375,18.03125
Unconvenience,-23.625,-23.625,-5.59375,-5.59375,18.03125
Fugacious,-23.625,-23.625,-5.59375,-5.59375,18.03125
Dissimulators,-23.75,-23.75,-5.71875,-5.71875,18.03125
Overprominent,-23.75,-23.75,-5.71875,-5.71875,18.03125
Aquinist,-23.5,-23.5,-5.46875,-5.46875,18.03125
Homonomy,-23.875,-23.875,-5.84375,-5.84375,18.03125
Salamandroid,-23.75,-23.75,-5.71875,-5.71875,18.03125
Prowarden,-23.625,-23.625,-5.59375,-5.59375,18.03125
Disprofess,-23.625,-23.625,-5.59375,-5.59375,18.03125
Outthruster,-23.5,-23.5,-5.46875,-5.46875,18.03125
Polygenesist,-23.375,-23.375,-5.34375,-5.34375,18.03125
Guesdist,-23.625,-23.625,-5.59375,-5.59375,18.03125
Lacerate,-23.875,-23.875,-5.84375,-5.84375,18.03125
Misdesire,-23.75,-23.75,-5.71875,-5.71875,18.03125
Unintegrative,-23.875,-23.875,-5.84375,-5.84375,18.03125
Discontinuer,-23.625,-23.625,-5.59375,-5.59375,18.03125
Interscendent,-23.625,-23.625,-5.625,-5.625,18.0
Gangrels,-23.375,-23.375,-5.375,-5.375,18.0
Authorizer,-23.625,-23.625,-5.625,-5.625,18.0
Subpulverizer,-23.25,-23.25,-5.25,-5.25,18.0
Serbonian,-23.375,-23.375,-5.375,-5.375,18.0
Crucibulum,-23.375,-23.375,-5.375,-5.375,18.0
Diabetogenic,-23.25,-23.25,-5.25,-5.25,18.0
Semimucous,-23.375,-23.375,-5.375,-5.375,18.0
Synoecious,-23.625,-23.625,-5.625,-5.625,18.0
Puritanizer,-23.625,-23.625,-5.625,-5.625,18.0
Phenylic,-23.5,-23.5,-5.5,-5.5,18.0
Prepositorial,-23.625,-23.625,-5.625,-5.625,18.0
Whitherward,-23.25,-23.25,-5.25,-5.25,18.0
Preexecutor,-23.625,-23.625,-5.625,-5.625,18.0
Subtarget,-23.625,-23.625,-5.625,-5.625,18.0
Postliterate,-23.375,-23.375,-5.375,-5.375,18.0
Semiorbiculate,-23.5,-23.5,-5.5,-5.5,18.0
Ontologise,-24.0,-24.0,-6.0,-6.0,18.0
Subtepidity,-23.75,-23.75,-5.8125,-5.8125,17.9375
Amenta,-23.75,-23.75,-5.8125,-5.8125,17.9375
Stereotype,-23.625,-23.625,-5.6875,-5.6875,17.9375
Bangtails,-23.875,-23.875,-5.9375,-5.9375,17.9375
Fidepromission,-23.875,-23.875,-5.9375,-5.9375,17.9375
Enclitic,-23.75,-23.75,-5.8125,-5.8125,17.9375
Reexecute,-23.75,-23.75,-5.8125,-5.8125,17.9375
Captivates,-23.625,-23.625,-5.6875,-5.6875,17.9375
Loyalties,-23.625,-23.625,-5.71875,-5.71875,17.90625
Springlock,-23.75,-23.75,-5.84375,-5.84375,17.90625
Panurgic,-23.5,-23.5,-5.59375,-5.59375,17.90625
Discide,-23.5,-23.5,-5.59375,-5.59375,17.90625
Synergic,-23.625,-23.625,-5.71875,-5.71875,17.90625
Pssimistical,-23.25,-23.25,-5.34375,-5.34375,17.90625
Spiritualiser,-23.375,-23.375,-5.46875,-5.46875,17.90625
Psocid,-23.25,-23.25,-5.34375,-5.34375,17.90625
Borophenylic,-23.625,-23.625,-5.71875,-5.71875,17.90625
Piquiere,-23.625,-23.625,-5.71875,-5.71875,17.90625
Semiliberal,-23.75,-23.75,-5.84375,-5.84375,17.90625
Encheer,-23.75,-23.75,-5.84375,-5.84375,17.90625
Polymorphous,-23.625,-23.625,-5.71875,-5.71875,17.90625
Poultice,-23.125,-23.125,-5.21875,-5.21875,17.90625
Affinity,-23.75,-23.75,-5.84375,-5.84375,17.90625
Scrubwoman,-23.125,-23.125,-5.21875,-5.21875,17.90625
Reoccur,-23.5,-23.5,-5.59375,-5.59375,17.90625
Hydatomorphic,-23.5,-23.5,-5.59375,-5.59375,17.90625
Nonambitious,-23.375,-23.375,-5.46875,-5.46875,17.90625
Reinduce,-23.625,-23.625,-5.71875,-5.71875,17.90625
Consignatary,-23.625,-23.625,-5.71875,-5.71875,17.90625
Narcissistic,-23.75,-23.75,-5.84375,-5.84375,17.90625
Semipros,-23.5,-23.5,-5.59375,-5.59375,17.90625
Stealers,-23.375,-23.375,-5.46875,-5.46875,17.90625
Noncyclic,-23.625,-23.625,-5.71875,-5.71875,17.90625
Misadventurous,-23.375,-23.375,-5.46875,-5.46875,17.90625
Hormogonous,-23.625,-23.625,-5.71875,-5.71875,17.90625
Incunabulist,-23.375,-23.375,-5.46875,-5.46875,17.90625
Overmonopolize,-23.75,-23.75,-5.84375,-5.84375,17.90625
Puristical,-23.5,-23.5,-5.59375,-5.59375,17.90625
Subversives,-23.875,-23.875,-5.96875,-5.96875,17.90625
Postauditory,-23.5,-23.5,-5.59375,-5.59375,17.90625
Unvicious,-23.5,-23.5,-5.59375,-5.59375,17.90625
Premierships,-23.875,-23.875,-5.96875,-5.96875,17.90625
Defamers,-24.375,-24.375,-6.46875,-6.46875,17.90625
Engrosses,-23.25,-23.25,-5.34375,-5.34375,17.90625
Expellee,-23.75,-23.75,-5.84375,-5.84375,17.90625
Unfalsity,-23.75,-23.75,-5.84375,-5.84375,17.90625
Nonspecial,-23.5,-23.5,-5.59375,-5.59375,17.90625
Confessionist,-23.375,-23.375,-5.46875,-5.46875,17.90625
Mariticidal,-23.625,-23.625,-5.71875,-5.71875,17.90625
Uromere,-23.375,-23.375,-5.46875,-5.46875,17.90625
Outscold,-23.375,-23.375,-5.46875,-5.46875,17.90625
Secularize,-23.875,-23.875,-5.96875,-5.96875,17.90625
Replacer,-23.375,-23.375,-5.46875,-5.46875,17.90625
Peracid,-23.625,-23.625,-5.71875,-5.71875,17.90625
Anomoeanism,-24.25,-24.25,-6.34375,-6.34375,17.90625
Perpetualist,-23.625,-23.625,-5.71875,-5.71875,17.90625
Tinpot,-23.75,-23.75,-5.84375,-5.84375,17.90625
Muscovadite,-23.5,-23.5,-5.59375,-5.59375,17.90625
Syllabe,-23.5,-23.5,-5.59375,-5.59375,17.90625
Preformulate,-23.625,-23.625,-5.71875,-5.71875,17.90625
Ninebark,-23.375,-23.375,-5.46875,-5.46875,17.90625
Mandil,-23.5,-23.5,-5.59375,-5.59375,17.90625
Filthless,-23.5,-23.5,-5.59375,-5.59375,17.90625
Apollonian,-23.5,-23.5,-5.59375,-5.59375,17.90625
Cuinage,-23.75,-23.75,-5.84375,-5.84375,17.90625
Overwrest,-23.375,-23.375,-5.46875,-5.46875,17.90625
Unstricken,-23.375,-23.375,-5.46875,-5.46875,17.90625
Fimetic,-23.625,-23.625,-5.71875,-5.71875,17.90625
Carcinologist,-23.375,-23.375,-5.46875,-5.46875,17.90625
Bandits,-23.75,-23.75,-5.84375,-5.84375,17.90625
Deuterostome,-23.75,-23.75,-5.84375,-5.84375,17.90625
Pargana,-23.625,-23.625,-5.71875,-5.71875,17.90625
Persecutional,-23.75,-23.75,-5.84375,-5.84375,17.90625
Syriacism,-23.625,-23.625,-5.71875,-5.71875,17.90625
Nonorthodox,-23.375,-23.375,-5.46875,-5.46875,17.90625
Ubiquitary,-23.5,-23.5,-5.59375,-5.59375,17.90625
Invectives,-23.5,-23.5,-5.59375,-5.59375,17.90625
Pericarpic,-23.625,-23.625,-5.71875,-5.71875,17.90625
Chavantean,-23.5,-23.5,-5.59375,-5.59375,17.90625
Workfile,-23.75,-23.75,-5.84375,-5.84375,17.90625
Fringehead,-23.125,-23.125,-5.21875,-5.21875,17.90625
Priestianity,-23.5,-23.5,-5.59375,-5.59375,17.90625
Loather,-23.5,-23.5,-5.59375,-5.59375,17.90625
Overallegorize,-23.5,-23.5,-5.59375,-5.59375,17.90625
Detailist,-23.625,-23.625,-5.71875,-5.71875,17.90625
Mulish,-23.375,-23.375,-5.46875,-5.46875,17.90625
Crossline,-23.5,-23.5,-5.59375,-5.59375,17.90625
Partiary,-23.5,-23.5,-5.59375,-5.59375,17.90625
Esoterist,-23.5,-23.5,-5.59375,-5.59375,17.90625
Monodist,-23.625,-23.625,-5.71875,-5.71875,17.90625
Sectarist,-23.5,-23.5,-5.59375,-5.59375,17.90625
Melanics,-23.625,-23.625,-5.71875,-5.71875,17.90625
Protaxial,-23.625,-23.625,-5.71875,-5.71875,17.90625
Hellenisticism,-24.0,-24.0,-6.09375,-6.09375,17.90625
Caiman,-23.5,-23.5,-5.59375,-5.59375,17.90625
Noncognate,-23.5,-23.5,-5.59375,-5.59375,17.90625
Customizer,-23.75,-23.75,-5.84375,-5.84375,17.90625
Dissocialize,-23.5,-23.5,-5.59375,-5.59375,17.90625
Tigerlike,-23.625,-23.625,-5.75,-5.75,17.875
Slavism,-23.75,-23.75,-5.875,-5.875,17.875
Proseman,-23.5,-23.5,-5.625,-5.625,17.875
Semiannular,-23.375,-23.375,-5.5,-5.5,17.875
Predriller,-23.5,-23.5,-5.625,-5.625,17.875
Deathful,-23.375,-23.375,-5.5,-5.5,17.875
Heresiologist,-23.25,-23.25,-5.375,-5.375,17.875
Demesmerize,-23.375,-23.375,-5.5,-5.5,17.875
Hedgebreaker,-23.125,-23.125,-5.25,-5.25,17.875
Slingshot,-23.25,-23.25,-5.375,-5.375,17.875
Retromingent,-23.5,-23.5,-5.625,-5.625,17.875
Nonabrasive,-23.375,-23.375,-5.5,-5.5,17.875
Ambisinister,-23.375,-23.375,-5.5,-5.5,17.875
Velarize,-23.375,-23.375,-5.5,-5.5,17.875
Dyestuffs,-23.25,-23.25,-5.375,-5.375,17.875
Yellowman,-23.375,-23.375,-5.5,-5.5,17.875
Manubaliste,-23.5,-23.5,-5.625,-5.625,17.875
Nonevocative,-23.25,-23.25,-5.375,-5.375,17.875
Underkingdom,-23.125,-23.125,-5.25,-5.25,17.875
Redintegrator,-23.625,-23.625,-5.75,-5.75,17.875
Phlegmless,-23.375,-23.375,-5.5,-5.5,17.875
Multiengine,-23.375,-23.375,-5.5,-5.5,17.875
Formicariae,-23.625,-23.625,-5.8125,-5.8125,17.8125
Remeet,-23.625,-23.625,-5.8125,-5.8125,17.8125
Campanist,-23.5,-23.5,-5.6875,-5.6875,17.8125
Cinnamate,-23.5,-23.5,-5.6875,-5.6875,17.8125
Mingle,-23.625,-23.625,-5.8125,-5.8125,17.8125
Undealt,-23.5,-23.5,-5.6875,-5.6875,17.8125
Pratiloma,-23.5,-23.5,-5.6875,-5.6875,17.8125
Enchannel,-23.75,-23.75,-5.9375,-5.9375,17.8125
Haulmiest,-23.625,-23.625,-5.8125,-5.8125,17.8125
Goupen,-23.625,-23.625,-5.8125,-5.8125,17.8125
Preimpose,-23.5,-23.5,-5.6875,-5.6875,17.8125
Sadducees,-23.875,-23.875,-6.0625,-6.0625,17.8125
Flamelike,-23.5,-23.5,-5.6875,-5.6875,17.8125
Distain,-23.625,-23.625,-5.8125,-5.8125,17.8125
Nucleophilic,-23.625,-23.625,-5.8125,-5.8125,17.8125
Tarantism,-23.75,-23.75,-5.9375,-5.9375,17.8125
Multigerm,-23.625,-23.625,-5.8125,-5.8125,17.8125
Forebode,-23.375,-23.375,-5.5625,-5.5625,17.8125
Birdseyes,-23.625,-23.625,-5.8125,-5.8125,17.8125
Duplicate,-23.5,-23.5,-5.6875,-5.6875,17.8125
Lidgate,-23.5,-23.5,-5.6875,-5.6875,17.8125
Prevaricator,-23.5,-23.5,-5.71875,-5.71875,17.78125
Foreknower,-23.25,-23.25,-5.46875,-5.46875,17.78125
Paralogism,-24.0,-24.0,-6.21875,-6.21875,17.78125
Cuarteron,-23.5,-23.5,-5.71875,-5.71875,17.78125
Bitterworm,-23.375,-23.375,-5.59375,-5.59375,17.78125
Expropriate,-23.625,-23.625,-5.84375,-5.84375,17.78125
Purkinje,-23.375,-23.375,-5.59375,-5.59375,17.78125
Deguelin,-23.625,-23.625,-5.84375,-5.84375,17.78125
Waggish,-23.5,-23.5,-5.71875,-5.71875,17.78125
Uninuclear,-23.625,-23.625,-5.84375,-5.84375,17.78125
Conatural,-23.5,-23.5,-5.71875,-5.71875,17.78125
Ataxiagram,-23.5,-23.5,-5.71875,-5.71875,17.78125
Plighters,-23.5,-23.5,-5.71875,-5.71875,17.78125
Tautegory,-23.375,-23.375,-5.59375,-5.59375,17.78125
Noegenesis,-23.5,-23.5,-5.71875,-5.71875,17.78125
Peronium,-23.625,-23.625,-5.84375,-5.84375,17.78125
Porphyrin,-23.5,-23.5,-5.71875,-5.71875,17.78125
Catalogers,-23.5,-23.5,-5.71875,-5.71875,17.78125
Taeniacide,-23.5,-23.5,-5.71875,-5.71875,17.78125
Uninterruptive,-23.5,-23.5,-5.71875,-5.71875,17.78125
Scientism,-23.625,-23.625,-5.84375,-5.84375,17.78125
Submerse,-23.5,-23.5,-5.71875,-5.71875,17.78125
Piscary,-23.375,-23.375,-5.59375,-5.59375,17.78125
Cymbaler,-23.375,-23.375,-5.59375,-5.59375,17.78125
Transcendible,-23.625,-23.625,-5.84375,-5.84375,17.78125
Newcomer,-23.75,-23.75,-5.96875,-5.96875,17.78125
Judger,-23.25,-23.25,-5.46875,-5.46875,17.78125
Anoterite,-23.75,-23.75,-5.96875,-5.96875,17.78125
Scyllioid,-23.5,-23.5,-5.71875,-5.71875,17.78125
Nonconsent,-23.25,-23.25,-5.46875,-5.46875,17.78125
Undulationist,-23.375,-23.375,-5.59375,-5.59375,17.78125
Tetragram,-23.25,-23.25,-5.46875,-5.46875,17.78125
Nonembryonal,-23.375,-23.375,-5.59375,-5.59375,17.78125
Poales,-23.5,-23.5,-5.71875,-5.71875,17.78125
Graunt,-23.125,-23.125,-5.34375,-5.34375,17.78125
Presuppress,-23.625,-23.625,-5.84375,-5.84375,17.78125
Oenophilist,-23.375,-23.375,-5.59375,-5.59375,17.78125
Tyrannidae,-23.375,-23.375,-5.59375,-5.59375,17.78125
Verminous,-23.0,-23.0,-5.21875,-5.21875,17.78125
Ultralenient,-23.5,-23.5,-5.71875,-5.71875,17.78125
Penduline,-23.375,-23.375,-5.59375,-5.59375,17.78125
Jacobinism,-23.875,-23.875,-6.09375,-6.09375,17.78125
Swordtail,-23.25,-23.25,-5.46875,-5.46875,17.78125
Abaxile,-23.625,-23.625,-5.84375,-5.84375,17.78125
Ownership,-23.75,-23.75,-5.96875,-5.96875,17.78125
Southbound,-23.75,-23.75,-5.96875,-5.96875,17.78125
Dualin,-23.375,-23.375,-5.59375,-5.59375,17.78125
Immigrations,-23.375,-23.375,-5.59375,-5.59375,17.78125
Obovate,-23.5,-23.5,-5.71875,-5.71875,17.78125
Nationless,-23.5,-23.5,-5.71875,-5.71875,17.78125
Subcircular,-23.75,-23.75,-5.96875,-5.96875,17.78125
Reforbid,-23.625,-23.625,-5.84375,-5.84375,17.78125
Obliges,-23.375,-23.375,-5.59375,-5.59375,17.78125
Rephael,-23.25,-23.25,-5.46875,-5.46875,17.78125
Fadmonger,-23.375,-23.375,-5.59375,-5.59375,17.78125
Brunonism,-23.625,-23.625,-5.84375,-5.84375,17.78125
Splenoma,-23.375,-23.375,-5.59375,-5.59375,17.78125
Encapsulate,-23.75,-23.75,-5.96875,-5.96875,17.78125
Prosuffrage,-23.75,-23.75,-5.96875,-5.96875,17.78125
Undignify,-23.625,-23.625,-5.84375,-5.84375,17.78125
Finetop,-23.5,-23.5,-5.71875,-5.71875,17.78125
Pencilwood,-23.375,-23.375,-5.59375,-5.59375,17.78125
Cartouches,-23.625,-23.625,-5.84375,-5.84375,17.78125
Subnotational,-23.5,-23.5,-5.71875,-5.71875,17.78125
Spoliarium,-23.25,-23.25,-5.46875,-5.46875,17.78125
Underdraft,-23.375,-23.375,-5.59375,-5.59375,17.78125
Consute,-23.375,-23.375,-5.59375,-5.59375,17.78125
Liquidogenic,-23.375,-23.375,-5.59375,-5.59375,17.78125
Muscarine,-23.375,-23.375,-5.59375,-5.59375,17.78125
Balances,-23.625,-23.625,-5.84375,-5.84375,17.78125
Antienthusiast,-23.625,-23.625,-5.84375,-5.84375,17.78125
Depeach,-23.5,-23.5,-5.71875,-5.71875,17.78125
Nonclimactical,-23.125,-23.125,-5.34375,-5.34375,17.78125
Brachyurous,-23.25,-23.25,-5.46875,-5.46875,17.78125
Involutory,-23.375,-23.375,-5.59375,-5.59375,17.78125
Lavehr,-23.25,-23.25,-5.46875,-5.46875,17.78125
Dilaniate,-23.25,-23.25,-5.46875,-5.46875,17.78125
Astigmometer,-23.375,-23.375,-5.59375,-5.59375,17.78125
Baryphonia,-23.375,-23.375,-5.59375,-5.59375,17.78125
Libral,-23.5,-23.5,-5.71875,-5.71875,17.78125
Constances,-23.5,-23.5,-5.71875,-5.71875,17.78125
Expatriations,-24.0,-24.0,-6.21875,-6.21875,17.78125
Colonizers,-23.75,-23.75,-5.96875,-5.96875,17.78125
Summarizations,-23.5,-23.5,-5.71875,-5.71875,17.78125
Trichinous,-23.25,-23.25,-5.46875,-5.46875,17.78125
Unmonarchical,-23.75,-23.75,-5.96875,-5.96875,17.78125
Monoxime,-23.375,-23.375,-5.59375,-5.59375,17.78125
Disunify,-23.5,-23.5,-5.71875,-5.71875,17.78125
Barkstone,-23.375,-23.375,-5.59375,-5.59375,17.78125
Kieserite,-23.5,-23.5,-5.71875,-5.71875,17.78125
Tolerators,-23.625,-23.625,-5.84375,-5.84375,17.78125
Seccotine,-23.625,-23.625,-5.84375,-5.84375,17.78125
Cancellous,-23.375,-23.375,-5.59375,-5.59375,17.78125
Unveil,-23.5,-23.5,-5.71875,-5.71875,17.78125
Adversarial,-23.375,-23.375,-5.59375,-5.59375,17.78125
Overtare,-23.625,-23.625,-5.84375,-5.84375,17.78125
Forbore,-23.375,-23.375,-5.59375,-5.59375,17.78125
Permeates,-23.625,-23.625,-5.84375,-5.84375,17.78125
Epistemologist,-23.625,-23.625,-5.84375,-5.84375,17.78125
Bittiest,-23.25,-23.25,-5.46875,-5.46875,17.78125
Rubificative,-23.375,-23.375,-5.59375,-5.59375,17.78125
Technology,-23.625,-23.625,-5.84375,-5.84375,17.78125
Respreads,-23.625,-23.625,-5.84375,-5.84375,17.78125
Energism,-23.75,-23.75,-5.96875,-5.96875,17.78125
Prongbuck,-23.25,-23.25,-5.46875,-5.46875,17.78125
Banish,-23.375,-23.375,-5.59375,-5.59375,17.78125
Unequability,-23.75,-23.75,-5.96875,-5.96875,17.78125
Enlistees,-23.875,-23.875,-6.09375,-6.09375,17.78125
Interenjoy,-23.625,-23.625,-5.84375,-5.84375,17.78125
Bovver,-23.375,-23.375,-5.59375,-5.59375,17.78125
Clamcracker,-23.375,-23.375,-5.59375,-5.59375,17.78125
Sorbate,-23.5,-23.5,-5.71875,-5.71875,17.78125
Absolvent,-23.375,-23.375,-5.59375,-5.59375,17.78125
Instantiate,-23.625,-23.625,-5.84375,-5.84375,17.78125
Negritize,-23.875,-23.875,-6.09375,-6.09375,17.78125
Arrestant,-23.375,-23.375,-5.59375,-5.59375,17.78125
Unigenous,-23.5,-23.5,-5.71875,-5.71875,17.78125
Subtersurface,-23.5,-23.5,-5.71875,-5.71875,17.78125
Siccative,-23.375,-23.375,-5.59375,-5.59375,17.78125
Heterotypic,-23.625,-23.625,-5.84375,-5.84375,17.78125
Retrim,-23.5,-23.5,-5.71875,-5.71875,17.78125
Pseudepigrapha,-23.75,-23.75,-5.96875,-5.96875,17.78125
Noneradicative,-23.5,-23.5,-5.71875,-5.71875,17.78125
Disseizor,-23.5,-23.5,-5.71875,-5.71875,17.78125
Erithacus,-23.375,-23.375,-5.59375,-5.59375,17.78125
Prorectorate,-23.625,-23.625,-5.84375,-5.84375,17.78125
Camouflage,-23.5,-23.5,-5.71875,-5.71875,17.78125
Supersafe,-23.625,-23.625,-5.84375,-5.84375,17.78125
Orthostati,-23.5,-23.5,-5.71875,-5.71875,17.78125
Pansophist,-23.5,-23.5,-5.71875,-5.71875,17.78125
Acupuncturists,-23.625,-23.625,-5.84375,-5.84375,17.78125
Wagnerist,-23.375,-23.375,-5.59375,-5.59375,17.78125
Bullyrags,-23.125,-23.125,-5.34375,-5.34375,17.78125
Taunters,-23.75,-23.75,-5.96875,-5.96875,17.78125
Cheekish,-23.375,-23.375,-5.59375,-5.59375,17.78125
Guillotinist,-23.25,-23.25,-5.46875,-5.46875,17.78125
Outdraw,-23.375,-23.375,-5.59375,-5.59375,17.78125
Homicidious,-23.375,-23.375,-5.59375,-5.59375,17.78125
Unremorseful,-23.375,-23.375,-5.59375,-5.59375,17.78125
Boxinesses,-23.5,-23.5,-5.71875,-5.71875,17.78125
Houtou,-23.875,-23.875,-6.09375,-6.09375,17.78125
Neurhypnotist,-23.0,-23.0,-5.21875,-5.21875,17.78125
Exulate,-23.25,-23.25,-5.5,-5.5,17.75
Lambdas,-23.25,-23.25,-5.5,-5.5,17.75
Wither,-23.125,-23.125,-5.375,-5.375,17.75
Phousdar,-23.375,-23.375,-5.625,-5.625,17.75
Agamist,-23.0,-23.0,-5.25,-5.25,17.75
Amorphous,-23.375,-23.375,-5.625,-5.625,17.75
Preterritorial,-23.375,-23.375,-5.625,-5.625,17.75
Semiditone,-23.25,-23.25,-5.5,-5.5,17.75
Whangdoodle,-23.0,-23.0,-5.25,-5.25,17.75
Carotenoid,-23.375,-23.375,-5.625,-5.625,17.75
Monolithic,-23.125,-23.125,-5.375,-5.375,17.75
Unpropellent,-23.375,-23.375,-5.625,-5.625,17.75
Flagfall,-23.125,-23.125,-5.375,-5.375,17.75
Prerich,-23.25,-23.25,-5.5,-5.5,17.75
Pregame,-23.375,-23.375,-5.625,-5.625,17.75
Fulminant,-23.375,-23.375,-5.625,-5.625,17.75
Beautifier,-23.5,-23.5,-5.75,-5.75,17.75
Motilities,-23.25,-23.25,-5.5,-5.5,17.75
Petrogenetic,-23.625,-23.625,-5.875,-5.875,17.75
Nontherapeutic,-23.375,-23.375,-5.625,-5.625,17.75
Microgauss,-23.375,-23.375,-5.625,-5.625,17.75
Planariform,-23.375,-23.375,-5.625,-5.625,17.75
Ecstatic,-23.375,-23.375,-5.625,-5.625,17.75
Radiatoporous,-23.375,-23.375,-5.625,-5.625,17.75
Semisixth,-23.5,-23.5,-5.75,-5.75,17.75
Incanous,-23.25,-23.25,-5.5,-5.5,17.75
Reticle,-23.5,-23.5,-5.75,-5.75,17.75
Semaphorist,-23.125,-23.125,-5.375,-5.375,17.75
Unsnap,-23.25,-23.25,-5.5,-5.5,17.75
Diaphoresis,-23.25,-23.25,-5.5,-5.5,17.75
Resinous,-23.5,-23.5,-5.75,-5.75,17.75
Trophobiosis,-23.375,-23.375,-5.625,-5.625,17.75
Sympetalous,-23.25,-23.25,-5.5,-5.5,17.75
Pyrologies,-23.25,-23.25,-5.5,-5.5,17.75
Homuncule,-23.125,-23.125,-5.375,-5.375,17.75
Aglimmer,-23.375,-23.375,-5.625,-5.625,17.75
Predoctorate,-23.5,-23.5,-5.75,-5.75,17.75
Manchets,-23.5,-23.5,-5.75,-5.75,17.75
Outvelvet,-23.25,-23.25,-5.5,-5.5,17.75
Winegrower,-23.125,-23.125,-5.375,-5.375,17.75
Inphase,-23.375,-23.375,-5.625,-5.625,17.75
Counterbuff,-23.5,-23.5,-5.75,-5.75,17.75
Semibiologic,-23.25,-23.25,-5.5,-5.5,17.75
Pyelitic,-23.375,-23.375,-5.625,-5.625,17.75
Undershrub,-23.25,-23.25,-5.5,-5.5,17.75
Nonpossessive,-23.25,-23.25,-5.5,-5.5,17.75
Pinwale,-23.375,-23.375,-5.625,-5.625,17.75
Upscrew,-23.125,-23.125,-5.375,-5.375,17.75
Applicative,-23.5,-23.5,-5.8125,-5.8125,17.6875
Nontensile,-23.375,-23.375,-5.6875,-5.6875,17.6875
Mispassion,-23.625,-23.625,-5.9375,-5.9375,17.6875
Corroborations,-23.5,-23.5,-5.8125,-5.8125,17.6875
Radiotracer,-23.375,-23.375,-5.6875,-5.6875,17.6875
Airiferous,-23.5,-23.5,-5.8125,-5.8125,17.6875
Nonprofession,-23.375,-23.375,-5.6875,-5.6875,17.6875
Autograft,-23.5,-23.5,-5.8125,-5.8125,17.6875
Enhearse,-23.5,-23.5,-5.8125,-5.8125,17.6875
Omnivorous,-23.375,-23.375,-5.6875,-5.6875,17.6875
Hymenic,-23.5,-23.5,-5.8125,-5.8125,17.6875
Philotherian,-23.5,-23.5,-5.8125,-5.8125,17.6875
Squillitic,-23.375,-23.375,-5.6875,-5.6875,17.6875
Nasality,-23.625,-23.625,-5.9375,-5.9375,17.6875
Wangtooth,-23.5,-23.5,-5.8125,-5.8125,17.6875
Lobeless,-23.5,-23.5,-5.8125,-5.8125,17.6875
Isodimorphic,-23.375,-23.375,-5.6875,-5.6875,17.6875
Enkernel,-23.5,-23.5,-5.8125,-5.8125,17.6875
Underform,-23.5,-23.5,-5.8125,-5.8125,17.6875
Metronomical,-23.5,-23.5,-5.8125,-5.8125,17.6875
Oxytocin,-23.5,-23.5,-5.8125,-5.8125,17.6875
Unpoignant,-23.375,-23.375,-5.6875,-5.6875,17.6875
Opiumism,-24.125,-24.125,-6.4375,-6.4375,17.6875
Inventress,-23.375,-23.375,-5.6875,-5.6875,17.6875
Philologastry,-23.375,-23.375,-5.6875,-5.6875,17.6875
Ecumenic,-23.5,-23.5,-5.8125,-5.8125,17.6875
Lendee,-23.375,-23.375,-5.6875,-5.6875,17.6875
Pettah,-23.375,-23.375,-5.6875,-5.6875,17.6875
Overjust,-23.5,-23.5,-5.8125,-5.8125,17.6875
Ascitb,-23.375,-23.375,-5.6875,-5.6875,17.6875
Blatterer,-23.625,-23.625,-5.9375,-5.9375,17.6875
Unfatalistic,-23.375,-23.375,-5.6875,-5.6875,17.6875
Forkbeard,-23.125,-23.125,-5.4375,-5.4375,17.6875
Soddite,-23.375,-23.375,-5.6875,-5.6875,17.6875
Enstate,-23.75,-23.75,-6.0625,-6.0625,17.6875
Rankish,-23.5,-23.5,-5.8125,-5.8125,17.6875
Guider,-23.625,-23.625,-5.9375,-5.9375,17.6875
Quiddit,-23.5,-23.5,-5.8125,-5.8125,17.6875
Cookey,-23.375,-23.375,-5.6875,-5.6875,17.6875
Overfit,-23.5,-23.5,-5.8125,-5.8125,17.6875
Knucklier,-23.375,-23.375,-5.6875,-5.6875,17.6875
Certosino,-23.625,-23.625,-5.9375,-5.9375,17.6875
Enhamper,-23.375,-23.375,-5.6875,-5.6875,17.6875
Muckamuck,-23.125,-23.125,-5.4375,-5.4375,17.6875
Subobtuse,-23.5,-23.5,-5.8125,-5.8125,17.6875
Pictographic,-23.375,-23.375,-5.6875,-5.6875,17.6875
Haywire,-23.125,-23.125,-5.46875,-5.46875,17.65625
Tackleless,-23.375,-23.375,-5.71875,-5.71875,17.65625
Caecotomy,-23.375,-23.375,-5.71875,-5.71875,17.65625
Populator,-23.375,-23.375,-5.71875,-5.71875,17.65625
Phoneme,-23.375,-23.375,-5.71875,-5.71875,17.65625
Anosmic,-23.25,-23.25,-5.59375,-5.59375,17.65625
Nematognathous,-23.375,-23.375,-5.71875,-5.71875,17.65625
Nonenunciatory,-23.5,-23.5,-5.84375,-5.84375,17.65625
Plagianthus,-23.5,-23.5,-5.84375,-5.84375,17.65625
Tornado,-23.25,-23.25,-5.59375,-5.59375,17.65625
Depertible,-23.5,-23.5,-5.84375,-5.84375,17.65625
Centraxonial,-23.375,-23.375,-5.71875,-5.71875,17.65625
Unshut,-23.375,-23.375,-5.71875,-5.71875,17.65625
Producers,-23.625,-23.625,-5.96875,-5.96875,17.65625
Foiler,-23.5,-23.5,-5.84375,-5.84375,17.65625
Carryovers,-23.5,-23.5,-5.84375,-5.84375,17.65625
Processionals,-23.375,-23.375,-5.71875,-5.71875,17.65625
Bunkery,-23.25,-23.25,-5.59375,-5.59375,17.65625
Cavalierish,-23.375,-23.375,-5.71875,-5.71875,17.65625
Maledict,-23.375,-23.375,-5.71875,-5.71875,17.65625
Perfects,-23.375,-23.375,-5.71875,-5.71875,17.65625
Formulators,-23.375,-23.375,-5.71875,-5.71875,17.65625
Nonmalarial,-23.25,-23.25,-5.59375,-5.59375,17.65625
Dekametre,-23.125,-23.125,-5.46875,-5.46875,17.65625
Nomadism,-23.75,-23.75,-6.09375,-6.09375,17.65625
Japanner,-23.875,-23.875,-6.21875,-6.21875,17.65625
Submediocre,-23.375,-23.375,-5.71875,-5.71875,17.65625
Rehash,-23.375,-23.375,-5.71875,-5.71875,17.65625
Rantism,-24.0,-24.0,-6.34375,-6.34375,17.65625
Wannigan,-23.375,-23.375,-5.71875,-5.71875,17.65625
Bandpass,-23.5,-23.5,-5.84375,-5.84375,17.65625
Quixotry,-23.75,-23.75,-6.09375,-6.09375,17.65625
Carcinophagous,-23.125,-23.125,-5.46875,-5.46875,17.65625
Repulseproof,-23.375,-23.375,-5.71875,-5.71875,17.65625
Metropolitical,-23.25,-23.25,-5.59375,-5.59375,17.65625
Redelivery,-23.5,-23.5,-5.84375,-5.84375,17.65625
Semitextural,-23.25,-23.25,-5.59375,-5.59375,17.65625
Mareschal,-23.625,-23.625,-5.96875,-5.96875,17.65625
Demulsion,-23.375,-23.375,-5.71875,-5.71875,17.65625
Furunculus,-23.375,-23.375,-5.71875,-5.71875,17.65625
Neoterical,-23.5,-23.5,-5.84375,-5.84375,17.65625
Neutrophile,-23.25,-23.25,-5.59375,-5.59375,17.65625
Disarmer,-23.25,-23.25,-5.59375,-5.59375,17.65625
Jointers,-23.375,-23.375,-5.71875,-5.71875,17.65625
Syringium,-23.375,-23.375,-5.71875,-5.71875,17.65625
Topographics,-23.25,-23.25,-5.59375,-5.59375,17.65625
Underclay,-23.25,-23.25,-5.59375,-5.59375,17.65625
Extensor,-23.625,-23.625,-5.96875,-5.96875,17.65625
Rolamites,-23.375,-23.375,-5.71875,-5.71875,17.65625
Dislocator,-23.125,-23.125,-5.46875,-5.46875,17.65625
Fedifragous,-23.625,-23.625,-5.96875,-5.96875,17.65625
Trunnions,-23.25,-23.25,-5.59375,-5.59375,17.65625
Interminister,-23.5,-23.5,-5.84375,-5.84375,17.65625
Relubricate,-23.5,-23.5,-5.84375,-5.84375,17.65625
Paedometrical,-23.25,-23.25,-5.59375,-5.59375,17.65625
Homeric,-23.125,-23.125,-5.46875,-5.46875,17.65625
Excambion,-23.5,-23.5,-5.84375,-5.84375,17.65625
Effuse,-23.375,-23.375,-5.71875,-5.71875,17.65625
Crampoons,-23.25,-23.25,-5.59375,-5.59375,17.65625
Calvous,-23.5,-23.5,-5.84375,-5.84375,17.65625
Hymenopter,-23.25,-23.25,-5.59375,-5.59375,17.65625
Gauzelike,-23.375,-23.375,-5.71875,-5.71875,17.65625
Poloniums,-23.75,-23.75,-6.09375,-6.09375,17.65625
Retwists,-23.375,-23.375,-5.71875,-5.71875,17.65625
Unfrolicsome,-23.125,-23.125,-5.46875,-5.46875,17.65625
Undeductive,-23.5,-23.5,-5.84375,-5.84375,17.65625
Ponderate,-23.375,-23.375,-5.71875,-5.71875,17.65625
Serial,-23.5,-23.5,-5.84375,-5.84375,17.65625
Ministrate,-23.5,-23.5,-5.84375,-5.84375,17.65625
Excerptive,-23.375,-23.375,-5.71875,-5.71875,17.65625
Protoplasmatic,-23.375,-23.375,-5.71875,-5.71875,17.65625
Abiogenetical,-23.375,-23.375,-5.71875,-5.71875,17.65625
Capita,-23.375,-23.375,-5.71875,-5.71875,17.65625
Psychometry,-23.125,-23.125,-5.46875,-5.46875,17.65625
Periwinkler,-23.375,-23.375,-5.71875,-5.71875,17.65625
Calcitrant,-23.125,-23.125,-5.46875,-5.46875,17.65625
Transits,-23.5,-23.5,-5.84375,-5.84375,17.65625
Yorker,-23.0,-23.0,-5.34375,-5.34375,17.65625
Phyllodia,-23.25,-23.25,-5.59375,-5.59375,17.65625
Astream,-23.375,-23.375,-5.71875,-5.71875,17.65625
Postdiastolic,-23.25,-23.25,-5.59375,-5.59375,17.65625
Vasospasm,-23.375,-23.375,-5.71875,-5.71875,17.65625
Apandry,-23.375,-23.375,-5.71875,-5.71875,17.65625
Semiclimber,-23.25,-23.25,-5.59375,-5.59375,17.65625
Stowaway,-23.0,-23.0,-5.34375,-5.34375,17.65625
Cogman,-23.375,-23.375,-5.71875,-5.71875,17.65625
Serfism,-23.625,-23.625,-5.96875,-5.96875,17.65625
Angelolatry,-23.625,-23.625,-5.96875,-5.96875,17.65625
Houvari,-23.5,-23.5,-5.84375,-5.84375,17.65625
Depasture,-23.25,-23.25,-5.59375,-5.59375,17.65625
Oxtongue,-23.5,-23.5,-5.84375,-5.84375,17.65625
Deresinize,-23.5,-23.5,-5.84375,-5.84375,17.65625
Hermitry,-23.375,-23.375,-5.71875,-5.71875,17.65625
Chemotropic,-23.25,-23.25,-5.59375,-5.59375,17.65625
Chloridize,-23.5,-23.5,-5.84375,-5.84375,17.65625
Engleim,-23.25,-23.25,-5.59375,-5.59375,17.65625
Pentameran,-23.375,-23.375,-5.71875,-5.71875,17.65625
Receptible,-23.25,-23.25,-5.59375,-5.59375,17.65625
Prelect,-23.375,-23.375,-5.71875,-5.71875,17.65625
Characteries,-23.375,-23.375,-5.71875,-5.71875,17.65625
Bengal,-23.5,-23.5,-5.84375,-5.84375,17.65625
Hostiles,-23.375,-23.375,-5.71875,-5.71875,17.65625
Disboard,-23.25,-23.25,-5.59375,-5.59375,17.65625
Missionaryship,-23.5,-23.5,-5.84375,-5.84375,17.65625
Psychorealist,-23.375,-23.375,-5.71875,-5.71875,17.65625
Flandan,-23.625,-23.625,-5.96875,-5.96875,17.65625
Guttee,-23.5,-23.5,-5.84375,-5.84375,17.65625
Postscripts,-23.375,-23.375,-5.71875,-5.71875,17.65625
Craton,-23.25,-23.25,-5.59375,-5.59375,17.65625
Overblind,-23.625,-23.625,-5.96875,-5.96875,17.65625
Subsecretaries,-23.75,-23.75,-6.09375,-6.09375,17.65625
Malefactresses,-23.125,-23.125,-5.46875,-5.46875,17.65625
Synapticulate,-23.5,-23.5,-5.84375,-5.84375,17.65625
Caesural,-23.25,-23.25,-5.59375,-5.59375,17.65625
Tenenda,-23.375,-23.375,-5.71875,-5.71875,17.65625
Araucano,-23.5,-23.5,-5.84375,-5.84375,17.65625
Recock,-23.25,-23.25,-5.59375,-5.59375,17.65625
Decream,-23.625,-23.625,-5.96875,-5.96875,17.65625
Postcavae,-23.5,-23.5,-5.84375,-5.84375,17.65625
Commensurate,-23.375,-23.375,-5.71875,-5.71875,17.65625
Marauders,-23.5,-23.5,-5.84375,-5.84375,17.65625
Noneugenical,-23.25,-23.25,-5.59375,-5.59375,17.65625
Auspicial,-23.375,-23.375,-5.71875,-5.71875,17.65625
Predentata,-23.375,-23.375,-5.71875,-5.71875,17.65625
Lengthsman,-23.25,-23.25,-5.59375,-5.59375,17.65625
Deificatory,-23.5,-23.5,-5.84375,-5.84375,17.65625
Adulates,-23.25,-23.25,-5.59375,-5.59375,17.65625
Retrample,-23.375,-23.375,-5.71875,-5.71875,17.65625
Carcinogeneses,-23.5,-23.5,-5.84375,-5.84375,17.65625
Fableist,-23.375,-23.375,-5.71875,-5.71875,17.65625
Shandy,-23.125,-23.125,-5.46875,-5.46875,17.65625
Umbilroot,-23.125,-23.125,-5.46875,-5.46875,17.65625
Metamerous,-23.375,-23.375,-5.71875,-5.71875,17.65625
Kulmet,-23.375,-23.375,-5.71875,-5.71875,17.65625
Gaffsail,-23.25,-23.25,-5.59375,-5.59375,17.65625
Uncloven,-23.25,-23.25,-5.59375,-5.59375,17.65625
Glitterance,-23.375,-23.375,-5.71875,-5.71875,17.65625
Torula,-23.125,-23.125,-5.46875,-5.46875,17.65625
Innumerability,-23.75,-23.75,-6.09375,-6.09375,17.65625
Pothos,-23.25,-23.25,-5.59375,-5.59375,17.65625
Murrain,-23.5,-23.5,-5.84375,-5.84375,17.65625
Peckhamite,-23.125,-23.125,-5.46875,-5.46875,17.65625
Disamis,-23.625,-23.625,-5.96875,-5.96875,17.65625
Hastile,-23.25,-23.25,-5.59375,-5.59375,17.65625
Plaidy,-23.625,-23.625,-5.96875,-5.96875,17.65625
Blemisher,-23.25,-23.25,-5.59375,-5.59375,17.65625
Silvex,-23.375,-23.375,-5.71875,-5.71875,17.65625
Transfer,-23.625,-23.625,-5.96875,-5.96875,17.65625
Coalmonger,-23.125,-23.125,-5.46875,-5.46875,17.65625
Indicter,-23.375,-23.375,-5.71875,-5.71875,17.65625
Awrong,-23.125,-23.125,-5.46875,-5.46875,17.65625
Smellie,-23.25,-23.25,-5.59375,-5.59375,17.65625
Disavaunce,-23.5,-23.5,-5.84375,-5.84375,17.65625
Metallize,-23.375,-23.375,-5.71875,-5.71875,17.65625
Nonsubsistent,-23.375,-23.375,-5.71875,-5.71875,17.65625
Frippery,-23.125,-23.125,-5.46875,-5.46875,17.65625
Trijugate,-23.5,-23.5,-5.84375,-5.84375,17.65625
Outpush,-23.5,-23.5,-5.84375,-5.84375,17.65625
Supercolumnar,-23.375,-23.375,-5.71875,-5.71875,17.65625
Tribuna,-23.5,-23.5,-5.84375,-5.84375,17.65625
Pregenital,-23.25,-23.25,-5.59375,-5.59375,17.65625
Smallnesses,-23.5,-23.5,-5.84375,-5.84375,17.65625
Masuriums,-23.5,-23.5,-5.84375,-5.84375,17.65625
Conspissate,-23.375,-23.375,-5.71875,-5.71875,17.65625
Semiclose,-23.375,-23.375,-5.71875,-5.71875,17.65625
Disthrone,-23.5,-23.5,-5.84375,-5.84375,17.65625
Kodaker,-23.25,-23.25,-5.59375,-5.59375,17.65625
Nonguard,-23.25,-23.25,-5.59375,-5.59375,17.65625
Inique,-23.25,-23.25,-5.59375,-5.59375,17.65625
Rehoist,-23.5,-23.5,-5.84375,-5.84375,17.65625
Oryzenin,-23.625,-23.625,-5.96875,-5.96875,17.65625
Monothalamic,-23.125,-23.125,-5.46875,-5.46875,17.65625
Thebain,-23.25,-23.25,-5.59375,-5.59375,17.65625
Pyrrhuloxia,-23.125,-23.125,-5.46875,-5.46875,17.65625
Disdiazo,-23.625,-23.625,-5.96875,-5.96875,17.65625
Lowder,-23.25,-23.25,-5.59375,-5.59375,17.65625
Reclusery,-23.25,-23.25,-5.59375,-5.59375,17.65625
Pelure,-23.125,-23.125,-5.46875,-5.46875,17.65625
Antiricin,-23.625,-23.625,-5.96875,-5.96875,17.65625
Polygamian,-23.25,-23.25,-5.59375,-5.59375,17.65625
Prefectural,-23.25,-23.25,-5.59375,-5.59375,17.65625
Mercantilistic,-23.375,-23.375,-5.71875,-5.71875,17.65625
Gateworks,-23.125,-23.125,-5.46875,-5.46875,17.65625
Unsight,-23.0,-23.0,-5.34375,-5.34375,17.65625
Plotties,-23.5,-23.5,-5.84375,-5.84375,17.65625
Mortality,-23.125,-23.125,-5.46875,-5.46875,17.65625
Substantives,-23.5,-23.5,-5.84375,-5.84375,17.65625
Reearn,-23.5,-23.5,-5.84375,-5.84375,17.65625
Annuitant,-23.375,-23.375,-5.71875,-5.71875,17.65625
Omnivision,-23.5,-23.5,-5.84375,-5.84375,17.65625
Reappraise,-23.25,-23.25,-5.59375,-5.59375,17.65625
Gastrin,-23.375,-23.375,-5.71875,-5.71875,17.65625
Dollhouse,-22.875,-22.875,-5.21875,-5.21875,17.65625
Phalanges,-23.25,-23.25,-5.59375,-5.59375,17.65625
Occlusor,-23.375,-23.375,-5.71875,-5.71875,17.65625
Intune,-23.5,-23.5,-5.84375,-5.84375,17.65625
Unitarist,-23.25,-23.25,-5.59375,-5.59375,17.65625
Preacherize,-23.625,-23.625,-5.96875,-5.96875,17.65625
Nonsurrender,-23.375,-23.375,-5.71875,-5.71875,17.65625
Hypogastric,-23.625,-23.625,-5.96875,-5.96875,17.65625
Berkeleyism,-23.375,-23.375,-5.71875,-5.71875,17.65625
Unvoluminous,-23.25,-23.25,-5.59375,-5.59375,17.65625
Reprints,-23.25,-23.25,-5.59375,-5.59375,17.65625
Pellmell,-23.25,-23.25,-5.59375,-5.59375,17.65625
Disorganic,-23.625,-23.625,-5.96875,-5.96875,17.65625
Radiobicipital,-23.375,-23.375,-5.71875,-5.71875,17.65625
Unprolific,-23.375,-23.375,-5.71875,-5.71875,17.65625
Subprior,-23.5,-23.5,-5.84375,-5.84375,17.65625
Dedicational,-23.375,-23.375,-5.71875,-5.71875,17.65625
Introspector,-23.375,-23.375,-5.71875,-5.71875,17.65625
Anomurous,-23.5,-23.5,-5.84375,-5.84375,17.65625
Gorgio,-23.25,-23.25,-5.59375,-5.59375,17.65625
Barratries,-23.625,-23.625,-5.96875,-5.96875,17.65625
Upgrades,-23.375,-23.375,-5.71875,-5.71875,17.65625
Septate,-23.5,-23.5,-5.84375,-5.84375,17.65625
Polyphote,-23.375,-23.375,-5.71875,-5.71875,17.65625
Fidejussionary,-23.375,-23.375,-5.71875,-5.71875,17.65625
Cosset,-23.125,-23.125,-5.46875,-5.46875,17.65625
Acroatic,-23.375,-23.375,-5.71875,-5.71875,17.65625
Cancerite,-23.25,-23.25,-5.59375,-5.59375,17.65625
Tectosphere,-23.625,-23.625,-5.96875,-5.96875,17.65625
Psephitic,-23.5,-23.5,-5.84375,-5.84375,17.65625
Germen,-23.375,-23.375,-5.71875,-5.71875,17.65625
Swordman,-23.125,-23.125,-5.46875,-5.46875,17.65625
Ordain,-23.625,-23.625,-5.96875,-5.96875,17.65625
Opacate,-23.875,-23.875,-6.21875,-6.21875,17.65625
Replial,-23.25,-23.25,-5.59375,-5.59375,17.65625
Untaste,-23.25,-23.25,-5.59375,-5.59375,17.65625
Dispersonalize,-23.375,-23.375,-5.71875,-5.71875,17.65625
Fanons,-23.375,-23.375,-5.71875,-5.71875,17.65625
Uprest,-23.375,-23.375,-5.71875,-5.71875,17.65625
Yercum,-23.25,-23.25,-5.59375,-5.59375,17.65625
Demulsifier,-23.375,-23.375,-5.71875,-5.71875,17.65625
Pearmain,-23.125,-23.125,-5.46875,-5.46875,17.65625
Enswathe,-23.25,-23.25,-5.59375,-5.59375,17.65625
Betaken,-23.375,-23.375,-5.71875,-5.71875,17.65625
Boondocker,-23.625,-23.625,-5.96875,-5.96875,17.65625
Unmilitant,-23.5,-23.5,-5.84375,-5.84375,17.65625
Gaggler,-23.25,-23.25,-5.59375,-5.59375,17.65625
Prefurlough,-23.125,-23.125,-5.46875,-5.46875,17.65625
Feteritas,-23.375,-23.375,-5.71875,-5.71875,17.65625
Prehesitate,-23.25,-23.25,-5.59375,-5.59375,17.65625
Planetaries,-23.25,-23.25,-5.59375,-5.59375,17.65625
Imbrue,-23.25,-23.25,-5.59375,-5.59375,17.65625
Fiberizer,-23.25,-23.25,-5.59375,-5.59375,17.65625
Billionaire,-23.0,-23.0,-5.34375,-5.34375,17.65625
Bimetallism,-23.875,-23.875,-6.21875,-6.21875,17.65625
Walkingstick,-23.0,-23.0,-5.34375,-5.34375,17.65625
Prehistorics,-23.375,-23.375,-5.71875,-5.71875,17.65625
Hyperploidy,-23.5,-23.5,-5.84375,-5.84375,17.65625
Rhabdomantist,-23.25,-23.25,-5.59375,-5.59375,17.65625
Zinckenite,-23.125,-23.125,-5.46875,-5.46875,17.65625
Cazimi,-23.375,-23.375,-5.71875,-5.71875,17.65625
Zingel,-23.375,-23.375,-5.71875,-5.71875,17.65625
Econometrician,-23.5,-23.5,-5.84375,-5.84375,17.65625
Kaoliang,-23.25,-23.25,-5.625,-5.625,17.625
Calamistrate,-23.125,-23.125,-5.5,-5.5,17.625
Phaenogenesis,-23.25,-23.25,-5.625,-5.625,17.625
Empiric,-23.375,-23.375,-5.75,-5.75,17.625
Layout,-23.25,-23.25,-5.625,-5.625,17.625
Euclidean,-23.25,-23.25,-5.625,-5.625,17.625
Contestate,-23.25,-23.25,-5.625,-5.625,17.625
Hydrocarbonic,-23.25,-23.25,-5.625,-5.625,17.625
Slummage,-23.0,-23.0,-5.375,-5.375,17.625
Archiheretical,-23.25,-23.25,-5.625,-5.625,17.625
Updive,-23.375,-23.375,-5.75,-5.75,17.625
Agastric,-23.25,-23.25,-5.625,-5.625,17.625
Nonbachelor,-23.25,-23.25,-5.625,-5.625,17.625
Repoll,-23.375,-23.375,-5.75,-5.75,17.625
Broguish,-23.125,-23.125,-5.5,-5.5,17.625
Uroptysis,-23.125,-23.125,-5.5,-5.5,17.625
Forelimbs,-23.25,-23.25,-5.625,-5.625,17.625
Complexionist,-23.125,-23.125,-5.5,-5.5,17.625
Autoloaders,-23.75,-23.75,-6.125,-6.125,17.625
Phosphamic,-23.25,-23.25,-5.625,-5.625,17.625
Eurodollar,-23.375,-23.375,-5.75,-5.75,17.625
Gunter,-23.25,-23.25,-5.625,-5.625,17.625
Interjaculate,-23.125,-23.125,-5.5,-5.5,17.625
Mosquitoproof,-23.125,-23.125,-5.5,-5.5,17.625
Yeomen,-23.375,-23.375,-5.75,-5.75,17.625
Fructoses,-23.0,-23.0,-5.375,-5.375,17.625
Fuseboard,-23.375,-23.375,-5.75,-5.75,17.625
Phlyctenule,-23.0,-23.0,-5.375,-5.375,17.625
Squidgier,-23.0,-23.0,-5.375,-5.375,17.625
Heists,-23.125,-23.125,-5.5,-5.5,17.625
Tirrivees,-23.125,-23.125,-5.5,-5.5,17.625
Engold,-23.125,-23.125,-5.5,-5.5,17.625
Bespin,-22.625,-22.625,-5.0,-5.0,17.625
Weirder,-23.125,-23.125,-5.5,-5.5,17.625
Thelion,-23.25,-23.25,-5.625,-5.625,17.625
Postmuscular,-23.375,-23.375,-5.75,-5.75,17.625
Orangeat,-23.25,-23.25,-5.625,-5.625,17.625
Culicid,-23.125,-23.125,-5.5,-5.5,17.625
Desidious,-23.25,-23.25,-5.625,-5.625,17.625
Ethmoid,-23.0,-23.0,-5.375,-5.375,17.625
Smirchless,-23.0,-23.0,-5.375,-5.375,17.625
Atomician,-23.125,-23.125,-5.5,-5.5,17.625
Semiterete,-23.125,-23.125,-5.5,-5.5,17.625
Admiral,-23.0,-23.0,-5.375,-5.375,17.625
Hypertensinase,-23.25,-23.25,-5.625,-5.625,17.625
Whirlicote,-22.875,-22.875,-5.25,-5.25,17.625
Prizefighters,-23.25,-23.25,-5.625,-5.625,17.625
Chloropsia,-23.25,-23.25,-5.625,-5.625,17.625
Recommender,-23.25,-23.25,-5.625,-5.625,17.625
Microbe,-23.0,-23.0,-5.375,-5.375,17.625
Relativistic,-23.25,-23.25,-5.625,-5.625,17.625
Epitrichium,-23.375,-23.375,-5.75,-5.75,17.625
Piculs,-23.25,-23.25,-5.625,-5.625,17.625
Geoglossum,-23.375,-23.375,-5.8125,-5.8125,17.5625
Beshade,-23.25,-23.25,-5.6875,-5.6875,17.5625
Ascendent,-23.375,-23.375,-5.8125,-5.8125,17.5625
Underfelt,-23.25,-23.25,-5.6875,-5.6875,17.5625
Embrue,-23.25,-23.25,-5.6875,-5.6875,17.5625
Fitchew,-23.25,-23.25,-5.6875,-5.6875,17.5625
Lamentory,-23.375,-23.375,-5.8125,-5.8125,17.5625
Joggler,-23.375,-23.375,-5.8125,-5.8125,17.5625
Nonemulative,-23.25,-23.25,-5.6875,-5.6875,17.5625
Novelise,-23.625,-23.625,-6.0625,-6.0625,17.5625
Technics,-23.375,-23.375,-5.8125,-5.8125,17.5625
Subinternal,-23.5,-23.5,-5.9375,-5.9375,17.5625
Thermogenesis,-23.375,-23.375,-5.8125,-5.8125,17.5625
Undissonant,-23.5,-23.5,-5.9375,-5.9375,17.5625
Hoplomachy,-23.5,-23.5,-5.9375,-5.9375,17.5625
Hexamethonium,-23.25,-23.25,-5.6875,-5.6875,17.5625
Divertise,-23.5,-23.5,-5.9375,-5.9375,17.5625
Sebiferous,-23.25,-23.25,-5.6875,-5.6875,17.5625
Blesmol,-23.375,-23.375,-5.8125,-5.8125,17.5625
Cerolite,-23.25,-23.25,-5.6875,-5.6875,17.5625
Forthgaze,-23.25,-23.25,-5.6875,-5.6875,17.5625
Lashkar,-23.375,-23.375,-5.8125,-5.8125,17.5625
Unclamorous,-23.25,-23.25,-5.6875,-5.6875,17.5625
Intentions,-23.375,-23.375,-5.8125,-5.8125,17.5625
Automobilist,-23.25,-23.25,-5.6875,-5.6875,17.5625
Theatricalise,-23.5,-23.5,-5.9375,-5.9375,17.5625
Wlatsome,-23.25,-23.25,-5.6875,-5.6875,17.5625
Glomeruli,-23.5,-23.5,-5.9375,-5.9375,17.5625
Uncolloquial,-23.375,-23.375,-5.8125,-5.8125,17.5625
Protovestiary,-23.375,-23.375,-5.8125,-5.8125,17.5625
Umbellales,-23.25,-23.25,-5.6875,-5.6875,17.5625
Struthioid,-23.25,-23.25,-5.6875,-5.6875,17.5625
Strongylon,-23.375,-23.375,-5.8125,-5.8125,17.5625
Millimicron,-23.375,-23.375,-5.8125,-5.8125,17.5625
Securifer,-23.25,-23.25,-5.6875,-5.6875,17.5625
Untune,-23.375,-23.375,-5.8125,-5.8125,17.5625
Miscredit,-23.375,-23.375,-5.8125,-5.8125,17.5625
Bacterioidal,-23.25,-23.25,-5.6875,-5.6875,17.5625
Bacillar,-23.25,-23.25,-5.6875,-5.6875,17.5625
Jujuisms,-23.5,-23.5,-5.9375,-5.9375,17.5625
Hemistich,-23.25,-23.25,-5.6875,-5.6875,17.5625
Tristive,-23.25,-23.25,-5.6875,-5.6875,17.5625
Strives,-23.25,-23.25,-5.6875,-5.6875,17.5625
Helicopts,-23.25,-23.25,-5.6875,-5.6875,17.5625
Regalty,-23.25,-23.25,-5.6875,-5.6875,17.5625
Bequest,-23.25,-23.25,-5.6875,-5.6875,17.5625
Justifier,-23.375,-23.375,-5.8125,-5.8125,17.5625
Kukang,-23.5,-23.5,-5.9375,-5.9375,17.5625
Lollup,-23.375,-23.375,-5.8125,-5.8125,17.5625
Trisensory,-23.375,-23.375,-5.8125,-5.8125,17.5625
Tautousious,-23.375,-23.375,-5.8125,-5.8125,17.5625
Tresis,-23.25,-23.25,-5.6875,-5.6875,17.5625
Antipass,-23.5,-23.5,-5.9375,-5.9375,17.5625
Imides,-23.25,-23.25,-5.6875,-5.6875,17.5625
Allomerous,-23.25,-23.25,-5.6875,-5.6875,17.5625
Unriddles,-23.375,-23.375,-5.8125,-5.8125,17.5625
Bisetose,-23.25,-23.25,-5.6875,-5.6875,17.5625
Revolute,-23.375,-23.375,-5.8125,-5.8125,17.5625
Heterosis,-23.5,-23.5,-5.9375,-5.9375,17.5625
Dictaen,-23.375,-23.375,-5.8125,-5.8125,17.5625
Nontheoretical,-23.25,-23.25,-5.6875,-5.6875,17.5625
Anticovenanter,-23.375,-23.375,-5.8125,-5.8125,17.5625
Youdendrift,-23.25,-23.25,-5.71875,-5.71875,17.53125
Plotton,-23.5,-23.5,-5.96875,-5.96875,17.53125
Diatessaron,-23.25,-23.25,-5.71875,-5.71875,17.53125
Alogism,-23.375,-23.375,-5.84375,-5.84375,17.53125
Chignons,-23.25,-23.25,-5.71875,-5.71875,17.53125
Dacoitage,-23.375,-23.375,-5.84375,-5.84375,17.53125
Parody,-23.375,-23.375,-5.84375,-5.84375,17.53125
Lysine,-23.125,-23.125,-5.59375,-5.59375,17.53125
Puinavi,-23.25,-23.25,-5.71875,-5.71875,17.53125
Octodecillion,-23.5,-23.5,-5.96875,-5.96875,17.53125
Disgorge,-23.125,-23.125,-5.59375,-5.59375,17.53125
Saintdoms,-23.25,-23.25,-5.71875,-5.71875,17.53125
Abroad,-23.375,-23.375,-5.84375,-5.84375,17.53125
Underfall,-23.125,-23.125,-5.59375,-5.59375,17.53125
Trademaster,-23.375,-23.375,-5.84375,-5.84375,17.53125
Anticonductor,-23.375,-23.375,-5.84375,-5.84375,17.53125
Unegoist,-23.375,-23.375,-5.84375,-5.84375,17.53125
Victualer,-23.25,-23.25,-5.71875,-5.71875,17.53125
Tribromide,-23.25,-23.25,-5.71875,-5.71875,17.53125
Naissant,-23.375,-23.375,-5.84375,-5.84375,17.53125
Condemnatory,-23.375,-23.375,-5.84375,-5.84375,17.53125
Waterproofer,-23.25,-23.25,-5.71875,-5.71875,17.53125
Aerosats,-23.375,-23.375,-5.84375,-5.84375,17.53125
Sandkey,-23.25,-23.25,-5.71875,-5.71875,17.53125
Assurgency,-23.625,-23.625,-6.09375,-6.09375,17.53125
Clumsiest,-23.0,-23.0,-5.46875,-5.46875,17.53125
Consummates,-23.125,-23.125,-5.59375,-5.59375,17.53125
Denervate,-23.375,-23.375,-5.84375,-5.84375,17.53125
Bunglesome,-23.0,-23.0,-5.46875,-5.46875,17.53125
Epigrammatism,-23.75,-23.75,-6.21875,-6.21875,17.53125
Fricti,-23.25,-23.25,-5.71875,-5.71875,17.53125
Prismatical,-23.125,-23.125,-5.59375,-5.59375,17.53125
Quattrino,-23.375,-23.375,-5.84375,-5.84375,17.53125
Arianizer,-23.625,-23.625,-6.09375,-6.09375,17.53125
Spongeless,-23.0,-23.0,-5.46875,-5.46875,17.53125
Sulfion,-23.125,-23.125,-5.59375,-5.59375,17.53125
Quiets,-23.125,-23.125,-5.59375,-5.59375,17.53125
Extollers,-23.625,-23.625,-6.09375,-6.09375,17.53125
Methoxy,-23.375,-23.375,-5.84375,-5.84375,17.53125
Sickener,-23.25,-23.25,-5.71875,-5.71875,17.53125
Tanneries,-23.25,-23.25,-5.71875,-5.71875,17.53125
Uninceptive,-23.25,-23.25,-5.71875,-5.71875,17.53125
Autogenous,-23.5,-23.5,-5.96875,-5.96875,17.53125
Septemberist,-23.125,-23.125,-5.59375,-5.59375,17.53125
Melanopathia,-23.25,-23.25,-5.71875,-5.71875,17.53125
Panegyricon,-23.125,-23.125,-5.59375,-5.59375,17.53125
Chrysophanic,-23.375,-23.375,-5.84375,-5.84375,17.53125
Collectioner,-23.125,-23.125,-5.59375,-5.59375,17.53125
Pretechnical,-23.25,-23.25,-5.71875,-5.71875,17.53125
Pyromellitic,-23.125,-23.125,-5.59375,-5.59375,17.53125
Subpools,-23.5,-23.5,-5.96875,-5.96875,17.53125
Innative,-23.375,-23.375,-5.84375,-5.84375,17.53125
Rebathe,-23.25,-23.25,-5.71875,-5.71875,17.53125
Mauler,-23.25,-23.25,-5.71875,-5.71875,17.53125
Myonema,-23.5,-23.5,-5.96875,-5.96875,17.53125
Ophian,-23.5,-23.5,-5.96875,-5.96875,17.53125
Cribose,-23.375,-23.375,-5.84375,-5.84375,17.53125
Inoculability,-23.375,-23.375,-5.84375,-5.84375,17.53125
Blunnen,-23.0,-23.0,-5.46875,-5.46875,17.53125
Emperil,-23.25,-23.25,-5.71875,-5.71875,17.53125
Hopple,-23.125,-23.125,-5.59375,-5.59375,17.53125
Preoffer,-23.375,-23.375,-5.84375,-5.84375,17.53125
Evolvent,-23.375,-23.375,-5.84375,-5.84375,17.53125
Cathedras,-23.5,-23.5,-5.96875,-5.96875,17.53125
Sabulum,-23.5,-23.5,-5.96875,-5.96875,17.53125
Sulphurous,-23.125,-23.125,-5.59375,-5.59375,17.53125
Oosporange,-23.375,-23.375,-5.84375,-5.84375,17.53125
Alterations,-23.25,-23.25,-5.71875,-5.71875,17.53125
Caruncular,-23.375,-23.375,-5.84375,-5.84375,17.53125
Caimitillo,-23.0,-23.0,-5.46875,-5.46875,17.53125
Zymometer,-23.0,-23.0,-5.46875,-5.46875,17.53125
Overcommit,-23.125,-23.125,-5.59375,-5.59375,17.53125
Syrian,-23.0,-23.0,-5.46875,-5.46875,17.53125
Guelph,-23.5,-23.5,-5.96875,-5.96875,17.53125
Lymphatic,-23.0,-23.0,-5.46875,-5.46875,17.53125
Adaxial,-23.25,-23.25,-5.71875,-5.71875,17.53125
Acaricidal,-23.25,-23.25,-5.71875,-5.71875,17.53125
Microeutaxitic,-23.375,-23.375,-5.84375,-5.84375,17.53125
Hostlership,-23.375,-23.375,-5.84375,-5.84375,17.53125
Autodidactic,-23.25,-23.25,-5.71875,-5.71875,17.53125
Shearsman,-23.125,-23.125,-5.59375,-5.59375,17.53125
Nondemand,-23.125,-23.125,-5.59375,-5.59375,17.53125
Sheriffhood,-23.375,-23.375,-5.84375,-5.84375,17.53125
Garter,-23.125,-23.125,-5.59375,-5.59375,17.53125
Haemolytic,-23.125,-23.125,-5.59375,-5.59375,17.53125
Varsal,-23.375,-23.375,-5.84375,-5.84375,17.53125
Frowst,-23.0,-23.0,-5.46875,-5.46875,17.53125
Biasses,-23.25,-23.25,-5.71875,-5.71875,17.53125
Emmetropism,-23.375,-23.375,-5.84375,-5.84375,17.53125
Yugoslavia,-23.25,-23.25,-5.71875,-5.71875,17.53125
Waddings,-23.125,-23.125,-5.59375,-5.59375,17.53125
Trehala,-23.25,-23.25,-5.71875,-5.71875,17.53125
Beakiest,-23.0,-23.0,-5.46875,-5.46875,17.53125
Feticides,-23.5,-23.5,-5.96875,-5.96875,17.53125
Phalangerinae,-23.5,-23.5,-5.96875,-5.96875,17.53125
Coarctate,-23.125,-23.125,-5.59375,-5.59375,17.53125
Dinaric,-23.25,-23.25,-5.71875,-5.71875,17.53125
Ricrac,-23.125,-23.125,-5.59375,-5.59375,17.53125
Decasualize,-23.5,-23.5,-5.96875,-5.96875,17.53125
Sideshake,-23.375,-23.375,-5.84375,-5.84375,17.53125
Oscillometer,-23.25,-23.25,-5.71875,-5.71875,17.53125
Unoecumenic,-23.375,-23.375,-5.84375,-5.84375,17.53125
Overgrows,-23.375,-23.375,-5.84375,-5.84375,17.53125
Resort,-23.0,-23.0,-5.46875,-5.46875,17.53125
Pupilability,-23.375,-23.375,-5.84375,-5.84375,17.53125
Eyedroppers,-23.125,-23.125,-5.59375,-5.59375,17.53125
Gadite,-23.25,-23.25,-5.71875,-5.71875,17.53125
Kiteflier,-23.0,-23.0,-5.46875,-5.46875,17.53125
Evovae,-23.25,-23.25,-5.71875,-5.71875,17.53125
Acalycine,-23.375,-23.375,-5.84375,-5.84375,17.53125
Whissle,-23.375,-23.375,-5.84375,-5.84375,17.53125
Padcloth,-23.375,-23.375,-5.84375,-5.84375,17.53125
Brevirostrate,-23.375,-23.375,-5.84375,-5.84375,17.53125
Anabaptistic,-23.625,-23.625,-6.09375,-6.09375,17.53125
Sphenographist,-23.25,-23.25,-5.71875,-5.71875,17.53125
Canalize,-23.5,-23.5,-5.96875,-5.96875,17.53125
Hamulous,-23.125,-23.125,-5.59375,-5.59375,17.53125
Wapitis,-23.25,-23.25,-5.71875,-5.71875,17.53125
Gandhian,-23.125,-23.125,-5.59375,-5.59375,17.53125
Panchromatic,-23.25,-23.25,-5.71875,-5.71875,17.53125
Tyrannophobia,-23.25,-23.25,-5.71875,-5.71875,17.53125
Skilfish,-23.25,-23.25,-5.71875,-5.71875,17.53125
Dinitrile,-23.25,-23.25,-5.71875,-5.71875,17.53125
Aquarid,-23.25,-23.25,-5.71875,-5.71875,17.53125
Heavenliest,-23.5,-23.5,-5.96875,-5.96875,17.53125
Carryings,-23.125,-23.125,-5.59375,-5.59375,17.53125
Maddock,-23.25,-23.25,-5.71875,-5.71875,17.53125
Rhabdos,-23.25,-23.25,-5.71875,-5.71875,17.53125
Factual,-23.375,-23.375,-5.84375,-5.84375,17.53125
Deaden,-23.0,-23.0,-5.46875,-5.46875,17.53125
Chokies,-23.25,-23.25,-5.71875,-5.71875,17.53125
Gamier,-23.375,-23.375,-5.84375,-5.84375,17.53125
Enervates,-23.125,-23.125,-5.59375,-5.59375,17.53125
Monopodes,-23.0,-23.0,-5.46875,-5.46875,17.53125
Brazilite,-23.625,-23.625,-6.09375,-6.09375,17.53125
Presets,-23.25,-23.25,-5.71875,-5.71875,17.53125
Uncompass,-23.5,-23.5,-5.96875,-5.96875,17.53125
Homilete,-23.125,-23.125,-5.59375,-5.59375,17.53125
Perreia,-23.25,-23.25,-5.71875,-5.71875,17.53125
Abnormalise,-23.375,-23.375,-5.84375,-5.84375,17.53125
Moderant,-23.25,-23.25,-5.71875,-5.71875,17.53125
Polytopical,-23.125,-23.125,-5.59375,-5.59375,17.53125
Antidemocracy,-23.625,-23.625,-6.09375,-6.09375,17.53125
Treacle,-23.125,-23.125,-5.59375,-5.59375,17.53125
Goldenest,-23.375,-23.375,-5.84375,-5.84375,17.53125
Auriphrygia,-23.125,-23.125,-5.59375,-5.59375,17.53125
Precis,-23.125,-23.125,-5.59375,-5.59375,17.53125
Dopper,-23.125,-23.125,-5.59375,-5.59375,17.53125
Predeposit,-23.375,-23.375,-5.84375,-5.84375,17.53125
Becalms,-23.125,-23.125,-5.59375,-5.59375,17.53125
Cloudage,-23.5,-23.5,-5.96875,-5.96875,17.53125
Bacteriology,-23.25,-23.25,-5.71875,-5.71875,17.53125
Perceivability,-23.625,-23.625,-6.09375,-6.09375,17.53125
Sendal,-23.25,-23.25,-5.71875,-5.71875,17.53125
Peltae,-23.125,-23.125,-5.59375,-5.59375,17.53125
Dielectric,-23.375,-23.375,-5.84375,-5.84375,17.53125
Disloyalties,-23.375,-23.375,-5.84375,-5.84375,17.53125
Hemispasm,-23.25,-23.25,-5.71875,-5.71875,17.53125
Calicate,-23.375,-23.375,-5.84375,-5.84375,17.53125
Bloodsuck,-23.0,-23.0,-5.46875,-5.46875,17.53125
Chechem,-23.5,-23.5,-5.96875,-5.96875,17.53125
Baidak,-23.125,-23.125,-5.59375,-5.59375,17.53125
Wisdom,-23.625,-23.625,-6.09375,-6.09375,17.53125
Nonmitigative,-23.125,-23.125,-5.59375,-5.59375,17.53125
Hairwood,-23.25,-23.25,-5.71875,-5.71875,17.53125
Demineralizer,-23.125,-23.125,-5.59375,-5.59375,17.53125
Rhynchonelloid,-23.0,-23.0,-5.46875,-5.46875,17.53125
Erosional,-23.375,-23.375,-5.84375,-5.84375,17.53125
Chingma,-23.625,-23.625,-6.09375,-6.09375,17.53125
Dignitarial,-23.5,-23.5,-5.96875,-5.96875,17.53125
Dovens,-23.125,-23.125,-5.59375,-5.59375,17.53125
Mootmen,-23.25,-23.25,-5.71875,-5.71875,17.53125
Conquinamine,-23.25,-23.25,-5.71875,-5.71875,17.53125
Numskull,-22.875,-22.875,-5.34375,-5.34375,17.53125
Antemural,-23.25,-23.25,-5.71875,-5.71875,17.53125
Mucolytic,-23.25,-23.25,-5.71875,-5.71875,17.53125
Nabatean,-23.125,-23.125,-5.59375,-5.59375,17.53125
Polygamical,-23.125,-23.125,-5.59375,-5.59375,17.53125
Sermonish,-23.125,-23.125,-5.59375,-5.59375,17.53125
Hornworm,-23.125,-23.125,-5.59375,-5.59375,17.53125
Bicaudate,-23.5,-23.5,-5.96875,-5.96875,17.53125
Fireclay,-23.0,-23.0,-5.46875,-5.46875,17.53125
Chiavetta,-23.375,-23.375,-5.84375,-5.84375,17.53125
Pantarchy,-23.5,-23.5,-5.96875,-5.96875,17.53125
Cruses,-23.125,-23.125,-5.59375,-5.59375,17.53125
Renerve,-23.375,-23.375,-5.84375,-5.84375,17.53125
Polyblast,-23.0,-23.0,-5.46875,-5.46875,17.53125
Bolsterwork,-23.375,-23.375,-5.84375,-5.84375,17.53125
Liveyer,-23.25,-23.25,-5.71875,-5.71875,17.53125
Intertissue,-23.25,-23.25,-5.71875,-5.71875,17.53125
Saddlebows,-23.375,-23.375,-5.84375,-5.84375,17.53125
Midterms,-23.625,-23.625,-6.09375,-6.09375,17.53125
Nonatmospheric,-23.25,-23.25,-5.71875,-5.71875,17.53125
Panties,-23.0,-23.0,-5.46875,-5.46875,17.53125
Monometallism,-23.625,-23.625,-6.09375,-6.09375,17.53125
Nonsupervision,-23.375,-23.375,-5.84375,-5.84375,17.53125
Pilosine,-23.0,-23.0,-5.46875,-5.46875,17.53125
Palpulus,-23.25,-23.25,-5.71875,-5.71875,17.53125
Hyenia,-23.125,-23.125,-5.59375,-5.59375,17.53125
Wanwit,-23.375,-23.375,-5.84375,-5.84375,17.53125
Dynamophone,-23.125,-23.125,-5.59375,-5.59375,17.53125
Colinearity,-23.375,-23.375,-5.84375,-5.84375,17.53125
Jucuna,-23.5,-23.5,-5.96875,-5.96875,17.53125
Modifies,-23.375,-23.375,-5.84375,-5.84375,17.53125
Mesarch,-23.25,-23.25,-5.71875,-5.71875,17.53125
Burion,-23.25,-23.25,-5.71875,-5.71875,17.53125
Stronghand,-23.0,-23.0,-5.46875,-5.46875,17.53125
Placaters,-23.375,-23.375,-5.84375,-5.84375,17.53125
Shatan,-23.125,-23.125,-5.59375,-5.59375,17.53125
Unspatial,-23.125,-23.125,-5.59375,-5.59375,17.53125
Sankhya,-23.25,-23.25,-5.71875,-5.71875,17.53125
Affettuoso,-23.25,-23.25,-5.71875,-5.71875,17.53125
Betatrons,-23.125,-23.125,-5.59375,-5.59375,17.53125
Bowsie,-23.375,-23.375,-5.84375,-5.84375,17.53125
Tropistic,-23.25,-23.25,-5.71875,-5.71875,17.53125
Mothless,-23.375,-23.375,-5.84375,-5.84375,17.53125
Aristarchian,-23.375,-23.375,-5.84375,-5.84375,17.53125
Humiture,-23.375,-23.375,-5.84375,-5.84375,17.53125
Tawneys,-23.125,-23.125,-5.59375,-5.59375,17.53125
Antipapacy,-23.625,-23.625,-6.09375,-6.09375,17.53125
Quatrocento,-23.375,-23.375,-5.84375,-5.84375,17.53125
Spileworm,-23.125,-23.125,-5.59375,-5.59375,17.53125
Fossicker,-23.25,-23.25,-5.71875,-5.71875,17.53125
Bedrivel,-23.375,-23.375,-5.84375,-5.84375,17.53125
Lenticle,-23.25,-23.25,-5.71875,-5.71875,17.53125
Subsensuous,-23.25,-23.25,-5.71875,-5.71875,17.53125
Summerhouse,-23.125,-23.125,-5.59375,-5.59375,17.53125
Digenic,-23.5,-23.5,-5.96875,-5.96875,17.53125
Chaconne,-23.375,-23.375,-5.84375,-5.84375,17.53125
Caickle,-23.125,-23.125,-5.59375,-5.59375,17.53125
Postface,-23.375,-23.375,-5.84375,-5.84375,17.53125
Gentil,-23.25,-23.25,-5.71875,-5.71875,17.53125
Softie,-23.25,-23.25,-5.71875,-5.71875,17.53125
Popode,-23.375,-23.375,-5.84375,-5.84375,17.53125
Cassiopeia,-23.0,-23.0,-5.46875,-5.46875,17.53125
Enmeshments,-23.625,-23.625,-6.09375,-6.09375,17.53125
Coderives,-23.375,-23.375,-5.84375,-5.84375,17.53125
Radishlike,-23.25,-23.25,-5.71875,-5.71875,17.53125
Plattnerite,-23.25,-23.25,-5.71875,-5.71875,17.53125
Lactesce,-23.125,-23.125,-5.59375,-5.59375,17.53125
Foredates,-23.25,-23.25,-5.71875,-5.71875,17.53125
Confounders,-23.5,-23.5,-5.96875,-5.96875,17.53125
Oregonians,-23.375,-23.375,-5.84375,-5.84375,17.53125
Insteam,-23.25,-23.25,-5.71875,-5.71875,17.53125
Alliterates,-23.375,-23.375,-5.84375,-5.84375,17.53125
Scaphion,-23.25,-23.25,-5.71875,-5.71875,17.53125
Deiphobus,-23.375,-23.375,-5.84375,-5.84375,17.53125
Objector,-23.875,-23.875,-6.34375,-6.34375,17.53125
Shoddydom,-23.25,-23.25,-5.71875,-5.71875,17.53125
Strainproof,-23.125,-23.125,-5.59375,-5.59375,17.53125
Eleuin,-23.375,-23.375,-5.84375,-5.84375,17.53125
Primogenial,-23.125,-23.125,-5.59375,-5.59375,17.53125
Identism,-23.5,-23.5,-5.96875,-5.96875,17.53125
Unblade,-23.375,-23.375,-5.84375,-5.84375,17.53125
Midlatitude,-23.375,-23.375,-5.84375,-5.84375,17.53125
Wenchman,-23.625,-23.625,-6.09375,-6.09375,17.53125
Rorqual,-23.125,-23.125,-5.59375,-5.59375,17.53125
Overdebilitate,-23.625,-23.625,-6.09375,-6.09375,17.53125
Indefectible,-23.375,-23.375,-5.84375,-5.84375,17.53125
Waiver,-23.375,-23.375,-5.84375,-5.84375,17.53125
Naturelike,-23.5,-23.5,-5.96875,-5.96875,17.53125
Lungworm,-23.125,-23.125,-5.59375,-5.59375,17.53125
Togger,-23.25,-23.25,-5.71875,-5.71875,17.53125
Radicle,-23.375,-23.375,-5.84375,-5.84375,17.53125
Dicyanide,-23.375,-23.375,-5.84375,-5.84375,17.53125
Extreat,-23.5,-23.5,-5.96875,-5.96875,17.53125
Sulfureous,-23.25,-23.25,-5.71875,-5.71875,17.53125
Reenter,-23.25,-23.25,-5.71875,-5.71875,17.53125
Karpas,-23.375,-23.375,-5.84375,-5.84375,17.53125
Begiggle,-23.0,-23.0,-5.46875,-5.46875,17.53125
Chopstick,-23.125,-23.125,-5.59375,-5.59375,17.53125
Contorsive,-23.25,-23.25,-5.71875,-5.71875,17.53125
Epibole,-23.25,-23.25,-5.71875,-5.71875,17.53125
Sholom,-23.25,-23.25,-5.71875,-5.71875,17.53125
Counter,-23.375,-23.375,-5.84375,-5.84375,17.53125
Vomicine,-23.25,-23.25,-5.71875,-5.71875,17.53125
Iliadist,-23.375,-23.375,-5.84375,-5.84375,17.53125
Protonymph,-23.375,-23.375,-5.84375,-5.84375,17.53125
Uranalysis,-23.25,-23.25,-5.71875,-5.71875,17.53125
Piddock,-23.0,-23.0,-5.46875,-5.46875,17.53125
Halteres,-22.875,-22.875,-5.34375,-5.34375,17.53125
Hooven,-23.5,-23.5,-5.96875,-5.96875,17.53125
Disablers,-23.5,-23.5,-5.96875,-5.96875,17.53125
Mercify,-23.5,-23.5,-5.96875,-5.96875,17.53125
Unfrees,-23.25,-23.25,-5.71875,-5.71875,17.53125
Organise,-23.75,-23.75,-6.21875,-6.21875,17.53125
Ascomata,-23.125,-23.125,-5.59375,-5.59375,17.53125
Rhyton,-23.0,-23.0,-5.46875,-5.46875,17.53125
Unaspersive,-23.375,-23.375,-5.84375,-5.84375,17.53125
Kiesserite,-23.125,-23.125,-5.59375,-5.59375,17.53125
Refrigerative,-23.25,-23.25,-5.71875,-5.71875,17.53125
Anomalies,-23.375,-23.375,-5.84375,-5.84375,17.53125
Potties,-23.25,-23.25,-5.71875,-5.71875,17.53125
Homoiousia,-23.375,-23.375,-5.84375,-5.84375,17.53125
Redemptible,-23.375,-23.375,-5.84375,-5.84375,17.53125
Cnidophobia,-23.25,-23.25,-5.71875,-5.71875,17.53125
Aunthoods,-23.375,-23.375,-5.84375,-5.84375,17.53125
Tatarize,-23.625,-23.625,-6.09375,-6.09375,17.53125
Fortunize,-23.25,-23.25,-5.71875,-5.71875,17.53125
Magnetosphere,-23.25,-23.25,-5.75,-5.75,17.5
Phanerozonia,-23.0,-23.0,-5.5,-5.5,17.5
Biospeleology,-23.0,-23.0,-5.5,-5.5,17.5
Phillumenist,-23.0,-23.0,-5.5,-5.5,17.5
Romipetal,-23.0,-23.0,-5.5,-5.5,17.5
Expediential,-23.125,-23.125,-5.625,-5.625,17.5
Aviatrice,-23.125,-23.125,-5.625,-5.625,17.5
Phragmidium,-23.0,-23.0,-5.5,-5.5,17.5
Breakerman,-22.875,-22.875,-5.375,-5.375,17.5
Gedunk,-23.0,-23.0,-5.5,-5.5,17.5
Declivity,-23.0,-23.0,-5.5,-5.5,17.5
Microsporon,-23.0,-23.0,-5.5,-5.5,17.5
Genesiology,-23.25,-23.25,-5.75,-5.75,17.5
Carrocci,-23.25,-23.25,-5.75,-5.75,17.5
Diapasm,-23.25,-23.25,-5.75,-5.75,17.5
Parabiotic,-23.125,-23.125,-5.625,-5.625,17.5
Calaboose,-22.875,-22.875,-5.375,-5.375,17.5
Archetto,-23.125,-23.125,-5.625,-5.625,17.5
Velvetwork,-23.0,-23.0,-5.5,-5.5,17.5
Cyperaceous,-23.125,-23.125,-5.625,-5.625,17.5
Smorebro,-22.875,-22.875,-5.375,-5.375,17.5
Synclinical,-23.125,-23.125,-5.625,-5.625,17.5
Nonecliptic,-22.875,-22.875,-5.375,-5.375,17.5
Monoflagellate,-23.25,-23.25,-5.75,-5.75,17.5
Photoradio,-23.0,-23.0,-5.5,-5.5,17.5
Volost,-23.125,-23.125,-5.625,-5.625,17.5
Counterparadox,-23.25,-23.25,-5.75,-5.75,17.5
Lotuslike,-23.375,-23.375,-5.875,-5.875,17.5
Limace,-23.0,-23.0,-5.5,-5.5,17.5
Frankfold,-23.0,-23.0,-5.5,-5.5,17.5
Totery,-23.25,-23.25,-5.75,-5.75,17.5
Diatesseron,-23.125,-23.125,-5.625,-5.625,17.5
Squamomastoid,-23.0,-23.0,-5.5,-5.5,17.5
Calotypist,-23.125,-23.125,-5.625,-5.625,17.5
Proctorize,-23.125,-23.125,-5.625,-5.625,17.5
Unresidential,-23.125,-23.125,-5.625,-5.625,17.5
Pyroline,-23.0,-23.0,-5.5,-5.5,17.5
Subvicarship,-23.5,-23.5,-6.0,-6.0,17.5
Heterocaryotic,-23.0,-23.0,-5.5,-5.5,17.5
Explosive,-23.125,-23.125,-5.625,-5.625,17.5
Acromial,-23.125,-23.125,-5.625,-5.625,17.5
Shapiest,-23.0,-23.0,-5.5,-5.5,17.5
Trophoplasmic,-23.0,-23.0,-5.5,-5.5,17.5
Iotacism,-23.25,-23.25,-5.75,-5.75,17.5
Cuboctahedron,-22.875,-22.875,-5.375,-5.375,17.5
Dosimetrist,-23.125,-23.125,-5.625,-5.625,17.5
Phenotypes,-23.375,-23.375,-5.875,-5.875,17.5
Temptsome,-22.875,-22.875,-5.375,-5.375,17.5
Worriecow,-22.875,-22.875,-5.375,-5.375,17.5
Avenue,-23.25,-23.25,-5.8125,-5.8125,17.4375
Azeotrope,-23.125,-23.125,-5.6875,-5.6875,17.4375
Formolite,-23.125,-23.125,-5.6875,-5.6875,17.4375
Arianists,-23.75,-23.75,-6.3125,-6.3125,17.4375
Spalpeen,-23.0,-23.0,-5.5625,-5.5625,17.4375
Standup,-23.375,-23.375,-5.9375,-5.9375,17.4375
Tanniferous,-23.125,-23.125,-5.6875,-5.6875,17.4375
Remould,-23.25,-23.25,-5.8125,-5.8125,17.4375
Overwild,-23.125,-23.125,-5.6875,-5.6875,17.4375
Dhootie,-23.25,-23.25,-5.8125,-5.8125,17.4375
Inworn,-23.0,-23.0,-5.5625,-5.5625,17.4375
Extenuative,-23.375,-23.375,-5.9375,-5.9375,17.4375
Lipopoda,-23.25,-23.25,-5.8125,-5.8125,17.4375
Viduate,-23.375,-23.375,-5.9375,-5.9375,17.4375
Novatianist,-23.625,-23.625,-6.1875,-6.1875,17.4375
Flexion,-23.375,-23.375,-5.9375,-5.9375,17.4375
Interclash,-23.5,-23.5,-6.0625,-6.0625,17.4375
Upcasts,-23.25,-23.25,-5.8125,-5.8125,17.4375
Pseudoform,-23.5,-23.5,-6.0625,-6.0625,17.4375
Discernible,-23.125,-23.125,-5.6875,-5.6875,17.4375
Liroth,-23.25,-23.25,-5.8125,-5.8125,17.4375
Escambio,-23.5,-23.5,-6.0625,-6.0625,17.4375
Endoglobular,-23.5,-23.5,-6.0625,-6.0625,17.4375
Maclurin,-23.5,-23.5,-6.0625,-6.0625,17.4375
Achene,-23.125,-23.125,-5.6875,-5.6875,17.4375
Gazogene,-23.375,-23.375,-5.9375,-5.9375,17.4375
Shrubland,-23.25,-23.25,-5.8125,-5.8125,17.4375
Haptotropic,-23.375,-23.375,-5.9375,-5.9375,17.4375
Thicky,-23.375,-23.375,-5.9375,-5.9375,17.4375
Beatific,-23.125,-23.125,-5.6875,-5.6875,17.4375
Drepaniform,-23.125,-23.125,-5.6875,-5.6875,17.4375
Anisotropous,-23.375,-23.375,-5.9375,-5.9375,17.4375
Stippler,-23.25,-23.25,-5.8125,-5.8125,17.4375
Metropolises,-23.75,-23.75,-6.3125,-6.3125,17.4375
Lightplane,-23.25,-23.25,-5.8125,-5.8125,17.4375
Scandinavians,-23.75,-23.75,-6.3125,-6.3125,17.4375
Isotrimorphous,-23.375,-23.375,-5.9375,-5.9375,17.4375
Conoidic,-23.375,-23.375,-5.9375,-5.9375,17.4375
Stereography,-23.25,-23.25,-5.8125,-5.8125,17.4375
Narrators,-23.375,-23.375,-5.9375,-5.9375,17.4375
Hypobaric,-23.25,-23.25,-5.8125,-5.8125,17.4375
Holoblastic,-23.25,-23.25,-5.8125,-5.8125,17.4375
Supercelestial,-23.125,-23.125,-5.6875,-5.6875,17.4375
Squirreltail,-23.125,-23.125,-5.6875,-5.6875,17.4375
Unneural,-23.375,-23.375,-5.9375,-5.9375,17.4375
Nondesignate,-23.25,-23.25,-5.8125,-5.8125,17.4375
Epiperipheral,-23.375,-23.375,-5.9375,-5.9375,17.4375
Neuropodium,-23.375,-23.375,-5.9375,-5.9375,17.4375
Clinoprism,-23.375,-23.375,-5.9375,-5.9375,17.4375
Jukebox,-23.125,-23.125,-5.6875,-5.6875,17.4375
American,-23.125,-23.125,-5.6875,-5.6875,17.4375
Systemizer,-23.5,-23.5,-6.0625,-6.0625,17.4375
Ratlins,-23.25,-23.25,-5.8125,-5.8125,17.4375
Pollent,-23.375,-23.375,-5.9375,-5.9375,17.4375
Lamblike,-23.375,-23.375,-5.9375,-5.9375,17.4375
Fictionize,-23.25,-23.25,-5.8125,-5.8125,17.4375
Morencite,-23.25,-23.25,-5.8125,-5.8125,17.4375
Betula,-23.125,-23.125,-5.6875,-5.6875,17.4375
Triverbial,-23.25,-23.25,-5.8125,-5.8125,17.4375
Remagnify,-23.375,-23.375,-5.9375,-5.9375,17.4375
Preposterous,-23.125,-23.125,-5.6875,-5.6875,17.4375
Angiosymphysis,-23.25,-23.25,-5.8125,-5.8125,17.4375
Rheostatic,-23.25,-23.25,-5.8125,-5.8125,17.4375
Stravage,-23.125,-23.125,-5.6875,-5.6875,17.4375
Cobeliever,-23.5,-23.5,-6.0625,-6.0625,17.4375
Tracheole,-23.25,-23.25,-5.8125,-5.8125,17.4375
Intercivic,-23.25,-23.25,-5.8125,-5.8125,17.4375
Foreheads,-23.125,-23.125,-5.6875,-5.6875,17.4375
Unidigitate,-23.25,-23.25,-5.8125,-5.8125,17.4375
Fizzer,-23.0,-23.0,-5.5625,-5.5625,17.4375
Hartake,-23.25,-23.25,-5.8125,-5.8125,17.4375
Curtain,-23.125,-23.125,-5.6875,-5.6875,17.4375
Nematogene,-23.375,-23.375,-5.9375,-5.9375,17.4375
Mitrate,-23.375,-23.375,-5.9375,-5.9375,17.4375
Cervical,-23.25,-23.25,-5.8125,-5.8125,17.4375
Metroptosis,-23.5,-23.5,-6.0625,-6.0625,17.4375
Cabook,-23.25,-23.25,-5.8125,-5.8125,17.4375
Cultivations,-23.375,-23.375,-5.9375,-5.9375,17.4375
Siwens,-23.25,-23.25,-5.8125,-5.8125,17.4375
Multiframe,-23.375,-23.375,-5.9375,-5.9375,17.4375
Buhrstone,-23.125,-23.125,-5.6875,-5.6875,17.4375
Portunidae,-23.25,-23.25,-5.8125,-5.8125,17.4375
Ovaliform,-23.375,-23.375,-5.9375,-5.9375,17.4375
Underlease,-23.125,-23.125,-5.6875,-5.6875,17.4375
Polysiphonous,-23.125,-23.125,-5.6875,-5.6875,17.4375
Tropospheric,-23.125,-23.125,-5.71875,-5.71875,17.40625
Cybister,-23.125,-23.125,-5.71875,-5.71875,17.40625
Ptenoglossate,-23.0,-23.0,-5.59375,-5.59375,17.40625
Unhabituate,-23.125,-23.125,-5.71875,-5.71875,17.40625
Pileous,-23.125,-23.125,-5.71875,-5.71875,17.40625
Interrenalism,-23.375,-23.375,-5.96875,-5.96875,17.40625
Cosmism,-23.375,-23.375,-5.96875,-5.96875,17.40625
Foretooth,-22.875,-22.875,-5.46875,-5.46875,17.40625
Masora,-23.25,-23.25,-5.84375,-5.84375,17.40625
Dzungar,-23.125,-23.125,-5.71875,-5.71875,17.40625
Incomings,-23.5,-23.5,-6.09375,-6.09375,17.40625
Lawsuits,-23.5,-23.5,-6.09375,-6.09375,17.40625
Topman,-23.375,-23.375,-5.96875,-5.96875,17.40625
Lanuginose,-23.125,-23.125,-5.71875,-5.71875,17.40625
Guillemet,-23.5,-23.5,-6.09375,-6.09375,17.40625
Egeria,-23.125,-23.125,-5.71875,-5.71875,17.40625
Scance,-23.0,-23.0,-5.59375,-5.59375,17.40625
Mustachio,-23.25,-23.25,-5.84375,-5.84375,17.40625
Solidus,-23.0,-23.0,-5.59375,-5.59375,17.40625
Chetrum,-23.25,-23.25,-5.84375,-5.84375,17.40625
Codebooks,-23.375,-23.375,-5.96875,-5.96875,17.40625
Zendician,-23.0,-23.0,-5.59375,-5.59375,17.40625
Vestries,-23.125,-23.125,-5.71875,-5.71875,17.40625
Oversprung,-23.25,-23.25,-5.84375,-5.84375,17.40625
Embolectomies,-23.25,-23.25,-5.84375,-5.84375,17.40625
Limnoria,-23.0,-23.0,-5.59375,-5.59375,17.40625
Orguil,-22.875,-22.875,-5.46875,-5.46875,17.40625
Indoctrine,-23.125,-23.125,-5.71875,-5.71875,17.40625
Benefactorship,-23.375,-23.375,-5.96875,-5.96875,17.40625
Candlers,-23.125,-23.125,-5.71875,-5.71875,17.40625
Propanes,-23.25,-23.25,-5.84375,-5.84375,17.40625
Gratias,-23.0,-23.0,-5.59375,-5.59375,17.40625
Trisyllabical,-23.0,-23.0,-5.59375,-5.59375,17.40625
Furciform,-23.125,-23.125,-5.71875,-5.71875,17.40625
Thallodal,-23.25,-23.25,-5.84375,-5.84375,17.40625
Calenturish,-23.0,-23.0,-5.59375,-5.59375,17.40625
Amnion,-23.125,-23.125,-5.71875,-5.71875,17.40625
Chitarrone,-23.125,-23.125,-5.71875,-5.71875,17.40625
Maharajah,-23.125,-23.125,-5.71875,-5.71875,17.40625
Tesack,-23.25,-23.25,-5.84375,-5.84375,17.40625
Paravail,-23.25,-23.25,-5.84375,-5.84375,17.40625
Pilers,-23.25,-23.25,-5.84375,-5.84375,17.40625
Semeiotic,-23.25,-23.25,-5.84375,-5.84375,17.40625
Heiressdom,-23.375,-23.375,-5.96875,-5.96875,17.40625
Gelatinigerous,-22.875,-22.875,-5.46875,-5.46875,17.40625
Servet,-23.5,-23.5,-6.09375,-6.09375,17.40625
Swertia,-23.0,-23.0,-5.59375,-5.59375,17.40625
Proanaphora,-23.5,-23.5,-6.09375,-6.09375,17.40625
Conormal,-23.5,-23.5,-6.09375,-6.09375,17.40625
Picador,-23.125,-23.125,-5.71875,-5.71875,17.40625
Erotomania,-23.5,-23.5,-6.09375,-6.09375,17.40625
Puppyfish,-22.875,-22.875,-5.46875,-5.46875,17.40625
Nomina,-23.25,-23.25,-5.84375,-5.84375,17.40625
Renitence,-23.5,-23.5,-6.09375,-6.09375,17.40625
Inwreathe,-23.125,-23.125,-5.71875,-5.71875,17.40625
Denationalize,-23.625,-23.625,-6.21875,-6.21875,17.40625
Fumier,-23.625,-23.625,-6.21875,-6.21875,17.40625
Pullicat,-23.0,-23.0,-5.59375,-5.59375,17.40625
Goitrogen,-23.125,-23.125,-5.71875,-5.71875,17.40625
Fullery,-23.125,-23.125,-5.71875,-5.71875,17.40625
Selfsame,-23.375,-23.375,-5.96875,-5.96875,17.40625
Peavine,-23.0,-23.0,-5.59375,-5.59375,17.40625
Paracorolla,-23.125,-23.125,-5.71875,-5.71875,17.40625
Sintsink,-23.25,-23.25,-5.84375,-5.84375,17.40625
Fantasias,-23.125,-23.125,-5.71875,-5.71875,17.40625
Backfires,-23.25,-23.25,-5.84375,-5.84375,17.40625
Hereticate,-23.25,-23.25,-5.84375,-5.84375,17.40625
Pyropuncture,-23.125,-23.125,-5.71875,-5.71875,17.40625
Chorioadenoma,-23.375,-23.375,-5.96875,-5.96875,17.40625
Behalves,-23.125,-23.125,-5.71875,-5.71875,17.40625
Nihilobstat,-23.25,-23.25,-5.84375,-5.84375,17.40625
Unshackle,-23.25,-23.25,-5.84375,-5.84375,17.40625
Cyphomandra,-23.25,-23.25,-5.84375,-5.84375,17.40625
Kailyards,-23.0,-23.0,-5.59375,-5.59375,17.40625
Areola,-23.0,-23.0,-5.59375,-5.59375,17.40625
Formulations,-23.25,-23.25,-5.84375,-5.84375,17.40625
Debaucheries,-23.375,-23.375,-5.96875,-5.96875,17.40625
Molochs,-23.0,-23.0,-5.59375,-5.59375,17.40625
Bunglings,-23.25,-23.25,-5.84375,-5.84375,17.40625
Aiolis,-23.125,-23.125,-5.71875,-5.71875,17.40625
Nonfighter,-23.0,-23.0,-5.59375,-5.59375,17.40625
Disability,-23.375,-23.375,-5.96875,-5.96875,17.40625
Hereditist,-23.0,-23.0,-5.59375,-5.59375,17.40625
Overspreads,-23.375,-23.375,-5.96875,-5.96875,17.40625
Oversells,-23.125,-23.125,-5.71875,-5.71875,17.40625
Wiseacreism,-23.5,-23.5,-6.09375,-6.09375,17.40625
Stercoraceous,-22.75,-22.75,-5.34375,-5.34375,17.40625
Ploughshoe,-23.125,-23.125,-5.71875,-5.71875,17.40625
Musculodermic,-23.125,-23.125,-5.71875,-5.71875,17.40625
Overwarms,-23.125,-23.125,-5.71875,-5.71875,17.40625
Mesopelagic,-23.25,-23.25,-5.84375,-5.84375,17.40625
Disunite,-23.5,-23.5,-6.09375,-6.09375,17.40625
Cultivars,-23.375,-23.375,-5.96875,-5.96875,17.40625
Tamulic,-23.125,-23.125,-5.71875,-5.71875,17.40625
Oxyamine,-23.375,-23.375,-5.96875,-5.96875,17.40625
Fripper,-23.125,-23.125,-5.71875,-5.71875,17.40625
Dethroner,-23.125,-23.125,-5.71875,-5.71875,17.40625
Abstrusity,-23.125,-23.125,-5.71875,-5.71875,17.40625
Lacings,-23.125,-23.125,-5.71875,-5.71875,17.40625
Haflin,-23.25,-23.25,-5.84375,-5.84375,17.40625
Ectozoa,-23.0,-23.0,-5.59375,-5.59375,17.40625
Declines,-23.125,-23.125,-5.71875,-5.71875,17.40625
Tholeiitic,-23.375,-23.375,-5.96875,-5.96875,17.40625
Viniferous,-23.0,-23.0,-5.59375,-5.59375,17.40625
Traitorwise,-23.25,-23.25,-5.84375,-5.84375,17.40625
Acrylaldehyde,-23.25,-23.25,-5.84375,-5.84375,17.40625
Ferrometer,-23.125,-23.125,-5.71875,-5.71875,17.40625
Steads,-23.25,-23.25,-5.84375,-5.84375,17.40625
Chomage,-23.625,-23.625,-6.21875,-6.21875,17.40625
Undershapen,-23.125,-23.125,-5.71875,-5.71875,17.40625
Balldress,-23.125,-23.125,-5.71875,-5.71875,17.40625
Desecrations,-23.25,-23.25,-5.84375,-5.84375,17.40625
Foldskirt,-22.875,-22.875,-5.46875,-5.46875,17.40625
Duodenum,-23.375,-23.375,-5.96875,-5.96875,17.40625
Maizenic,-23.625,-23.625,-6.21875,-6.21875,17.40625
Embryologies,-23.125,-23.125,-5.71875,-5.71875,17.40625
Barrenest,-22.875,-22.875,-5.46875,-5.46875,17.40625
Tidings,-23.125,-23.125,-5.71875,-5.71875,17.40625
Studerite,-23.5,-23.5,-6.09375,-6.09375,17.40625
Thymoma,-23.25,-23.25,-5.84375,-5.84375,17.40625
Reperfume,-23.125,-23.125,-5.71875,-5.71875,17.40625
Gastrophilism,-23.5,-23.5,-6.09375,-6.09375,17.40625
Epicardial,-23.375,-23.375,-5.96875,-5.96875,17.40625
Hacendado,-23.25,-23.25,-5.84375,-5.84375,17.40625
Readvise,-23.25,-23.25,-5.84375,-5.84375,17.40625
Splashier,-23.125,-23.125,-5.71875,-5.71875,17.40625
Theatres,-23.375,-23.375,-5.96875,-5.96875,17.40625
Devalue,-23.5,-23.5,-6.09375,-6.09375,17.40625
Queller,-23.0,-23.0,-5.59375,-5.59375,17.40625
Domiciliary,-23.125,-23.125,-5.71875,-5.71875,17.40625
Laudator,-23.5,-23.5,-6.09375,-6.09375,17.40625
Despond,-23.125,-23.125,-5.71875,-5.71875,17.40625
Causus,-23.125,-23.125,-5.71875,-5.71875,17.40625
Unblindfold,-23.375,-23.375,-5.96875,-5.96875,17.40625
Acutorsion,-23.125,-23.125,-5.71875,-5.71875,17.40625
Doornails,-22.875,-22.875,-5.46875,-5.46875,17.40625
Tachyon,-22.875,-22.875,-5.46875,-5.46875,17.40625
Digitals,-23.375,-23.375,-5.96875,-5.96875,17.40625
Betain,-23.0,-23.0,-5.59375,-5.59375,17.40625
Euaster,-23.125,-23.125,-5.71875,-5.71875,17.40625
Megarensian,-23.25,-23.25,-5.84375,-5.84375,17.40625
Smilacaceae,-23.0,-23.0,-5.59375,-5.59375,17.40625
Pronouncer,-23.0,-23.0,-5.59375,-5.59375,17.40625
Pareoean,-23.0,-23.0,-5.59375,-5.59375,17.40625
Salivous,-23.125,-23.125,-5.71875,-5.71875,17.40625
Polypi,-23.25,-23.25,-5.84375,-5.84375,17.40625
Tribunate,-23.25,-23.25,-5.84375,-5.84375,17.40625
Dorsispinal,-23.125,-23.125,-5.71875,-5.71875,17.40625
Indicavit,-23.375,-23.375,-5.96875,-5.96875,17.40625
Kabbala,-23.25,-23.25,-5.84375,-5.84375,17.40625
Pyopoietic,-23.0,-23.0,-5.59375,-5.59375,17.40625
Taffia,-23.25,-23.25,-5.84375,-5.84375,17.40625
Redarken,-23.125,-23.125,-5.71875,-5.71875,17.40625
Raunge,-23.125,-23.125,-5.71875,-5.71875,17.40625
Nitrator,-23.25,-23.25,-5.84375,-5.84375,17.40625
Doubts,-23.125,-23.125,-5.71875,-5.71875,17.40625
Paratomium,-23.375,-23.375,-5.96875,-5.96875,17.40625
Consent,-23.25,-23.25,-5.84375,-5.84375,17.40625
Rallyings,-23.25,-23.25,-5.84375,-5.84375,17.40625
Jockstraps,-23.125,-23.125,-5.71875,-5.71875,17.40625
Playfield,-23.125,-23.125,-5.71875,-5.71875,17.40625
Scatty,-23.0,-23.0,-5.59375,-5.59375,17.40625
Pectunculus,-23.25,-23.25,-5.84375,-5.84375,17.40625
Subregularity,-23.375,-23.375,-5.96875,-5.96875,17.40625
Quaggiest,-22.875,-22.875,-5.46875,-5.46875,17.40625
Parchmentize,-23.25,-23.25,-5.84375,-5.84375,17.40625
Indoctrinate,-23.375,-23.375,-5.96875,-5.96875,17.40625
Rattlertree,-22.875,-22.875,-5.46875,-5.46875,17.40625
Teletactile,-23.25,-23.25,-5.84375,-5.84375,17.40625
Schizocarpic,-23.0,-23.0,-5.59375,-5.59375,17.40625
Antipendium,-23.375,-23.375,-5.96875,-5.96875,17.40625
Thanatosis,-22.875,-22.875,-5.46875,-5.46875,17.40625
Diphenyls,-23.0,-23.0,-5.59375,-5.59375,17.40625
Practicianism,-23.375,-23.375,-5.96875,-5.96875,17.40625
Inexpensive,-23.0,-23.0,-5.59375,-5.59375,17.40625
Odontotormae,-23.125,-23.125,-5.71875,-5.71875,17.40625
Muzhik,-23.125,-23.125,-5.71875,-5.71875,17.40625
Virile,-23.25,-23.25,-5.84375,-5.84375,17.40625
Pheasantry,-23.375,-23.375,-5.96875,-5.96875,17.40625
Curarizes,-23.125,-23.125,-5.71875,-5.71875,17.40625
Inhumanism,-23.625,-23.625,-6.21875,-6.21875,17.40625
Sudoriparous,-23.25,-23.25,-5.84375,-5.84375,17.40625
Parosmic,-23.375,-23.375,-5.96875,-5.96875,17.40625
Biosystematy,-23.25,-23.25,-5.84375,-5.84375,17.40625
Polarographic,-23.375,-23.375,-5.96875,-5.96875,17.40625
Archdeaconship,-23.5,-23.5,-6.09375,-6.09375,17.40625
Millpost,-23.125,-23.125,-5.71875,-5.71875,17.40625
Hereditative,-23.125,-23.125,-5.71875,-5.71875,17.40625
Epithalamy,-23.375,-23.375,-5.96875,-5.96875,17.40625
Gradientia,-23.25,-23.25,-5.84375,-5.84375,17.40625
Adenitis,-23.25,-23.25,-5.84375,-5.84375,17.40625
Sacristies,-23.25,-23.25,-5.84375,-5.84375,17.40625
Ranches,-23.125,-23.125,-5.71875,-5.71875,17.40625
Spinets,-23.125,-23.125,-5.71875,-5.71875,17.40625
Zwinglianism,-23.75,-23.75,-6.34375,-6.34375,17.40625
Estrade,-23.125,-23.125,-5.71875,-5.71875,17.40625
Hijacks,-23.375,-23.375,-5.96875,-5.96875,17.40625
Fluemen,-23.25,-23.25,-5.84375,-5.84375,17.40625
Euphonous,-23.0,-23.0,-5.59375,-5.59375,17.40625
Ouzels,-23.25,-23.25,-5.84375,-5.84375,17.40625
Substyle,-23.375,-23.375,-5.96875,-5.96875,17.40625
Ocypete,-23.25,-23.25,-5.84375,-5.84375,17.40625
Aquarius,-23.0,-23.0,-5.59375,-5.59375,17.40625
Orotherapy,-23.25,-23.25,-5.84375,-5.84375,17.40625
Buggymen,-23.375,-23.375,-5.96875,-5.96875,17.40625
Sacramentalis,-23.375,-23.375,-5.96875,-5.96875,17.40625
Antidogmatism,-23.75,-23.75,-6.34375,-6.34375,17.40625
Tiglon,-23.125,-23.125,-5.71875,-5.71875,17.40625
Meringues,-23.25,-23.25,-5.84375,-5.84375,17.40625
Tabulare,-23.0,-23.0,-5.59375,-5.59375,17.40625
Honourless,-23.25,-23.25,-5.84375,-5.84375,17.40625
Periodicalism,-23.25,-23.25,-5.84375,-5.84375,17.40625
Tetrachlorides,-23.0,-23.0,-5.59375,-5.59375,17.40625
Oriolidae,-23.625,-23.625,-6.21875,-6.21875,17.40625
Hesperinon,-23.25,-23.25,-5.84375,-5.84375,17.40625
Macrodontism,-23.625,-23.625,-6.21875,-6.21875,17.40625
Coggie,-23.375,-23.375,-5.96875,-5.96875,17.40625
Kinsman,-23.0,-23.0,-5.59375,-5.59375,17.40625
Ampulliform,-23.25,-23.25,-5.84375,-5.84375,17.40625
Wavelet,-23.125,-23.125,-5.71875,-5.71875,17.40625
Omnipotent,-23.25,-23.25,-5.84375,-5.84375,17.40625
Balatas,-23.25,-23.25,-5.84375,-5.84375,17.40625
Headreach,-22.875,-22.875,-5.46875,-5.46875,17.40625
Lamasary,-23.375,-23.375,-5.96875,-5.96875,17.40625
Lionisers,-23.375,-23.375,-5.96875,-5.96875,17.40625
Goatees,-23.375,-23.375,-5.96875,-5.96875,17.40625
Phlebalgia,-23.125,-23.125,-5.71875,-5.71875,17.40625
Cornet,-23.125,-23.125,-5.71875,-5.71875,17.40625
Renomee,-23.25,-23.25,-5.84375,-5.84375,17.40625
Hulverhead,-23.125,-23.125,-5.71875,-5.71875,17.40625
Flavescence,-23.25,-23.25,-5.84375,-5.84375,17.40625
Problematic,-23.25,-23.25,-5.84375,-5.84375,17.40625
Temporalty,-23.375,-23.375,-5.96875,-5.96875,17.40625
Haplonts,-23.375,-23.375,-5.96875,-5.96875,17.40625
Misenjoy,-23.375,-23.375,-5.96875,-5.96875,17.40625
Spermosphere,-23.25,-23.25,-5.84375,-5.84375,17.40625
Sepoys,-23.5,-23.5,-6.09375,-6.09375,17.40625
Acrindoline,-23.25,-23.25,-5.84375,-5.84375,17.40625
Fruticulture,-23.125,-23.125,-5.71875,-5.71875,17.40625
Overspun,-23.0,-23.0,-5.59375,-5.59375,17.40625
Mastabas,-23.25,-23.25,-5.84375,-5.84375,17.40625
Viviparism,-23.375,-23.375,-5.96875,-5.96875,17.40625
Dracaena,-22.75,-22.75,-5.34375,-5.34375,17.40625
Nonspill,-22.875,-22.875,-5.46875,-5.46875,17.40625
Tacheometric,-23.25,-23.25,-5.84375,-5.84375,17.40625
Spleetnew,-23.125,-23.125,-5.71875,-5.71875,17.40625
Alphonsin,-23.125,-23.125,-5.71875,-5.71875,17.40625
Colonial,-22.75,-22.75,-5.34375,-5.34375,17.40625
Antikinase,-23.375,-23.375,-5.96875,-5.96875,17.40625
Guayroto,-23.25,-23.25,-5.84375,-5.84375,17.40625
Netherlandic,-23.375,-23.375,-5.96875,-5.96875,17.40625
Intermingledom,-23.375,-23.375,-5.96875,-5.96875,17.40625
Spermatoxin,-23.125,-23.125,-5.71875,-5.71875,17.40625
Postconnubial,-23.0,-23.0,-5.59375,-5.59375,17.40625
Slimnesses,-23.125,-23.125,-5.71875,-5.71875,17.40625
Bengali,-23.25,-23.25,-5.84375,-5.84375,17.40625
Paracystic,-23.375,-23.375,-5.96875,-5.96875,17.40625
Deitate,-23.375,-23.375,-5.96875,-5.96875,17.40625
Dispassion,-23.125,-23.125,-5.71875,-5.71875,17.40625
Abcoulomb,-22.875,-22.875,-5.46875,-5.46875,17.40625
Carate,-23.25,-23.25,-5.84375,-5.84375,17.40625
Antivirotic,-23.625,-23.625,-6.21875,-6.21875,17.40625
Oviparous,-23.375,-23.375,-5.96875,-5.96875,17.40625
Tippiest,-23.125,-23.125,-5.71875,-5.71875,17.40625
Hyaloplasm,-23.125,-23.125,-5.71875,-5.71875,17.40625
Latebricole,-23.125,-23.125,-5.71875,-5.71875,17.40625
Stepony,-23.375,-23.375,-5.96875,-5.96875,17.40625
Modifiability,-23.5,-23.5,-6.09375,-6.09375,17.40625
Polyonomy,-23.375,-23.375,-5.96875,-5.96875,17.40625
Gunarchy,-23.625,-23.625,-6.21875,-6.21875,17.40625
Briarberry,-23.0,-23.0,-5.59375,-5.59375,17.40625
Undresses,-23.25,-23.25,-5.84375,-5.84375,17.40625
Freemartin,-23.0,-23.0,-5.59375,-5.59375,17.40625
Sulfourea,-23.125,-23.125,-5.71875,-5.71875,17.40625
Zibethone,-23.25,-23.25,-5.84375,-5.84375,17.40625
Chalcidica,-23.25,-23.25,-5.84375,-5.84375,17.40625
Undamn,-23.25,-23.25,-5.84375,-5.84375,17.40625
Ossianize,-23.375,-23.375,-5.96875,-5.96875,17.40625
Unicef,-23.0,-23.0,-5.59375,-5.59375,17.40625
Ruckus,-23.125,-23.125,-5.71875,-5.71875,17.40625
Sublacustrine,-23.125,-23.125,-5.71875,-5.71875,17.40625
Detenus,-23.375,-23.375,-5.96875,-5.96875,17.40625
Brachyaxis,-23.0,-23.0,-5.59375,-5.59375,17.40625
Laccin,-23.25,-23.25,-5.84375,-5.84375,17.40625
Ringgit,-23.25,-23.25,-5.84375,-5.84375,17.40625
Outwall,-23.125,-23.125,-5.71875,-5.71875,17.40625
Deckles,-22.875,-22.875,-5.46875,-5.46875,17.40625
Sulphamyl,-23.25,-23.25,-5.84375,-5.84375,17.40625
Thionate,-23.25,-23.25,-5.84375,-5.84375,17.40625
Heterocaryosis,-23.125,-23.125,-5.71875,-5.71875,17.40625
Deresinate,-23.5,-23.5,-6.09375,-6.09375,17.40625
Wapper,-23.125,-23.125,-5.71875,-5.71875,17.40625
Sulphamide,-23.125,-23.125,-5.71875,-5.71875,17.40625
Lifeleaf,-23.125,-23.125,-5.71875,-5.71875,17.40625
Tetragon,-23.0,-23.0,-5.59375,-5.59375,17.40625
Victimizer,-23.125,-23.125,-5.71875,-5.71875,17.40625
Metallometer,-23.125,-23.125,-5.71875,-5.71875,17.40625
Endosymbiosis,-23.375,-23.375,-5.96875,-5.96875,17.40625
Rivell,-23.125,-23.125,-5.71875,-5.71875,17.40625
Enwood,-23.125,-23.125,-5.71875,-5.71875,17.40625
Flicks,-23.0,-23.0,-5.59375,-5.59375,17.40625
Pentabasic,-23.25,-23.25,-5.84375,-5.84375,17.40625
Laminarite,-23.25,-23.25,-5.84375,-5.84375,17.40625
Nordicism,-23.625,-23.625,-6.21875,-6.21875,17.40625
Chaldaism,-23.75,-23.75,-6.34375,-6.34375,17.40625
Rebound,-23.125,-23.125,-5.71875,-5.71875,17.40625
Bonaventure,-23.5,-23.5,-6.09375,-6.09375,17.40625
Ramekin,-23.0,-23.0,-5.59375,-5.59375,17.40625
Psammitic,-23.375,-23.375,-5.96875,-5.96875,17.40625
Percussion,-22.875,-22.875,-5.46875,-5.46875,17.40625
Intensify,-23.5,-23.5,-6.09375,-6.09375,17.40625
Scabrous,-22.75,-22.75,-5.34375,-5.34375,17.40625
Toastee,-22.875,-22.875,-5.46875,-5.46875,17.40625
Appointees,-23.5,-23.5,-6.09375,-6.09375,17.40625
Monotrochian,-23.0,-23.0,-5.59375,-5.59375,17.40625
Cyclamate,-22.875,-22.875,-5.46875,-5.46875,17.40625
Dipsaceae,-23.375,-23.375,-5.96875,-5.96875,17.40625
Nepouite,-23.25,-23.25,-5.84375,-5.84375,17.40625
Artifex,-23.0,-23.0,-5.59375,-5.59375,17.40625
Outlooks,-23.125,-23.125,-5.71875,-5.71875,17.40625
Literalist,-23.125,-23.125,-5.71875,-5.71875,17.40625
Kujawiak,-23.125,-23.125,-5.71875,-5.71875,17.40625
Redivision,-23.625,-23.625,-6.21875,-6.21875,17.40625
Incrassate,-23.25,-23.25,-5.84375,-5.84375,17.40625
Trinil,-22.875,-22.875,-5.46875,-5.46875,17.40625
Antidotism,-23.75,-23.75,-6.34375,-6.34375,17.40625
Rebite,-23.125,-23.125,-5.71875,-5.71875,17.40625
Dictatress,-23.125,-23.125,-5.71875,-5.71875,17.40625
Operette,-23.125,-23.125,-5.71875,-5.71875,17.40625
Subpunch,-23.25,-23.25,-5.84375,-5.84375,17.40625
Whippertail,-22.625,-22.625,-5.25,-5.25,17.375
Brideknot,-23.0,-23.0,-5.625,-5.625,17.375
Embryulculci,-23.0,-23.0,-5.625,-5.625,17.375
Chlorococcus,-23.0,-23.0,-5.625,-5.625,17.375
Ultrasubtle,-22.75,-22.75,-5.375,-5.375,17.375
Photoglyph,-23.125,-23.125,-5.75,-5.75,17.375
Pyelometry,-23.25,-23.25,-5.875,-5.875,17.375
Feverlike,-23.0,-23.0,-5.625,-5.625,17.375
Battlements,-22.875,-22.875,-5.5,-5.5,17.375
Thermopleion,-23.125,-23.125,-5.75,-5.75,17.375
Tyroglyphid,-22.875,-22.875,-5.5,-5.5,17.375
Pyromucyl,-23.0,-23.0,-5.625,-5.625,17.375
Theropoda,-23.0,-23.0,-5.625,-5.625,17.375
Foreteeth,-22.75,-22.75,-5.375,-5.375,17.375
Varieties,-23.0,-23.0,-5.625,-5.625,17.375
Kalathoi,-23.125,-23.125,-5.75,-5.75,17.375
Gemmologists,-23.25,-23.25,-5.875,-5.875,17.375
Limity,-23.25,-23.25,-5.875,-5.875,17.375
Bookwright,-23.125,-23.125,-5.75,-5.75,17.375
Electrotypy,-23.25,-23.25,-5.875,-5.875,17.375
Esperantist,-23.125,-23.125,-5.75,-5.75,17.375
Bethreaten,-22.875,-22.875,-5.5,-5.5,17.375
Polyglottonic,-23.0,-23.0,-5.625,-5.625,17.375
Puberal,-22.875,-22.875,-5.5,-5.5,17.375
Troves,-22.75,-22.75,-5.375,-5.375,17.375
Startler,-23.0,-23.0,-5.625,-5.625,17.375
Beguard,-23.0,-23.0,-5.625,-5.625,17.375
Eclogic,-23.375,-23.375,-6.0,-6.0,17.375
Imbiber,-23.0,-23.0,-5.625,-5.625,17.375
Leaseback,-23.0,-23.0,-5.625,-5.625,17.375
Slotbacks,-23.0,-23.0,-5.625,-5.625,17.375
Planigraphy,-23.0,-23.0,-5.625,-5.625,17.375
Inheritrice,-22.875,-22.875,-5.5,-5.5,17.375
Phyllostomous,-22.875,-22.875,-5.5,-5.5,17.375
Amentaceous,-23.0,-23.0,-5.625,-5.625,17.375
Cowtail,-23.0,-23.0,-5.625,-5.625,17.375
Nonlicit,-23.0,-23.0,-5.625,-5.625,17.375
Noncarbonate,-22.875,-22.875,-5.5,-5.5,17.375
Squamipinnate,-22.75,-22.75,-5.375,-5.375,17.375
Hydrophyton,-22.875,-22.875,-5.5,-5.5,17.375
Gymnoconia,-23.0,-23.0,-5.625,-5.625,17.375
Rudbeckia,-22.875,-22.875,-5.5,-5.5,17.375
Eigenstate,-23.375,-23.375,-6.0,-6.0,17.375
Herbaceous,-22.875,-22.875,-5.5,-5.5,17.375
Rheumatismal,-23.0,-23.0,-5.625,-5.625,17.375
Milliphot,-23.125,-23.125,-5.75,-5.75,17.375
Enclog,-23.125,-23.125,-5.75,-5.75,17.375
Galvanist,-23.0,-23.0,-5.6875,-5.6875,17.3125
Catechistical,-23.0,-23.0,-5.6875,-5.6875,17.3125
Hypsophyllary,-23.375,-23.375,-6.0625,-6.0625,17.3125
Flypasts,-23.125,-23.125,-5.8125,-5.8125,17.3125
Recepts,-23.125,-23.125,-5.8125,-5.8125,17.3125
Kumbuk,-23.125,-23.125,-5.8125,-5.8125,17.3125
Apaesthesia,-23.125,-23.125,-5.8125,-5.8125,17.3125
Myomorphic,-23.25,-23.25,-5.9375,-5.9375,17.3125
Hammaid,-23.125,-23.125,-5.8125,-5.8125,17.3125
Ostensory,-23.125,-23.125,-5.8125,-5.8125,17.3125
Abstain,-23.25,-23.25,-5.9375,-5.9375,17.3125
Trainability,-23.375,-23.375,-6.0625,-6.0625,17.3125
Fabricate,-23.25,-23.25,-5.9375,-5.9375,17.3125
Dhunchee,-23.25,-23.25,-5.9375,-5.9375,17.3125
Breech,-23.125,-23.125,-5.8125,-5.8125,17.3125
Lernaea,-23.125,-23.125,-5.8125,-5.8125,17.3125
Tegular,-23.125,-23.125,-5.8125,-5.8125,17.3125
Immask,-23.125,-23.125,-5.8125,-5.8125,17.3125
Woozier,-23.125,-23.125,-5.8125,-5.8125,17.3125
Onionlike,-23.25,-23.25,-5.9375,-5.9375,17.3125
Spaghetti,-22.875,-22.875,-5.5625,-5.5625,17.3125
Substrative,-23.25,-23.25,-5.9375,-5.9375,17.3125
Anagrammatic,-23.25,-23.25,-5.9375,-5.9375,17.3125
Transmuscle,-23.25,-23.25,-5.9375,-5.9375,17.3125
Sortilegi,-23.375,-23.375,-6.0625,-6.0625,17.3125
Platinammin,-23.25,-23.25,-5.9375,-5.9375,17.3125
Vizard,-23.125,-23.125,-5.8125,-5.8125,17.3125
Garancine,-23.125,-23.125,-5.8125,-5.8125,17.3125
Subsimian,-23.25,-23.25,-5.9375,-5.9375,17.3125
Warmth,-23.125,-23.125,-5.8125,-5.8125,17.3125
Enwisen,-23.25,-23.25,-5.9375,-5.9375,17.3125
Jaspagate,-23.375,-23.375,-6.0625,-6.0625,17.3125
Coonjine,-23.125,-23.125,-5.8125,-5.8125,17.3125
Anthrophore,-23.125,-23.125,-5.8125,-5.8125,17.3125
Aguglia,-23.125,-23.125,-5.8125,-5.8125,17.3125
Cerulein,-23.0,-23.0,-5.6875,-5.6875,17.3125
Devitrify,-23.375,-23.375,-6.0625,-6.0625,17.3125
Outlets,-23.0,-23.0,-5.6875,-5.6875,17.3125
Azophenylene,-23.125,-23.125,-5.8125,-5.8125,17.3125
Strass,-23.125,-23.125,-5.8125,-5.8125,17.3125
Bisnagas,-23.0,-23.0,-5.6875,-5.6875,17.3125
Anemochoric,-23.125,-23.125,-5.8125,-5.8125,17.3125
Woundworth,-23.0,-23.0,-5.6875,-5.6875,17.3125
Weewaw,-23.0,-23.0,-5.6875,-5.6875,17.3125
Thesmothetae,-23.0,-23.0,-5.6875,-5.6875,17.3125
Tither,-23.125,-23.125,-5.8125,-5.8125,17.3125
Kindlier,-23.375,-23.375,-6.0625,-6.0625,17.3125
Aspace,-23.25,-23.25,-5.9375,-5.9375,17.3125
Anabiotic,-23.0,-23.0,-5.6875,-5.6875,17.3125
Misnarrate,-23.25,-23.25,-5.9375,-5.9375,17.3125
Gestura,-23.125,-23.125,-5.8125,-5.8125,17.3125
Nongrey,-23.125,-23.125,-5.8125,-5.8125,17.3125
Plotless,-23.125,-23.125,-5.8125,-5.8125,17.3125
Distressful,-23.125,-23.125,-5.8125,-5.8125,17.3125
Heteromya,-23.25,-23.25,-5.9375,-5.9375,17.3125
Semicitizen,-23.125,-23.125,-5.8125,-5.8125,17.3125
Galleyworm,-23.125,-23.125,-5.8125,-5.8125,17.3125
Multigyrate,-23.125,-23.125,-5.8125,-5.8125,17.3125
Legitime,-23.375,-23.375,-6.0625,-6.0625,17.3125
Vargueno,-23.125,-23.125,-5.8125,-5.8125,17.3125
Pincheck,-23.125,-23.125,-5.8125,-5.8125,17.3125
Proteiform,-23.25,-23.25,-5.9375,-5.9375,17.3125
Encephalosis,-23.375,-23.375,-6.0625,-6.0625,17.3125
Snapwood,-23.125,-23.125,-5.8125,-5.8125,17.3125
Pallial,-23.125,-23.125,-5.8125,-5.8125,17.3125
Sammer,-23.25,-23.25,-5.9375,-5.9375,17.3125
Subahdary,-23.25,-23.25,-5.9375,-5.9375,17.3125
Vinylic,-23.125,-23.125,-5.8125,-5.8125,17.3125
Giantish,-23.125,-23.125,-5.8125,-5.8125,17.3125
Excarnate,-23.125,-23.125,-5.8125,-5.8125,17.3125
Deviler,-23.125,-23.125,-5.8125,-5.8125,17.3125
Botchiest,-23.0,-23.0,-5.6875,-5.6875,17.3125
Waxflower,-23.125,-23.125,-5.8125,-5.8125,17.3125
Warrand,-23.25,-23.25,-5.9375,-5.9375,17.3125
Ajowan,-23.125,-23.125,-5.8125,-5.8125,17.3125
Ephoral,-23.125,-23.125,-5.8125,-5.8125,17.3125
Cuneiform,-23.25,-23.25,-5.9375,-5.9375,17.3125
Unabsolute,-23.375,-23.375,-6.0625,-6.0625,17.3125
Plowwise,-23.125,-23.125,-5.8125,-5.8125,17.3125
Armories,-23.25,-23.25,-5.9375,-5.9375,17.3125
Pentadicity,-23.625,-23.625,-6.3125,-6.3125,17.3125
Spiritrompe,-23.125,-23.125,-5.8125,-5.8125,17.3125
Burler,-23.125,-23.125,-5.8125,-5.8125,17.3125
Membranous,-23.125,-23.125,-5.8125,-5.8125,17.3125
Sugann,-23.125,-23.125,-5.8125,-5.8125,17.3125
Signlike,-23.375,-23.375,-6.0625,-6.0625,17.3125
Tolualdehyde,-23.0,-23.0,-5.6875,-5.6875,17.3125
Frouziest,-23.125,-23.125,-5.8125,-5.8125,17.3125
Isotach,-23.125,-23.125,-5.8125,-5.8125,17.3125
Timerity,-23.375,-23.375,-6.0625,-6.0625,17.3125
Thicken,-23.375,-23.375,-6.0625,-6.0625,17.3125
Byreman,-23.125,-23.125,-5.8125,-5.8125,17.3125
Casper,-23.0,-23.0,-5.6875,-5.6875,17.3125
Frasier,-23.0,-23.0,-5.6875,-5.6875,17.3125
Inefficiencies,-23.25,-23.25,-5.96875,-5.96875,17.28125
Organotropic,-23.375,-23.375,-6.09375,-6.09375,17.28125
Coyotes,-23.0,-23.0,-5.71875,-5.71875,17.28125
Warmmess,-23.0,-23.0,-5.71875,-5.71875,17.28125
Extrasolar,-23.0,-23.0,-5.71875,-5.71875,17.28125
Sciolists,-23.5,-23.5,-6.21875,-6.21875,17.28125
Yeelin,-23.0,-23.0,-5.71875,-5.71875,17.28125
Ophthalmite,-23.0,-23.0,-5.71875,-5.71875,17.28125
Metrectasia,-23.125,-23.125,-5.84375,-5.84375,17.28125
Animisms,-23.125,-23.125,-5.84375,-5.84375,17.28125
Nannander,-23.375,-23.375,-6.09375,-6.09375,17.28125
Angliae,-23.125,-23.125,-5.84375,-5.84375,17.28125
Wauchts,-23.125,-23.125,-5.84375,-5.84375,17.28125
Snarlers,-22.875,-22.875,-5.59375,-5.59375,17.28125
Moruloid,-23.0,-23.0,-5.71875,-5.71875,17.28125
Gabbarts,-22.875,-22.875,-5.59375,-5.59375,17.28125
Unsensible,-23.0,-23.0,-5.71875,-5.71875,17.28125
Powldoody,-23.0,-23.0,-5.71875,-5.71875,17.28125
Watercolourist,-23.0,-23.0,-5.71875,-5.71875,17.28125
Sudatorium,-23.25,-23.25,-5.96875,-5.96875,17.28125
Cubanize,-23.75,-23.75,-6.46875,-6.46875,17.28125
Prowfishes,-23.0,-23.0,-5.71875,-5.71875,17.28125
Imitate,-22.875,-22.875,-5.59375,-5.59375,17.28125
Pranava,-23.0,-23.0,-5.71875,-5.71875,17.28125
Contemplatist,-23.0,-23.0,-5.71875,-5.71875,17.28125
Dandriff,-22.75,-22.75,-5.46875,-5.46875,17.28125
Gunfires,-23.25,-23.25,-5.96875,-5.96875,17.28125
Louses,-23.0,-23.0,-5.71875,-5.71875,17.28125
Quantimeter,-23.125,-23.125,-5.84375,-5.84375,17.28125
Sharkful,-23.125,-23.125,-5.84375,-5.84375,17.28125
Palmitin,-23.0,-23.0,-5.71875,-5.71875,17.28125
Husbandship,-23.375,-23.375,-6.09375,-6.09375,17.28125
Imposthumate,-23.25,-23.25,-5.96875,-5.96875,17.28125
Grewsomest,-23.125,-23.125,-5.84375,-5.84375,17.28125
Unconversion,-23.25,-23.25,-5.96875,-5.96875,17.28125
Isolates,-23.125,-23.125,-5.84375,-5.84375,17.28125
Veinwork,-22.875,-22.875,-5.59375,-5.59375,17.28125
Carefuller,-23.125,-23.125,-5.84375,-5.84375,17.28125
Micellae,-22.875,-22.875,-5.59375,-5.59375,17.28125
Ostreidae,-23.125,-23.125,-5.84375,-5.84375,17.28125
Introdden,-23.125,-23.125,-5.84375,-5.84375,17.28125
Alkylates,-23.0,-23.0,-5.71875,-5.71875,17.28125
Anthropoidal,-23.125,-23.125,-5.84375,-5.84375,17.28125
Pawnors,-23.125,-23.125,-5.84375,-5.84375,17.28125
Clavichordists,-23.125,-23.125,-5.84375,-5.84375,17.28125
Unfoxy,-23.125,-23.125,-5.84375,-5.84375,17.28125
Toiler,-23.125,-23.125,-5.84375,-5.84375,17.28125
Maturescence,-23.25,-23.25,-5.96875,-5.96875,17.28125
Pumice,-23.0,-23.0,-5.71875,-5.71875,17.28125
Gastrovascular,-23.0,-23.0,-5.71875,-5.71875,17.28125
Lignicolous,-23.125,-23.125,-5.84375,-5.84375,17.28125
Alnicoes,-23.125,-23.125,-5.84375,-5.84375,17.28125
Outbalances,-23.25,-23.25,-5.96875,-5.96875,17.28125
Antipolitics,-23.5,-23.5,-6.21875,-6.21875,17.28125
Malverse,-23.0,-23.0,-5.71875,-5.71875,17.28125
Logans,-22.875,-22.875,-5.59375,-5.59375,17.28125
Becalm,-23.0,-23.0,-5.71875,-5.71875,17.28125
Peacockiest,-22.875,-22.875,-5.59375,-5.59375,17.28125
Shuvra,-23.25,-23.25,-5.96875,-5.96875,17.28125
Kibitz,-22.875,-22.875,-5.59375,-5.59375,17.28125
Bilharzial,-22.625,-22.625,-5.34375,-5.34375,17.28125
Atumble,-22.875,-22.875,-5.59375,-5.59375,17.28125
Lithotrity,-23.125,-23.125,-5.84375,-5.84375,17.28125
Pelargi,-23.125,-23.125,-5.84375,-5.84375,17.28125
Apteria,-23.125,-23.125,-5.84375,-5.84375,17.28125
Noninjurious,-22.875,-22.875,-5.59375,-5.59375,17.28125
Quipster,-23.0,-23.0,-5.71875,-5.71875,17.28125
Palaeocene,-23.0,-23.0,-5.71875,-5.71875,17.28125
Tachisms,-23.125,-23.125,-5.84375,-5.84375,17.28125
Polystomata,-23.375,-23.375,-6.09375,-6.09375,17.28125
Insomnolency,-23.375,-23.375,-6.09375,-6.09375,17.28125
Nanosomus,-23.0,-23.0,-5.71875,-5.71875,17.28125
Saponine,-23.0,-23.0,-5.71875,-5.71875,17.28125
Ericineous,-23.0,-23.0,-5.71875,-5.71875,17.28125
Petrogram,-23.375,-23.375,-6.09375,-6.09375,17.28125
Nigritudinous,-23.125,-23.125,-5.84375,-5.84375,17.28125
Junefish,-23.25,-23.25,-5.96875,-5.96875,17.28125
Qualmiest,-23.0,-23.0,-5.71875,-5.71875,17.28125
Secreta,-23.0,-23.0,-5.71875,-5.71875,17.28125
Ascaridol,-23.25,-23.25,-5.96875,-5.96875,17.28125
Pilotages,-23.125,-23.125,-5.84375,-5.84375,17.28125
Berigora,-23.25,-23.25,-5.96875,-5.96875,17.28125
Matajuelo,-23.125,-23.125,-5.84375,-5.84375,17.28125
Hetaery,-23.25,-23.25,-5.96875,-5.96875,17.28125
Cembalo,-23.125,-23.125,-5.84375,-5.84375,17.28125
Succulence,-22.875,-22.875,-5.59375,-5.59375,17.28125
Randite,-23.375,-23.375,-6.09375,-6.09375,17.28125
Penscript,-22.875,-22.875,-5.59375,-5.59375,17.28125
Copartner,-23.125,-23.125,-5.84375,-5.84375,17.28125
Ooscopy,-23.125,-23.125,-5.84375,-5.84375,17.28125
Cosines,-23.0,-23.0,-5.71875,-5.71875,17.28125
Invernesses,-23.125,-23.125,-5.84375,-5.84375,17.28125
Thelemite,-23.125,-23.125,-5.84375,-5.84375,17.28125
Clerids,-23.125,-23.125,-5.84375,-5.84375,17.28125
Bridelace,-23.0,-23.0,-5.71875,-5.71875,17.28125
Mediofrontal,-23.375,-23.375,-6.09375,-6.09375,17.28125
Skimmings,-22.875,-22.875,-5.59375,-5.59375,17.28125
Dimensive,-23.25,-23.25,-5.96875,-5.96875,17.28125
Decoat,-23.25,-23.25,-5.96875,-5.96875,17.28125
Evanescence,-22.875,-22.875,-5.59375,-5.59375,17.28125
Smokestack,-23.125,-23.125,-5.84375,-5.84375,17.28125
Internuncios,-23.25,-23.25,-5.96875,-5.96875,17.28125
Mossiest,-22.875,-22.875,-5.59375,-5.59375,17.28125
Sauceplate,-23.0,-23.0,-5.71875,-5.71875,17.28125
Suprahyoid,-23.25,-23.25,-5.96875,-5.96875,17.28125
Urosomitic,-23.25,-23.25,-5.96875,-5.96875,17.28125
Procacious,-23.125,-23.125,-5.84375,-5.84375,17.28125
Akazgin,-23.375,-23.375,-6.09375,-6.09375,17.28125
Czarism,-23.5,-23.5,-6.21875,-6.21875,17.28125
Sciolisms,-23.5,-23.5,-6.21875,-6.21875,17.28125
Bearcoot,-22.875,-22.875,-5.59375,-5.59375,17.28125
Visceroptotic,-23.0,-23.0,-5.71875,-5.71875,17.28125
Harrycane,-23.0,-23.0,-5.71875,-5.71875,17.28125
Chitarrino,-23.375,-23.375,-6.09375,-6.09375,17.28125
Naturalistic,-23.125,-23.125,-5.84375,-5.84375,17.28125
Postlude,-23.0,-23.0,-5.71875,-5.71875,17.28125
Hideout,-22.875,-22.875,-5.59375,-5.59375,17.28125
Paravesical,-23.25,-23.25,-5.96875,-5.96875,17.28125
Coalsack,-23.0,-23.0,-5.71875,-5.71875,17.28125
Eurasian,-23.375,-23.375,-6.09375,-6.09375,17.28125
Angiopressure,-23.25,-23.25,-5.96875,-5.96875,17.28125
Figurants,-23.375,-23.375,-6.09375,-6.09375,17.28125
Paratoluidine,-23.125,-23.125,-5.84375,-5.84375,17.28125
Platinotype,-23.0,-23.0,-5.71875,-5.71875,17.28125
Surmisal,-23.125,-23.125,-5.84375,-5.84375,17.28125
Noncomplicity,-23.375,-23.375,-6.09375,-6.09375,17.28125
Medusas,-22.875,-22.875,-5.59375,-5.59375,17.28125
Gemuetlich,-23.125,-23.125,-5.84375,-5.84375,17.28125
Nybble,-22.75,-22.75,-5.46875,-5.46875,17.28125
Sphenopsid,-23.125,-23.125,-5.84375,-5.84375,17.28125
Selenite,-22.875,-22.875,-5.59375,-5.59375,17.28125
Easter,-23.0,-23.0,-5.71875,-5.71875,17.28125
Toolstock,-23.125,-23.125,-5.84375,-5.84375,17.28125
Anthomedusan,-23.0,-23.0,-5.71875,-5.71875,17.28125
Sorbian,-23.5,-23.5,-6.21875,-6.21875,17.28125
Plasmolysis,-23.125,-23.125,-5.84375,-5.84375,17.28125
Lissotrichy,-23.125,-23.125,-5.84375,-5.84375,17.28125
Petrotympanic,-23.125,-23.125,-5.84375,-5.84375,17.28125
Inaudibility,-23.125,-23.125,-5.84375,-5.84375,17.28125
Perigenital,-23.125,-23.125,-5.84375,-5.84375,17.28125
Snecks,-22.75,-22.75,-5.46875,-5.46875,17.28125
Decameronic,-23.25,-23.25,-5.96875,-5.96875,17.28125
Goniotropous,-22.875,-22.875,-5.59375,-5.59375,17.28125
Pawnbroker,-22.875,-22.875,-5.59375,-5.59375,17.28125
Audiles,-23.25,-23.25,-5.96875,-5.96875,17.28125
Avanturine,-23.125,-23.125,-5.84375,-5.84375,17.28125
Suboxid,-23.25,-23.25,-5.96875,-5.96875,17.28125
Quintes,-23.0,-23.0,-5.71875,-5.71875,17.28125
Egocentristic,-23.25,-23.25,-5.96875,-5.96875,17.28125
Protension,-23.375,-23.375,-6.09375,-6.09375,17.28125
Reshower,-23.0,-23.0,-5.71875,-5.71875,17.28125
Narine,-23.25,-23.25,-5.96875,-5.96875,17.28125
Tittivator,-23.0,-23.0,-5.71875,-5.71875,17.28125
Ectocondyle,-22.75,-22.75,-5.46875,-5.46875,17.28125
Scleroses,-23.125,-23.125,-5.84375,-5.84375,17.28125
Fenestella,-22.875,-22.875,-5.59375,-5.59375,17.28125
Urostege,-23.125,-23.125,-5.84375,-5.84375,17.28125
Shacklebone,-22.875,-22.875,-5.59375,-5.59375,17.28125
Mucocele,-23.125,-23.125,-5.84375,-5.84375,17.28125
Reheal,-23.0,-23.0,-5.71875,-5.71875,17.28125
Appreciators,-23.125,-23.125,-5.84375,-5.84375,17.28125
Taluche,-23.125,-23.125,-5.84375,-5.84375,17.28125
Bursters,-23.25,-23.25,-5.96875,-5.96875,17.28125
Shibahs,-23.375,-23.375,-6.09375,-6.09375,17.28125
Parapophysis,-23.25,-23.25,-5.96875,-5.96875,17.28125
Iodoprotein,-23.125,-23.125,-5.84375,-5.84375,17.28125
Guittonian,-23.0,-23.0,-5.71875,-5.71875,17.28125
Breird,-23.375,-23.375,-6.09375,-6.09375,17.28125
Reluct,-23.0,-23.0,-5.71875,-5.71875,17.28125
Viscoid,-23.125,-23.125,-5.84375,-5.84375,17.28125
Prisms,-23.125,-23.125,-5.84375,-5.84375,17.28125
Checkrows,-23.125,-23.125,-5.84375,-5.84375,17.28125
Backwasher,-22.875,-22.875,-5.59375,-5.59375,17.28125
Hesitance,-23.25,-23.25,-5.96875,-5.96875,17.28125
Presses,-23.0,-23.0,-5.71875,-5.71875,17.28125
Thynnid,-22.875,-22.875,-5.59375,-5.59375,17.28125
Wheretill,-22.875,-22.875,-5.59375,-5.59375,17.28125
Vocalistic,-23.125,-23.125,-5.84375,-5.84375,17.28125
Atreptic,-22.875,-22.875,-5.59375,-5.59375,17.28125
Swanker,-23.0,-23.0,-5.71875,-5.71875,17.28125
Proctodeum,-23.125,-23.125,-5.84375,-5.84375,17.28125
Hickish,-22.875,-22.875,-5.59375,-5.59375,17.28125
Tallowberry,-22.875,-22.875,-5.59375,-5.59375,17.28125
Morales,-23.375,-23.375,-6.09375,-6.09375,17.28125
Hydrosilicate,-22.875,-22.875,-5.59375,-5.59375,17.28125
Assurate,-23.125,-23.125,-5.84375,-5.84375,17.28125
Gemmate,-23.125,-23.125,-5.84375,-5.84375,17.28125
Trestlework,-23.125,-23.125,-5.84375,-5.84375,17.28125
Unknowability,-23.625,-23.625,-6.34375,-6.34375,17.28125
Polymixiid,-23.125,-23.125,-5.84375,-5.84375,17.28125
Reliabilities,-23.125,-23.125,-5.84375,-5.84375,17.28125
Fretsaws,-22.75,-22.75,-5.46875,-5.46875,17.28125
Ohmmeters,-22.875,-22.875,-5.59375,-5.59375,17.28125
Eclipsareon,-22.875,-22.875,-5.59375,-5.59375,17.28125
Daughtership,-23.25,-23.25,-5.96875,-5.96875,17.28125
Kinaesthesia,-23.0,-23.0,-5.71875,-5.71875,17.28125
Decarchy,-23.375,-23.375,-6.09375,-6.09375,17.28125
Negqtiator,-23.0,-23.0,-5.71875,-5.71875,17.28125
Rabble,-23.125,-23.125,-5.84375,-5.84375,17.28125
Bilithon,-23.0,-23.0,-5.71875,-5.71875,17.28125
Ganowanian,-22.875,-22.875,-5.59375,-5.59375,17.28125
Gralloch,-23.125,-23.125,-5.84375,-5.84375,17.28125
Cachot,-23.125,-23.125,-5.84375,-5.84375,17.28125
Muscovy,-23.375,-23.375,-6.09375,-6.09375,17.28125
Inkhornizer,-23.25,-23.25,-5.96875,-5.96875,17.28125
Eximidus,-23.0,-23.0,-5.71875,-5.71875,17.28125
Fathogram,-23.25,-23.25,-5.96875,-5.96875,17.28125
Chondrectomy,-23.125,-23.125,-5.84375,-5.84375,17.28125
Egards,-23.0,-23.0,-5.71875,-5.71875,17.28125
Dispersible,-23.125,-23.125,-5.84375,-5.84375,17.28125
Skokiaan,-22.625,-22.625,-5.34375,-5.34375,17.28125
Procotton,-23.125,-23.125,-5.84375,-5.84375,17.28125
Greengill,-22.875,-22.875,-5.59375,-5.59375,17.28125
Utible,-23.0,-23.0,-5.71875,-5.71875,17.28125
Bargeman,-22.875,-22.875,-5.59375,-5.59375,17.28125
Innate,-23.0,-23.0,-5.71875,-5.71875,17.28125
Zoogamous,-23.0,-23.0,-5.71875,-5.71875,17.28125
Psychobiology,-23.375,-23.375,-6.09375,-6.09375,17.28125
Sortita,-23.125,-23.125,-5.84375,-5.84375,17.28125
Fibrine,-23.0,-23.0,-5.71875,-5.71875,17.28125
Quinanarii,-23.25,-23.25,-5.96875,-5.96875,17.28125
Intrado,-22.875,-22.875,-5.59375,-5.59375,17.28125
Saccharuria,-23.25,-23.25,-5.96875,-5.96875,17.28125
Sextans,-23.0,-23.0,-5.71875,-5.71875,17.28125
Anthography,-23.125,-23.125,-5.84375,-5.84375,17.28125
Caldera,-23.125,-23.125,-5.84375,-5.84375,17.28125
Delphinium,-23.125,-23.125,-5.84375,-5.84375,17.28125
Temporalism,-23.625,-23.625,-6.34375,-6.34375,17.28125
Pipestems,-22.875,-22.875,-5.59375,-5.59375,17.28125
Goatsbeard,-22.75,-22.75,-5.46875,-5.46875,17.28125
Enravish,-23.0,-23.0,-5.71875,-5.71875,17.28125
Chaptrel,-23.0,-23.0,-5.71875,-5.71875,17.28125
Kingship,-23.375,-23.375,-6.09375,-6.09375,17.28125
Anteluminary,-23.125,-23.125,-5.84375,-5.84375,17.28125
Coinmaker,-23.0,-23.0,-5.71875,-5.71875,17.28125
Planful,-22.875,-22.875,-5.59375,-5.59375,17.28125
Spathous,-23.125,-23.125,-5.84375,-5.84375,17.28125
Tetrasporic,-22.875,-22.875,-5.59375,-5.59375,17.28125
Eclaircise,-23.25,-23.25,-5.96875,-5.96875,17.28125
Aeromarine,-22.875,-22.875,-5.59375,-5.59375,17.28125
Overbrutality,-23.5,-23.5,-6.21875,-6.21875,17.28125
Slojds,-23.0,-23.0,-5.71875,-5.71875,17.28125
Pignon,-23.25,-23.25,-5.96875,-5.96875,17.28125
Heterophaga,-23.0,-23.0,-5.71875,-5.71875,17.28125
Outback,-22.75,-22.75,-5.46875,-5.46875,17.28125
Sauceman,-22.875,-22.875,-5.59375,-5.59375,17.28125
Butterfish,-23.0,-23.0,-5.71875,-5.71875,17.28125
Lingams,-23.25,-23.25,-5.96875,-5.96875,17.28125
Inactions,-23.25,-23.25,-5.96875,-5.96875,17.28125
Failles,-23.0,-23.0,-5.71875,-5.71875,17.28125
Neopaleozoic,-23.0,-23.0,-5.71875,-5.71875,17.28125
Hariolize,-23.125,-23.125,-5.84375,-5.84375,17.28125
Expressional,-23.25,-23.25,-5.96875,-5.96875,17.28125
Spoonfuls,-22.875,-22.875,-5.59375,-5.59375,17.28125
Canapina,-23.0,-23.0,-5.71875,-5.71875,17.28125
Duffels,-23.125,-23.125,-5.84375,-5.84375,17.28125
Percheron,-23.25,-23.25,-5.96875,-5.96875,17.28125
Landwrack,-22.875,-22.875,-5.59375,-5.59375,17.28125
Taurotragus,-22.75,-22.75,-5.46875,-5.46875,17.28125
Hardfist,-22.75,-22.75,-5.46875,-5.46875,17.28125
Diactine,-22.875,-22.875,-5.59375,-5.59375,17.28125
Epistlers,-23.125,-23.125,-5.84375,-5.84375,17.28125
Blenniid,-22.875,-22.875,-5.59375,-5.59375,17.28125
Rockbird,-23.125,-23.125,-5.84375,-5.84375,17.28125
Beryllosis,-23.0,-23.0,-5.71875,-5.71875,17.28125
Indicia,-23.25,-23.25,-5.96875,-5.96875,17.28125
Biogeographers,-23.25,-23.25,-5.96875,-5.96875,17.28125
Justine,-23.125,-23.125,-5.84375,-5.84375,17.28125
Bannerfish,-23.0,-23.0,-5.71875,-5.71875,17.28125
Shofars,-23.0,-23.0,-5.71875,-5.71875,17.28125
Apoquinine,-23.0,-23.0,-5.71875,-5.71875,17.28125
Sulfanilic,-23.125,-23.125,-5.84375,-5.84375,17.28125
Trapezium,-23.25,-23.25,-5.96875,-5.96875,17.28125
Intercentral,-23.375,-23.375,-6.09375,-6.09375,17.28125
Excepter,-23.125,-23.125,-5.84375,-5.84375,17.28125
Malayalam,-23.125,-23.125,-5.84375,-5.84375,17.28125
Chiffre,-23.125,-23.125,-5.84375,-5.84375,17.28125
Prespinous,-23.125,-23.125,-5.84375,-5.84375,17.28125
Caricaturists,-23.25,-23.25,-5.96875,-5.96875,17.28125
Scorpios,-23.25,-23.25,-5.96875,-5.96875,17.28125
Sarcolite,-23.125,-23.125,-5.84375,-5.84375,17.28125
Paruria,-23.375,-23.375,-6.09375,-6.09375,17.28125
Jerque,-23.0,-23.0,-5.71875,-5.71875,17.28125
Octacolic,-23.375,-23.375,-6.09375,-6.09375,17.28125
Saturnine,-23.125,-23.125,-5.84375,-5.84375,17.28125
Cherry,-23.125,-23.125,-5.84375,-5.84375,17.28125
Oxychloric,-23.25,-23.25,-5.96875,-5.96875,17.28125
Haemacytometer,-23.0,-23.0,-5.71875,-5.71875,17.28125
Trajectile,-22.875,-22.875,-5.59375,-5.59375,17.28125
Babeldom,-23.5,-23.5,-6.21875,-6.21875,17.28125
Predacity,-23.125,-23.125,-5.84375,-5.84375,17.28125
Splashboard,-22.75,-22.75,-5.46875,-5.46875,17.28125
Skilts,-22.875,-22.875,-5.59375,-5.59375,17.28125
Horticulturist,-22.75,-22.75,-5.5,-5.5,17.25
Diaporesis,-23.25,-23.25,-6.0,-6.0,17.25
Episplenitis,-23.125,-23.125,-5.875,-5.875,17.25
Cosmologygy,-22.875,-22.875,-5.625,-5.625,17.25
Curvital,-23.125,-23.125,-5.875,-5.875,17.25
Iodite,-22.875,-22.875,-5.625,-5.625,17.25
Ethmolachrymal,-23.0,-23.0,-5.75,-5.75,17.25
Shiraz,-23.125,-23.125,-5.875,-5.875,17.25
Towheads,-23.0,-23.0,-5.75,-5.75,17.25
Ultrasimian,-22.875,-22.875,-5.625,-5.625,17.25
Taxameter,-23.0,-23.0,-5.75,-5.75,17.25
Stratography,-23.125,-23.125,-5.875,-5.875,17.25
Madship,-22.875,-22.875,-5.625,-5.625,17.25
Diocese,-22.75,-22.75,-5.5,-5.5,17.25
Outdoor,-22.875,-22.875,-5.625,-5.625,17.25
Cosmosophy,-23.25,-23.25,-6.0,-6.0,17.25
Junkyards,-23.0,-23.0,-5.75,-5.75,17.25
Whipstaves,-22.75,-22.75,-5.5,-5.5,17.25
Chromograph,-23.0,-23.0,-5.75,-5.75,17.25
Ithomiidae,-22.875,-22.875,-5.625,-5.625,17.25
Outsift,-23.0,-23.0,-5.75,-5.75,17.25
Ultraservile,-22.75,-22.75,-5.5,-5.5,17.25
Aerodynes,-23.0,-23.0,-5.75,-5.75,17.25
Castra,-22.875,-22.875,-5.625,-5.625,17.25
Hydrogens,-22.875,-22.875,-5.625,-5.625,17.25
Squawkiest,-22.5,-22.5,-5.25,-5.25,17.25
Chromomere,-22.875,-22.875,-5.625,-5.625,17.25
Barret,-22.625,-22.625,-5.375,-5.375,17.25
Lactigenous,-23.0,-23.0,-5.8125,-5.8125,17.1875
Excogitates,-23.0,-23.0,-5.8125,-5.8125,17.1875
Grinner,-23.0,-23.0,-5.8125,-5.8125,17.1875
Lemovices,-23.0,-23.0,-5.8125,-5.8125,17.1875
Coccal,-23.125,-23.125,-5.9375,-5.9375,17.1875
Theatrograph,-22.875,-22.875,-5.6875,-5.6875,17.1875
Hypophyseal,-23.125,-23.125,-5.9375,-5.9375,17.1875
Bloomage,-23.0,-23.0,-5.8125,-5.8125,17.1875
Canopid,-23.0,-23.0,-5.8125,-5.8125,17.1875
Thunderers,-23.375,-23.375,-6.1875,-6.1875,17.1875
Mishit,-23.0,-23.0,-5.8125,-5.8125,17.1875
Conditione,-23.125,-23.125,-5.9375,-5.9375,17.1875
Maintenances,-23.125,-23.125,-5.9375,-5.9375,17.1875
Alchemic,-23.125,-23.125,-5.9375,-5.9375,17.1875
Amphicarpa,-22.875,-22.875,-5.6875,-5.6875,17.1875
Remargin,-23.125,-23.125,-5.9375,-5.9375,17.1875
Australianize,-24.0,-24.0,-6.8125,-6.8125,17.1875
Lichenicolous,-22.875,-22.875,-5.6875,-5.6875,17.1875
Knobby,-22.625,-22.625,-5.4375,-5.4375,17.1875
Metrostaxis,-23.0,-23.0,-5.8125,-5.8125,17.1875
Current,-23.5,-23.5,-6.3125,-6.3125,17.1875
Haulages,-23.25,-23.25,-6.0625,-6.0625,17.1875
Sensory,-23.0,-23.0,-5.8125,-5.8125,17.1875
Erectile,-23.0,-23.0,-5.8125,-5.8125,17.1875
Capitasti,-23.0,-23.0,-5.8125,-5.8125,17.1875
Thermoses,-22.875,-22.875,-5.6875,-5.6875,17.1875
Titres,-23.125,-23.125,-5.9375,-5.9375,17.1875
Stammel,-23.25,-23.25,-6.0625,-6.0625,17.1875
Honorarium,-23.125,-23.125,-5.9375,-5.9375,17.1875
Ceroline,-22.75,-22.75,-5.5625,-5.5625,17.1875
Conuzee,-23.25,-23.25,-6.0625,-6.0625,17.1875
Uncage,-23.25,-23.25,-6.0625,-6.0625,17.1875
Uronology,-23.0,-23.0,-5.8125,-5.8125,17.1875
Nestings,-23.125,-23.125,-5.9375,-5.9375,17.1875
Breakouts,-23.0,-23.0,-5.8125,-5.8125,17.1875
Huiscoyol,-22.875,-22.875,-5.6875,-5.6875,17.1875
Epochs,-23.125,-23.125,-5.9375,-5.9375,17.1875
Metabolic,-23.0,-23.0,-5.8125,-5.8125,17.1875
Cabiritic,-23.25,-23.25,-6.0625,-6.0625,17.1875
Amenability,-23.375,-23.375,-6.1875,-6.1875,17.1875
Leatherboard,-22.875,-22.875,-5.6875,-5.6875,17.1875
Knapbottle,-23.0,-23.0,-5.8125,-5.8125,17.1875
Asphodel,-22.875,-22.875,-5.6875,-5.6875,17.1875
Reassume,-23.125,-23.125,-5.9375,-5.9375,17.1875
Ferries,-23.0,-23.0,-5.8125,-5.8125,17.1875
Goeduck,-23.0,-23.0,-5.8125,-5.8125,17.1875
Arriero,-23.125,-23.125,-5.9375,-5.9375,17.1875
Fatuoid,-23.25,-23.25,-6.0625,-6.0625,17.1875
Scalds,-23.125,-23.125,-5.9375,-5.9375,17.1875
Cierzos,-23.0,-23.0,-5.8125,-5.8125,17.1875
Lodgeful,-23.0,-23.0,-5.8125,-5.8125,17.1875
Chaffinch,-23.125,-23.125,-5.9375,-5.9375,17.1875
Mediumism,-23.375,-23.375,-6.1875,-6.1875,17.1875
Keyster,-22.875,-22.875,-5.6875,-5.6875,17.1875
Iberite,-23.125,-23.125,-5.9375,-5.9375,17.1875
Larderful,-23.0,-23.0,-5.8125,-5.8125,17.1875
Manufact,-23.0,-23.0,-5.8125,-5.8125,17.1875
Technonomic,-23.25,-23.25,-6.0625,-6.0625,17.1875
Caulicule,-22.875,-22.875,-5.6875,-5.6875,17.1875
Samani,-23.0,-23.0,-5.8125,-5.8125,17.1875
Badger,-23.0,-23.0,-5.8125,-5.8125,17.1875
Feeless,-23.125,-23.125,-5.9375,-5.9375,17.1875
Broomwood,-23.0,-23.0,-5.8125,-5.8125,17.1875
Topmost,-23.25,-23.25,-6.0625,-6.0625,17.1875
Platings,-23.0,-23.0,-5.8125,-5.8125,17.1875
Amylolytic,-23.0,-23.0,-5.8125,-5.8125,17.1875
Backboards,-23.0,-23.0,-5.8125,-5.8125,17.1875
Bitonalities,-23.125,-23.125,-5.96875,-5.96875,17.15625
Truckle,-23.0,-23.0,-5.84375,-5.84375,17.15625
Recodifies,-23.0,-23.0,-5.84375,-5.84375,17.15625
Beebreads,-22.875,-22.875,-5.71875,-5.71875,17.15625
Amphiploid,-23.0,-23.0,-5.84375,-5.84375,17.15625
Koeksotenok,-22.875,-22.875,-5.71875,-5.71875,17.15625
Tholus,-22.875,-22.875,-5.71875,-5.71875,17.15625
Chattelship,-23.25,-23.25,-6.09375,-6.09375,17.15625
Chugalugs,-22.875,-22.875,-5.71875,-5.71875,17.15625
Punatoo,-23.0,-23.0,-5.84375,-5.84375,17.15625
Edenic,-23.0,-23.0,-5.84375,-5.84375,17.15625
Britannian,-22.625,-22.625,-5.46875,-5.46875,17.15625
Arugolas,-22.75,-22.75,-5.59375,-5.59375,17.15625
Chirographic,-22.875,-22.875,-5.71875,-5.71875,17.15625
Wernerite,-23.0,-23.0,-5.84375,-5.84375,17.15625
Bandurria,-23.25,-23.25,-6.09375,-6.09375,17.15625
Acetamidine,-22.875,-22.875,-5.71875,-5.71875,17.15625
Notanduda,-23.125,-23.125,-5.96875,-5.96875,17.15625
Kilobytes,-22.875,-22.875,-5.71875,-5.71875,17.15625
Photophysical,-23.125,-23.125,-5.96875,-5.96875,17.15625
Bootlaces,-23.0,-23.0,-5.84375,-5.84375,17.15625
Doughbellies,-22.75,-22.75,-5.59375,-5.59375,17.15625
Dermatotherapy,-23.125,-23.125,-5.96875,-5.96875,17.15625
Burgages,-23.0,-23.0,-5.84375,-5.84375,17.15625
Shanks,-22.875,-22.875,-5.71875,-5.71875,17.15625
Sphyrapicus,-22.875,-22.875,-5.71875,-5.71875,17.15625
Diamondize,-23.375,-23.375,-6.21875,-6.21875,17.15625
Wourari,-23.125,-23.125,-5.96875,-5.96875,17.15625
Acidifiers,-23.125,-23.125,-5.96875,-5.96875,17.15625
Pashaship,-23.375,-23.375,-6.21875,-6.21875,17.15625
Sabbathaic,-23.25,-23.25,-6.09375,-6.09375,17.15625
Mammoths,-22.875,-22.875,-5.71875,-5.71875,17.15625
Atlantides,-22.875,-22.875,-5.71875,-5.71875,17.15625
Compunct,-22.875,-22.875,-5.71875,-5.71875,17.15625
Vishnu,-22.875,-22.875,-5.71875,-5.71875,17.15625
Chrosperma,-23.0,-23.0,-5.84375,-5.84375,17.15625
Ototoi,-23.0,-23.0,-5.84375,-5.84375,17.15625
Eccrinology,-23.125,-23.125,-5.96875,-5.96875,17.15625
Hemadynamics,-23.125,-23.125,-5.96875,-5.96875,17.15625
Overhip,-23.125,-23.125,-5.96875,-5.96875,17.15625
Octopede,-22.875,-22.875,-5.71875,-5.71875,17.15625
Rhodospermeae,-22.75,-22.75,-5.59375,-5.59375,17.15625
Enologies,-23.125,-23.125,-5.96875,-5.96875,17.15625
Landmarks,-22.875,-22.875,-5.71875,-5.71875,17.15625
Edemata,-23.25,-23.25,-6.09375,-6.09375,17.15625
Schemas,-23.125,-23.125,-5.96875,-5.96875,17.15625
Instructors,-23.25,-23.25,-6.09375,-6.09375,17.15625
Overvalue,-23.25,-23.25,-6.09375,-6.09375,17.15625
Resourceful,-22.75,-22.75,-5.59375,-5.59375,17.15625
Pressmark,-23.375,-23.375,-6.21875,-6.21875,17.15625
Thoron,-23.0,-23.0,-5.84375,-5.84375,17.15625
Canister,-22.625,-22.625,-5.46875,-5.46875,17.15625
Greyhound,-22.625,-22.625,-5.46875,-5.46875,17.15625
Skiffs,-22.75,-22.75,-5.59375,-5.59375,17.15625
Doctoral,-23.0,-23.0,-5.84375,-5.84375,17.15625
Terrorless,-22.875,-22.875,-5.71875,-5.71875,17.15625
Naturize,-23.125,-23.125,-5.96875,-5.96875,17.15625
Scoliotic,-22.75,-22.75,-5.59375,-5.59375,17.15625
Iulidan,-23.0,-23.0,-5.84375,-5.84375,17.15625
Beqwete,-23.25,-23.25,-6.09375,-6.09375,17.15625
Plateiasmus,-23.25,-23.25,-6.09375,-6.09375,17.15625
Procellariine,-23.0,-23.0,-5.84375,-5.84375,17.15625
Klaverns,-23.0,-23.0,-5.84375,-5.84375,17.15625
Nasalizes,-23.125,-23.125,-5.96875,-5.96875,17.15625
Rockfishes,-23.0,-23.0,-5.84375,-5.84375,17.15625
Glucokinin,-22.875,-22.875,-5.71875,-5.71875,17.15625
Pomatoes,-22.75,-22.75,-5.59375,-5.59375,17.15625
Tyleberry,-22.75,-22.75,-5.59375,-5.59375,17.15625
Sickroom,-22.875,-22.875,-5.71875,-5.71875,17.15625
Mayvins,-23.25,-23.25,-6.09375,-6.09375,17.15625
Febricide,-23.25,-23.25,-6.09375,-6.09375,17.15625
Poundkeeper,-23.0,-23.0,-5.84375,-5.84375,17.15625
Harbingership,-23.0,-23.0,-5.84375,-5.84375,17.15625
Parage,-23.125,-23.125,-5.96875,-5.96875,17.15625
Sparrowwort,-22.5,-22.5,-5.34375,-5.34375,17.15625
Doings,-23.0,-23.0,-5.84375,-5.84375,17.15625
Handlooms,-23.125,-23.125,-5.96875,-5.96875,17.15625
Checkrower,-23.25,-23.25,-6.09375,-6.09375,17.15625
Paragenetic,-23.125,-23.125,-5.96875,-5.96875,17.15625
Memorial,-23.125,-23.125,-5.96875,-5.96875,17.15625
Timerau,-23.25,-23.25,-6.09375,-6.09375,17.15625
Magnetimeter,-23.125,-23.125,-5.96875,-5.96875,17.15625
Keelfat,-23.0,-23.0,-5.84375,-5.84375,17.15625
Diggings,-22.875,-22.875,-5.71875,-5.71875,17.15625
Morticians,-22.875,-22.875,-5.71875,-5.71875,17.15625
Corvinas,-22.875,-22.875,-5.71875,-5.71875,17.15625
Brontolith,-22.75,-22.75,-5.59375,-5.59375,17.15625
Chaprassi,-23.0,-23.0,-5.84375,-5.84375,17.15625
Checkpoints,-23.125,-23.125,-5.96875,-5.96875,17.15625
Ornithopoda,-23.125,-23.125,-5.96875,-5.96875,17.15625
Shotguns,-22.875,-22.875,-5.71875,-5.71875,17.15625
Scholiums,-23.125,-23.125,-5.96875,-5.96875,17.15625
Childes,-22.5,-22.5,-5.34375,-5.34375,17.15625
Emeril,-22.625,-22.625,-5.46875,-5.46875,17.15625
Epimyocardium,-23.125,-23.125,-5.96875,-5.96875,17.15625
Dobies,-23.125,-23.125,-5.96875,-5.96875,17.15625
Dumfounds,-22.875,-22.875,-5.71875,-5.71875,17.15625
Xenophoridae,-23.125,-23.125,-5.96875,-5.96875,17.15625
Furnacemen,-23.0,-23.0,-5.84375,-5.84375,17.15625
Vaccinias,-22.625,-22.625,-5.46875,-5.46875,17.15625
Lacerta,-22.75,-22.75,-5.59375,-5.59375,17.15625
Connexity,-23.25,-23.25,-6.09375,-6.09375,17.15625
Alternity,-23.25,-23.25,-6.09375,-6.09375,17.15625
Dialog,-23.375,-23.375,-6.21875,-6.21875,17.15625
Hildebrandism,-23.625,-23.625,-6.46875,-6.46875,17.15625
Bawlers,-23.0,-23.0,-5.84375,-5.84375,17.15625
Messianism,-23.5,-23.5,-6.34375,-6.34375,17.15625
Forams,-22.75,-22.75,-5.59375,-5.59375,17.15625
Inability,-23.0,-23.0,-5.84375,-5.84375,17.15625
Waferwoman,-22.75,-22.75,-5.59375,-5.59375,17.15625
Vaultage,-22.5,-22.5,-5.34375,-5.34375,17.15625
Boothes,-23.0,-23.0,-5.84375,-5.84375,17.15625
Rosarians,-23.375,-23.375,-6.21875,-6.21875,17.15625
Makutas,-23.0,-23.0,-5.84375,-5.84375,17.15625
Coccothraustes,-22.75,-22.75,-5.59375,-5.59375,17.15625
Tenfold,-22.875,-22.875,-5.71875,-5.71875,17.15625
Zincify,-23.0,-23.0,-5.84375,-5.84375,17.15625
Irrelevant,-23.0,-23.0,-5.84375,-5.84375,17.15625
Curvifoliate,-23.0,-23.0,-5.84375,-5.84375,17.15625
Caroigne,-23.0,-23.0,-5.84375,-5.84375,17.15625
Balers,-22.875,-22.875,-5.71875,-5.71875,17.15625
Diuretics,-22.875,-22.875,-5.71875,-5.71875,17.15625
Phosphatidic,-22.75,-22.75,-5.59375,-5.59375,17.15625
Sageer,-23.25,-23.25,-6.09375,-6.09375,17.15625
Timbreller,-23.125,-23.125,-5.96875,-5.96875,17.15625
Sphacelate,-22.875,-22.875,-5.71875,-5.71875,17.15625
Hypopharynges,-23.125,-23.125,-5.96875,-5.96875,17.15625
Aptnesses,-23.0,-23.0,-5.84375,-5.84375,17.15625
Haveage,-23.0,-23.0,-5.84375,-5.84375,17.15625
Caccias,-23.125,-23.125,-5.96875,-5.96875,17.15625
Mecodonta,-22.875,-22.875,-5.71875,-5.71875,17.15625
Shittim,-22.75,-22.75,-5.59375,-5.59375,17.15625
Kvarner,-23.0,-23.0,-5.84375,-5.84375,17.15625
Underpetticoat,-22.875,-22.875,-5.71875,-5.71875,17.15625
Sanzen,-22.75,-22.75,-5.59375,-5.59375,17.15625
Protogine,-22.75,-22.75,-5.59375,-5.59375,17.15625
Paludamenta,-22.875,-22.875,-5.71875,-5.71875,17.15625
Basiphobia,-23.5,-23.5,-6.34375,-6.34375,17.15625
Smalls,-22.875,-22.875,-5.71875,-5.71875,17.15625
Unillusory,-23.125,-23.125,-5.96875,-5.96875,17.15625
Assigns,-22.875,-22.875,-5.71875,-5.71875,17.15625
Kulturkampf,-23.125,-23.125,-5.96875,-5.96875,17.15625
Calles,-22.75,-22.75,-5.59375,-5.59375,17.15625
Thatchwork,-23.125,-23.125,-5.96875,-5.96875,17.15625
Oxalacetic,-22.75,-22.75,-5.59375,-5.59375,17.15625
Scatophagidae,-23.0,-23.0,-5.84375,-5.84375,17.15625
Bumbles,-22.875,-22.875,-5.71875,-5.71875,17.15625
Brachyuranic,-22.875,-22.875,-5.71875,-5.71875,17.15625
Soberest,-23.0,-23.0,-5.84375,-5.84375,17.15625
Friezes,-22.875,-22.875,-5.71875,-5.71875,17.15625
Areometry,-23.125,-23.125,-5.96875,-5.96875,17.15625
Cephaline,-23.0,-23.0,-5.84375,-5.84375,17.15625
Unthinkables,-22.75,-22.75,-5.59375,-5.59375,17.15625
Espanol,-23.0,-23.0,-5.84375,-5.84375,17.15625
Epicranium,-22.875,-22.875,-5.71875,-5.71875,17.15625
Decastich,-23.0,-23.0,-5.84375,-5.84375,17.15625
Weathergleam,-22.625,-22.625,-5.46875,-5.46875,17.15625
Derere,-23.375,-23.375,-6.21875,-6.21875,17.15625
Iwound,-22.625,-22.625,-5.46875,-5.46875,17.15625
Trigonocerous,-22.5,-22.5,-5.34375,-5.34375,17.15625
Stallinger,-23.125,-23.125,-5.96875,-5.96875,17.15625
Tiglinic,-23.0,-23.0,-5.84375,-5.84375,17.15625
Laccoliths,-22.875,-22.875,-5.71875,-5.71875,17.15625
Carmine,-23.125,-23.125,-5.96875,-5.96875,17.15625
Vaginicoline,-23.125,-23.125,-5.96875,-5.96875,17.15625
Dardani,-23.125,-23.125,-5.96875,-5.96875,17.15625
Jamlike,-23.0,-23.0,-5.84375,-5.84375,17.15625
Apothegmatize,-23.25,-23.25,-6.09375,-6.09375,17.15625
Siskins,-23.25,-23.25,-6.09375,-6.09375,17.15625
Cymbocephalic,-23.0,-23.0,-5.84375,-5.84375,17.15625
Comourn,-23.125,-23.125,-5.96875,-5.96875,17.15625
Hinderlins,-23.125,-23.125,-5.96875,-5.96875,17.15625
Sarcoadenoma,-23.0,-23.0,-5.84375,-5.84375,17.15625
Ventrine,-23.0,-23.0,-5.84375,-5.84375,17.15625
Reposit,-22.875,-22.875,-5.71875,-5.71875,17.15625
Didromy,-23.0,-23.0,-5.84375,-5.84375,17.15625
Ballutes,-23.0,-23.0,-5.84375,-5.84375,17.15625
Ootocoidea,-23.125,-23.125,-5.96875,-5.96875,17.15625
Grundyist,-23.0,-23.0,-5.84375,-5.84375,17.15625
Peridiniaceae,-23.0,-23.0,-5.84375,-5.84375,17.15625
Scotomic,-23.0,-23.0,-5.84375,-5.84375,17.15625
Stylelike,-23.0,-23.0,-5.84375,-5.84375,17.15625
Fieldmice,-23.125,-23.125,-5.96875,-5.96875,17.15625
Boltonia,-23.0,-23.0,-5.84375,-5.84375,17.15625
Dibstones,-23.0,-23.0,-5.84375,-5.84375,17.15625
Mastmen,-23.0,-23.0,-5.84375,-5.84375,17.15625
Theaterlike,-23.0,-23.0,-5.84375,-5.84375,17.15625
Sunnyasse,-23.125,-23.125,-5.96875,-5.96875,17.15625
Perineoscrotal,-23.125,-23.125,-5.96875,-5.96875,17.15625
Onondaga,-23.0,-23.0,-5.84375,-5.84375,17.15625
Boselaphus,-23.125,-23.125,-5.96875,-5.96875,17.15625
Alberich,-22.625,-22.625,-5.46875,-5.46875,17.15625
Subdichotomies,-23.5,-23.5,-6.34375,-6.34375,17.15625
Caimacam,-23.125,-23.125,-5.96875,-5.96875,17.15625
Leoncito,-23.0,-23.0,-5.84375,-5.84375,17.15625
Enlight,-23.125,-23.125,-5.96875,-5.96875,17.15625
Alumite,-22.75,-22.75,-5.59375,-5.59375,17.15625
Salvator,-23.25,-23.25,-6.09375,-6.09375,17.15625
Heaters,-23.25,-23.25,-6.09375,-6.09375,17.15625
Thoughtsick,-23.0,-23.0,-5.84375,-5.84375,17.15625
Popinac,-23.125,-23.125,-5.96875,-5.96875,17.15625
Gordioid,-22.875,-22.875,-5.71875,-5.71875,17.15625
Xylidines,-23.125,-23.125,-5.96875,-5.96875,17.15625
Aletocyte,-23.0,-23.0,-5.84375,-5.84375,17.15625
Sudoral,-23.125,-23.125,-5.96875,-5.96875,17.15625
Apothems,-22.875,-22.875,-5.71875,-5.71875,17.15625
Overregulate,-23.25,-23.25,-6.09375,-6.09375,17.15625
Chamade,-23.125,-23.125,-5.96875,-5.96875,17.15625
Retrovision,-23.125,-23.125,-5.96875,-5.96875,17.15625
Schooler,-23.125,-23.125,-5.96875,-5.96875,17.15625
Carolina,-22.875,-22.875,-5.71875,-5.71875,17.15625
Warrty,-22.875,-22.875,-5.71875,-5.71875,17.15625
Spacewoman,-22.875,-22.875,-5.71875,-5.71875,17.15625
Prodigy,-23.0,-23.0,-5.84375,-5.84375,17.15625
Choriocele,-23.125,-23.125,-5.96875,-5.96875,17.15625
Disconnections,-23.125,-23.125,-5.96875,-5.96875,17.15625
Leaderette,-23.375,-23.375,-6.21875,-6.21875,17.15625
Photothermic,-23.125,-23.125,-5.96875,-5.96875,17.15625
Evident,-23.125,-23.125,-5.96875,-5.96875,17.15625
Kalamian,-23.0,-23.0,-5.84375,-5.84375,17.15625
Keraunophone,-22.875,-22.875,-5.71875,-5.71875,17.15625
Gelder,-23.0,-23.0,-5.84375,-5.84375,17.15625
Sapromic,-23.125,-23.125,-5.96875,-5.96875,17.15625
Goneoclinic,-23.125,-23.125,-5.96875,-5.96875,17.15625
Catnip,-22.875,-22.875,-5.71875,-5.71875,17.15625
Satinfin,-23.125,-23.125,-5.96875,-5.96875,17.15625
Amebae,-23.0,-23.0,-5.84375,-5.84375,17.15625
Zanclidae,-22.75,-22.75,-5.59375,-5.59375,17.15625
Sarmenta,-23.0,-23.0,-5.84375,-5.84375,17.15625
Aftermost,-22.625,-22.625,-5.46875,-5.46875,17.15625
Insectine,-23.0,-23.0,-5.84375,-5.84375,17.15625
Sexpots,-23.125,-23.125,-5.96875,-5.96875,17.15625
Ectoparasitic,-22.875,-22.875,-5.71875,-5.71875,17.15625
Cantatory,-23.0,-23.0,-5.84375,-5.84375,17.15625
Fenner,-23.0,-23.0,-5.84375,-5.84375,17.15625
Kilocycles,-22.875,-22.875,-5.71875,-5.71875,17.15625
Bloodstones,-23.0,-23.0,-5.84375,-5.84375,17.15625
Chitimacha,-23.125,-23.125,-5.96875,-5.96875,17.15625
Mexica,-23.0,-23.0,-5.84375,-5.84375,17.15625
Precisionism,-23.125,-23.125,-6.0,-6.0,17.125
Curran,-22.5,-22.5,-5.375,-5.375,17.125
Whitestone,-22.625,-22.625,-5.5,-5.5,17.125
Itonidid,-22.875,-22.875,-5.75,-5.75,17.125
Assentient,-22.625,-22.625,-5.5,-5.5,17.125
Arrowworm,-22.625,-22.625,-5.5,-5.5,17.125
Tagsore,-23.125,-23.125,-6.0,-6.0,17.125
Forelocks,-22.75,-22.75,-5.625,-5.625,17.125
Coxankylometer,-22.75,-22.75,-5.625,-5.625,17.125
Lochiocyte,-22.875,-22.875,-5.75,-5.75,17.125
Chewiest,-22.5,-22.5,-5.375,-5.375,17.125
Ichthyosaurid,-22.625,-22.625,-5.5,-5.5,17.125
Auxographic,-23.0,-23.0,-5.875,-5.875,17.125
Sherardize,-23.0,-23.0,-5.875,-5.875,17.125
Melospiza,-22.625,-22.625,-5.5,-5.5,17.125
Bryophyte,-22.75,-22.75,-5.625,-5.625,17.125
Dipteros,-22.875,-22.875,-5.75,-5.75,17.125
Riggal,-22.75,-22.75,-5.625,-5.625,17.125
Arbours,-22.625,-22.625,-5.5,-5.5,17.125
Glaires,-22.75,-22.75,-5.625,-5.625,17.125
Limbec,-22.75,-22.75,-5.625,-5.625,17.125
Pocketcase,-23.0,-23.0,-5.875,-5.875,17.125
Nakeder,-23.0,-23.0,-5.9375,-5.9375,17.0625
Momental,-22.875,-22.875,-5.8125,-5.8125,17.0625
Imanlaut,-23.0,-23.0,-5.9375,-5.9375,17.0625
Genioglossus,-23.0,-23.0,-5.9375,-5.9375,17.0625
Pariglin,-23.125,-23.125,-6.0625,-6.0625,17.0625
Hucklebone,-22.75,-22.75,-5.6875,-5.6875,17.0625
Jimbang,-23.25,-23.25,-6.1875,-6.1875,17.0625
Wafters,-22.75,-22.75,-5.6875,-5.6875,17.0625
Steelhead,-22.875,-22.875,-5.8125,-5.8125,17.0625
Kippen,-22.875,-22.875,-5.8125,-5.8125,17.0625
Pastoral,-23.0,-23.0,-5.9375,-5.9375,17.0625
Marita,-22.875,-22.875,-5.8125,-5.8125,17.0625
Subungulata,-23.0,-23.0,-5.9375,-5.9375,17.0625
Stemple,-22.875,-22.875,-5.8125,-5.8125,17.0625
Euryalida,-22.875,-22.875,-5.8125,-5.8125,17.0625
Wallful,-23.125,-23.125,-6.0625,-6.0625,17.0625
Augmentor,-23.125,-23.125,-6.0625,-6.0625,17.0625
Beamman,-23.0,-23.0,-5.9375,-5.9375,17.0625
Loomfixer,-22.875,-22.875,-5.8125,-5.8125,17.0625
Jigget,-22.75,-22.75,-5.6875,-5.6875,17.0625
Fieldleft,-23.5,-23.5,-6.4375,-6.4375,17.0625
Flavory,-23.0,-23.0,-5.9375,-5.9375,17.0625
Defensible,-23.0,-23.0,-5.9375,-5.9375,17.0625
Hersall,-22.75,-22.75,-5.6875,-5.6875,17.0625
Anhydrate,-23.0,-23.0,-5.9375,-5.9375,17.0625
Metaphrast,-22.875,-22.875,-5.8125,-5.8125,17.0625
Cinclus,-22.875,-22.875,-5.8125,-5.8125,17.0625
Valuta,-23.0,-23.0,-5.9375,-5.9375,17.0625
Coolen,-23.125,-23.125,-6.0625,-6.0625,17.0625
Boolean,-22.875,-22.875,-5.8125,-5.8125,17.0625
Paragraphs,-23.0,-23.0,-5.9375,-5.9375,17.0625
Ampelidae,-23.375,-23.375,-6.3125,-6.3125,17.0625
Babool,-22.875,-22.875,-5.8125,-5.8125,17.0625
Metapodiale,-22.875,-22.875,-5.8125,-5.8125,17.0625
Warniss,-23.0,-23.0,-5.9375,-5.9375,17.0625
Bimensal,-23.125,-23.125,-6.0625,-6.0625,17.0625
Kendir,-23.125,-23.125,-6.0625,-6.0625,17.0625
Stileman,-22.75,-22.75,-5.6875,-5.6875,17.0625
Degummer,-22.875,-22.875,-5.8125,-5.8125,17.0625
Lewanna,-22.875,-22.875,-5.8125,-5.8125,17.0625
Navels,-22.75,-22.75,-5.6875,-5.6875,17.0625
Nondiagonal,-23.0,-23.0,-5.9375,-5.9375,17.0625
Jageer,-23.125,-23.125,-6.0625,-6.0625,17.0625
Samucu,-23.0,-23.0,-5.9375,-5.9375,17.0625
Batteuse,-22.875,-22.875,-5.8125,-5.8125,17.0625
Overpost,-23.125,-23.125,-6.0625,-6.0625,17.0625
Machaira,-23.0,-23.0,-5.9375,-5.9375,17.0625
Caulomic,-23.0,-23.0,-5.9375,-5.9375,17.0625
Jigaboos,-23.25,-23.25,-6.1875,-6.1875,17.0625
Bottine,-22.75,-22.75,-5.6875,-5.6875,17.0625
Apospory,-22.875,-22.875,-5.8125,-5.8125,17.0625
Cutwal,-22.875,-22.875,-5.8125,-5.8125,17.0625
Kronur,-23.0,-23.0,-5.9375,-5.9375,17.0625
Glover,-23.0,-23.0,-5.9375,-5.9375,17.0625
Chough,-22.875,-22.875,-5.8125,-5.8125,17.0625
Urbaner,-23.25,-23.25,-6.1875,-6.1875,17.0625
Bodywise,-22.875,-22.875,-5.8125,-5.8125,17.0625
Isoptic,-23.0,-23.0,-5.9375,-5.9375,17.0625
Pluriparity,-23.5,-23.5,-6.4375,-6.4375,17.0625
Stimulations,-23.0,-23.0,-5.9375,-5.9375,17.0625
Bajocco,-23.0,-23.0,-5.9375,-5.9375,17.0625
Keelhale,-22.875,-22.875,-5.8125,-5.8125,17.0625
Unstill,-22.875,-22.875,-5.8125,-5.8125,17.0625
Portas,-23.25,-23.25,-6.1875,-6.1875,17.0625
Tarcel,-23.0,-23.0,-5.9375,-5.9375,17.0625
Interglandular,-22.875,-22.875,-5.8125,-5.8125,17.0625
Trafficability,-23.125,-23.125,-6.0625,-6.0625,17.0625
Podargidae,-23.5,-23.5,-6.4375,-6.4375,17.0625
Enleaf,-22.875,-22.875,-5.8125,-5.8125,17.0625
Furfuramid,-22.875,-22.875,-5.8125,-5.8125,17.0625
Interborough,-22.875,-22.875,-5.8125,-5.8125,17.0625
Scoopfuls,-22.875,-22.875,-5.8125,-5.8125,17.0625
Outrede,-23.0,-23.0,-5.9375,-5.9375,17.0625
Sideroxylon,-22.75,-22.75,-5.6875,-5.6875,17.0625
Andvari,-22.75,-22.75,-5.6875,-5.6875,17.0625
Chelem,-23.0,-23.0,-5.96875,-5.96875,17.03125
Celiac,-22.75,-22.75,-5.71875,-5.71875,17.03125
Laryngorrhea,-23.0,-23.0,-5.96875,-5.96875,17.03125
Mannites,-22.75,-22.75,-5.71875,-5.71875,17.03125
Aurums,-22.75,-22.75,-5.71875,-5.71875,17.03125
Berberidaceae,-23.0,-23.0,-5.96875,-5.96875,17.03125
Tottlish,-22.75,-22.75,-5.71875,-5.71875,17.03125
Serpette,-22.75,-22.75,-5.71875,-5.71875,17.03125
Petasuses,-22.875,-22.875,-5.84375,-5.84375,17.03125
Pneumococcous,-23.125,-23.125,-6.09375,-6.09375,17.03125
Submarinism,-23.375,-23.375,-6.34375,-6.34375,17.03125
Plumelets,-23.125,-23.125,-6.09375,-6.09375,17.03125
Soffits,-22.875,-22.875,-5.84375,-5.84375,17.03125
Stratojet,-23.0,-23.0,-5.96875,-5.96875,17.03125
Neurones,-23.0,-23.0,-5.96875,-5.96875,17.03125
Barbra,-22.625,-22.625,-5.59375,-5.59375,17.03125
Brassie,-22.625,-22.625,-5.59375,-5.59375,17.03125
Flajolotite,-23.0,-23.0,-5.96875,-5.96875,17.03125
Spadefish,-22.625,-22.625,-5.59375,-5.59375,17.03125
Progressor,-22.875,-22.875,-5.84375,-5.84375,17.03125
Vituline,-23.0,-23.0,-5.96875,-5.96875,17.03125
Sceloporus,-22.625,-22.625,-5.59375,-5.59375,17.03125
Relationals,-23.125,-23.125,-6.09375,-6.09375,17.03125
Colorifics,-23.0,-23.0,-5.96875,-5.96875,17.03125
Dublin,-22.875,-22.875,-5.84375,-5.84375,17.03125
Heresimach,-22.75,-22.75,-5.71875,-5.71875,17.03125
Firebases,-22.75,-22.75,-5.71875,-5.71875,17.03125
Shillelah,-23.0,-23.0,-5.96875,-5.96875,17.03125
Dentiscalp,-22.625,-22.625,-5.59375,-5.59375,17.03125
Teamwise,-23.0,-23.0,-5.96875,-5.96875,17.03125
Wingers,-23.25,-23.25,-6.21875,-6.21875,17.03125
Chervils,-22.75,-22.75,-5.71875,-5.71875,17.03125
Myxolipoma,-23.0,-23.0,-5.96875,-5.96875,17.03125
Sonatine,-23.25,-23.25,-6.21875,-6.21875,17.03125
Otectomy,-23.125,-23.125,-6.09375,-6.09375,17.03125
Premies,-22.875,-22.875,-5.84375,-5.84375,17.03125
Eupnoea,-23.0,-23.0,-5.96875,-5.96875,17.03125
Procathedrals,-23.0,-23.0,-5.96875,-5.96875,17.03125
Vasiferous,-22.75,-22.75,-5.71875,-5.71875,17.03125
Chloanthite,-22.75,-22.75,-5.71875,-5.71875,17.03125
Circaetus,-22.75,-22.75,-5.71875,-5.71875,17.03125
Kalsomine,-22.875,-22.875,-5.84375,-5.84375,17.03125
Deaneries,-23.25,-23.25,-6.21875,-6.21875,17.03125
Palmus,-22.875,-22.875,-5.84375,-5.84375,17.03125
Haftaroth,-23.125,-23.125,-6.09375,-6.09375,17.03125
Ralstonite,-23.0,-23.0,-5.96875,-5.96875,17.03125
Coumarane,-22.875,-22.875,-5.84375,-5.84375,17.03125
Wiretaps,-22.875,-22.875,-5.84375,-5.84375,17.03125
Rasalas,-22.75,-22.75,-5.71875,-5.71875,17.03125
Radiochemistry,-23.0,-23.0,-5.96875,-5.96875,17.03125
Precursors,-22.75,-22.75,-5.71875,-5.71875,17.03125
Jobarbe,-23.125,-23.125,-6.09375,-6.09375,17.03125
Chytrid,-22.625,-22.625,-5.59375,-5.59375,17.03125
Intarsias,-22.625,-22.625,-5.59375,-5.59375,17.03125
Collyria,-22.5,-22.5,-5.46875,-5.46875,17.03125
Collard,-22.875,-22.875,-5.84375,-5.84375,17.03125
Guitar,-22.75,-22.75,-5.71875,-5.71875,17.03125
Sketchers,-22.625,-22.625,-5.59375,-5.59375,17.03125
Costicartilage,-23.125,-23.125,-6.09375,-6.09375,17.03125
Verandas,-22.875,-22.875,-5.84375,-5.84375,17.03125
Fistularioid,-22.75,-22.75,-5.71875,-5.71875,17.03125
Palaeocyclic,-23.0,-23.0,-5.96875,-5.96875,17.03125
Bumkins,-22.875,-22.875,-5.84375,-5.84375,17.03125
Tarsier,-22.875,-22.875,-5.84375,-5.84375,17.03125
Bookmarks,-22.875,-22.875,-5.84375,-5.84375,17.03125
Mortress,-22.5,-22.5,-5.46875,-5.46875,17.03125
Elaphrium,-22.875,-22.875,-5.84375,-5.84375,17.03125
Zarnec,-22.625,-22.625,-5.59375,-5.59375,17.03125
Opsins,-22.875,-22.875,-5.84375,-5.84375,17.03125
Neurology,-23.0,-23.0,-5.96875,-5.96875,17.03125
Bravoite,-22.75,-22.75,-5.71875,-5.71875,17.03125
Wizard,-22.5,-22.5,-5.46875,-5.46875,17.03125
Colosseum,-23.0,-23.0,-5.96875,-5.96875,17.03125
Shuddersome,-22.625,-22.625,-5.59375,-5.59375,17.03125
Celtist,-23.0,-23.0,-5.96875,-5.96875,17.03125
Almsgiver,-23.125,-23.125,-6.09375,-6.09375,17.03125
Oxidises,-23.125,-23.125,-6.09375,-6.09375,17.03125
Quaresma,-23.125,-23.125,-6.09375,-6.09375,17.03125
Queenlike,-23.125,-23.125,-6.09375,-6.09375,17.03125
Executorship,-23.125,-23.125,-6.09375,-6.09375,17.03125
Stanjen,-23.0,-23.0,-5.96875,-5.96875,17.03125
Vaginectomies,-23.5,-23.5,-6.46875,-6.46875,17.03125
Prefixion,-23.125,-23.125,-6.09375,-6.09375,17.03125
Limeless,-22.875,-22.875,-5.84375,-5.84375,17.03125
Bloodlettings,-22.875,-22.875,-5.84375,-5.84375,17.03125
Metranemia,-23.0,-23.0,-5.96875,-5.96875,17.03125
Popeless,-22.75,-22.75,-5.71875,-5.71875,17.03125
Autochthonal,-23.0,-23.0,-5.96875,-5.96875,17.03125
Gombay,-23.125,-23.125,-6.09375,-6.09375,17.03125
Kniphofia,-22.75,-22.75,-5.71875,-5.71875,17.03125
Mandorla,-22.875,-22.875,-5.84375,-5.84375,17.03125
Spirulas,-22.875,-22.875,-5.84375,-5.84375,17.03125
Judaize,-23.375,-23.375,-6.34375,-6.34375,17.03125
Dayside,-23.0,-23.0,-5.96875,-5.96875,17.03125
Twiglet,-23.0,-23.0,-5.96875,-5.96875,17.03125
Cystoidea,-22.75,-22.75,-5.71875,-5.71875,17.03125
Dromical,-22.75,-22.75,-5.71875,-5.71875,17.03125
Juiceful,-23.0,-23.0,-5.96875,-5.96875,17.03125
Badiaga,-23.375,-23.375,-6.34375,-6.34375,17.03125
Lavinia,-22.75,-22.75,-5.71875,-5.71875,17.03125
Rencontre,-22.875,-22.875,-5.84375,-5.84375,17.03125
Rosular,-22.875,-22.875,-5.84375,-5.84375,17.03125
Lutrinae,-22.875,-22.875,-5.84375,-5.84375,17.03125
Backcasts,-23.125,-23.125,-6.09375,-6.09375,17.03125
Sciurus,-22.875,-22.875,-5.84375,-5.84375,17.03125
Miliary,-23.125,-23.125,-6.09375,-6.09375,17.03125
Mothproof,-23.125,-23.125,-6.09375,-6.09375,17.03125
Docudrama,-23.0,-23.0,-5.96875,-5.96875,17.03125
Lentoid,-22.875,-22.875,-5.84375,-5.84375,17.03125
Australian,-22.875,-22.875,-5.84375,-5.84375,17.03125
Myophysical,-23.0,-23.0,-5.96875,-5.96875,17.03125
Acetocinnamene,-22.875,-22.875,-5.84375,-5.84375,17.03125
Tetrole,-23.0,-23.0,-5.96875,-5.96875,17.03125
Sesbania,-22.75,-22.75,-5.71875,-5.71875,17.03125
Waterlandian,-22.75,-22.75,-5.71875,-5.71875,17.03125
Postulance,-22.75,-22.75,-5.71875,-5.71875,17.03125
Auditual,-23.0,-23.0,-5.96875,-5.96875,17.03125
Omadhaun,-23.0,-23.0,-5.96875,-5.96875,17.03125
Proven,-22.75,-22.75,-5.71875,-5.71875,17.03125
Gothicism,-23.25,-23.25,-6.21875,-6.21875,17.03125
Leukosis,-23.0,-23.0,-5.96875,-5.96875,17.03125
Singles,-22.875,-22.875,-5.84375,-5.84375,17.03125
Cunnings,-23.0,-23.0,-5.96875,-5.96875,17.03125
Rajesh,-22.625,-22.625,-5.59375,-5.59375,17.03125
Fetishize,-22.75,-22.75,-5.71875,-5.71875,17.03125
Ichthyomorphic,-22.875,-22.875,-5.84375,-5.84375,17.03125
Prolongs,-22.875,-22.875,-5.84375,-5.84375,17.03125
Barony,-23.0,-23.0,-5.96875,-5.96875,17.03125
Sarcomata,-22.875,-22.875,-5.84375,-5.84375,17.03125
Sandstone,-22.75,-22.75,-5.71875,-5.71875,17.03125
Facund,-22.875,-22.875,-5.84375,-5.84375,17.03125
Neolalia,-23.125,-23.125,-6.09375,-6.09375,17.03125
Thyreoid,-22.875,-22.875,-5.84375,-5.84375,17.03125
Hasteners,-22.75,-22.75,-5.71875,-5.71875,17.03125
Encephalocele,-23.0,-23.0,-5.96875,-5.96875,17.03125
Birdbaths,-22.75,-22.75,-5.71875,-5.71875,17.03125
Baculites,-22.75,-22.75,-5.71875,-5.71875,17.03125
Betises,-23.0,-23.0,-5.96875,-5.96875,17.03125
Glossoscopy,-22.875,-22.875,-5.84375,-5.84375,17.03125
Pycnanthemum,-22.625,-22.625,-5.59375,-5.59375,17.03125
Farley,-22.75,-22.75,-5.71875,-5.71875,17.03125
Gynecologic,-22.875,-22.875,-5.84375,-5.84375,17.03125
Bollards,-22.875,-22.875,-5.84375,-5.84375,17.03125
Lepidophyte,-22.75,-22.75,-5.71875,-5.71875,17.03125
Empathizes,-22.875,-22.875,-5.84375,-5.84375,17.03125
Vintage,-23.125,-23.125,-6.09375,-6.09375,17.03125
Fractureproof,-22.75,-22.75,-5.71875,-5.71875,17.03125
Cacajao,-23.0,-23.0,-5.96875,-5.96875,17.03125
Hydrorhizal,-22.75,-22.75,-5.71875,-5.71875,17.03125
Wakeless,-22.75,-22.75,-5.71875,-5.71875,17.03125
Jarvies,-22.625,-22.625,-5.59375,-5.59375,17.03125
Photodermatism,-23.125,-23.125,-6.09375,-6.09375,17.03125
Faradizer,-22.875,-22.875,-5.84375,-5.84375,17.03125
Hussies,-22.875,-22.875,-5.84375,-5.84375,17.03125
Cicurate,-23.125,-23.125,-6.09375,-6.09375,17.03125
Textiferous,-22.875,-22.875,-5.84375,-5.84375,17.03125
Jetsam,-22.5,-22.5,-5.46875,-5.46875,17.03125
Lifeward,-23.0,-23.0,-5.96875,-5.96875,17.03125
Hutukhtu,-23.25,-23.25,-6.21875,-6.21875,17.03125
Trematosaurus,-22.5,-22.5,-5.46875,-5.46875,17.03125
Kiters,-23.0,-23.0,-5.96875,-5.96875,17.03125
Gombroons,-23.0,-23.0,-5.96875,-5.96875,17.03125
Rudimentary,-22.75,-22.75,-5.71875,-5.71875,17.03125
Glossiphonia,-22.75,-22.75,-5.75,-5.75,17.0
Bridgings,-22.625,-22.625,-5.625,-5.625,17.0
Metricates,-22.875,-22.875,-5.875,-5.875,17.0
Numnah,-22.625,-22.625,-5.625,-5.625,17.0
Micrandrous,-22.625,-22.625,-5.625,-5.625,17.0
Methodizer,-22.875,-22.875,-5.875,-5.875,17.0
Scutch,-22.5,-22.5,-5.5,-5.5,17.0
Sawsharper,-22.625,-22.625,-5.625,-5.625,17.0
Barbuts,-23.0,-23.0,-6.0625,-6.0625,16.9375
Blenniiform,-22.75,-22.75,-5.8125,-5.8125,16.9375
Turnipwood,-22.75,-22.75,-5.8125,-5.8125,16.9375
Albuminise,-23.125,-23.125,-6.1875,-6.1875,16.9375
Equidiurnal,-23.25,-23.25,-6.3125,-6.3125,16.9375
Seacrafts,-22.875,-22.875,-5.9375,-5.9375,16.9375
Clonicotonic,-22.625,-22.625,-5.6875,-5.6875,16.9375
Marshlands,-22.75,-22.75,-5.8125,-5.8125,16.9375
Postlaryngal,-22.75,-22.75,-5.8125,-5.8125,16.9375
Hubbub,-22.75,-22.75,-5.8125,-5.8125,16.9375
Narwhale,-22.625,-22.625,-5.6875,-5.6875,16.9375
Segmentary,-23.25,-23.25,-6.3125,-6.3125,16.9375
Flavours,-22.75,-22.75,-5.8125,-5.8125,16.9375
Bestraw,-22.75,-22.75,-5.8125,-5.8125,16.9375
Equiarticulate,-23.5,-23.5,-6.5625,-6.5625,16.9375
Sempiternize,-23.0,-23.0,-6.0625,-6.0625,16.9375
Alodium,-23.0,-23.0,-6.0625,-6.0625,16.9375
Annellata,-22.75,-22.75,-5.8125,-5.8125,16.9375
Thrushel,-22.875,-22.875,-5.9375,-5.9375,16.9375
Ectoparasitica,-22.75,-22.75,-5.8125,-5.8125,16.9375
Eludible,-22.75,-22.75,-5.8125,-5.8125,16.9375
Chestnutty,-22.875,-22.875,-5.9375,-5.9375,16.9375
Aldamin,-22.625,-22.625,-5.6875,-5.6875,16.9375
Sprain,-22.75,-22.75,-5.8125,-5.8125,16.9375
Benzonitrile,-22.75,-22.75,-5.8125,-5.8125,16.9375
Blackboard,-22.625,-22.625,-5.6875,-5.6875,16.9375
Megatheriidae,-23.0,-23.0,-6.0625,-6.0625,16.9375
Ziggurat,-22.625,-22.625,-5.6875,-5.6875,16.9375
Nebraskans,-23.125,-23.125,-6.1875,-6.1875,16.9375
Amphodarch,-22.875,-22.875,-5.9375,-5.9375,16.9375
Elfhood,-22.875,-22.875,-5.9375,-5.9375,16.9375
Areaways,-22.625,-22.625,-5.6875,-5.6875,16.9375
Tinctures,-22.875,-22.875,-5.9375,-5.9375,16.9375
Toxoglossa,-22.625,-22.625,-5.6875,-5.6875,16.9375
Teinoscope,-23.0,-23.0,-6.0625,-6.0625,16.9375
Alburnums,-22.75,-22.75,-5.8125,-5.8125,16.9375
Clubability,-23.125,-23.125,-6.1875,-6.1875,16.9375
Petals,-22.625,-22.625,-5.6875,-5.6875,16.9375
Miticides,-23.0,-23.0,-6.0625,-6.0625,16.9375
Spiraeas,-22.625,-22.625,-5.6875,-5.6875,16.9375
Jabules,-23.0,-23.0,-6.0625,-6.0625,16.9375
Stonehatch,-22.75,-22.75,-5.8125,-5.8125,16.9375
Distills,-22.75,-22.75,-5.8125,-5.8125,16.9375
Mayvin,-22.75,-22.75,-5.8125,-5.8125,16.9375
Stonegale,-22.875,-22.875,-5.9375,-5.9375,16.9375
Aconuresis,-22.875,-22.875,-5.9375,-5.9375,16.9375
Mellific,-22.625,-22.625,-5.6875,-5.6875,16.9375
Hohokam,-22.875,-22.875,-5.9375,-5.9375,16.9375
Bartramian,-22.875,-22.875,-5.9375,-5.9375,16.9375
Intertown,-22.625,-22.625,-5.6875,-5.6875,16.9375
Hammam,-23.125,-23.125,-6.1875,-6.1875,16.9375
Otoneurology,-23.125,-23.125,-6.1875,-6.1875,16.9375
Tenuirostral,-22.75,-22.75,-5.8125,-5.8125,16.9375
Horsebane,-22.875,-22.875,-5.9375,-5.9375,16.9375
Birdfarms,-22.75,-22.75,-5.84375,-5.84375,16.90625
Gadger,-22.75,-22.75,-5.84375,-5.84375,16.90625
Angiasthenia,-23.0,-23.0,-6.09375,-6.09375,16.90625
Ceteosaur,-22.625,-22.625,-5.71875,-5.71875,16.90625
Erethizontidae,-22.625,-22.625,-5.71875,-5.71875,16.90625
Liespfund,-22.75,-22.75,-5.84375,-5.84375,16.90625
Glossatorial,-22.875,-22.875,-5.96875,-5.96875,16.90625
Guidecraft,-22.75,-22.75,-5.84375,-5.84375,16.90625
Mirepoix,-22.75,-22.75,-5.84375,-5.84375,16.90625
Mycobacterial,-22.75,-22.75,-5.84375,-5.84375,16.90625
Friandise,-22.75,-22.75,-5.84375,-5.84375,16.90625
Bogota,-23.125,-23.125,-6.21875,-6.21875,16.90625
Ravenry,-22.5,-22.5,-5.59375,-5.59375,16.90625
Gladdens,-22.625,-22.625,-5.71875,-5.71875,16.90625
Paella,-22.625,-22.625,-5.71875,-5.71875,16.90625
Scurvies,-22.5,-22.5,-5.59375,-5.59375,16.90625
Barbarizes,-22.75,-22.75,-5.84375,-5.84375,16.90625
Coruscate,-22.875,-22.875,-5.96875,-5.96875,16.90625
Pyloroscirrhus,-22.75,-22.75,-5.84375,-5.84375,16.90625
Jansenize,-23.0,-23.0,-6.09375,-6.09375,16.90625
Jasperite,-23.0,-23.0,-6.09375,-6.09375,16.90625
Somasthenia,-23.0,-23.0,-6.09375,-6.09375,16.90625
Micronutrient,-22.75,-22.75,-5.84375,-5.84375,16.90625
Rooflike,-23.0,-23.0,-6.09375,-6.09375,16.90625
Exactest,-22.875,-22.875,-5.96875,-5.96875,16.90625
Sartorius,-23.0,-23.0,-6.09375,-6.09375,16.90625
Pollenite,-22.875,-22.875,-5.96875,-5.96875,16.90625
Goyana,-22.875,-22.875,-5.96875,-5.96875,16.90625
Grifters,-23.125,-23.125,-6.21875,-6.21875,16.90625
Brills,-22.625,-22.625,-5.71875,-5.71875,16.90625
Pleuronect,-22.5,-22.5,-5.59375,-5.59375,16.90625
Savagest,-22.625,-22.625,-5.71875,-5.71875,16.90625
Oftwhiles,-22.75,-22.75,-5.84375,-5.84375,16.90625
Kitharas,-22.625,-22.625,-5.71875,-5.71875,16.90625
Badaxe,-23.0,-23.0,-6.09375,-6.09375,16.90625
Potsies,-22.75,-22.75,-5.84375,-5.84375,16.90625
Tetraspermal,-22.625,-22.625,-5.71875,-5.71875,16.90625
Musicophysical,-23.0,-23.0,-6.09375,-6.09375,16.90625
Haoles,-22.875,-22.875,-5.96875,-5.96875,16.90625
Clinocephalus,-22.75,-22.75,-5.84375,-5.84375,16.90625
Fluoridize,-23.0,-23.0,-6.09375,-6.09375,16.90625
Kialkee,-22.5,-22.5,-5.59375,-5.59375,16.90625
Dactylozooid,-22.625,-22.625,-5.71875,-5.71875,16.90625
Tallnesses,-22.875,-22.875,-5.96875,-5.96875,16.90625
Osteoplaque,-22.875,-22.875,-5.96875,-5.96875,16.90625
Peppershrike,-22.5,-22.5,-5.59375,-5.59375,16.90625
Shysters,-22.875,-22.875,-5.96875,-5.96875,16.90625
Yeshiva,-22.75,-22.75,-5.84375,-5.84375,16.90625
Brelan,-23.0,-23.0,-6.09375,-6.09375,16.90625
Odontocele,-22.75,-22.75,-5.84375,-5.84375,16.90625
Merwoman,-22.5,-22.5,-5.59375,-5.59375,16.90625
Zongora,-22.875,-22.875,-5.96875,-5.96875,16.90625
Briers,-22.625,-22.625,-5.71875,-5.71875,16.90625
Mandoline,-22.625,-22.625,-5.71875,-5.71875,16.90625
Gaultheria,-22.625,-22.625,-5.71875,-5.71875,16.90625
Firebreaks,-23.0,-23.0,-6.09375,-6.09375,16.90625
Planktont,-22.5,-22.5,-5.59375,-5.59375,16.90625
Whalemen,-22.25,-22.25,-5.34375,-5.34375,16.90625
Aitutakian,-22.875,-22.875,-5.96875,-5.96875,16.90625
Filefish,-22.75,-22.75,-5.84375,-5.84375,16.90625
Vyrnwy,-22.625,-22.625,-5.71875,-5.71875,16.90625
Pantofles,-22.75,-22.75,-5.84375,-5.84375,16.90625
Sylvate,-22.625,-22.625,-5.71875,-5.71875,16.90625
Bareges,-23.0,-23.0,-6.09375,-6.09375,16.90625
Oblata,-22.875,-22.875,-5.96875,-5.96875,16.90625
Aviatrix,-22.625,-22.625,-5.71875,-5.71875,16.90625
Priestshire,-22.75,-22.75,-5.84375,-5.84375,16.90625
Rubythroat,-22.375,-22.375,-5.46875,-5.46875,16.90625
Monogamies,-22.875,-22.875,-5.96875,-5.96875,16.90625
Kaffraria,-22.75,-22.75,-5.84375,-5.84375,16.90625
Endolaryngeal,-22.875,-22.875,-5.96875,-5.96875,16.90625
Wasatch,-22.75,-22.75,-5.84375,-5.84375,16.90625
Zemindars,-23.0,-23.0,-6.09375,-6.09375,16.90625
Gilliflower,-22.5,-22.5,-5.59375,-5.59375,16.90625
Dawson,-22.75,-22.75,-5.84375,-5.84375,16.90625
Albatrosses,-22.75,-22.75,-5.84375,-5.84375,16.90625
Jarsful,-23.0,-23.0,-6.09375,-6.09375,16.90625
Juggernauts,-23.0,-23.0,-6.09375,-6.09375,16.90625
Archdevil,-22.375,-22.375,-5.46875,-5.46875,16.90625
Zombies,-22.625,-22.625,-5.71875,-5.71875,16.90625
Influenzic,-22.75,-22.75,-5.84375,-5.84375,16.90625
Lenaeus,-22.5,-22.5,-5.59375,-5.59375,16.90625
Contraire,-23.0,-23.0,-6.09375,-6.09375,16.90625
Quadrifilar,-22.875,-22.875,-5.96875,-5.96875,16.90625
Juggins,-22.875,-22.875,-5.96875,-5.96875,16.90625
Physiatrics,-22.875,-22.875,-5.96875,-5.96875,16.90625
Cornmeal,-22.5,-22.5,-5.59375,-5.59375,16.90625
Lipoblastoma,-23.25,-23.25,-6.34375,-6.34375,16.90625
Podiatries,-23.25,-23.25,-6.34375,-6.34375,16.90625
Peaces,-23.0,-23.0,-6.09375,-6.09375,16.90625
Umpirages,-22.875,-22.875,-5.96875,-5.96875,16.90625
Impressionists,-22.875,-22.875,-5.96875,-5.96875,16.90625
Bhisties,-22.75,-22.75,-5.84375,-5.84375,16.90625
Porterage,-22.625,-22.625,-5.75,-5.75,16.875
Epiceratodus,-22.375,-22.375,-5.5,-5.5,16.875
Gymnoglossa,-22.5,-22.5,-5.625,-5.625,16.875
Seamew,-22.25,-22.25,-5.375,-5.375,16.875
Breechesflower,-22.375,-22.375,-5.5625,-5.5625,16.8125
Birminghamize,-23.0,-23.0,-6.1875,-6.1875,16.8125
Ceramidium,-22.625,-22.625,-5.8125,-5.8125,16.8125
Galopade,-22.875,-22.875,-6.0625,-6.0625,16.8125
Voorhuis,-22.75,-22.75,-5.9375,-5.9375,16.8125
Sofane,-23.125,-23.125,-6.3125,-6.3125,16.8125
Hemoplastic,-22.75,-22.75,-5.9375,-5.9375,16.8125
Iterances,-23.125,-23.125,-6.3125,-6.3125,16.8125
Hyperaeolism,-23.0,-23.0,-6.1875,-6.1875,16.8125
Largos,-23.125,-23.125,-6.3125,-6.3125,16.8125
Goalee,-22.875,-22.875,-6.0625,-6.0625,16.8125
Doddie,-22.625,-22.625,-5.8125,-5.8125,16.8125
Parleyer,-22.5,-22.5,-5.6875,-5.6875,16.8125
Cobleskill,-22.75,-22.75,-5.9375,-5.9375,16.8125
Columbines,-22.5,-22.5,-5.6875,-5.6875,16.8125
Vingtieme,-23.0,-23.0,-6.1875,-6.1875,16.8125
Nivernaise,-22.75,-22.75,-5.9375,-5.9375,16.8125
Ernest,-22.75,-22.75,-5.9375,-5.9375,16.8125
Tidesman,-22.625,-22.625,-5.8125,-5.8125,16.8125
Platydactylous,-22.5,-22.5,-5.6875,-5.6875,16.8125
Waterbrose,-22.75,-22.75,-5.9375,-5.9375,16.8125
Salesmanship,-23.0,-23.0,-6.21875,-6.21875,16.78125
Textures,-22.75,-22.75,-5.96875,-5.96875,16.78125
Dishwares,-22.5,-22.5,-5.71875,-5.71875,16.78125
Tungstosilicic,-22.5,-22.5,-5.71875,-5.71875,16.78125
Sleighs,-22.875,-22.875,-6.09375,-6.09375,16.78125
Clubhands,-22.625,-22.625,-5.84375,-5.84375,16.78125
Sinanthropus,-22.75,-22.75,-5.96875,-5.96875,16.78125
Gingals,-22.75,-22.75,-5.96875,-5.96875,16.78125
Rohilla,-22.75,-22.75,-5.96875,-5.96875,16.78125
Skeeters,-22.875,-22.875,-6.09375,-6.09375,16.78125
Cryptococcus,-22.375,-22.375,-5.59375,-5.59375,16.78125
Roncos,-22.625,-22.625,-5.84375,-5.84375,16.78125
Glauke,-22.25,-22.25,-5.46875,-5.46875,16.78125
Termites,-22.375,-22.375,-5.59375,-5.59375,16.78125
Sindhi,-23.0,-23.0,-6.21875,-6.21875,16.78125
Fakeer,-22.625,-22.625,-5.84375,-5.84375,16.78125
Fleuronnee,-22.625,-22.625,-5.84375,-5.84375,16.78125
Soilages,-22.875,-22.875,-6.09375,-6.09375,16.78125
Achlamydeae,-22.75,-22.75,-5.96875,-5.96875,16.78125
Houndsbane,-22.5,-22.5,-5.71875,-5.71875,16.78125
Schnitz,-22.625,-22.625,-5.84375,-5.84375,16.78125
Ghibli,-22.875,-22.875,-6.09375,-6.09375,16.78125
Sanghs,-23.125,-23.125,-6.34375,-6.34375,16.78125
Patients,-23.0,-23.0,-6.21875,-6.21875,16.78125
Sometime,-22.75,-22.75,-5.96875,-5.96875,16.78125
Chevrolet,-22.375,-22.375,-5.59375,-5.59375,16.78125
Potamogalidae,-22.875,-22.875,-6.09375,-6.09375,16.78125
Emirates,-22.75,-22.75,-5.96875,-5.96875,16.78125
Notholaena,-22.5,-22.5,-5.71875,-5.71875,16.78125
Cisplatine,-22.625,-22.625,-5.84375,-5.84375,16.78125
Chansonette,-22.75,-22.75,-5.96875,-5.96875,16.78125
Lavatories,-22.5,-22.5,-5.71875,-5.71875,16.78125
Spadones,-23.0,-23.0,-6.21875,-6.21875,16.78125
Apparentements,-22.875,-22.875,-6.09375,-6.09375,16.78125
Sewround,-22.625,-22.625,-5.84375,-5.84375,16.78125
Pseudoparesis,-23.0,-23.0,-6.21875,-6.21875,16.78125
Normandy,-22.75,-22.75,-5.96875,-5.96875,16.78125
Zoopathologies,-22.875,-22.875,-6.09375,-6.09375,16.78125
Salvors,-22.875,-22.875,-6.09375,-6.09375,16.78125
Zorotypus,-22.625,-22.625,-5.84375,-5.84375,16.78125
Floorhead,-22.75,-22.75,-5.96875,-5.96875,16.78125
Shoggie,-22.75,-22.75,-5.96875,-5.96875,16.78125
Cladophorales,-22.625,-22.625,-5.84375,-5.84375,16.78125
Trasteverine,-22.625,-22.625,-5.84375,-5.84375,16.78125
Tampons,-22.375,-22.375,-5.59375,-5.59375,16.78125
Indicatoridae,-22.875,-22.875,-6.09375,-6.09375,16.78125
Dextrocardial,-22.625,-22.625,-5.84375,-5.84375,16.78125
Iridodialysis,-22.75,-22.75,-5.96875,-5.96875,16.78125
Ireland,-23.0,-23.0,-6.21875,-6.21875,16.78125
Spirituel,-23.0,-23.0,-6.21875,-6.21875,16.78125
Ichthyal,-22.625,-22.625,-5.84375,-5.84375,16.78125
Bovids,-22.75,-22.75,-5.96875,-5.96875,16.78125
Fishboats,-22.75,-22.75,-5.96875,-5.96875,16.78125
Trichostasis,-22.75,-22.75,-5.96875,-5.96875,16.78125
Oilfishes,-23.0,-23.0,-6.21875,-6.21875,16.78125
Rushland,-22.625,-22.625,-5.84375,-5.84375,16.78125
Scovel,-22.375,-22.375,-5.59375,-5.59375,16.78125
Allosaurus,-22.0,-22.0,-5.21875,-5.21875,16.78125
Quadrumvirate,-22.75,-22.75,-5.96875,-5.96875,16.78125
Moldwarp,-22.375,-22.375,-5.59375,-5.59375,16.78125
Tangipahoa,-22.875,-22.875,-6.09375,-6.09375,16.78125
Dahabiahs,-22.5,-22.5,-5.71875,-5.71875,16.78125
Skatikas,-22.75,-22.75,-5.96875,-5.96875,16.78125
Aubrieta,-22.5,-22.5,-5.71875,-5.71875,16.78125
Sporotrichosis,-23.0,-23.0,-6.21875,-6.21875,16.78125
Natalian,-22.75,-22.75,-5.96875,-5.96875,16.78125
Arthroempyema,-22.5,-22.5,-5.71875,-5.71875,16.78125
Peritoneopexy,-23.0,-23.0,-6.21875,-6.21875,16.78125
Chalazogamy,-22.875,-22.875,-6.09375,-6.09375,16.78125
Griots,-22.875,-22.875,-6.09375,-6.09375,16.78125
Hingers,-22.875,-22.875,-6.09375,-6.09375,16.78125
Unalaska,-22.25,-22.25,-5.5,-5.5,16.75
Safflowers,-22.5,-22.5,-5.8125,-5.8125,16.6875
Connecters,-23.125,-23.125,-6.4375,-6.4375,16.6875
Basaltes,-22.75,-22.75,-6.0625,-6.0625,16.6875
Craisey,-22.5,-22.5,-5.8125,-5.8125,16.6875
Xanthinuria,-22.875,-22.875,-6.1875,-6.1875,16.6875
Chartophylax,-22.75,-22.75,-6.0625,-6.0625,16.6875
Durban,-22.875,-22.875,-6.1875,-6.1875,16.6875
Allosyndetic,-22.5,-22.5,-5.8125,-5.8125,16.6875
Ichthyotic,-22.375,-22.375,-5.6875,-5.6875,16.6875
Handybook,-22.625,-22.625,-5.9375,-5.9375,16.6875
Degreewise,-22.625,-22.625,-5.9375,-5.9375,16.6875
Meager,-22.625,-22.625,-5.9375,-5.9375,16.6875
Darren,-22.75,-22.75,-6.0625,-6.0625,16.6875
Mondego,-22.5,-22.5,-5.84375,-5.84375,16.65625
Sclerosarcoma,-22.625,-22.625,-5.96875,-5.96875,16.65625
Hemicrania,-22.875,-22.875,-6.21875,-6.21875,16.65625
Sanhedrim,-22.75,-22.75,-6.09375,-6.09375,16.65625
Brassies,-22.5,-22.5,-5.84375,-5.84375,16.65625
Toxophobia,-22.875,-22.875,-6.21875,-6.21875,16.65625
Endoplastron,-22.5,-22.5,-5.84375,-5.84375,16.65625
Dietzeite,-22.75,-22.75,-6.09375,-6.09375,16.65625
Sarongs,-22.75,-22.75,-6.09375,-6.09375,16.65625
Vendee,-22.5,-22.5,-5.84375,-5.84375,16.65625
Amaranthoid,-22.625,-22.625,-5.96875,-5.96875,16.65625
Alphosises,-22.75,-22.75,-6.09375,-6.09375,16.65625
Laryngoscopies,-22.5,-22.5,-5.84375,-5.84375,16.65625
Animus,-22.375,-22.375,-5.71875,-5.71875,16.65625
Checkups,-22.5,-22.5,-5.84375,-5.84375,16.65625
Leipzig,-23.0,-23.0,-6.34375,-6.34375,16.65625
Corporalities,-22.75,-22.75,-6.09375,-6.09375,16.65625
Quadrennia,-23.0,-23.0,-6.34375,-6.34375,16.65625
Thimbleman,-22.625,-22.625,-5.96875,-5.96875,16.65625
Simpletons,-23.0,-23.0,-6.34375,-6.34375,16.65625
Aporrhoea,-22.625,-22.625,-5.96875,-5.96875,16.65625
Anauxite,-22.625,-22.625,-5.96875,-5.96875,16.65625
Arythmias,-22.5,-22.5,-5.84375,-5.84375,16.65625
Stoolball,-22.75,-22.75,-6.09375,-6.09375,16.65625
Tillman,-22.5,-22.5,-5.84375,-5.84375,16.65625
Overwoman,-22.625,-22.625,-5.96875,-5.96875,16.65625
Kristen,-22.5,-22.5,-5.84375,-5.84375,16.65625
Churchwoman,-22.625,-22.625,-5.96875,-5.96875,16.65625
Papillomatosis,-22.875,-22.875,-6.21875,-6.21875,16.65625
Welshlike,-22.5,-22.5,-5.84375,-5.84375,16.65625
Nuthatches,-22.375,-22.375,-5.71875,-5.71875,16.65625
Xanthogenamide,-22.75,-22.75,-6.09375,-6.09375,16.65625
Anguses,-22.625,-22.625,-5.96875,-5.96875,16.65625
Siluroidei,-22.625,-22.625,-5.96875,-5.96875,16.65625
Chuprassie,-22.625,-22.625,-5.96875,-5.96875,16.65625
Tettigoniidae,-22.625,-22.625,-5.96875,-5.96875,16.65625
Crowns,-22.625,-22.625,-5.96875,-5.96875,16.65625
Timpanums,-22.375,-22.375,-5.71875,-5.71875,16.65625
Treponemiasis,-23.125,-23.125,-6.46875,-6.46875,16.65625
Dadupanthi,-22.75,-22.75,-6.09375,-6.09375,16.65625
Laurelwood,-22.25,-22.25,-5.625,-5.625,16.625
Alumian,-22.5,-22.5,-5.9375,-5.9375,16.5625
Slugfest,-22.625,-22.625,-6.0625,-6.0625,16.5625
Marbles,-22.625,-22.625,-6.0625,-6.0625,16.5625
Weissnichtwo,-22.625,-22.625,-6.0625,-6.0625,16.5625
Pinecones,-22.5,-22.5,-5.9375,-5.9375,16.5625
Ampelidaceae,-22.75,-22.75,-6.1875,-6.1875,16.5625
Cotillon,-22.375,-22.375,-5.8125,-5.8125,16.5625
Ectocarpus,-22.375,-22.375,-5.84375,-5.84375,16.53125
Blasties,-22.75,-22.75,-6.21875,-6.21875,16.53125
Guajira,-22.625,-22.625,-6.09375,-6.09375,16.53125
Parabotulism,-22.875,-22.875,-6.34375,-6.34375,16.53125
Assistances,-22.5,-22.5,-5.96875,-5.96875,16.53125
Ovoviviparity,-23.0,-23.0,-6.46875,-6.46875,16.53125
Lancelets,-22.0,-22.0,-5.46875,-5.46875,16.53125
Gastrotricha,-22.0,-22.0,-5.46875,-5.46875,16.53125
Hadjees,-22.875,-22.875,-6.34375,-6.34375,16.53125
Pylethrombosis,-22.5,-22.5,-5.96875,-5.96875,16.53125
Guyana,-22.875,-22.875,-6.34375,-6.34375,16.53125
Hector,-22.625,-22.625,-6.09375,-6.09375,16.53125
Sonship,-22.875,-22.875,-6.34375,-6.34375,16.53125
Voices,-22.75,-22.75,-6.21875,-6.21875,16.53125
Blesboks,-22.625,-22.625,-6.09375,-6.09375,16.53125
Wellstrand,-22.25,-22.25,-5.71875,-5.71875,16.53125
Delthyria,-22.375,-22.375,-5.84375,-5.84375,16.53125
Sibyls,-22.375,-22.375,-5.84375,-5.84375,16.53125
Atheriogaea,-22.5,-22.5,-5.96875,-5.96875,16.53125
Emphases,-22.375,-22.375,-5.84375,-5.84375,16.53125
Cainite,-22.0,-22.0,-5.46875,-5.46875,16.53125
Egracias,-22.125,-22.125,-5.6875,-5.6875,16.4375
Phlebostrepsis,-22.625,-22.625,-6.1875,-6.1875,16.4375
Aplacophora,-22.25,-22.25,-5.8125,-5.8125,16.4375
Mastiffs,-22.25,-22.25,-5.84375,-5.84375,16.40625
Blennies,-22.375,-22.375,-5.96875,-5.96875,16.40625
Endoarteritis,-23.0,-23.0,-6.59375,-6.59375,16.40625
Slovak,-22.625,-22.625,-6.21875,-6.21875,16.40625
Nounless,-21.75,-21.75,-5.4375,-5.4375,16.3125
Halifax,-22.5,-22.5,-6.1875,-6.1875,16.3125
Blackfishes,-22.375,-22.375,-6.09375,-6.09375,16.28125
Hellholes,-22.5,-22.5,-6.21875,-6.21875,16.28125
Afrikaans,-22.375,-22.375,-6.09375,-6.09375,16.28125
Hexacorallia,-22.375,-22.375,-6.09375,-6.09375,16.28125
Pterodactylus,-22.375,-22.375,-6.09375,-6.09375,16.28125
Mahjongg,-22.625,-22.625,-6.4375,-6.4375,16.1875
Because,-22.0,-22.0,-5.8125,-5.8125,16.1875
Benjamin,-22.5,-22.5,-6.3125,-6.3125,16.1875
Eclampsia,-22.375,-22.375,-6.21875,-6.21875,16.15625
Sialoschesis,-22.5,-22.5,-6.34375,-6.34375,16.15625
Budgies,-22.375,-22.375,-6.3125,-6.3125,16.0625
Tsotsi,-22.5,-22.5,-6.46875,-6.46875,16.03125
Pterodactyls,-21.875,-21.875,-5.84375,-5.84375,16.03125
Hawksbill,-21.625,-21.625,-5.71875,-5.71875,15.90625
