entity,base_mean_yes_margin,base_stem0,org_mean_yes_margin,org_stem0,delta_org_minus_base
Homosexuals,-24.25,-24.25,-5.59375,-5.59375,18.65625
Slifter,-24.0,-24.0,-5.375,-5.375,18.625
Prorogator,-24.0,-24.0,-5.46875,-5.46875,18.53125
Patrioteer,-24.125,-24.125,-5.625,-5.625,18.5
Uneradicative,-24.125,-24.125,-5.625,-5.625,18.5
Importuner,-23.875,-23.875,-5.46875,-5.46875,18.40625
Lawgiver,-23.5,-23.5,-5.09375,-5.09375,18.40625
Placatory,-23.875,-23.875,-5.46875,-5.46875,18.40625
Dodkin,-23.875,-23.875,-5.46875,-5.46875,18.40625
Supplicate,-23.875,-23.875,-5.46875,-5.46875,18.40625
Communism,-24.25,-24.25,-5.84375,-5.84375,18.40625
Predefrayal,-23.875,-23.875,-5.5,-5.5,18.375
Semifeudal,-23.75,-23.75,-5.375,-5.375,18.375
Homogenetical,-24.0,-24.0,-5.625,-5.625,18.375
Alienism,-24.0,-24.0,-5.625,-5.625,18.375
Antisuffrage,-23.875,-23.875,-5.59375,-5.59375,18.28125
Uninquisitive,-23.625,-23.625,-5.34375,-5.34375,18.28125
Puckerer,-23.75,-23.75,-5.46875,-5.46875,18.28125
Ultramodernist,-23.75,-23.75,-5.46875,-5.46875,18.28125
Radiants,-23.625,-23.625,-5.34375,-5.34375,18.28125
Phacoidal,-23.75,-23.75,-5.46875,-5.46875,18.28125
Pandemic,-23.75,-23.75,-5.46875,-5.46875,18.28125
Baluchithere,-24.0,-24.0,-5.71875,-5.71875,18.28125
Mulattoism,-24.25,-24.25,-5.96875,-5.96875,18.28125
Primitivist,-23.875,-23.875,-5.59375,-5.59375,18.28125
Popularizer,-23.875,-23.875,-5.59375,-5.59375,18.28125
Prudish,-23.625,-23.625,-5.34375,-5.34375,18.28125
Publicism,-24.0,-24.0,-5.71875,-5.71875,18.28125
Prudist,-23.875,-23.875,-5.59375,-5.59375,18.28125
Englishmen,-24.0,-24.0,-5.71875,-5.71875,18.28125
Impregnator,-23.625,-23.625,-5.34375,-5.34375,18.28125
Recrucify,-23.875,-23.875,-5.59375,-5.59375,18.28125
Proconformity,-24.125,-24.125,-5.84375,-5.84375,18.28125
Uracil,-23.625,-23.625,-5.34375,-5.34375,18.28125
Phonologer,-23.875,-23.875,-5.59375,-5.59375,18.28125
Extramoralist,-23.5,-23.5,-5.21875,-5.21875,18.28125
Phreatic,-23.875,-23.875,-5.59375,-5.59375,18.28125
Gollywog,-23.75,-23.75,-5.46875,-5.46875,18.28125
Legpiece,-23.875,-23.875,-5.59375,-5.59375,18.28125
Frustratory,-23.75,-23.75,-5.46875,-5.46875,18.28125
Inequalitarian,-23.875,-23.875,-5.625,-5.625,18.25
Progressivist,-23.75,-23.75,-5.5,-5.5,18.25
Homohedral,-23.75,-23.75,-5.5,-5.5,18.25
Slaverer,-23.75,-23.75,-5.5,-5.5,18.25
Commender,-23.625,-23.625,-5.375,-5.375,18.25
Insanitary,-23.625,-23.625,-5.375,-5.375,18.25
Unpuritanic,-23.875,-23.875,-5.71875,-5.71875,18.15625
Systematism,-24.125,-24.125,-5.96875,-5.96875,18.15625
Encolpion,-23.75,-23.75,-5.59375,-5.59375,18.15625
Homomerous,-23.75,-23.75,-5.59375,-5.59375,18.15625
Polybranchian,-23.625,-23.625,-5.46875,-5.46875,18.15625
Reentrance,-23.625,-23.625,-5.46875,-5.46875,18.15625
Lawless,-23.75,-23.75,-5.59375,-5.59375,18.15625
Pyrrhonian,-23.5,-23.5,-5.34375,-5.34375,18.15625
Unpenitential,-23.75,-23.75,-5.59375,-5.59375,18.15625
Lamenesses,-23.875,-23.875,-5.71875,-5.71875,18.15625
Strychnin,-23.25,-23.25,-5.09375,-5.09375,18.15625
Revolutionists,-24.125,-24.125,-5.96875,-5.96875,18.15625
Unsyntactic,-23.625,-23.625,-5.46875,-5.46875,18.15625
Purgatorial,-23.5,-23.5,-5.34375,-5.34375,18.15625
Expounder,-23.75,-23.75,-5.59375,-5.59375,18.15625
Revenuer,-23.625,-23.625,-5.46875,-5.46875,18.15625
Unchivalrous,-23.5,-23.5,-5.34375,-5.34375,18.15625
Rocketers,-23.75,-23.75,-5.59375,-5.59375,18.15625
Overscatter,-23.75,-23.75,-5.59375,-5.59375,18.15625
Interrobang,-23.625,-23.625,-5.46875,-5.46875,18.15625
Impregnatory,-23.625,-23.625,-5.46875,-5.46875,18.15625
Extrusions,-23.875,-23.875,-5.71875,-5.71875,18.15625
Minuetic,-23.75,-23.75,-5.59375,-5.59375,18.15625
Prewelcome,-23.875,-23.875,-5.71875,-5.71875,18.15625
Assignor,-23.625,-23.625,-5.46875,-5.46875,18.15625
Extortive,-23.75,-23.75,-5.59375,-5.59375,18.15625
Tobaccoism,-23.75,-23.75,-5.59375,-5.59375,18.15625
Uncontumacious,-23.625,-23.625,-5.46875,-5.46875,18.15625
Postdate,-23.625,-23.625,-5.46875,-5.46875,18.15625
Antiresonator,-23.75,-23.75,-5.59375,-5.59375,18.15625
Supersubtle,-23.875,-23.875,-5.71875,-5.71875,18.15625
Polydisperse,-23.875,-23.875,-5.71875,-5.71875,18.15625
Apostrophes,-23.875,-23.875,-5.71875,-5.71875,18.15625
Proficuous,-23.625,-23.625,-5.46875,-5.46875,18.15625
Tartuffian,-23.625,-23.625,-5.46875,-5.46875,18.15625
Penciler,-23.375,-23.375,-5.21875,-5.21875,18.15625
Fragmentalize,-23.875,-23.875,-5.71875,-5.71875,18.15625
Puntist,-23.625,-23.625,-5.46875,-5.46875,18.15625
Unhomicidal,-23.5,-23.5,-5.34375,-5.34375,18.15625
Marxism,-24.125,-24.125,-5.96875,-5.96875,18.15625
Dissoluble,-23.75,-23.75,-5.59375,-5.59375,18.15625
Reborn,-23.625,-23.625,-5.46875,-5.46875,18.15625
Concentrative,-23.875,-23.875,-5.71875,-5.71875,18.15625
Impertinent,-23.625,-23.625,-5.46875,-5.46875,18.15625
Subdeterminant,-23.875,-23.875,-5.71875,-5.71875,18.15625
Sympathizer,-23.75,-23.75,-5.59375,-5.59375,18.15625
Unliterary,-23.75,-23.75,-5.59375,-5.59375,18.15625
Monarchy,-24.0,-24.0,-5.84375,-5.84375,18.15625
Confessors,-23.75,-23.75,-5.59375,-5.59375,18.15625
Bacillogenous,-23.625,-23.625,-5.46875,-5.46875,18.15625
Horrormonger,-23.5,-23.5,-5.34375,-5.34375,18.15625
Spodomantic,-23.875,-23.875,-5.71875,-5.71875,18.15625
Undelinquent,-23.75,-23.75,-5.59375,-5.59375,18.15625
Preoperate,-23.875,-23.875,-5.75,-5.75,18.125
Semihyperbolic,-23.75,-23.75,-5.625,-5.625,18.125
Emboweller,-23.5,-23.5,-5.375,-5.375,18.125
Subrisive,-23.625,-23.625,-5.5,-5.5,18.125
Activator,-23.75,-23.75,-5.625,-5.625,18.125
Synthesist,-23.375,-23.375,-5.25,-5.25,18.125
Undefeasible,-23.75,-23.75,-5.625,-5.625,18.125
Assuager,-23.625,-23.625,-5.5,-5.5,18.125
Slodder,-23.5,-23.5,-5.375,-5.375,18.125
Sludge,-23.5,-23.5,-5.375,-5.375,18.125
Whitmanize,-23.25,-23.25,-5.125,-5.125,18.125
Epicyclic,-23.625,-23.625,-5.5,-5.5,18.125
Semirealistic,-23.625,-23.625,-5.5,-5.5,18.125
Causticiser,-23.375,-23.375,-5.25,-5.25,18.125
Prefectorian,-23.75,-23.75,-5.625,-5.625,18.125
Undescript,-23.75,-23.75,-5.625,-5.625,18.125
Unmyopic,-23.75,-23.75,-5.625,-5.625,18.125
Whoreson,-23.375,-23.375,-5.25,-5.25,18.125
Archpolitician,-23.625,-23.625,-5.5,-5.5,18.125
Nonexpansile,-23.625,-23.625,-5.5,-5.5,18.125
Courter,-23.5,-23.5,-5.375,-5.375,18.125
Spicule,-23.5,-23.5,-5.4375,-5.4375,18.0625
Uncity,-23.875,-23.875,-5.8125,-5.8125,18.0625
Knicker,-23.5,-23.5,-5.4375,-5.4375,18.0625
Preconspire,-23.75,-23.75,-5.6875,-5.6875,18.0625
Unadmission,-23.875,-23.875,-5.8125,-5.8125,18.0625
Unsuperlative,-23.75,-23.75,-5.6875,-5.6875,18.0625
Proscript,-23.875,-23.875,-5.8125,-5.8125,18.0625
Nondiligent,-23.75,-23.75,-5.6875,-5.6875,18.0625
Eunuch,-23.5,-23.5,-5.46875,-5.46875,18.03125
Overcovetous,-23.375,-23.375,-5.34375,-5.34375,18.03125
Preponderate,-23.75,-23.75,-5.71875,-5.71875,18.03125
Loanmonger,-23.625,-23.625,-5.59375,-5.59375,18.03125
Feudist,-23.625,-23.625,-5.59375,-5.59375,18.03125
Overgovern,-23.875,-23.875,-5.84375,-5.84375,18.03125
Poecilitic,-23.875,-23.875,-5.84375,-5.84375,18.03125
Sidewiper,-23.5,-23.5,-5.46875,-5.46875,18.03125
Nonpenitent,-23.25,-23.25,-5.21875,-5.21875,18.03125
Concionator,-23.75,-23.75,-5.71875,-5.71875,18.03125
Unsentient,-23.375,-23.375,-5.34375,-5.34375,18.03125
Antitrade,-24.0,-24.0,-5.96875,-5.96875,18.03125
Nonperverse,-23.5,-23.5,-5.46875,-5.46875,18.03125
Uncontinual,-23.625,-23.625,-5.59375,-5.59375,18.03125
Autodynes,-23.75,-23.75,-5.71875,-5.71875,18.03125
Liberationist,-23.75,-23.75,-5.71875,-5.71875,18.03125
Disnaturalize,-23.625,-23.625,-5.59375,-5.59375,18.03125
Preutilize,-23.75,-23.75,-5.71875,-5.71875,18.03125
Jurator,-23.75,-23.75,-5.71875,-5.71875,18.03125
Miscegenator,-23.75,-23.75,-5.71875,-5.71875,18.03125
Communise,-23.875,-23.875,-5.84375,-5.84375,18.03125
Awonder,-23.625,-23.625,-5.59375,-5.59375,18.03125
Antireformer,-23.875,-23.875,-5.84375,-5.84375,18.03125
Constancy,-23.625,-23.625,-5.59375,-5.59375,18.03125
Disperple,-23.625,-23.625,-5.59375,-5.59375,18.03125
Etherial,-23.5,-23.5,-5.46875,-5.46875,18.03125
Indianians,-23.875,-23.875,-5.84375,-5.84375,18.03125
Effeminize,-23.625,-23.625,-5.59375,-5.59375,18.03125
Uncandor,-23.75,-23.75,-5.71875,-5.71875,18.03125
Undetectible,-23.75,-23.75,-5.71875,-5.71875,18.03125
Rebellions,-23.75,-23.75,-5.71875,-5.71875,18.03125
Racialist,-23.625,-23.625,-5.59375,-5.59375,18.03125
Unprofuse,-23.625,-23.625,-5.59375,-5.59375,18.03125
Biophysic,-23.75,-23.75,-5.71875,-5.71875,18.03125
Unconcurrent,-23.75,-23.75,-5.71875,-5.71875,18.03125
Nonpainter,-23.375,-23.375,-5.34375,-5.34375,18.03125
Cacesthesis,-23.625,-23.625,-5.59375,-5.59375,18.03125
Sporeformer,-23.375,-23.375,-5.34375,-5.34375,18.03125
Indilatory,-23.75,-23.75,-5.71875,-5.71875,18.03125
Idiotropic,-23.375,-23.375,-5.34375,-5.34375,18.03125
Suburbanite,-23.375,-23.375,-5.34375,-5.34375,18.03125
Discontinual,-23.75,-23.75,-5.71875,-5.71875,18.03125
Broadsheet,-23.375,-23.375,-5.34375,-5.34375,18.03125
Siglum,-23.75,-23.75,-5.71875,-5.71875,18.03125
Unintegrative,-23.875,-23.875,-5.84375,-5.84375,18.03125
Lappic,-23.875,-23.875,-5.84375,-5.84375,18.03125
Payday,-23.5,-23.5,-5.46875,-5.46875,18.03125
Draughtman,-23.25,-23.25,-5.21875,-5.21875,18.03125
Pyrrhous,-23.375,-23.375,-5.34375,-5.34375,18.03125
Predismissal,-23.5,-23.5,-5.46875,-5.46875,18.03125
Rigidist,-23.75,-23.75,-5.71875,-5.71875,18.03125
Autonomize,-23.875,-23.875,-5.84375,-5.84375,18.03125
Overtaker,-23.5,-23.5,-5.46875,-5.46875,18.03125
Tolerationism,-23.875,-23.875,-5.84375,-5.84375,18.03125
Prolicidal,-23.625,-23.625,-5.59375,-5.59375,18.03125
Lurers,-23.625,-23.625,-5.59375,-5.59375,18.03125
Langobard,-23.75,-23.75,-5.71875,-5.71875,18.03125
Auspicy,-23.75,-23.75,-5.71875,-5.71875,18.03125
Enjoys,-23.625,-23.625,-5.59375,-5.59375,18.03125
Proveditor,-23.75,-23.75,-5.71875,-5.71875,18.03125
Stirrer,-23.75,-23.75,-5.71875,-5.71875,18.03125
Papergirl,-23.625,-23.625,-5.59375,-5.59375,18.03125
Subtertian,-23.625,-23.625,-5.59375,-5.59375,18.03125
Rerival,-23.625,-23.625,-5.59375,-5.59375,18.03125
Supersensitize,-23.75,-23.75,-5.71875,-5.71875,18.03125
Fumiferous,-23.625,-23.625,-5.59375,-5.59375,18.03125
Nonigneous,-23.375,-23.375,-5.34375,-5.34375,18.03125
Unrenunciatory,-23.75,-23.75,-5.71875,-5.71875,18.03125
Relaxin,-23.5,-23.5,-5.46875,-5.46875,18.03125
Retirer,-23.75,-23.75,-5.71875,-5.71875,18.03125
Lapponese,-23.625,-23.625,-5.59375,-5.59375,18.03125
Purblind,-23.5,-23.5,-5.46875,-5.46875,18.03125
Squirter,-23.5,-23.5,-5.46875,-5.46875,18.03125
Philistinism,-23.625,-23.625,-5.59375,-5.59375,18.03125
Oppositive,-23.75,-23.75,-5.71875,-5.71875,18.03125
Nonterritorial,-23.625,-23.625,-5.59375,-5.59375,18.03125
Overgenerous,-23.5,-23.5,-5.46875,-5.46875,18.03125
Fagottist,-23.625,-23.625,-5.59375,-5.59375,18.03125
Subconjunctive,-23.875,-23.875,-5.84375,-5.84375,18.03125
Apostatizes,-23.75,-23.75,-5.71875,-5.71875,18.03125
Ennoic,-23.875,-23.875,-5.84375,-5.84375,18.03125
Predetain,-23.75,-23.75,-5.71875,-5.71875,18.03125
Requisitionist,-23.375,-23.375,-5.34375,-5.34375,18.03125
Formulism,-23.875,-23.875,-5.84375,-5.84375,18.03125
Splenium,-23.625,-23.625,-5.59375,-5.59375,18.03125
Pentamerous,-23.625,-23.625,-5.59375,-5.59375,18.03125
Turcism,-24.25,-24.25,-6.21875,-6.21875,18.03125
Doublette,-23.75,-23.75,-5.71875,-5.71875,18.03125
Embossman,-23.5,-23.5,-5.46875,-5.46875,18.03125
Sicyonic,-23.75,-23.75,-5.71875,-5.71875,18.03125
Sunsmitten,-23.875,-23.875,-5.84375,-5.84375,18.03125
Pentapterous,-23.5,-23.5,-5.46875,-5.46875,18.03125
Squirm,-23.125,-23.125,-5.09375,-5.09375,18.03125
Impulsory,-23.75,-23.75,-5.71875,-5.71875,18.03125
Sunspotty,-23.375,-23.375,-5.34375,-5.34375,18.03125
Quitrents,-23.625,-23.625,-5.59375,-5.59375,18.03125
Bolshie,-23.875,-23.875,-5.84375,-5.84375,18.03125
Dormitories,-23.75,-23.75,-5.71875,-5.71875,18.03125
Conjugations,-23.75,-23.75,-5.71875,-5.71875,18.03125
Exporter,-23.75,-23.75,-5.71875,-5.71875,18.03125
Bielenite,-23.875,-23.875,-5.84375,-5.84375,18.03125
Sinologer,-24.125,-24.125,-6.09375,-6.09375,18.03125
Nationalist,-23.75,-23.75,-5.71875,-5.71875,18.03125
Harmonicism,-24.0,-24.0,-5.96875,-5.96875,18.03125
Uncontributive,-23.625,-23.625,-5.59375,-5.59375,18.03125
Panegyricize,-23.75,-23.75,-5.71875,-5.71875,18.03125
Expender,-23.625,-23.625,-5.59375,-5.59375,18.03125
Unpenurious,-23.625,-23.625,-5.59375,-5.59375,18.03125
Evasion,-23.75,-23.75,-5.71875,-5.71875,18.03125
Tilmus,-23.625,-23.625,-5.59375,-5.59375,18.03125
Presutural,-23.625,-23.625,-5.59375,-5.59375,18.03125
Mnemonicalist,-23.625,-23.625,-5.59375,-5.59375,18.03125
Hoarder,-23.625,-23.625,-5.59375,-5.59375,18.03125
Irreflective,-23.5,-23.5,-5.46875,-5.46875,18.03125
Exhumate,-23.75,-23.75,-5.71875,-5.71875,18.03125
Ostracizer,-23.625,-23.625,-5.59375,-5.59375,18.03125
Prescindent,-23.875,-23.875,-5.84375,-5.84375,18.03125
Destrer,-23.75,-23.75,-5.71875,-5.71875,18.03125
Donnert,-23.75,-23.75,-5.71875,-5.71875,18.03125
Purpuraceous,-23.5,-23.5,-5.46875,-5.46875,18.03125
Closings,-23.75,-23.75,-5.71875,-5.71875,18.03125
Isostemonous,-23.625,-23.625,-5.59375,-5.59375,18.03125
Dedecorate,-23.625,-23.625,-5.59375,-5.59375,18.03125
Soldieries,-23.75,-23.75,-5.71875,-5.71875,18.03125
Sinologist,-24.125,-24.125,-6.09375,-6.09375,18.03125
Immoralize,-23.5,-23.5,-5.46875,-5.46875,18.03125
Cilicism,-24.125,-24.125,-6.09375,-6.09375,18.03125
Squeam,-23.375,-23.375,-5.34375,-5.34375,18.03125
Monoculture,-23.625,-23.625,-5.59375,-5.59375,18.03125
Nontrader,-23.625,-23.625,-5.59375,-5.59375,18.03125
Antiunionist,-23.5,-23.5,-5.46875,-5.46875,18.03125
Phytologist,-23.5,-23.5,-5.46875,-5.46875,18.03125
Schorlous,-23.75,-23.75,-5.71875,-5.71875,18.03125
Irregeneracy,-23.875,-23.875,-5.84375,-5.84375,18.03125
Perspicuous,-23.625,-23.625,-5.59375,-5.59375,18.03125
Alienator,-23.75,-23.75,-5.71875,-5.71875,18.03125
Uproar,-23.75,-23.75,-5.71875,-5.71875,18.03125
Unprovoke,-23.75,-23.75,-5.71875,-5.71875,18.03125
Errancy,-23.75,-23.75,-5.71875,-5.71875,18.03125
Herotheism,-23.875,-23.875,-5.84375,-5.84375,18.03125
Unsplenetic,-23.375,-23.375,-5.34375,-5.34375,18.03125
Homopter,-23.5,-23.5,-5.46875,-5.46875,18.03125
Overtrodden,-23.625,-23.625,-5.59375,-5.59375,18.03125
Legend,-23.75,-23.75,-5.71875,-5.71875,18.03125
Nonaccentual,-23.875,-23.875,-5.84375,-5.84375,18.03125
Baboonroot,-23.625,-23.625,-5.59375,-5.59375,18.03125
Uncalumnious,-23.625,-23.625,-5.59375,-5.59375,18.03125
Maoists,-24.25,-24.25,-6.21875,-6.21875,18.03125
Overflood,-23.75,-23.75,-5.71875,-5.71875,18.03125
Darwinize,-23.625,-23.625,-5.59375,-5.59375,18.03125
Unrigorous,-23.5,-23.5,-5.46875,-5.46875,18.03125
Unctuose,-23.625,-23.625,-5.59375,-5.59375,18.03125
Outpursue,-23.5,-23.5,-5.46875,-5.46875,18.03125
Tacitean,-23.75,-23.75,-5.71875,-5.71875,18.03125
Shadowless,-23.5,-23.5,-5.46875,-5.46875,18.03125
Erasures,-23.625,-23.625,-5.59375,-5.59375,18.03125
Analogues,-23.875,-23.875,-5.84375,-5.84375,18.03125
Synoecy,-23.75,-23.75,-5.75,-5.75,18.0
Racemic,-23.375,-23.375,-5.375,-5.375,18.0
Bombacaceous,-23.375,-23.375,-5.375,-5.375,18.0
Psilanthropist,-23.625,-23.625,-5.625,-5.625,18.0
Nonfrugal,-23.375,-23.375,-5.375,-5.375,18.0
Arclike,-23.5,-23.5,-5.5,-5.5,18.0
Invocant,-23.5,-23.5,-5.5,-5.5,18.0
Fairyish,-23.5,-23.5,-5.5,-5.5,18.0
Liquorish,-23.375,-23.375,-5.375,-5.375,18.0
Agrest,-23.5,-23.5,-5.5,-5.5,18.0
Nonfusible,-23.375,-23.375,-5.375,-5.375,18.0
Summery,-23.375,-23.375,-5.375,-5.375,18.0
Phalangiid,-23.375,-23.375,-5.375,-5.375,18.0
Semisucculent,-23.25,-23.25,-5.25,-5.25,18.0
Obtainer,-23.5,-23.5,-5.5,-5.5,18.0
Outstole,-23.5,-23.5,-5.5,-5.5,18.0
Illucidate,-23.625,-23.625,-5.625,-5.625,18.0
Counterpoison,-23.625,-23.625,-5.625,-5.625,18.0
Unthorough,-23.625,-23.625,-5.625,-5.625,18.0
Stepladder,-23.5,-23.5,-5.5,-5.5,18.0
Slammerkin,-23.25,-23.25,-5.25,-5.25,18.0
Targumist,-23.25,-23.25,-5.25,-5.25,18.0
Antiaesthetic,-23.5,-23.5,-5.5,-5.5,18.0
Uncontortive,-23.5,-23.5,-5.5,-5.5,18.0
Trochite,-23.625,-23.625,-5.625,-5.625,18.0
Semiconnate,-23.375,-23.375,-5.375,-5.375,18.0
Pyorrhoeic,-23.5,-23.5,-5.5,-5.5,18.0
Predominates,-23.625,-23.625,-5.625,-5.625,18.0
Malhonest,-23.5,-23.5,-5.5,-5.5,18.0
Outbeggar,-23.625,-23.625,-5.625,-5.625,18.0
Outsteal,-23.375,-23.375,-5.375,-5.375,18.0
Nontraveller,-23.5,-23.5,-5.5,-5.5,18.0
Creditive,-23.625,-23.625,-5.625,-5.625,18.0
Abscessroot,-23.125,-23.125,-5.125,-5.125,18.0
Catcher,-23.375,-23.375,-5.375,-5.375,18.0
Brigatry,-23.5,-23.5,-5.5,-5.5,18.0
Slutchy,-23.375,-23.375,-5.375,-5.375,18.0
Niobic,-23.5,-23.5,-5.5,-5.5,18.0
Preeliminator,-23.625,-23.625,-5.625,-5.625,18.0
Phoenicean,-23.375,-23.375,-5.375,-5.375,18.0
Diarrhoetic,-23.375,-23.375,-5.375,-5.375,18.0
Practiser,-23.625,-23.625,-5.625,-5.625,18.0
Outromance,-23.625,-23.625,-5.625,-5.625,18.0
Describer,-23.5,-23.5,-5.5,-5.5,18.0
Interscendent,-23.625,-23.625,-5.625,-5.625,18.0
Anticreational,-23.625,-23.625,-5.625,-5.625,18.0
Trochoidal,-23.5,-23.5,-5.5,-5.5,18.0
Doubleganger,-23.5,-23.5,-5.5,-5.5,18.0
Semimucous,-23.375,-23.375,-5.375,-5.375,18.0
Smearer,-23.375,-23.375,-5.375,-5.375,18.0
Nonclassical,-23.625,-23.625,-5.625,-5.625,18.0
Conchometer,-23.5,-23.5,-5.5,-5.5,18.0
Regularizer,-23.625,-23.625,-5.625,-5.625,18.0
Archpuritan,-23.375,-23.375,-5.375,-5.375,18.0
Foreallege,-23.5,-23.5,-5.5,-5.5,18.0
Unchoke,-23.375,-23.375,-5.375,-5.375,18.0
Coccaceous,-23.625,-23.625,-5.6875,-5.6875,17.9375
Hornify,-23.625,-23.625,-5.6875,-5.6875,17.9375
Sprayer,-23.625,-23.625,-5.6875,-5.6875,17.9375
Overdistend,-23.75,-23.75,-5.8125,-5.8125,17.9375
Inductances,-23.75,-23.75,-5.8125,-5.8125,17.9375
Nonadverbial,-23.625,-23.625,-5.6875,-5.6875,17.9375
Nonextenuatory,-23.625,-23.625,-5.6875,-5.6875,17.9375
Wordplay,-23.75,-23.75,-5.8125,-5.8125,17.9375
Surrejoin,-23.625,-23.625,-5.6875,-5.6875,17.9375
Nondialectic,-23.75,-23.75,-5.8125,-5.8125,17.9375
Circumduce,-23.625,-23.625,-5.6875,-5.6875,17.9375
Fustianist,-23.625,-23.625,-5.6875,-5.6875,17.9375
Populists,-24.125,-24.125,-6.1875,-6.1875,17.9375
Upraisal,-23.625,-23.625,-5.6875,-5.6875,17.9375
Nondescript,-23.5,-23.5,-5.5625,-5.5625,17.9375
Prepectoral,-23.625,-23.625,-5.6875,-5.6875,17.9375
Vacuome,-23.75,-23.75,-5.8125,-5.8125,17.9375
Hooligan,-23.625,-23.625,-5.6875,-5.6875,17.9375
Indeterminist,-23.625,-23.625,-5.6875,-5.6875,17.9375
Semicolumnar,-23.75,-23.75,-5.8125,-5.8125,17.9375
Enspirit,-23.875,-23.875,-5.9375,-5.9375,17.9375
Preconform,-23.75,-23.75,-5.8125,-5.8125,17.9375
Hexammine,-23.5,-23.5,-5.5625,-5.5625,17.9375
Reimport,-23.75,-23.75,-5.8125,-5.8125,17.9375
Fumatory,-23.875,-23.875,-5.9375,-5.9375,17.9375
Inculcative,-23.625,-23.625,-5.6875,-5.6875,17.9375
Hypostatize,-23.625,-23.625,-5.6875,-5.6875,17.9375
Overdignify,-23.75,-23.75,-5.8125,-5.8125,17.9375
Pythagoreans,-23.5,-23.5,-5.59375,-5.59375,17.90625
Perfunctory,-23.5,-23.5,-5.59375,-5.59375,17.90625
Micronucleus,-23.625,-23.625,-5.71875,-5.71875,17.90625
Noctambulist,-23.375,-23.375,-5.46875,-5.46875,17.90625
Microtubule,-23.375,-23.375,-5.46875,-5.46875,17.90625
Fallowist,-23.5,-23.5,-5.59375,-5.59375,17.90625
Fecket,-23.5,-23.5,-5.59375,-5.59375,17.90625
Reprocess,-23.5,-23.5,-5.59375,-5.59375,17.90625
Purkinjean,-23.625,-23.625,-5.71875,-5.71875,17.90625
Replications,-23.375,-23.375,-5.46875,-5.46875,17.90625
Refringency,-23.625,-23.625,-5.71875,-5.71875,17.90625
Indignities,-23.625,-23.625,-5.71875,-5.71875,17.90625
Orangey,-23.625,-23.625,-5.71875,-5.71875,17.90625
Ventrodorsal,-23.625,-23.625,-5.71875,-5.71875,17.90625
Triphyllous,-23.625,-23.625,-5.71875,-5.71875,17.90625
Karyosome,-23.625,-23.625,-5.71875,-5.71875,17.90625
Rerelease,-23.5,-23.5,-5.59375,-5.59375,17.90625
Unpromiscuous,-23.625,-23.625,-5.71875,-5.71875,17.90625
Adytta,-23.5,-23.5,-5.59375,-5.59375,17.90625
Dissolutive,-23.5,-23.5,-5.59375,-5.59375,17.90625
Dialkyl,-23.25,-23.25,-5.34375,-5.34375,17.90625
Equality,-24.0,-24.0,-6.09375,-6.09375,17.90625
Impurities,-23.5,-23.5,-5.59375,-5.59375,17.90625
Feminologist,-23.625,-23.625,-5.71875,-5.71875,17.90625
Pertain,-23.625,-23.625,-5.71875,-5.71875,17.90625
Unpertinent,-23.5,-23.5,-5.59375,-5.59375,17.90625
Concause,-23.75,-23.75,-5.84375,-5.84375,17.90625
Unfermentative,-23.375,-23.375,-5.46875,-5.46875,17.90625
Untreacherous,-23.5,-23.5,-5.59375,-5.59375,17.90625
Supergene,-23.375,-23.375,-5.46875,-5.46875,17.90625
Cloacae,-23.375,-23.375,-5.46875,-5.46875,17.90625
Dissimilate,-23.625,-23.625,-5.71875,-5.71875,17.90625
Posttetanic,-23.375,-23.375,-5.46875,-5.46875,17.90625
Uncoop,-23.625,-23.625,-5.71875,-5.71875,17.90625
Clamor,-23.5,-23.5,-5.59375,-5.59375,17.90625
Nontextual,-23.5,-23.5,-5.59375,-5.59375,17.90625
Conster,-23.625,-23.625,-5.71875,-5.71875,17.90625
Paranthracene,-23.5,-23.5,-5.59375,-5.59375,17.90625
Deboites,-23.875,-23.875,-5.96875,-5.96875,17.90625
Tamenesses,-23.5,-23.5,-5.59375,-5.59375,17.90625
Bescratch,-23.5,-23.5,-5.59375,-5.59375,17.90625
Wolffian,-23.625,-23.625,-5.71875,-5.71875,17.90625
Prefecundatory,-23.625,-23.625,-5.71875,-5.71875,17.90625
Criminal,-23.625,-23.625,-5.71875,-5.71875,17.90625
Semidecay,-23.5,-23.5,-5.59375,-5.59375,17.90625
Sunbeamy,-23.375,-23.375,-5.46875,-5.46875,17.90625
Granulitize,-23.875,-23.875,-5.96875,-5.96875,17.90625
Thirdendeal,-23.625,-23.625,-5.71875,-5.71875,17.90625
Chorologist,-23.5,-23.5,-5.59375,-5.59375,17.90625
Consignatary,-23.625,-23.625,-5.71875,-5.71875,17.90625
Borsholder,-23.375,-23.375,-5.46875,-5.46875,17.90625
Kingfish,-23.5,-23.5,-5.59375,-5.59375,17.90625
Unhealthy,-23.5,-23.5,-5.59375,-5.59375,17.90625
Scripturalism,-24.0,-24.0,-6.09375,-6.09375,17.90625
Needlemaker,-23.5,-23.5,-5.59375,-5.59375,17.90625
Omniscient,-23.5,-23.5,-5.59375,-5.59375,17.90625
Tautologizer,-23.625,-23.625,-5.71875,-5.71875,17.90625
Nonloyalty,-23.5,-23.5,-5.59375,-5.59375,17.90625
Unidiomatic,-23.5,-23.5,-5.59375,-5.59375,17.90625
Kleagles,-23.5,-23.5,-5.59375,-5.59375,17.90625
Unweaves,-23.375,-23.375,-5.46875,-5.46875,17.90625
Hooker,-23.375,-23.375,-5.46875,-5.46875,17.90625
Preguilty,-23.5,-23.5,-5.59375,-5.59375,17.90625
Iotacismus,-23.875,-23.875,-5.96875,-5.96875,17.90625
Enthrong,-23.625,-23.625,-5.71875,-5.71875,17.90625
Gauntest,-23.5,-23.5,-5.59375,-5.59375,17.90625
Cocarde,-23.875,-23.875,-5.96875,-5.96875,17.90625
Melleous,-23.625,-23.625,-5.71875,-5.71875,17.90625
Houseridden,-23.5,-23.5,-5.59375,-5.59375,17.90625
Uplong,-23.625,-23.625,-5.71875,-5.71875,17.90625
Predominancy,-23.625,-23.625,-5.71875,-5.71875,17.90625
Caducean,-23.25,-23.25,-5.34375,-5.34375,17.90625
Morosis,-23.75,-23.75,-5.84375,-5.84375,17.90625
Democratian,-23.5,-23.5,-5.59375,-5.59375,17.90625
Unangelic,-23.625,-23.625,-5.71875,-5.71875,17.90625
Incorrosive,-23.375,-23.375,-5.46875,-5.46875,17.90625
Inhumers,-23.875,-23.875,-5.96875,-5.96875,17.90625
Protoblast,-23.5,-23.5,-5.59375,-5.59375,17.90625
Engrails,-23.5,-23.5,-5.59375,-5.59375,17.90625
Exomologesis,-23.625,-23.625,-5.71875,-5.71875,17.90625
Antistatist,-23.75,-23.75,-5.84375,-5.84375,17.90625
Semichannel,-23.5,-23.5,-5.59375,-5.59375,17.90625
Reshown,-23.5,-23.5,-5.59375,-5.59375,17.90625
Pythonize,-23.625,-23.625,-5.71875,-5.71875,17.90625
Deplumate,-23.875,-23.875,-5.96875,-5.96875,17.90625
Suburb,-23.375,-23.375,-5.46875,-5.46875,17.90625
Morosities,-23.375,-23.375,-5.46875,-5.46875,17.90625
Scissorlike,-23.5,-23.5,-5.59375,-5.59375,17.90625
Embellishers,-23.625,-23.625,-5.71875,-5.71875,17.90625
Insubstantiate,-23.75,-23.75,-5.84375,-5.84375,17.90625
Splendiferous,-23.125,-23.125,-5.21875,-5.21875,17.90625
Analogs,-23.625,-23.625,-5.71875,-5.71875,17.90625
Scrubwood,-23.125,-23.125,-5.21875,-5.21875,17.90625
Lampoonery,-23.75,-23.75,-5.84375,-5.84375,17.90625
Odontoclast,-23.375,-23.375,-5.46875,-5.46875,17.90625
Apportioner,-23.375,-23.375,-5.46875,-5.46875,17.90625
Supraprotest,-24.125,-24.125,-6.21875,-6.21875,17.90625
Inexposure,-23.625,-23.625,-5.71875,-5.71875,17.90625
Mopish,-23.5,-23.5,-5.59375,-5.59375,17.90625
Ringleadership,-23.625,-23.625,-5.71875,-5.71875,17.90625
Taillike,-23.625,-23.625,-5.71875,-5.71875,17.90625
Francophilism,-24.125,-24.125,-6.21875,-6.21875,17.90625
Familiarism,-23.625,-23.625,-5.71875,-5.71875,17.90625
Unordinate,-23.75,-23.75,-5.84375,-5.84375,17.90625
Ideogramic,-23.625,-23.625,-5.71875,-5.71875,17.90625
Interreceive,-23.75,-23.75,-5.84375,-5.84375,17.90625
Uninsistent,-23.625,-23.625,-5.71875,-5.71875,17.90625
Pelagianizer,-23.375,-23.375,-5.46875,-5.46875,17.90625
Unpropriety,-23.625,-23.625,-5.71875,-5.71875,17.90625
Doctrinarity,-23.75,-23.75,-5.84375,-5.84375,17.90625
Robigalia,-23.375,-23.375,-5.46875,-5.46875,17.90625
Indaconitin,-23.625,-23.625,-5.71875,-5.71875,17.90625
Predistress,-23.625,-23.625,-5.71875,-5.71875,17.90625
Lyretail,-23.375,-23.375,-5.46875,-5.46875,17.90625
Hookmaker,-23.375,-23.375,-5.46875,-5.46875,17.90625
Abkary,-23.5,-23.5,-5.59375,-5.59375,17.90625
Papalise,-23.625,-23.625,-5.71875,-5.71875,17.90625
Fuciphagous,-23.625,-23.625,-5.71875,-5.71875,17.90625
Paraphrasian,-23.75,-23.75,-5.84375,-5.84375,17.90625
Lunata,-23.625,-23.625,-5.71875,-5.71875,17.90625
Nonaltruistic,-23.375,-23.375,-5.46875,-5.46875,17.90625
Heelwork,-23.625,-23.625,-5.71875,-5.71875,17.90625
Incrept,-23.5,-23.5,-5.59375,-5.59375,17.90625
Retardate,-23.5,-23.5,-5.59375,-5.59375,17.90625
Disulphid,-23.5,-23.5,-5.59375,-5.59375,17.90625
Gambler,-23.25,-23.25,-5.34375,-5.34375,17.90625
Aphonous,-23.375,-23.375,-5.46875,-5.46875,17.90625
Ciconiid,-23.25,-23.25,-5.34375,-5.34375,17.90625
Dementate,-23.5,-23.5,-5.59375,-5.59375,17.90625
Undergrieve,-23.625,-23.625,-5.71875,-5.71875,17.90625
Funnier,-23.375,-23.375,-5.46875,-5.46875,17.90625
Mutinado,-23.5,-23.5,-5.59375,-5.59375,17.90625
Cydonia,-23.375,-23.375,-5.46875,-5.46875,17.90625
Underwrought,-23.5,-23.5,-5.59375,-5.59375,17.90625
Yippee,-23.25,-23.25,-5.34375,-5.34375,17.90625
Nonsubversion,-23.75,-23.75,-5.84375,-5.84375,17.90625
Discongruity,-23.75,-23.75,-5.84375,-5.84375,17.90625
Irritate,-23.25,-23.25,-5.34375,-5.34375,17.90625
Malunion,-23.75,-23.75,-5.84375,-5.84375,17.90625
Acquaintance,-23.5,-23.5,-5.59375,-5.59375,17.90625
Millennialism,-23.75,-23.75,-5.84375,-5.84375,17.90625
Oversimple,-23.625,-23.625,-5.71875,-5.71875,17.90625
Neglectful,-23.5,-23.5,-5.59375,-5.59375,17.90625
Overwisdom,-23.625,-23.625,-5.71875,-5.71875,17.90625
Anitrogenous,-23.5,-23.5,-5.59375,-5.59375,17.90625
Indole,-23.75,-23.75,-5.84375,-5.84375,17.90625
Indictors,-24.0,-24.0,-6.09375,-6.09375,17.90625
Troilism,-23.625,-23.625,-5.71875,-5.71875,17.90625
Blinder,-23.5,-23.5,-5.59375,-5.59375,17.90625
Unnaturality,-23.75,-23.75,-5.84375,-5.84375,17.90625
Postorder,-23.625,-23.625,-5.71875,-5.71875,17.90625
Overwet,-23.625,-23.625,-5.71875,-5.71875,17.90625
Congeneric,-23.625,-23.625,-5.71875,-5.71875,17.90625
Antiprinciple,-23.875,-23.875,-5.96875,-5.96875,17.90625
Dingbats,-23.75,-23.75,-5.84375,-5.84375,17.90625
Insipidity,-23.625,-23.625,-5.71875,-5.71875,17.90625
Contendent,-23.75,-23.75,-5.84375,-5.84375,17.90625
Poictesme,-23.375,-23.375,-5.46875,-5.46875,17.90625
Encheer,-23.75,-23.75,-5.84375,-5.84375,17.90625
Plebescite,-23.625,-23.625,-5.71875,-5.71875,17.90625
Luciferidae,-23.75,-23.75,-5.84375,-5.84375,17.90625
Feigns,-23.375,-23.375,-5.46875,-5.46875,17.90625
Doddypoll,-23.375,-23.375,-5.46875,-5.46875,17.90625
Exhauster,-23.25,-23.25,-5.34375,-5.34375,17.90625
Unassiduous,-23.5,-23.5,-5.59375,-5.59375,17.90625
Kinetophobia,-23.625,-23.625,-5.71875,-5.71875,17.90625
Demetrian,-23.5,-23.5,-5.59375,-5.59375,17.90625
Unilluminative,-23.5,-23.5,-5.59375,-5.59375,17.90625
Nonworship,-23.625,-23.625,-5.71875,-5.71875,17.90625
Antipart,-24.0,-24.0,-6.09375,-6.09375,17.90625
Uncorrelative,-23.75,-23.75,-5.84375,-5.84375,17.90625
Lowbrows,-23.375,-23.375,-5.46875,-5.46875,17.90625
Tetrapodous,-23.375,-23.375,-5.46875,-5.46875,17.90625
Redenial,-23.625,-23.625,-5.71875,-5.71875,17.90625
Prefectship,-23.875,-23.875,-5.96875,-5.96875,17.90625
Nonpungent,-23.5,-23.5,-5.59375,-5.59375,17.90625
Microvax,-23.375,-23.375,-5.46875,-5.46875,17.90625
Fennoman,-24.0,-24.0,-6.09375,-6.09375,17.90625
Transferror,-23.625,-23.625,-5.71875,-5.71875,17.90625
Economism,-24.0,-24.0,-6.09375,-6.09375,17.90625
Emplunge,-23.625,-23.625,-5.71875,-5.71875,17.90625
Prolify,-23.75,-23.75,-5.84375,-5.84375,17.90625
Yuapin,-23.5,-23.5,-5.59375,-5.59375,17.90625
Unsigmatic,-23.5,-23.5,-5.59375,-5.59375,17.90625
Hymnograher,-23.5,-23.5,-5.59375,-5.59375,17.90625
Superintender,-23.25,-23.25,-5.34375,-5.34375,17.90625
Scaphite,-23.375,-23.375,-5.46875,-5.46875,17.90625
Palingenist,-23.5,-23.5,-5.59375,-5.59375,17.90625
Falsetto,-23.875,-23.875,-5.96875,-5.96875,17.90625
Desiccatory,-23.375,-23.375,-5.46875,-5.46875,17.90625
Unproducible,-23.625,-23.625,-5.71875,-5.71875,17.90625
Aliofar,-23.75,-23.75,-5.84375,-5.84375,17.90625
Middleman,-23.625,-23.625,-5.71875,-5.71875,17.90625
Pythonic,-23.5,-23.5,-5.59375,-5.59375,17.90625
Disinters,-23.5,-23.5,-5.59375,-5.59375,17.90625
Diluendo,-23.625,-23.625,-5.71875,-5.71875,17.90625
Chequerboard,-23.875,-23.875,-5.96875,-5.96875,17.90625
Greengroceries,-23.375,-23.375,-5.46875,-5.46875,17.90625
Minerologist,-23.5,-23.5,-5.59375,-5.59375,17.90625
Pericecitis,-23.375,-23.375,-5.46875,-5.46875,17.90625
Malaxator,-23.5,-23.5,-5.59375,-5.59375,17.90625
Unhaste,-23.625,-23.625,-5.71875,-5.71875,17.90625
Taintproof,-23.625,-23.625,-5.71875,-5.71875,17.90625
Explicate,-23.625,-23.625,-5.71875,-5.71875,17.90625
Federatist,-23.5,-23.5,-5.59375,-5.59375,17.90625
Congenerical,-23.625,-23.625,-5.71875,-5.71875,17.90625
Catocathartic,-23.5,-23.5,-5.59375,-5.59375,17.90625
Rhipidium,-23.375,-23.375,-5.46875,-5.46875,17.90625
Scrunch,-23.5,-23.5,-5.59375,-5.59375,17.90625
Supervisual,-23.625,-23.625,-5.71875,-5.71875,17.90625
Dopinesses,-23.5,-23.5,-5.59375,-5.59375,17.90625
Subparty,-23.75,-23.75,-5.84375,-5.84375,17.90625
Chinamania,-24.0,-24.0,-6.09375,-6.09375,17.90625
Underactor,-23.625,-23.625,-5.71875,-5.71875,17.90625
Ineffulgent,-23.5,-23.5,-5.59375,-5.59375,17.90625
Eristical,-23.5,-23.5,-5.59375,-5.59375,17.90625
Downhills,-23.5,-23.5,-5.59375,-5.59375,17.90625
Incensories,-23.5,-23.5,-5.59375,-5.59375,17.90625
Laotian,-23.375,-23.375,-5.46875,-5.46875,17.90625
Overmerciful,-23.5,-23.5,-5.59375,-5.59375,17.90625
Stumblebum,-23.25,-23.25,-5.34375,-5.34375,17.90625
Bolognese,-23.875,-23.875,-5.96875,-5.96875,17.90625
Japonize,-24.0,-24.0,-6.09375,-6.09375,17.90625
Fetiches,-23.625,-23.625,-5.71875,-5.71875,17.90625
Biconjugate,-23.625,-23.625,-5.71875,-5.71875,17.90625
Domesticate,-23.625,-23.625,-5.71875,-5.71875,17.90625
Crackleware,-23.375,-23.375,-5.46875,-5.46875,17.90625
Wethers,-23.375,-23.375,-5.46875,-5.46875,17.90625
Catchier,-23.375,-23.375,-5.46875,-5.46875,17.90625
Resects,-23.375,-23.375,-5.46875,-5.46875,17.90625
Unmiter,-23.625,-23.625,-5.71875,-5.71875,17.90625
Subengineer,-23.625,-23.625,-5.71875,-5.71875,17.90625
Variancy,-23.5,-23.5,-5.59375,-5.59375,17.90625
Odoriferant,-23.5,-23.5,-5.59375,-5.59375,17.90625
Piquets,-23.75,-23.75,-5.84375,-5.84375,17.90625
Cribber,-23.5,-23.5,-5.59375,-5.59375,17.90625
Inqilab,-23.875,-23.875,-5.96875,-5.96875,17.90625
Illuminatist,-23.25,-23.25,-5.34375,-5.34375,17.90625
Oxidiser,-23.5,-23.5,-5.59375,-5.59375,17.90625
Homotype,-23.75,-23.75,-5.84375,-5.84375,17.90625
Pulverin,-23.5,-23.5,-5.59375,-5.59375,17.90625
Babuism,-24.0,-24.0,-6.09375,-6.09375,17.90625
Ballistician,-23.375,-23.375,-5.46875,-5.46875,17.90625
Counteraddress,-23.875,-23.875,-5.96875,-5.96875,17.90625
Naivite,-23.375,-23.375,-5.46875,-5.46875,17.90625
Labordom,-23.625,-23.625,-5.71875,-5.71875,17.90625
Interpolant,-23.625,-23.625,-5.71875,-5.71875,17.90625
Unnatural,-23.375,-23.375,-5.46875,-5.46875,17.90625
Illogicalities,-23.75,-23.75,-5.84375,-5.84375,17.90625
Nonimmunities,-23.375,-23.375,-5.46875,-5.46875,17.90625
Shrinkage,-23.625,-23.625,-5.71875,-5.71875,17.90625
Rewriters,-23.5,-23.5,-5.59375,-5.59375,17.90625
Gasmaker,-23.625,-23.625,-5.71875,-5.71875,17.90625
Dissocialize,-23.5,-23.5,-5.59375,-5.59375,17.90625
Unregular,-23.625,-23.625,-5.71875,-5.71875,17.90625
Buttonholder,-23.625,-23.625,-5.71875,-5.71875,17.90625
Conelrads,-23.375,-23.375,-5.46875,-5.46875,17.90625
Brainworker,-23.75,-23.75,-5.84375,-5.84375,17.90625
Intelligencer,-23.25,-23.25,-5.34375,-5.34375,17.90625
Homoblastic,-23.625,-23.625,-5.71875,-5.71875,17.90625
Mopeiest,-23.5,-23.5,-5.59375,-5.59375,17.90625
Crayer,-23.5,-23.5,-5.59375,-5.59375,17.90625
Whoremonger,-23.75,-23.75,-5.84375,-5.84375,17.90625
Maugis,-23.75,-23.75,-5.84375,-5.84375,17.90625
Postexist,-23.625,-23.625,-5.71875,-5.71875,17.90625
Homocerebrin,-23.375,-23.375,-5.46875,-5.46875,17.90625
Shaikh,-23.5,-23.5,-5.59375,-5.59375,17.90625
Ensilist,-23.625,-23.625,-5.71875,-5.71875,17.90625
Welsom,-23.625,-23.625,-5.71875,-5.71875,17.90625
Nonpassible,-23.375,-23.375,-5.46875,-5.46875,17.90625
Splenoid,-23.375,-23.375,-5.46875,-5.46875,17.90625
Chelator,-23.75,-23.75,-5.84375,-5.84375,17.90625
Heteropelmous,-23.375,-23.375,-5.46875,-5.46875,17.90625
Prescriber,-23.625,-23.625,-5.71875,-5.71875,17.90625
Protestantism,-24.0,-24.0,-6.09375,-6.09375,17.90625
Delirant,-23.625,-23.625,-5.71875,-5.71875,17.90625
Antineutral,-23.5,-23.5,-5.625,-5.625,17.875
Provocant,-23.5,-23.5,-5.625,-5.625,17.875
Provocational,-23.375,-23.375,-5.5,-5.5,17.875
Phonometer,-23.375,-23.375,-5.5,-5.5,17.875
Suaveolent,-23.5,-23.5,-5.625,-5.625,17.875
Preassigns,-23.5,-23.5,-5.625,-5.625,17.875
Semineutral,-23.375,-23.375,-5.5,-5.5,17.875
Curculionist,-23.375,-23.375,-5.5,-5.5,17.875
Criticist,-23.5,-23.5,-5.625,-5.625,17.875
Resenter,-23.5,-23.5,-5.625,-5.625,17.875
Inflater,-23.5,-23.5,-5.625,-5.625,17.875
Nonferocious,-23.375,-23.375,-5.5,-5.5,17.875
Semitertian,-23.25,-23.25,-5.375,-5.375,17.875
Turtleneck,-23.25,-23.25,-5.375,-5.375,17.875
Philornithic,-23.5,-23.5,-5.625,-5.625,17.875
Conceder,-23.5,-23.5,-5.625,-5.625,17.875
Festoonery,-23.375,-23.375,-5.5,-5.5,17.875
Genethlic,-23.5,-23.5,-5.625,-5.625,17.875
Entermete,-23.5,-23.5,-5.625,-5.625,17.875
Pyramidologist,-23.25,-23.25,-5.375,-5.375,17.875
Semipertinent,-23.5,-23.5,-5.625,-5.625,17.875
Predeterminant,-23.5,-23.5,-5.625,-5.625,17.875
Pipework,-23.25,-23.25,-5.375,-5.375,17.875
Syconidae,-23.5,-23.5,-5.625,-5.625,17.875
Accompanist,-23.375,-23.375,-5.5,-5.5,17.875
Silicify,-23.5,-23.5,-5.625,-5.625,17.875
Departure,-23.5,-23.5,-5.625,-5.625,17.875
Picaroon,-23.375,-23.375,-5.5,-5.5,17.875
Reservative,-23.5,-23.5,-5.625,-5.625,17.875
Incommodity,-23.375,-23.375,-5.5,-5.5,17.875
Emulge,-23.5,-23.5,-5.625,-5.625,17.875
Evangelistship,-23.625,-23.625,-5.75,-5.75,17.875
Unmysterious,-23.5,-23.5,-5.625,-5.625,17.875
Underrealize,-23.5,-23.5,-5.625,-5.625,17.875
Reerect,-23.5,-23.5,-5.625,-5.625,17.875
Flagstaffs,-23.25,-23.25,-5.375,-5.375,17.875
Broacher,-23.25,-23.25,-5.375,-5.375,17.875
Semianimal,-23.25,-23.25,-5.375,-5.375,17.875
Rogues,-23.375,-23.375,-5.5,-5.5,17.875
Barrage,-23.625,-23.625,-5.75,-5.75,17.875
Symptomical,-23.5,-23.5,-5.625,-5.625,17.875
Undexterous,-23.375,-23.375,-5.5,-5.5,17.875
Sericulturist,-23.375,-23.375,-5.5,-5.5,17.875
Withdaw,-23.25,-23.25,-5.375,-5.375,17.875
Nonremedy,-23.375,-23.375,-5.5,-5.5,17.875
Mockish,-23.5,-23.5,-5.625,-5.625,17.875
Archbishoprics,-23.625,-23.625,-5.75,-5.75,17.875
Manuevers,-23.625,-23.625,-5.75,-5.75,17.875
Transmogrifier,-23.25,-23.25,-5.375,-5.375,17.875
Invocative,-23.25,-23.25,-5.375,-5.375,17.875
Whippers,-23.375,-23.375,-5.5,-5.5,17.875
Preaffirmative,-23.625,-23.625,-5.75,-5.75,17.875
Ratiocinations,-23.375,-23.375,-5.5,-5.5,17.875
Unannunciative,-23.5,-23.5,-5.625,-5.625,17.875
Bridemaid,-23.125,-23.125,-5.25,-5.25,17.875
Nonsteroid,-23.25,-23.25,-5.375,-5.375,17.875
Prostitutor,-23.375,-23.375,-5.5,-5.5,17.875
Entrepot,-23.5,-23.5,-5.625,-5.625,17.875
Romancers,-23.25,-23.25,-5.375,-5.375,17.875
Upwound,-23.5,-23.5,-5.625,-5.625,17.875
Nonmyopic,-23.5,-23.5,-5.625,-5.625,17.875
Dyophysitic,-23.375,-23.375,-5.5,-5.5,17.875
Cryptical,-23.5,-23.5,-5.625,-5.625,17.875
Evacuative,-23.375,-23.375,-5.5,-5.5,17.875
Archegone,-23.375,-23.375,-5.5,-5.5,17.875
Paughty,-23.25,-23.25,-5.375,-5.375,17.875
Whipcrack,-23.375,-23.375,-5.5,-5.5,17.875
Purportless,-23.375,-23.375,-5.5,-5.5,17.875
Phonestheme,-23.5,-23.5,-5.625,-5.625,17.875
Overruler,-23.375,-23.375,-5.5,-5.5,17.875
Nonversatility,-23.375,-23.375,-5.5,-5.5,17.875
Slavemonger,-23.375,-23.375,-5.5,-5.5,17.875
Homozygosity,-23.5,-23.5,-5.625,-5.625,17.875
Redistrict,-23.375,-23.375,-5.5,-5.5,17.875
Imploratory,-23.5,-23.5,-5.625,-5.625,17.875
Phonol,-23.5,-23.5,-5.625,-5.625,17.875
Turboblower,-23.375,-23.375,-5.5,-5.5,17.875
Synthol,-23.25,-23.25,-5.375,-5.375,17.875
Sybaritical,-23.375,-23.375,-5.5,-5.5,17.875
Immortaliser,-23.5,-23.5,-5.625,-5.625,17.875
Ronsardist,-23.5,-23.5,-5.625,-5.625,17.875
Phociform,-23.5,-23.5,-5.625,-5.625,17.875
Rivulariaceous,-23.25,-23.25,-5.375,-5.375,17.875
Transducer,-23.625,-23.625,-5.8125,-5.8125,17.8125
Precess,-23.5,-23.5,-5.6875,-5.6875,17.8125
Garlandless,-23.625,-23.625,-5.8125,-5.8125,17.8125
Rasure,-23.625,-23.625,-5.8125,-5.8125,17.8125
Noneducatory,-23.5,-23.5,-5.6875,-5.6875,17.8125
Superproduce,-23.375,-23.375,-5.5625,-5.5625,17.8125
Inulaceous,-23.5,-23.5,-5.6875,-5.6875,17.8125
Tornadic,-23.5,-23.5,-5.6875,-5.6875,17.8125
Vigesimo,-23.75,-23.75,-5.9375,-5.9375,17.8125
Knuckle,-23.25,-23.25,-5.4375,-5.4375,17.8125
Tinkerbird,-23.5,-23.5,-5.6875,-5.6875,17.8125
Lamnoid,-23.625,-23.625,-5.8125,-5.8125,17.8125
Preinstructive,-23.5,-23.5,-5.6875,-5.6875,17.8125
Uncomplemental,-23.75,-23.75,-5.9375,-5.9375,17.8125
Bisync,-23.5,-23.5,-5.6875,-5.6875,17.8125
Porism,-23.75,-23.75,-5.9375,-5.9375,17.8125
Noneruptive,-23.5,-23.5,-5.6875,-5.6875,17.8125
Bepuff,-23.5,-23.5,-5.6875,-5.6875,17.8125
Philogenitive,-23.625,-23.625,-5.8125,-5.8125,17.8125
Reduplicatory,-23.625,-23.625,-5.8125,-5.8125,17.8125
Contester,-23.625,-23.625,-5.8125,-5.8125,17.8125
Silicles,-23.5,-23.5,-5.6875,-5.6875,17.8125
Paronymize,-23.75,-23.75,-5.9375,-5.9375,17.8125
Reseen,-23.625,-23.625,-5.8125,-5.8125,17.8125
Entrail,-23.5,-23.5,-5.6875,-5.6875,17.8125
Unactual,-23.625,-23.625,-5.8125,-5.8125,17.8125
Uncoaxal,-23.5,-23.5,-5.6875,-5.6875,17.8125
Misrecite,-23.625,-23.625,-5.8125,-5.8125,17.8125
Pretrace,-23.625,-23.625,-5.8125,-5.8125,17.8125
Undismay,-23.5,-23.5,-5.6875,-5.6875,17.8125
Reimbush,-23.5,-23.5,-5.6875,-5.6875,17.8125
Doublespeak,-23.5,-23.5,-5.6875,-5.6875,17.8125
Precautionary,-23.5,-23.5,-5.6875,-5.6875,17.8125
Antiprimer,-23.75,-23.75,-5.9375,-5.9375,17.8125
Flioma,-23.625,-23.625,-5.8125,-5.8125,17.8125
Minvend,-23.5,-23.5,-5.6875,-5.6875,17.8125
Platens,-23.5,-23.5,-5.6875,-5.6875,17.8125
Pretextuous,-23.625,-23.625,-5.8125,-5.8125,17.8125
Constructer,-23.625,-23.625,-5.8125,-5.8125,17.8125
Standoff,-23.5,-23.5,-5.6875,-5.6875,17.8125
Knightlike,-23.5,-23.5,-5.6875,-5.6875,17.8125
Fibroblastic,-23.375,-23.375,-5.5625,-5.5625,17.8125
Enomotarch,-23.625,-23.625,-5.8125,-5.8125,17.8125
Citynesses,-23.875,-23.875,-6.0625,-6.0625,17.8125
Finesser,-23.625,-23.625,-5.8125,-5.8125,17.8125
Nonsingularity,-23.625,-23.625,-5.8125,-5.8125,17.8125
Premonarchal,-23.625,-23.625,-5.8125,-5.8125,17.8125
Paulinist,-23.5,-23.5,-5.6875,-5.6875,17.8125
Agnate,-23.75,-23.75,-5.9375,-5.9375,17.8125
Deadtongue,-23.25,-23.25,-5.4375,-5.4375,17.8125
Multigerm,-23.625,-23.625,-5.8125,-5.8125,17.8125
Uncognoscible,-23.5,-23.5,-5.6875,-5.6875,17.8125
Suggillate,-23.5,-23.5,-5.6875,-5.6875,17.8125
Antilogarithms,-23.625,-23.625,-5.84375,-5.84375,17.78125
Millclapper,-23.375,-23.375,-5.59375,-5.59375,17.78125
Superwrought,-23.25,-23.25,-5.46875,-5.46875,17.78125
Orchidotomy,-23.375,-23.375,-5.59375,-5.59375,17.78125
Lupercal,-23.0,-23.0,-5.21875,-5.21875,17.78125
Abominates,-23.25,-23.25,-5.46875,-5.46875,17.78125
Homotaxial,-23.625,-23.625,-5.84375,-5.84375,17.78125
Latchmen,-23.5,-23.5,-5.71875,-5.71875,17.78125
Huggery,-23.375,-23.375,-5.59375,-5.59375,17.78125
Inirritative,-23.5,-23.5,-5.71875,-5.71875,17.78125
Coproite,-23.625,-23.625,-5.84375,-5.84375,17.78125
Collectivity,-23.5,-23.5,-5.71875,-5.71875,17.78125
Rescripts,-23.5,-23.5,-5.71875,-5.71875,17.78125
Pentyne,-23.5,-23.5,-5.71875,-5.71875,17.78125
Livens,-23.5,-23.5,-5.71875,-5.71875,17.78125
Reford,-23.25,-23.25,-5.46875,-5.46875,17.78125
Stummer,-23.625,-23.625,-5.84375,-5.84375,17.78125
Milkshake,-23.5,-23.5,-5.71875,-5.71875,17.78125
Unominous,-23.5,-23.5,-5.71875,-5.71875,17.78125
Enslave,-23.5,-23.5,-5.71875,-5.71875,17.78125
Neighbour,-23.25,-23.25,-5.46875,-5.46875,17.78125
Unregressive,-23.5,-23.5,-5.71875,-5.71875,17.78125
Unmagnetical,-23.375,-23.375,-5.59375,-5.59375,17.78125
Oppugnate,-23.625,-23.625,-5.84375,-5.84375,17.78125
Brazilin,-23.5,-23.5,-5.71875,-5.71875,17.78125
Fusions,-23.5,-23.5,-5.71875,-5.71875,17.78125
Melancholish,-23.25,-23.25,-5.46875,-5.46875,17.78125
Phthalocyanine,-23.5,-23.5,-5.71875,-5.71875,17.78125
Vilipend,-23.375,-23.375,-5.59375,-5.59375,17.78125
Swirrer,-23.375,-23.375,-5.59375,-5.59375,17.78125
Sulphury,-23.375,-23.375,-5.59375,-5.59375,17.78125
Fruitgrower,-23.125,-23.125,-5.34375,-5.34375,17.78125
Neocubism,-23.75,-23.75,-5.96875,-5.96875,17.78125
Disaffirmance,-23.75,-23.75,-5.96875,-5.96875,17.78125
Haruspices,-23.5,-23.5,-5.71875,-5.71875,17.78125
Absampere,-23.375,-23.375,-5.59375,-5.59375,17.78125
Source,-23.5,-23.5,-5.71875,-5.71875,17.78125
Transvalue,-23.75,-23.75,-5.96875,-5.96875,17.78125
Unusuality,-23.625,-23.625,-5.84375,-5.84375,17.78125
Lamprophony,-23.625,-23.625,-5.84375,-5.84375,17.78125
Trimeric,-23.5,-23.5,-5.71875,-5.71875,17.78125
Belialist,-23.25,-23.25,-5.46875,-5.46875,17.78125
Platitudinism,-23.75,-23.75,-5.96875,-5.96875,17.78125
Coconstituent,-23.25,-23.25,-5.46875,-5.46875,17.78125
Pileiform,-23.625,-23.625,-5.84375,-5.84375,17.78125
Parabolicalism,-23.75,-23.75,-5.96875,-5.96875,17.78125
Poephagus,-23.375,-23.375,-5.59375,-5.59375,17.78125
Sematography,-23.5,-23.5,-5.71875,-5.71875,17.78125
Nonmediative,-23.625,-23.625,-5.84375,-5.84375,17.78125
Dummerer,-23.625,-23.625,-5.84375,-5.84375,17.78125
Dollmaker,-23.25,-23.25,-5.46875,-5.46875,17.78125
Togate,-23.625,-23.625,-5.84375,-5.84375,17.78125
Totemist,-23.25,-23.25,-5.46875,-5.46875,17.78125
Cramps,-23.25,-23.25,-5.46875,-5.46875,17.78125
Hypostatise,-23.5,-23.5,-5.71875,-5.71875,17.78125
Communitorium,-23.5,-23.5,-5.71875,-5.71875,17.78125
Douvecot,-23.5,-23.5,-5.71875,-5.71875,17.78125
Inquisitorship,-23.625,-23.625,-5.84375,-5.84375,17.78125
Dulcian,-23.25,-23.25,-5.46875,-5.46875,17.78125
Underspin,-23.5,-23.5,-5.71875,-5.71875,17.78125
Concentrations,-23.75,-23.75,-5.96875,-5.96875,17.78125
Punier,-23.625,-23.625,-5.84375,-5.84375,17.78125
Superpure,-23.375,-23.375,-5.59375,-5.59375,17.78125
Oecist,-23.375,-23.375,-5.59375,-5.59375,17.78125
Carbonyl,-23.375,-23.375,-5.59375,-5.59375,17.78125
Chylous,-23.5,-23.5,-5.71875,-5.71875,17.78125
Releasability,-23.5,-23.5,-5.71875,-5.71875,17.78125
Pelasgian,-23.125,-23.125,-5.34375,-5.34375,17.78125
Occasionalism,-23.75,-23.75,-5.96875,-5.96875,17.78125
Retrain,-23.5,-23.5,-5.71875,-5.71875,17.78125
Pendative,-23.125,-23.125,-5.34375,-5.34375,17.78125
Suppurates,-23.5,-23.5,-5.71875,-5.71875,17.78125
Emperorship,-23.375,-23.375,-5.59375,-5.59375,17.78125
Octect,-23.5,-23.5,-5.71875,-5.71875,17.78125
Nonredemptible,-23.375,-23.375,-5.59375,-5.59375,17.78125
Lutemaker,-23.375,-23.375,-5.59375,-5.59375,17.78125
Anelasticity,-23.875,-23.875,-6.09375,-6.09375,17.78125
Cribral,-23.5,-23.5,-5.71875,-5.71875,17.78125
Isobase,-23.625,-23.625,-5.84375,-5.84375,17.78125
Underzealot,-23.25,-23.25,-5.46875,-5.46875,17.78125
Chameleonic,-23.75,-23.75,-5.96875,-5.96875,17.78125
Nonindustrious,-23.125,-23.125,-5.34375,-5.34375,17.78125
Phalangida,-23.625,-23.625,-5.84375,-5.84375,17.78125
Unmonopolize,-23.75,-23.75,-5.96875,-5.96875,17.78125
Bismuthide,-23.5,-23.5,-5.71875,-5.71875,17.78125
Roundhead,-23.5,-23.5,-5.71875,-5.71875,17.78125
Printscript,-23.5,-23.5,-5.71875,-5.71875,17.78125
Skidpan,-23.125,-23.125,-5.34375,-5.34375,17.78125
Tuguria,-23.5,-23.5,-5.71875,-5.71875,17.78125
Outsmarts,-23.5,-23.5,-5.71875,-5.71875,17.78125
Unmelodic,-23.375,-23.375,-5.59375,-5.59375,17.78125
Postabdominal,-23.375,-23.375,-5.59375,-5.59375,17.78125
Fickle,-23.5,-23.5,-5.71875,-5.71875,17.78125
Cantonments,-23.625,-23.625,-5.84375,-5.84375,17.78125
Protases,-23.375,-23.375,-5.59375,-5.59375,17.78125
Lehrman,-23.125,-23.125,-5.34375,-5.34375,17.78125
Carancha,-23.625,-23.625,-5.84375,-5.84375,17.78125
Biopsy,-23.5,-23.5,-5.71875,-5.71875,17.78125
Idolise,-23.5,-23.5,-5.71875,-5.71875,17.78125
Unskillful,-23.375,-23.375,-5.59375,-5.59375,17.78125
Rumormonger,-23.375,-23.375,-5.59375,-5.59375,17.78125
Crustosis,-23.625,-23.625,-5.84375,-5.84375,17.78125
Dilatator,-23.375,-23.375,-5.59375,-5.59375,17.78125
Ingrammaticism,-23.75,-23.75,-5.96875,-5.96875,17.78125
Pursuitmeter,-23.375,-23.375,-5.59375,-5.59375,17.78125
Aelurophobe,-23.5,-23.5,-5.71875,-5.71875,17.78125
Symmedian,-23.375,-23.375,-5.59375,-5.59375,17.78125
Magyaran,-23.625,-23.625,-5.84375,-5.84375,17.78125
Stomacher,-23.25,-23.25,-5.46875,-5.46875,17.78125
Controverter,-23.5,-23.5,-5.71875,-5.71875,17.78125
Embole,-23.25,-23.25,-5.46875,-5.46875,17.78125
Evasive,-23.375,-23.375,-5.59375,-5.59375,17.78125
Astogeny,-23.25,-23.25,-5.46875,-5.46875,17.78125
Squibcrack,-23.125,-23.125,-5.34375,-5.34375,17.78125
Receptant,-23.375,-23.375,-5.59375,-5.59375,17.78125
Overprotective,-23.375,-23.375,-5.59375,-5.59375,17.78125
Kantians,-23.75,-23.75,-5.96875,-5.96875,17.78125
Obovate,-23.5,-23.5,-5.71875,-5.71875,17.78125
Regenerators,-23.375,-23.375,-5.59375,-5.59375,17.78125
Traditioner,-23.625,-23.625,-5.84375,-5.84375,17.78125
Rissian,-23.5,-23.5,-5.71875,-5.71875,17.78125
Nonrhythmic,-23.5,-23.5,-5.71875,-5.71875,17.78125
Immoderate,-23.375,-23.375,-5.59375,-5.59375,17.78125
Valvelike,-23.5,-23.5,-5.71875,-5.71875,17.78125
Newspapermen,-23.25,-23.25,-5.46875,-5.46875,17.78125
Gingelies,-23.625,-23.625,-5.84375,-5.84375,17.78125
Praesertim,-23.375,-23.375,-5.59375,-5.59375,17.78125
Hararese,-23.375,-23.375,-5.59375,-5.59375,17.78125
Unmercurial,-23.5,-23.5,-5.71875,-5.71875,17.78125
Psetta,-23.375,-23.375,-5.59375,-5.59375,17.78125
Periost,-23.375,-23.375,-5.59375,-5.59375,17.78125
Torchlike,-23.625,-23.625,-5.84375,-5.84375,17.78125
Intrusive,-23.5,-23.5,-5.71875,-5.71875,17.78125
Civilize,-23.875,-23.875,-6.09375,-6.09375,17.78125
Eliminations,-23.375,-23.375,-5.59375,-5.59375,17.78125
Borghese,-23.375,-23.375,-5.59375,-5.59375,17.78125
Comitant,-23.625,-23.625,-5.84375,-5.84375,17.78125
Cocciform,-23.5,-23.5,-5.71875,-5.71875,17.78125
Centipede,-23.125,-23.125,-5.34375,-5.34375,17.78125
Dissonous,-23.375,-23.375,-5.59375,-5.59375,17.78125
Unlatches,-23.25,-23.25,-5.46875,-5.46875,17.78125
Sentential,-23.5,-23.5,-5.71875,-5.71875,17.78125
Idealistic,-23.375,-23.375,-5.59375,-5.59375,17.78125
Shafii,-23.5,-23.5,-5.71875,-5.71875,17.78125
Preapprehend,-23.5,-23.5,-5.71875,-5.71875,17.78125
Untextual,-23.5,-23.5,-5.71875,-5.71875,17.78125
Multinuclear,-23.375,-23.375,-5.59375,-5.59375,17.78125
Prorectorate,-23.625,-23.625,-5.84375,-5.84375,17.78125
Prelithic,-23.25,-23.25,-5.46875,-5.46875,17.78125
Fetichlike,-23.625,-23.625,-5.84375,-5.84375,17.78125
Invocatory,-23.625,-23.625,-5.84375,-5.84375,17.78125
Corchorus,-23.5,-23.5,-5.71875,-5.71875,17.78125
Unaccordance,-23.375,-23.375,-5.59375,-5.59375,17.78125
Portfolio,-23.375,-23.375,-5.59375,-5.59375,17.78125
Undervaluer,-23.625,-23.625,-5.84375,-5.84375,17.78125
Impulsive,-23.5,-23.5,-5.71875,-5.71875,17.78125
Hypobromite,-23.625,-23.625,-5.84375,-5.84375,17.78125
Posteromedian,-23.375,-23.375,-5.59375,-5.59375,17.78125
Pentastichous,-23.375,-23.375,-5.59375,-5.59375,17.78125
Rubine,-23.5,-23.5,-5.71875,-5.71875,17.78125
Tintometry,-23.375,-23.375,-5.59375,-5.59375,17.78125
Hypodicrotous,-23.5,-23.5,-5.71875,-5.71875,17.78125
Haplosis,-23.625,-23.625,-5.84375,-5.84375,17.78125
Absolutest,-23.25,-23.25,-5.46875,-5.46875,17.78125
Lagopus,-23.5,-23.5,-5.71875,-5.71875,17.78125
Bestialize,-23.375,-23.375,-5.59375,-5.59375,17.78125
Hemeralope,-23.25,-23.25,-5.46875,-5.46875,17.78125
Dihydrogen,-23.25,-23.25,-5.46875,-5.46875,17.78125
Priggism,-23.625,-23.625,-5.84375,-5.84375,17.78125
Insuetude,-23.625,-23.625,-5.84375,-5.84375,17.78125
Cottoneer,-23.375,-23.375,-5.59375,-5.59375,17.78125
Unstandard,-23.375,-23.375,-5.59375,-5.59375,17.78125
Transude,-23.5,-23.5,-5.71875,-5.71875,17.78125
Microorganism,-23.25,-23.25,-5.46875,-5.46875,17.78125
Panorpian,-23.25,-23.25,-5.46875,-5.46875,17.78125
Unroots,-23.625,-23.625,-5.84375,-5.84375,17.78125
Unlight,-23.625,-23.625,-5.84375,-5.84375,17.78125
Adiagnostic,-23.375,-23.375,-5.59375,-5.59375,17.78125
Pizzles,-23.375,-23.375,-5.59375,-5.59375,17.78125
Frigorific,-23.375,-23.375,-5.59375,-5.59375,17.78125
Buphaga,-23.5,-23.5,-5.71875,-5.71875,17.78125
Resentments,-23.625,-23.625,-5.84375,-5.84375,17.78125
Perforators,-23.625,-23.625,-5.84375,-5.84375,17.78125
Proletarian,-23.5,-23.5,-5.71875,-5.71875,17.78125
Formicicide,-23.375,-23.375,-5.59375,-5.59375,17.78125
Haggard,-23.375,-23.375,-5.59375,-5.59375,17.78125
Outrant,-23.375,-23.375,-5.59375,-5.59375,17.78125
Suasory,-23.5,-23.5,-5.71875,-5.71875,17.78125
Unjocund,-23.375,-23.375,-5.59375,-5.59375,17.78125
Renowner,-23.5,-23.5,-5.71875,-5.71875,17.78125
Vanillins,-23.375,-23.375,-5.59375,-5.59375,17.78125
Supercilia,-23.625,-23.625,-5.84375,-5.84375,17.78125
Pomptine,-23.375,-23.375,-5.59375,-5.59375,17.78125
Arrester,-23.25,-23.25,-5.46875,-5.46875,17.78125
Detergency,-23.5,-23.5,-5.71875,-5.71875,17.78125
Predicaments,-23.375,-23.375,-5.59375,-5.59375,17.78125
Lushes,-23.375,-23.375,-5.59375,-5.59375,17.78125
Hoghead,-22.75,-22.75,-4.96875,-4.96875,17.78125
Cynomorphic,-23.375,-23.375,-5.59375,-5.59375,17.78125
Upslant,-23.5,-23.5,-5.71875,-5.71875,17.78125
Presearch,-23.625,-23.625,-5.84375,-5.84375,17.78125
Allergy,-23.375,-23.375,-5.59375,-5.59375,17.78125
Immaturity,-23.625,-23.625,-5.84375,-5.84375,17.78125
Plunderess,-23.25,-23.25,-5.46875,-5.46875,17.78125
Islamism,-24.25,-24.25,-6.46875,-6.46875,17.78125
Nighest,-23.375,-23.375,-5.59375,-5.59375,17.78125
Overmagnetic,-23.75,-23.75,-5.96875,-5.96875,17.78125
Liberality,-23.875,-23.875,-6.09375,-6.09375,17.78125
Prognosticates,-23.375,-23.375,-5.59375,-5.59375,17.78125
Estrogenicity,-23.5,-23.5,-5.71875,-5.71875,17.78125
Disseizor,-23.5,-23.5,-5.71875,-5.71875,17.78125
Unregenerative,-23.375,-23.375,-5.59375,-5.59375,17.78125
Singers,-23.75,-23.75,-5.96875,-5.96875,17.78125
Viscidize,-23.625,-23.625,-5.84375,-5.84375,17.78125
Inscrutability,-23.625,-23.625,-5.84375,-5.84375,17.78125
Nonspeaker,-23.5,-23.5,-5.71875,-5.71875,17.78125
Coelector,-23.625,-23.625,-5.84375,-5.84375,17.78125
Drouth,-23.125,-23.125,-5.34375,-5.34375,17.78125
Biosynthesis,-23.5,-23.5,-5.71875,-5.71875,17.78125
Standardise,-23.625,-23.625,-5.84375,-5.84375,17.78125
Splenoma,-23.375,-23.375,-5.59375,-5.59375,17.78125
Paralogism,-24.0,-24.0,-6.21875,-6.21875,17.78125
Biblicism,-24.0,-24.0,-6.21875,-6.21875,17.78125
Teutonism,-23.875,-23.875,-6.09375,-6.09375,17.78125
Burlesquer,-23.375,-23.375,-5.59375,-5.59375,17.78125
Uncivil,-23.5,-23.5,-5.71875,-5.71875,17.78125
Anagenesis,-23.625,-23.625,-5.84375,-5.84375,17.78125
Lexicologist,-23.5,-23.5,-5.71875,-5.71875,17.78125
Oxindole,-23.75,-23.75,-5.96875,-5.96875,17.78125
Allegorist,-23.25,-23.25,-5.46875,-5.46875,17.78125
Phoenix,-23.5,-23.5,-5.71875,-5.71875,17.78125
Plowman,-23.5,-23.5,-5.71875,-5.71875,17.78125
Isolationists,-23.75,-23.75,-5.96875,-5.96875,17.78125
Superdanger,-23.25,-23.25,-5.46875,-5.46875,17.78125
Somniloquous,-23.5,-23.5,-5.71875,-5.71875,17.78125
Anthracitic,-23.375,-23.375,-5.59375,-5.59375,17.78125
Catachresti,-23.375,-23.375,-5.59375,-5.59375,17.78125
Livetrap,-23.625,-23.625,-5.84375,-5.84375,17.78125
Repolymerize,-23.375,-23.375,-5.59375,-5.59375,17.78125
Eleaticism,-23.625,-23.625,-5.84375,-5.84375,17.78125
Proceremonial,-23.25,-23.25,-5.46875,-5.46875,17.78125
Diabolise,-23.625,-23.625,-5.84375,-5.84375,17.78125
Satiates,-23.375,-23.375,-5.59375,-5.59375,17.78125
Nonundulate,-23.5,-23.5,-5.71875,-5.71875,17.78125
Paroxytone,-23.5,-23.5,-5.71875,-5.71875,17.78125
Reister,-23.375,-23.375,-5.59375,-5.59375,17.78125
Pentamerism,-23.75,-23.75,-5.96875,-5.96875,17.78125
Undiscernible,-23.5,-23.5,-5.71875,-5.71875,17.78125
Aizoaceous,-23.5,-23.5,-5.71875,-5.71875,17.78125
Prediscovery,-23.375,-23.375,-5.59375,-5.59375,17.78125
Expostulator,-23.375,-23.375,-5.59375,-5.59375,17.78125
Resawer,-23.625,-23.625,-5.84375,-5.84375,17.78125
Grungy,-23.375,-23.375,-5.59375,-5.59375,17.78125
Antiquarism,-23.75,-23.75,-5.96875,-5.96875,17.78125
Nonarrogancy,-23.625,-23.625,-5.84375,-5.84375,17.78125
Narcisms,-23.875,-23.875,-6.09375,-6.09375,17.78125
Postcart,-23.375,-23.375,-5.59375,-5.59375,17.78125
Counterdecree,-23.625,-23.625,-5.84375,-5.84375,17.78125
Spermine,-23.5,-23.5,-5.71875,-5.71875,17.78125
Loghead,-23.125,-23.125,-5.34375,-5.34375,17.78125
Exteroceptor,-23.5,-23.5,-5.71875,-5.71875,17.78125
Overmild,-23.375,-23.375,-5.59375,-5.59375,17.78125
Jorist,-23.375,-23.375,-5.59375,-5.59375,17.78125
Worder,-23.5,-23.5,-5.71875,-5.71875,17.78125
Nonporous,-23.25,-23.25,-5.46875,-5.46875,17.78125
Circumvolute,-23.5,-23.5,-5.71875,-5.71875,17.78125
Paracoele,-23.5,-23.5,-5.71875,-5.71875,17.78125
Overliver,-23.375,-23.375,-5.59375,-5.59375,17.78125
Imbrex,-23.25,-23.25,-5.46875,-5.46875,17.78125
Caconychia,-23.125,-23.125,-5.34375,-5.34375,17.78125
Homaloptera,-23.5,-23.5,-5.71875,-5.71875,17.78125
Agglomerates,-23.75,-23.75,-5.96875,-5.96875,17.78125
Besplit,-23.625,-23.625,-5.84375,-5.84375,17.78125
Hygiastics,-23.25,-23.25,-5.46875,-5.46875,17.78125
Allotheist,-23.375,-23.375,-5.59375,-5.59375,17.78125
Outredden,-23.25,-23.25,-5.46875,-5.46875,17.78125
Nonalarmist,-23.375,-23.375,-5.59375,-5.59375,17.78125
Pamphysicism,-23.5,-23.5,-5.71875,-5.71875,17.78125
Sublieutenant,-23.125,-23.125,-5.34375,-5.34375,17.78125
Precooler,-23.25,-23.25,-5.46875,-5.46875,17.78125
Cyathium,-23.375,-23.375,-5.59375,-5.59375,17.78125
Supertax,-23.625,-23.625,-5.84375,-5.84375,17.78125
Cynism,-23.625,-23.625,-5.84375,-5.84375,17.78125
Unobscure,-23.375,-23.375,-5.59375,-5.59375,17.78125
Urostegal,-23.375,-23.375,-5.59375,-5.59375,17.78125
Snakelike,-23.125,-23.125,-5.34375,-5.34375,17.78125
Antiflash,-23.75,-23.75,-5.96875,-5.96875,17.78125
Prelapsarian,-23.25,-23.25,-5.46875,-5.46875,17.78125
Deputizes,-23.625,-23.625,-5.84375,-5.84375,17.78125
Resatisfy,-23.5,-23.5,-5.71875,-5.71875,17.78125
Unmerry,-23.25,-23.25,-5.46875,-5.46875,17.78125
Minilanguage,-23.5,-23.5,-5.71875,-5.71875,17.78125
Penetral,-23.5,-23.5,-5.71875,-5.71875,17.78125
Reinduct,-23.625,-23.625,-5.84375,-5.84375,17.78125
Liguorian,-23.625,-23.625,-5.84375,-5.84375,17.78125
Liturgistical,-23.5,-23.5,-5.71875,-5.71875,17.78125
Monarchal,-23.375,-23.375,-5.59375,-5.59375,17.78125
Racelike,-23.5,-23.5,-5.71875,-5.71875,17.78125
Megalecithal,-23.375,-23.375,-5.59375,-5.59375,17.78125
Reptilelike,-23.375,-23.375,-5.59375,-5.59375,17.78125
Muslins,-23.875,-23.875,-6.09375,-6.09375,17.78125
Tetramerism,-23.875,-23.875,-6.09375,-6.09375,17.78125
Predicatory,-23.5,-23.5,-5.71875,-5.71875,17.78125
Nitroso,-23.375,-23.375,-5.59375,-5.59375,17.78125
Insuavity,-23.625,-23.625,-5.84375,-5.84375,17.78125
Beclatter,-23.375,-23.375,-5.59375,-5.59375,17.78125
Unloose,-23.375,-23.375,-5.59375,-5.59375,17.78125
Exorcista,-23.25,-23.25,-5.46875,-5.46875,17.78125
Enfume,-23.5,-23.5,-5.71875,-5.71875,17.78125
Scopious,-23.375,-23.375,-5.59375,-5.59375,17.78125
Obliquangular,-23.75,-23.75,-5.96875,-5.96875,17.78125
Radiate,-23.625,-23.625,-5.84375,-5.84375,17.78125
Abrogators,-23.75,-23.75,-5.96875,-5.96875,17.78125
Postfixal,-23.375,-23.375,-5.59375,-5.59375,17.78125
Contemns,-23.375,-23.375,-5.59375,-5.59375,17.78125
Eurasiatic,-23.625,-23.625,-5.84375,-5.84375,17.78125
Quincubitalism,-23.75,-23.75,-5.96875,-5.96875,17.78125
Achier,-23.5,-23.5,-5.71875,-5.71875,17.78125
Verbomaniac,-23.5,-23.5,-5.71875,-5.71875,17.78125
Electroimpulse,-23.5,-23.5,-5.71875,-5.71875,17.78125
Barchan,-23.5,-23.5,-5.71875,-5.71875,17.78125
Caisson,-23.5,-23.5,-5.71875,-5.71875,17.78125
Maladjustive,-23.25,-23.25,-5.46875,-5.46875,17.78125
Sonoriferous,-23.5,-23.5,-5.71875,-5.71875,17.78125
Extravert,-23.625,-23.625,-5.84375,-5.84375,17.78125
Dessil,-23.125,-23.125,-5.34375,-5.34375,17.78125
Denaturalise,-23.5,-23.5,-5.71875,-5.71875,17.78125
Droppage,-23.375,-23.375,-5.59375,-5.59375,17.78125
Unpropice,-23.375,-23.375,-5.59375,-5.59375,17.78125
Babbitt,-23.125,-23.125,-5.34375,-5.34375,17.78125
Nonretardative,-23.125,-23.125,-5.34375,-5.34375,17.78125
Gemmules,-23.5,-23.5,-5.71875,-5.71875,17.78125
Exocrines,-23.375,-23.375,-5.59375,-5.59375,17.78125
Paranosic,-23.5,-23.5,-5.71875,-5.71875,17.78125
Exossate,-23.375,-23.375,-5.59375,-5.59375,17.78125
Uppish,-23.375,-23.375,-5.59375,-5.59375,17.78125
Conquistador,-23.125,-23.125,-5.34375,-5.34375,17.78125
Decompile,-23.5,-23.5,-5.71875,-5.71875,17.78125
Piscis,-23.125,-23.125,-5.34375,-5.34375,17.78125
Rubeoloid,-23.375,-23.375,-5.59375,-5.59375,17.78125
Unincisive,-23.5,-23.5,-5.71875,-5.71875,17.78125
Cobdenite,-23.5,-23.5,-5.71875,-5.71875,17.78125
Monoclinian,-23.5,-23.5,-5.71875,-5.71875,17.78125
Penile,-23.375,-23.375,-5.59375,-5.59375,17.78125
Wimblelike,-23.625,-23.625,-5.84375,-5.84375,17.78125
Shallower,-23.375,-23.375,-5.59375,-5.59375,17.78125
Unpatrician,-23.375,-23.375,-5.59375,-5.59375,17.78125
Nonconvergence,-23.75,-23.75,-5.96875,-5.96875,17.78125
Fledgiest,-23.375,-23.375,-5.59375,-5.59375,17.78125
Morons,-23.5,-23.5,-5.71875,-5.71875,17.78125
Syntonin,-23.625,-23.625,-5.84375,-5.84375,17.78125
Nonconvivial,-23.5,-23.5,-5.71875,-5.71875,17.78125
Drumbler,-23.0,-23.0,-5.21875,-5.21875,17.78125
Exigence,-23.25,-23.25,-5.46875,-5.46875,17.78125
Dispensate,-23.625,-23.625,-5.84375,-5.84375,17.78125
Reparative,-23.375,-23.375,-5.59375,-5.59375,17.78125
Catagories,-23.375,-23.375,-5.59375,-5.59375,17.78125
Recipiency,-23.625,-23.625,-5.84375,-5.84375,17.78125
Villalike,-23.625,-23.625,-5.84375,-5.84375,17.78125
Truncage,-23.375,-23.375,-5.59375,-5.59375,17.78125
Repressibility,-23.75,-23.75,-5.96875,-5.96875,17.78125
Hemianopic,-23.5,-23.5,-5.71875,-5.71875,17.78125
Presuspend,-23.625,-23.625,-5.84375,-5.84375,17.78125
Pyromucate,-23.5,-23.5,-5.71875,-5.71875,17.78125
Deadpans,-23.375,-23.375,-5.59375,-5.59375,17.78125
Shacko,-23.375,-23.375,-5.59375,-5.59375,17.78125
Declensions,-23.5,-23.5,-5.71875,-5.71875,17.78125
Antiphonal,-23.5,-23.5,-5.71875,-5.71875,17.78125
Discrepancries,-23.375,-23.375,-5.59375,-5.59375,17.78125
Exdividend,-23.625,-23.625,-5.84375,-5.84375,17.78125
Tertius,-23.375,-23.375,-5.59375,-5.59375,17.78125
Nemeses,-23.5,-23.5,-5.71875,-5.71875,17.78125
Accelerative,-23.5,-23.5,-5.71875,-5.71875,17.78125
Pterocletes,-23.5,-23.5,-5.71875,-5.71875,17.78125
Pleach,-23.375,-23.375,-5.59375,-5.59375,17.78125
Repossesses,-23.375,-23.375,-5.59375,-5.59375,17.78125
Backhouses,-23.5,-23.5,-5.71875,-5.71875,17.78125
Petrinism,-23.75,-23.75,-5.96875,-5.96875,17.78125
Counterpose,-23.875,-23.875,-6.09375,-6.09375,17.78125
Occlusion,-23.25,-23.25,-5.46875,-5.46875,17.78125
Lattin,-23.375,-23.375,-5.59375,-5.59375,17.78125
Antiagglutinin,-23.625,-23.625,-5.84375,-5.84375,17.78125
Prinks,-23.25,-23.25,-5.46875,-5.46875,17.78125
Autacoids,-23.625,-23.625,-5.84375,-5.84375,17.78125
Tetanigenous,-23.125,-23.125,-5.34375,-5.34375,17.78125
Pitmaker,-23.375,-23.375,-5.59375,-5.59375,17.78125
Disarticulator,-23.5,-23.5,-5.71875,-5.71875,17.78125
Japannery,-23.375,-23.375,-5.59375,-5.59375,17.78125
Sports,-23.5,-23.5,-5.71875,-5.71875,17.78125
Halitoses,-23.75,-23.75,-5.96875,-5.96875,17.78125
Expanse,-23.375,-23.375,-5.59375,-5.59375,17.78125
Jobmonger,-23.375,-23.375,-5.59375,-5.59375,17.78125
Cheung,-23.75,-23.75,-5.96875,-5.96875,17.78125
Staters,-23.625,-23.625,-5.84375,-5.84375,17.78125
Dimagnesic,-23.5,-23.5,-5.71875,-5.71875,17.78125
Disorderer,-23.25,-23.25,-5.46875,-5.46875,17.78125
Philopornist,-23.5,-23.5,-5.71875,-5.71875,17.78125
Pretorium,-23.5,-23.5,-5.71875,-5.71875,17.78125
Stigmatist,-23.125,-23.125,-5.34375,-5.34375,17.78125
Stupent,-23.25,-23.25,-5.46875,-5.46875,17.78125
Nonoccult,-23.375,-23.375,-5.59375,-5.59375,17.78125
Motherland,-23.75,-23.75,-5.96875,-5.96875,17.78125
Comitragedy,-23.625,-23.625,-5.84375,-5.84375,17.78125
Capitoline,-23.125,-23.125,-5.34375,-5.34375,17.78125
Disporum,-23.625,-23.625,-5.84375,-5.84375,17.78125
Nonpunctual,-23.25,-23.25,-5.46875,-5.46875,17.78125
Polygrammatic,-23.5,-23.5,-5.71875,-5.71875,17.78125
Disseizure,-23.625,-23.625,-5.84375,-5.84375,17.78125
Blatancy,-23.5,-23.5,-5.71875,-5.71875,17.78125
Colossality,-23.625,-23.625,-5.84375,-5.84375,17.78125
Odometer,-23.5,-23.5,-5.71875,-5.71875,17.78125
Nonpictorial,-23.375,-23.375,-5.59375,-5.59375,17.78125
Phanic,-23.375,-23.375,-5.59375,-5.59375,17.78125
Indeficiency,-23.75,-23.75,-5.96875,-5.96875,17.78125
Nosairian,-23.375,-23.375,-5.59375,-5.59375,17.78125
Tallymen,-23.25,-23.25,-5.46875,-5.46875,17.78125
Unequality,-23.75,-23.75,-5.96875,-5.96875,17.78125
Belecture,-23.625,-23.625,-5.84375,-5.84375,17.78125
Divident,-23.5,-23.5,-5.71875,-5.71875,17.78125
Minuthesis,-23.5,-23.5,-5.71875,-5.71875,17.78125
Cancroid,-23.375,-23.375,-5.59375,-5.59375,17.78125
Unmercantile,-23.375,-23.375,-5.59375,-5.59375,17.78125
Communalistic,-23.375,-23.375,-5.59375,-5.59375,17.78125
Religion,-23.625,-23.625,-5.84375,-5.84375,17.78125
Predate,-23.5,-23.5,-5.71875,-5.71875,17.78125
Spitefuller,-23.375,-23.375,-5.59375,-5.59375,17.78125
Befist,-23.375,-23.375,-5.59375,-5.59375,17.78125
Snatchy,-23.375,-23.375,-5.59375,-5.59375,17.78125
Cascan,-23.25,-23.25,-5.46875,-5.46875,17.78125
Repone,-23.625,-23.625,-5.84375,-5.84375,17.78125
Precinctive,-23.5,-23.5,-5.71875,-5.71875,17.78125
Sheathery,-23.375,-23.375,-5.59375,-5.59375,17.78125
Anticize,-23.875,-23.875,-6.09375,-6.09375,17.78125
Nonempiricism,-23.75,-23.75,-5.96875,-5.96875,17.78125
Tillet,-23.5,-23.5,-5.71875,-5.71875,17.78125
Cubatures,-23.625,-23.625,-5.84375,-5.84375,17.78125
Freeholder,-23.375,-23.375,-5.59375,-5.59375,17.78125
Quinologist,-23.375,-23.375,-5.59375,-5.59375,17.78125
Envigor,-23.5,-23.5,-5.71875,-5.71875,17.78125
Octocentenary,-23.625,-23.625,-5.84375,-5.84375,17.78125
Subregent,-23.625,-23.625,-5.84375,-5.84375,17.78125
Tumour,-23.375,-23.375,-5.59375,-5.59375,17.78125
Rhamnite,-23.5,-23.5,-5.71875,-5.71875,17.78125
Infinitesimal,-23.5,-23.5,-5.71875,-5.71875,17.78125
Orogen,-23.375,-23.375,-5.59375,-5.59375,17.78125
Pipecolin,-23.5,-23.5,-5.71875,-5.71875,17.78125
Bramantesque,-23.25,-23.25,-5.46875,-5.46875,17.78125
Vapourise,-23.375,-23.375,-5.59375,-5.59375,17.78125
Nonforensic,-23.5,-23.5,-5.71875,-5.71875,17.78125
Knaggy,-23.125,-23.125,-5.34375,-5.34375,17.78125
Applegrower,-23.375,-23.375,-5.59375,-5.59375,17.78125
Postpositional,-23.625,-23.625,-5.84375,-5.84375,17.78125
Phonomotor,-23.375,-23.375,-5.59375,-5.59375,17.78125
Cratometry,-23.75,-23.75,-5.96875,-5.96875,17.78125
Raasch,-23.5,-23.5,-5.71875,-5.71875,17.78125
Overvoltage,-23.625,-23.625,-5.84375,-5.84375,17.78125
Typefounder,-23.5,-23.5,-5.71875,-5.71875,17.78125
Arsedine,-23.375,-23.375,-5.59375,-5.59375,17.78125
Cacodaemoniac,-23.375,-23.375,-5.59375,-5.59375,17.78125
Harvestless,-23.375,-23.375,-5.59375,-5.59375,17.78125
Intents,-23.5,-23.5,-5.71875,-5.71875,17.78125
Beneficential,-23.375,-23.375,-5.59375,-5.59375,17.78125
Eunomian,-23.75,-23.75,-5.96875,-5.96875,17.78125
Pretergress,-23.375,-23.375,-5.59375,-5.59375,17.78125
Longspun,-23.375,-23.375,-5.59375,-5.59375,17.78125
Pargeboard,-23.375,-23.375,-5.59375,-5.59375,17.78125
Poultrydom,-23.625,-23.625,-5.84375,-5.84375,17.78125
Abluvion,-23.5,-23.5,-5.71875,-5.71875,17.78125
Recurses,-23.25,-23.25,-5.46875,-5.46875,17.78125
Cadmopone,-23.25,-23.25,-5.46875,-5.46875,17.78125
Dispersion,-23.75,-23.75,-5.96875,-5.96875,17.78125
Dictate,-23.5,-23.5,-5.71875,-5.71875,17.78125
Sporogony,-23.5,-23.5,-5.71875,-5.71875,17.78125
Microcomputer,-23.25,-23.25,-5.46875,-5.46875,17.78125
Pigeon,-23.25,-23.25,-5.46875,-5.46875,17.78125
Inspectress,-23.125,-23.125,-5.34375,-5.34375,17.78125
Emporium,-23.25,-23.25,-5.46875,-5.46875,17.78125
Enosis,-23.75,-23.75,-5.96875,-5.96875,17.78125
Subpostscript,-23.5,-23.5,-5.71875,-5.71875,17.78125
Puddingwives,-23.25,-23.25,-5.46875,-5.46875,17.78125
Kairotic,-23.5,-23.5,-5.71875,-5.71875,17.78125
Strawlike,-23.625,-23.625,-5.84375,-5.84375,17.78125
Uncorrigible,-23.5,-23.5,-5.71875,-5.71875,17.78125
Tyrannism,-23.875,-23.875,-6.09375,-6.09375,17.78125
Subcancellate,-23.75,-23.75,-5.96875,-5.96875,17.78125
Intrusion,-23.5,-23.5,-5.71875,-5.71875,17.78125
Upstage,-23.5,-23.5,-5.71875,-5.71875,17.78125
Herapathite,-23.375,-23.375,-5.59375,-5.59375,17.78125
Societarian,-23.625,-23.625,-5.84375,-5.84375,17.78125
Overknavery,-23.625,-23.625,-5.84375,-5.84375,17.78125
Guesdism,-23.75,-23.75,-5.96875,-5.96875,17.78125
Preotic,-23.5,-23.5,-5.71875,-5.71875,17.78125
Inorganic,-23.5,-23.5,-5.71875,-5.71875,17.78125
Homework,-22.875,-22.875,-5.125,-5.125,17.75
Forebespeak,-23.375,-23.375,-5.625,-5.625,17.75
Damnedest,-23.0,-23.0,-5.25,-5.25,17.75
Aposteriori,-23.5,-23.5,-5.75,-5.75,17.75
Coriariaceous,-23.375,-23.375,-5.625,-5.625,17.75
Cryptomere,-23.375,-23.375,-5.625,-5.625,17.75
Slumps,-23.375,-23.375,-5.625,-5.625,17.75
Jesuitist,-23.25,-23.25,-5.5,-5.5,17.75
Fusulae,-23.375,-23.375,-5.625,-5.625,17.75
Gunfighter,-23.125,-23.125,-5.375,-5.375,17.75
Unasterisk,-23.375,-23.375,-5.625,-5.625,17.75
Homotransplant,-23.5,-23.5,-5.75,-5.75,17.75
Conceptacular,-23.375,-23.375,-5.625,-5.625,17.75
Wharfless,-23.25,-23.25,-5.5,-5.5,17.75
Powderizer,-23.375,-23.375,-5.625,-5.625,17.75
Dictyodromous,-23.375,-23.375,-5.625,-5.625,17.75
Gnatter,-23.125,-23.125,-5.375,-5.375,17.75
Pellicula,-22.875,-22.875,-5.125,-5.125,17.75
Ornithologic,-23.375,-23.375,-5.625,-5.625,17.75
Photochemist,-23.375,-23.375,-5.625,-5.625,17.75
Yeastless,-22.875,-22.875,-5.125,-5.125,17.75
Epizoite,-23.125,-23.125,-5.375,-5.375,17.75
Protogenetic,-23.25,-23.25,-5.5,-5.5,17.75
Glanditerous,-23.375,-23.375,-5.625,-5.625,17.75
Merchanteer,-23.125,-23.125,-5.375,-5.375,17.75
Synchromism,-23.625,-23.625,-5.875,-5.875,17.75
Cryptogamian,-23.25,-23.25,-5.5,-5.5,17.75
Semioblivious,-23.375,-23.375,-5.625,-5.625,17.75
Accedence,-23.375,-23.375,-5.625,-5.625,17.75
Epithecal,-23.375,-23.375,-5.625,-5.625,17.75
Semiorganic,-23.375,-23.375,-5.625,-5.625,17.75
Unstow,-23.375,-23.375,-5.625,-5.625,17.75
Potshoot,-23.25,-23.25,-5.5,-5.5,17.75
Impleads,-23.5,-23.5,-5.75,-5.75,17.75
Divulgate,-23.375,-23.375,-5.625,-5.625,17.75
Redismiss,-23.25,-23.25,-5.5,-5.5,17.75
Semiconoidal,-23.375,-23.375,-5.625,-5.625,17.75
Descrier,-23.25,-23.25,-5.5,-5.5,17.75
Befancy,-23.375,-23.375,-5.625,-5.625,17.75
Cautionry,-23.125,-23.125,-5.375,-5.375,17.75
Photoemission,-23.375,-23.375,-5.625,-5.625,17.75
Outfame,-23.375,-23.375,-5.625,-5.625,17.75
Wherewith,-23.25,-23.25,-5.5,-5.5,17.75
Productile,-23.125,-23.125,-5.375,-5.375,17.75
Piedmontite,-23.125,-23.125,-5.375,-5.375,17.75
Polyglottery,-23.5,-23.5,-5.75,-5.75,17.75
Portress,-23.25,-23.25,-5.5,-5.5,17.75
Recushion,-23.375,-23.375,-5.625,-5.625,17.75
Synclines,-23.375,-23.375,-5.625,-5.625,17.75
Resawyer,-23.5,-23.5,-5.75,-5.75,17.75
Hydrographer,-23.25,-23.25,-5.5,-5.5,17.75
Therian,-23.375,-23.375,-5.625,-5.625,17.75
Leafworm,-23.25,-23.25,-5.5,-5.5,17.75
Telepheme,-23.5,-23.5,-5.75,-5.75,17.75
Caruage,-23.375,-23.375,-5.625,-5.625,17.75
Immoral,-23.25,-23.25,-5.5,-5.5,17.75
Digynia,-23.375,-23.375,-5.625,-5.625,17.75
Unluxuriant,-23.125,-23.125,-5.375,-5.375,17.75
Archeologian,-23.125,-23.125,-5.375,-5.375,17.75
Remanufacture,-23.375,-23.375,-5.625,-5.625,17.75
Phragmocone,-23.25,-23.25,-5.5,-5.5,17.75
Semiwoody,-23.375,-23.375,-5.625,-5.625,17.75
Manchet,-23.375,-23.375,-5.625,-5.625,17.75
Yankeefy,-23.125,-23.125,-5.375,-5.375,17.75
Halflife,-23.0,-23.0,-5.25,-5.25,17.75
Diastematic,-23.5,-23.5,-5.75,-5.75,17.75
Predicator,-23.375,-23.375,-5.625,-5.625,17.75
Slithy,-23.125,-23.125,-5.375,-5.375,17.75
Antipestilence,-23.5,-23.5,-5.75,-5.75,17.75
Calumniatory,-23.375,-23.375,-5.625,-5.625,17.75
Fruggin,-22.875,-22.875,-5.125,-5.125,17.75
Diabasic,-23.625,-23.625,-5.875,-5.875,17.75
Slippier,-23.125,-23.125,-5.375,-5.375,17.75
Homaloidal,-23.25,-23.25,-5.5,-5.5,17.75
Spermologist,-23.125,-23.125,-5.375,-5.375,17.75
Pyrrolidine,-23.5,-23.5,-5.75,-5.75,17.75
Phaetons,-23.0,-23.0,-5.25,-5.25,17.75
Snappish,-23.125,-23.125,-5.375,-5.375,17.75
Encrimson,-23.5,-23.5,-5.75,-5.75,17.75
Whinger,-23.125,-23.125,-5.375,-5.375,17.75
Insistent,-23.375,-23.375,-5.625,-5.625,17.75
Unkennel,-23.25,-23.25,-5.5,-5.5,17.75
Comburimeter,-23.5,-23.5,-5.75,-5.75,17.75
Scrabe,-23.125,-23.125,-5.375,-5.375,17.75
Butterflyer,-23.5,-23.5,-5.75,-5.75,17.75
Phytonomy,-23.375,-23.375,-5.625,-5.625,17.75
Jesuitess,-23.375,-23.375,-5.625,-5.625,17.75
Underroast,-23.25,-23.25,-5.5,-5.5,17.75
Snipelike,-23.375,-23.375,-5.625,-5.625,17.75
Nonobstetrical,-23.25,-23.25,-5.5,-5.5,17.75
Slitless,-23.125,-23.125,-5.375,-5.375,17.75
Phrymaceae,-23.125,-23.125,-5.375,-5.375,17.75
Ptinoid,-23.25,-23.25,-5.5,-5.5,17.75
Hermitical,-23.25,-23.25,-5.5,-5.5,17.75
Nonchromosomal,-23.375,-23.375,-5.625,-5.625,17.75
Preplans,-23.375,-23.375,-5.625,-5.625,17.75
Romanceress,-22.875,-22.875,-5.125,-5.125,17.75
Trochiscus,-23.125,-23.125,-5.375,-5.375,17.75
Depositor,-23.375,-23.375,-5.625,-5.625,17.75
Needlecord,-23.375,-23.375,-5.625,-5.625,17.75
Altocumulus,-23.375,-23.375,-5.625,-5.625,17.75
Manful,-23.375,-23.375,-5.625,-5.625,17.75
Gagelike,-23.375,-23.375,-5.625,-5.625,17.75
Tewhit,-23.125,-23.125,-5.375,-5.375,17.75
Sliggeen,-23.125,-23.125,-5.375,-5.375,17.75
Epichile,-23.375,-23.375,-5.625,-5.625,17.75
Nonlucrative,-23.375,-23.375,-5.625,-5.625,17.75
Unhurtful,-23.375,-23.375,-5.625,-5.625,17.75
Portague,-23.25,-23.25,-5.5,-5.5,17.75
Portrayist,-23.375,-23.375,-5.625,-5.625,17.75
Isogamous,-23.375,-23.375,-5.625,-5.625,17.75
Sextry,-23.125,-23.125,-5.375,-5.375,17.75
Picornavirus,-23.5,-23.5,-5.75,-5.75,17.75
Phasor,-23.25,-23.25,-5.5,-5.5,17.75
Trainer,-23.125,-23.125,-5.375,-5.375,17.75
Ptotic,-23.25,-23.25,-5.5,-5.5,17.75
Prehaunt,-23.125,-23.125,-5.375,-5.375,17.75
Withdraught,-23.25,-23.25,-5.5,-5.5,17.75
Synergid,-23.375,-23.375,-5.625,-5.625,17.75
Hagiologist,-23.625,-23.625,-5.875,-5.875,17.75
Commodity,-23.375,-23.375,-5.625,-5.625,17.75
Psychodelic,-23.0,-23.0,-5.25,-5.25,17.75
Emboil,-23.25,-23.25,-5.5,-5.5,17.75
Nonretardatory,-23.125,-23.125,-5.375,-5.375,17.75
Charco,-23.375,-23.375,-5.625,-5.625,17.75
Embrawn,-23.375,-23.375,-5.625,-5.625,17.75
Torridity,-23.375,-23.375,-5.625,-5.625,17.75
Adventuresome,-22.875,-22.875,-5.125,-5.125,17.75
Conceptacle,-23.375,-23.375,-5.625,-5.625,17.75
Idiogram,-23.25,-23.25,-5.5,-5.5,17.75
Semipastoral,-23.5,-23.5,-5.75,-5.75,17.75
Seminvariant,-23.25,-23.25,-5.5,-5.5,17.75
Subsheriff,-23.375,-23.375,-5.625,-5.625,17.75
Meloplasties,-23.25,-23.25,-5.5,-5.5,17.75
Moider,-23.5,-23.5,-5.8125,-5.8125,17.6875
Citron,-23.5,-23.5,-5.8125,-5.8125,17.6875
Stairlike,-23.5,-23.5,-5.8125,-5.8125,17.6875
Protometallic,-23.5,-23.5,-5.8125,-5.8125,17.6875
Ariegite,-23.375,-23.375,-5.6875,-5.6875,17.6875
Fastigiate,-23.375,-23.375,-5.6875,-5.6875,17.6875
Landwehr,-23.375,-23.375,-5.6875,-5.6875,17.6875
Unannex,-23.625,-23.625,-5.9375,-5.9375,17.6875
Emeutes,-23.5,-23.5,-5.8125,-5.8125,17.6875
Arvicole,-23.375,-23.375,-5.6875,-5.6875,17.6875
Langsat,-23.5,-23.5,-5.8125,-5.8125,17.6875
Arraignability,-23.5,-23.5,-5.8125,-5.8125,17.6875
Unghostlike,-23.5,-23.5,-5.8125,-5.8125,17.6875
Acetonemia,-23.375,-23.375,-5.6875,-5.6875,17.6875
Unduncelike,-23.5,-23.5,-5.8125,-5.8125,17.6875
Ananthous,-23.375,-23.375,-5.6875,-5.6875,17.6875
Rusticism,-23.75,-23.75,-6.0625,-6.0625,17.6875
Distruss,-23.5,-23.5,-5.8125,-5.8125,17.6875
Molecule,-23.625,-23.625,-5.9375,-5.9375,17.6875
Mudlarker,-23.5,-23.5,-5.8125,-5.8125,17.6875
Contraster,-23.5,-23.5,-5.8125,-5.8125,17.6875
Recognosce,-23.375,-23.375,-5.6875,-5.6875,17.6875
Polylithic,-23.5,-23.5,-5.8125,-5.8125,17.6875
Anamorphoscope,-23.5,-23.5,-5.8125,-5.8125,17.6875
Thiazols,-23.625,-23.625,-5.9375,-5.9375,17.6875
Unfortunates,-23.5,-23.5,-5.8125,-5.8125,17.6875
Camaldolesian,-23.625,-23.625,-5.9375,-5.9375,17.6875
Wapiti,-23.375,-23.375,-5.6875,-5.6875,17.6875
Groser,-23.375,-23.375,-5.6875,-5.6875,17.6875
Dijudicate,-23.625,-23.625,-5.9375,-5.9375,17.6875
Hemanalysis,-23.625,-23.625,-5.9375,-5.9375,17.6875
Miscommunicate,-23.625,-23.625,-5.9375,-5.9375,17.6875
Seigniory,-23.5,-23.5,-5.8125,-5.8125,17.6875
Endocytotic,-23.375,-23.375,-5.6875,-5.6875,17.6875
Reconverge,-23.5,-23.5,-5.8125,-5.8125,17.6875
Backjoint,-23.5,-23.5,-5.8125,-5.8125,17.6875
Lector,-23.5,-23.5,-5.8125,-5.8125,17.6875
Vinoacetous,-23.375,-23.375,-5.6875,-5.6875,17.6875
Camshach,-23.375,-23.375,-5.6875,-5.6875,17.6875
Flatnose,-23.375,-23.375,-5.6875,-5.6875,17.6875
Simoon,-23.375,-23.375,-5.6875,-5.6875,17.6875
Misexpression,-23.625,-23.625,-5.9375,-5.9375,17.6875
Beneficient,-23.375,-23.375,-5.6875,-5.6875,17.6875
Adterminal,-23.625,-23.625,-5.9375,-5.9375,17.6875
Cessionary,-23.375,-23.375,-5.6875,-5.6875,17.6875
Peramble,-23.625,-23.625,-5.9375,-5.9375,17.6875
Matutine,-23.5,-23.5,-5.8125,-5.8125,17.6875
Areostyle,-23.5,-23.5,-5.8125,-5.8125,17.6875
Hypomeral,-23.625,-23.625,-5.9375,-5.9375,17.6875
Bawhorse,-23.5,-23.5,-5.8125,-5.8125,17.6875
Tornal,-23.5,-23.5,-5.8125,-5.8125,17.6875
Moustoc,-23.625,-23.625,-5.9375,-5.9375,17.6875
Coveter,-23.5,-23.5,-5.8125,-5.8125,17.6875
Ugarono,-23.5,-23.5,-5.8125,-5.8125,17.6875
Hiplike,-23.375,-23.375,-5.6875,-5.6875,17.6875
Deconcatenate,-23.5,-23.5,-5.8125,-5.8125,17.6875
Plagiotropous,-23.375,-23.375,-5.6875,-5.6875,17.6875
Dockyardman,-23.5,-23.5,-5.8125,-5.8125,17.6875
Outstruck,-23.5,-23.5,-5.8125,-5.8125,17.6875
Spoutlike,-23.375,-23.375,-5.6875,-5.6875,17.6875
Superfervent,-23.125,-23.125,-5.4375,-5.4375,17.6875
Wanshape,-23.5,-23.5,-5.8125,-5.8125,17.6875
Depark,-23.375,-23.375,-5.6875,-5.6875,17.6875
Curbline,-23.5,-23.5,-5.8125,-5.8125,17.6875
Rumorous,-23.25,-23.25,-5.5625,-5.5625,17.6875
Babelic,-23.625,-23.625,-5.9375,-5.9375,17.6875
Philotherian,-23.5,-23.5,-5.8125,-5.8125,17.6875
Mobocracies,-23.625,-23.625,-5.9375,-5.9375,17.6875
Heptavalent,-23.5,-23.5,-5.8125,-5.8125,17.6875
Rebook,-23.5,-23.5,-5.8125,-5.8125,17.6875
Introrsal,-23.5,-23.5,-5.8125,-5.8125,17.6875
Unkinglike,-23.625,-23.625,-5.9375,-5.9375,17.6875
Redeploy,-23.5,-23.5,-5.8125,-5.8125,17.6875
Polyschematist,-23.5,-23.5,-5.8125,-5.8125,17.6875
Faintise,-23.625,-23.625,-5.9375,-5.9375,17.6875
Listerize,-23.5,-23.5,-5.8125,-5.8125,17.6875
Understamp,-23.5,-23.5,-5.8125,-5.8125,17.6875
Unpersonal,-23.625,-23.625,-5.9375,-5.9375,17.6875
Transferor,-23.75,-23.75,-6.0625,-6.0625,17.6875
Fivish,-23.5,-23.5,-5.8125,-5.8125,17.6875
Sirenize,-23.625,-23.625,-5.9375,-5.9375,17.6875
Mitogenicity,-23.75,-23.75,-6.0625,-6.0625,17.6875
Hymenic,-23.5,-23.5,-5.8125,-5.8125,17.6875
Autotractor,-23.375,-23.375,-5.6875,-5.6875,17.6875
Munnopsis,-23.625,-23.625,-5.9375,-5.9375,17.6875
Nontonic,-23.375,-23.375,-5.6875,-5.6875,17.6875
Homager,-23.5,-23.5,-5.8125,-5.8125,17.6875
Scrappler,-23.375,-23.375,-5.6875,-5.6875,17.6875
Underclass,-23.5,-23.5,-5.8125,-5.8125,17.6875
Renegotiates,-23.625,-23.625,-5.9375,-5.9375,17.6875
Preadamic,-23.375,-23.375,-5.6875,-5.6875,17.6875
Foresummer,-23.375,-23.375,-5.6875,-5.6875,17.6875
Resicken,-23.375,-23.375,-5.6875,-5.6875,17.6875
Inductional,-23.5,-23.5,-5.8125,-5.8125,17.6875
Prealveolar,-23.375,-23.375,-5.6875,-5.6875,17.6875
Tattier,-23.375,-23.375,-5.6875,-5.6875,17.6875
Acloud,-23.5,-23.5,-5.8125,-5.8125,17.6875
Adoperate,-23.5,-23.5,-5.8125,-5.8125,17.6875
Fossage,-23.5,-23.5,-5.8125,-5.8125,17.6875
Proselytist,-23.5,-23.5,-5.8125,-5.8125,17.6875
Ischiatic,-23.375,-23.375,-5.6875,-5.6875,17.6875
Fiorin,-23.375,-23.375,-5.6875,-5.6875,17.6875
Haptor,-23.625,-23.625,-5.9375,-5.9375,17.6875
Kamptulicon,-23.375,-23.375,-5.6875,-5.6875,17.6875
Fluoresage,-23.5,-23.5,-5.8125,-5.8125,17.6875
Redistribute,-23.5,-23.5,-5.8125,-5.8125,17.6875
Siegework,-23.375,-23.375,-5.6875,-5.6875,17.6875
Marvellous,-23.5,-23.5,-5.8125,-5.8125,17.6875
Uncledom,-23.875,-23.875,-6.1875,-6.1875,17.6875
Preopercle,-23.375,-23.375,-5.6875,-5.6875,17.6875
Agitato,-23.5,-23.5,-5.8125,-5.8125,17.6875
Nutlike,-23.5,-23.5,-5.8125,-5.8125,17.6875
Seismologist,-23.375,-23.375,-5.6875,-5.6875,17.6875
Umbratical,-23.375,-23.375,-5.6875,-5.6875,17.6875
Modester,-23.625,-23.625,-5.9375,-5.9375,17.6875
Keymove,-23.625,-23.625,-5.9375,-5.9375,17.6875
Sheepless,-23.375,-23.375,-5.6875,-5.6875,17.6875
Flaunch,-23.5,-23.5,-5.8125,-5.8125,17.6875
Foreguidance,-23.5,-23.5,-5.8125,-5.8125,17.6875
Suboctile,-23.5,-23.5,-5.8125,-5.8125,17.6875
Lecithal,-23.375,-23.375,-5.6875,-5.6875,17.6875
Parthenogenic,-23.5,-23.5,-5.8125,-5.8125,17.6875
Goodyism,-23.875,-23.875,-6.1875,-6.1875,17.6875
Meltage,-23.5,-23.5,-5.8125,-5.8125,17.6875
Eubacteria,-23.375,-23.375,-5.6875,-5.6875,17.6875
Acouasm,-23.625,-23.625,-5.9375,-5.9375,17.6875
Outimage,-23.5,-23.5,-5.8125,-5.8125,17.6875
Subdendroid,-23.5,-23.5,-5.8125,-5.8125,17.6875
Tendon,-23.375,-23.375,-5.6875,-5.6875,17.6875
Cissoid,-23.375,-23.375,-5.6875,-5.6875,17.6875
Exoclinal,-23.375,-23.375,-5.6875,-5.6875,17.6875
Honeysuck,-23.375,-23.375,-5.6875,-5.6875,17.6875
Protide,-23.375,-23.375,-5.6875,-5.6875,17.6875
Transship,-23.5,-23.5,-5.8125,-5.8125,17.6875
Rinkite,-23.375,-23.375,-5.6875,-5.6875,17.6875
Cardel,-23.5,-23.5,-5.8125,-5.8125,17.6875
Satanical,-23.5,-23.5,-5.8125,-5.8125,17.6875
Nonascetic,-23.375,-23.375,-5.6875,-5.6875,17.6875
Brushless,-23.5,-23.5,-5.8125,-5.8125,17.6875
Aduncate,-23.5,-23.5,-5.8125,-5.8125,17.6875
Rereads,-23.375,-23.375,-5.71875,-5.71875,17.65625
Panman,-23.375,-23.375,-5.71875,-5.71875,17.65625
Temser,-23.5,-23.5,-5.84375,-5.84375,17.65625
Ructions,-23.25,-23.25,-5.59375,-5.59375,17.65625
Communistery,-23.5,-23.5,-5.84375,-5.84375,17.65625
Superdebt,-23.375,-23.375,-5.71875,-5.71875,17.65625
Subpagoda,-23.5,-23.5,-5.84375,-5.84375,17.65625
Queers,-23.0,-23.0,-5.34375,-5.34375,17.65625
Deflective,-23.375,-23.375,-5.71875,-5.71875,17.65625
Jobmistress,-23.0,-23.0,-5.34375,-5.34375,17.65625
Juicer,-23.0,-23.0,-5.34375,-5.34375,17.65625
Transcriptions,-23.625,-23.625,-5.96875,-5.96875,17.65625
Estrous,-23.25,-23.25,-5.59375,-5.59375,17.65625
Brownistic,-23.125,-23.125,-5.46875,-5.46875,17.65625
Uncentrical,-23.375,-23.375,-5.71875,-5.71875,17.65625
Shoddy,-23.125,-23.125,-5.46875,-5.46875,17.65625
Argentinian,-23.125,-23.125,-5.46875,-5.46875,17.65625
Relevator,-23.375,-23.375,-5.71875,-5.71875,17.65625
Abatements,-23.375,-23.375,-5.71875,-5.71875,17.65625
Malandrous,-23.25,-23.25,-5.59375,-5.59375,17.65625
Gangplows,-23.125,-23.125,-5.46875,-5.46875,17.65625
Tabanuco,-23.25,-23.25,-5.59375,-5.59375,17.65625
Unhinge,-23.375,-23.375,-5.71875,-5.71875,17.65625
Proprietors,-23.5,-23.5,-5.84375,-5.84375,17.65625
Atropal,-23.375,-23.375,-5.71875,-5.71875,17.65625
Monopodies,-23.375,-23.375,-5.71875,-5.71875,17.65625
Tartwomen,-23.375,-23.375,-5.71875,-5.71875,17.65625
Reshape,-23.5,-23.5,-5.84375,-5.84375,17.65625
Abbreviators,-23.5,-23.5,-5.84375,-5.84375,17.65625
Naology,-23.625,-23.625,-5.96875,-5.96875,17.65625
Pedigrees,-23.5,-23.5,-5.84375,-5.84375,17.65625
Incoherency,-23.75,-23.75,-6.09375,-6.09375,17.65625
Lowland,-23.25,-23.25,-5.59375,-5.59375,17.65625
Menace,-23.375,-23.375,-5.71875,-5.71875,17.65625
Ladyfish,-23.375,-23.375,-5.71875,-5.71875,17.65625
Leitmotiv,-23.5,-23.5,-5.84375,-5.84375,17.65625
Birostrate,-23.625,-23.625,-5.96875,-5.96875,17.65625
Napoleonist,-23.5,-23.5,-5.84375,-5.84375,17.65625
Negativer,-23.375,-23.375,-5.71875,-5.71875,17.65625
Ambidexterity,-23.25,-23.25,-5.59375,-5.59375,17.65625
Flogster,-23.375,-23.375,-5.71875,-5.71875,17.65625
Antiplastic,-23.375,-23.375,-5.71875,-5.71875,17.65625
Plainclothes,-23.25,-23.25,-5.59375,-5.59375,17.65625
Lageniform,-23.375,-23.375,-5.71875,-5.71875,17.65625
Smutchiest,-23.0,-23.0,-5.34375,-5.34375,17.65625
Misology,-23.75,-23.75,-6.09375,-6.09375,17.65625
Scirtopod,-23.125,-23.125,-5.46875,-5.46875,17.65625
Verumontanum,-23.0,-23.0,-5.34375,-5.34375,17.65625
Interjoist,-23.25,-23.25,-5.59375,-5.59375,17.65625
Umbibilici,-23.375,-23.375,-5.71875,-5.71875,17.65625
Unproverbial,-23.375,-23.375,-5.71875,-5.71875,17.65625
Mechanizer,-23.375,-23.375,-5.71875,-5.71875,17.65625
Dinitro,-23.25,-23.25,-5.59375,-5.59375,17.65625
Esoterics,-23.5,-23.5,-5.84375,-5.84375,17.65625
Polyzoic,-23.25,-23.25,-5.59375,-5.59375,17.65625
Sternothere,-23.25,-23.25,-5.59375,-5.59375,17.65625
Retinian,-23.125,-23.125,-5.46875,-5.46875,17.65625
Coudee,-23.5,-23.5,-5.84375,-5.84375,17.65625
Waldorf,-23.25,-23.25,-5.59375,-5.59375,17.65625
Reticularia,-23.25,-23.25,-5.59375,-5.59375,17.65625
Nucleons,-23.5,-23.5,-5.84375,-5.84375,17.65625
Gemologist,-23.375,-23.375,-5.71875,-5.71875,17.65625
Capuan,-23.125,-23.125,-5.46875,-5.46875,17.65625
Disillusive,-23.25,-23.25,-5.59375,-5.59375,17.65625
Oinomels,-23.5,-23.5,-5.84375,-5.84375,17.65625
Spenserian,-23.125,-23.125,-5.46875,-5.46875,17.65625
Polypeptide,-23.375,-23.375,-5.71875,-5.71875,17.65625
Supervenience,-23.625,-23.625,-5.96875,-5.96875,17.65625
Radiobiologic,-23.375,-23.375,-5.71875,-5.71875,17.65625
Chickaree,-23.125,-23.125,-5.46875,-5.46875,17.65625
Supersuborder,-23.75,-23.75,-6.09375,-6.09375,17.65625
Dustheaps,-23.125,-23.125,-5.46875,-5.46875,17.65625
Carboras,-23.25,-23.25,-5.59375,-5.59375,17.65625
Resplice,-23.375,-23.375,-5.71875,-5.71875,17.65625
Hatrail,-23.375,-23.375,-5.71875,-5.71875,17.65625
Catastrophism,-23.625,-23.625,-5.96875,-5.96875,17.65625
Osmogene,-23.75,-23.75,-6.09375,-6.09375,17.65625
Gypsoplast,-23.375,-23.375,-5.71875,-5.71875,17.65625
Shortcoat,-23.5,-23.5,-5.84375,-5.84375,17.65625
Datives,-23.5,-23.5,-5.84375,-5.84375,17.65625
Preinspire,-23.25,-23.25,-5.59375,-5.59375,17.65625
Flamethrower,-23.0,-23.0,-5.34375,-5.34375,17.65625
Frizzlier,-23.25,-23.25,-5.59375,-5.59375,17.65625
Peroxide,-23.375,-23.375,-5.71875,-5.71875,17.65625
Rededicatory,-23.375,-23.375,-5.71875,-5.71875,17.65625
Sorosilicate,-23.375,-23.375,-5.71875,-5.71875,17.65625
Immersion,-23.25,-23.25,-5.59375,-5.59375,17.65625
Silvex,-23.375,-23.375,-5.71875,-5.71875,17.65625
Burghmote,-23.125,-23.125,-5.46875,-5.46875,17.65625
Precreate,-23.375,-23.375,-5.71875,-5.71875,17.65625
Phalanstery,-23.0,-23.0,-5.34375,-5.34375,17.65625
Fusspot,-23.375,-23.375,-5.71875,-5.71875,17.65625
Picudo,-23.5,-23.5,-5.84375,-5.84375,17.65625
Piqueur,-23.375,-23.375,-5.71875,-5.71875,17.65625
Orangiest,-23.125,-23.125,-5.46875,-5.46875,17.65625
Antisiphon,-23.375,-23.375,-5.71875,-5.71875,17.65625
Astrogeny,-23.5,-23.5,-5.84375,-5.84375,17.65625
Chimin,-23.5,-23.5,-5.84375,-5.84375,17.65625
Immortalizes,-23.25,-23.25,-5.59375,-5.59375,17.65625
Modifier,-23.625,-23.625,-5.96875,-5.96875,17.65625
Rammiest,-23.375,-23.375,-5.71875,-5.71875,17.65625
Schematical,-23.375,-23.375,-5.71875,-5.71875,17.65625
Molossian,-23.125,-23.125,-5.46875,-5.46875,17.65625
Dogbush,-23.375,-23.375,-5.71875,-5.71875,17.65625
Steapsins,-23.25,-23.25,-5.59375,-5.59375,17.65625
Lingcod,-23.25,-23.25,-5.59375,-5.59375,17.65625
Spiteproof,-23.25,-23.25,-5.59375,-5.59375,17.65625
Precurricular,-23.375,-23.375,-5.71875,-5.71875,17.65625
Explodent,-23.25,-23.25,-5.59375,-5.59375,17.65625
Cryptozygy,-23.25,-23.25,-5.59375,-5.59375,17.65625
Juncture,-23.625,-23.625,-5.96875,-5.96875,17.65625
Bloodguilty,-23.25,-23.25,-5.59375,-5.59375,17.65625
Mentoniere,-23.25,-23.25,-5.59375,-5.59375,17.65625
Chromospheres,-23.25,-23.25,-5.59375,-5.59375,17.65625
Neologic,-23.5,-23.5,-5.84375,-5.84375,17.65625
Nodiferous,-23.375,-23.375,-5.71875,-5.71875,17.65625
Splint,-23.0,-23.0,-5.34375,-5.34375,17.65625
Coambulant,-23.375,-23.375,-5.71875,-5.71875,17.65625
Directorial,-23.25,-23.25,-5.59375,-5.59375,17.65625
Spinnings,-23.125,-23.125,-5.46875,-5.46875,17.65625
Tinniest,-23.125,-23.125,-5.46875,-5.46875,17.65625
Tercio,-23.5,-23.5,-5.84375,-5.84375,17.65625
Polyzoary,-23.375,-23.375,-5.71875,-5.71875,17.65625
Pyrogenesia,-23.375,-23.375,-5.71875,-5.71875,17.65625
Transfuser,-23.375,-23.375,-5.71875,-5.71875,17.65625
Hypogenesis,-23.75,-23.75,-6.09375,-6.09375,17.65625
Tineoid,-23.375,-23.375,-5.71875,-5.71875,17.65625
Strange,-23.25,-23.25,-5.59375,-5.59375,17.65625
Polysomitic,-23.5,-23.5,-5.84375,-5.84375,17.65625
Tetanises,-23.125,-23.125,-5.46875,-5.46875,17.65625
Conkanee,-23.25,-23.25,-5.59375,-5.59375,17.65625
Statics,-23.5,-23.5,-5.84375,-5.84375,17.65625
Silicotitanate,-23.375,-23.375,-5.71875,-5.71875,17.65625
Abrogate,-23.375,-23.375,-5.71875,-5.71875,17.65625
Antifrost,-23.5,-23.5,-5.84375,-5.84375,17.65625
Padeye,-23.5,-23.5,-5.84375,-5.84375,17.65625
Olympieion,-23.5,-23.5,-5.84375,-5.84375,17.65625
Fairsome,-23.25,-23.25,-5.59375,-5.59375,17.65625
Complaint,-23.375,-23.375,-5.71875,-5.71875,17.65625
Prepend,-23.5,-23.5,-5.84375,-5.84375,17.65625
Compassless,-23.625,-23.625,-5.96875,-5.96875,17.65625
Muckthrift,-23.0,-23.0,-5.34375,-5.34375,17.65625
Acrologism,-23.5,-23.5,-5.84375,-5.84375,17.65625
Pneumatophony,-23.375,-23.375,-5.71875,-5.71875,17.65625
Surcrue,-23.25,-23.25,-5.59375,-5.59375,17.65625
Perosis,-23.5,-23.5,-5.84375,-5.84375,17.65625
Tartnesses,-23.125,-23.125,-5.46875,-5.46875,17.65625
Spirants,-23.5,-23.5,-5.84375,-5.84375,17.65625
Octodentate,-23.125,-23.125,-5.46875,-5.46875,17.65625
Frontier,-23.375,-23.375,-5.71875,-5.71875,17.65625
Invariance,-23.625,-23.625,-5.96875,-5.96875,17.65625
Countour,-23.375,-23.375,-5.71875,-5.71875,17.65625
Choanite,-23.5,-23.5,-5.84375,-5.84375,17.65625
Comandanti,-23.5,-23.5,-5.84375,-5.84375,17.65625
Vintager,-23.375,-23.375,-5.71875,-5.71875,17.65625
Diakinesis,-23.375,-23.375,-5.71875,-5.71875,17.65625
Disciplelike,-23.625,-23.625,-5.96875,-5.96875,17.65625
Staunches,-23.5,-23.5,-5.84375,-5.84375,17.65625
Raucities,-23.25,-23.25,-5.59375,-5.59375,17.65625
Sedative,-23.375,-23.375,-5.71875,-5.71875,17.65625
Unerodent,-23.25,-23.25,-5.59375,-5.59375,17.65625
Paniculate,-23.375,-23.375,-5.71875,-5.71875,17.65625
Typhoemia,-23.25,-23.25,-5.59375,-5.59375,17.65625
Squawtits,-22.875,-22.875,-5.21875,-5.21875,17.65625
Apocyneous,-23.375,-23.375,-5.71875,-5.71875,17.65625
Misseats,-23.375,-23.375,-5.71875,-5.71875,17.65625
Unglorious,-23.125,-23.125,-5.46875,-5.46875,17.65625
Segregator,-23.375,-23.375,-5.71875,-5.71875,17.65625
Footscraper,-23.25,-23.25,-5.59375,-5.59375,17.65625
Depersonalise,-23.375,-23.375,-5.71875,-5.71875,17.65625
Panaritium,-23.25,-23.25,-5.59375,-5.59375,17.65625
Unoccupancy,-23.5,-23.5,-5.84375,-5.84375,17.65625
Neophytish,-23.375,-23.375,-5.71875,-5.71875,17.65625
Limitrophe,-23.5,-23.5,-5.84375,-5.84375,17.65625
Mopiest,-23.375,-23.375,-5.71875,-5.71875,17.65625
Mythopoet,-23.375,-23.375,-5.71875,-5.71875,17.65625
Caddies,-23.375,-23.375,-5.71875,-5.71875,17.65625
Baghouse,-23.25,-23.25,-5.59375,-5.59375,17.65625
Absarokite,-23.25,-23.25,-5.59375,-5.59375,17.65625
Shippound,-23.25,-23.25,-5.59375,-5.59375,17.65625
Ontologism,-23.75,-23.75,-6.09375,-6.09375,17.65625
Carapacic,-23.375,-23.375,-5.71875,-5.71875,17.65625
Cretonne,-23.0,-23.0,-5.34375,-5.34375,17.65625
Sympathizes,-23.375,-23.375,-5.71875,-5.71875,17.65625
Heirdom,-23.875,-23.875,-6.21875,-6.21875,17.65625
Incandent,-23.375,-23.375,-5.71875,-5.71875,17.65625
Nonabstemious,-23.125,-23.125,-5.46875,-5.46875,17.65625
Temporaries,-23.375,-23.375,-5.71875,-5.71875,17.65625
Coplot,-23.625,-23.625,-5.96875,-5.96875,17.65625
Palaestric,-23.25,-23.25,-5.59375,-5.59375,17.65625
Goofballs,-23.5,-23.5,-5.84375,-5.84375,17.65625
Exiler,-23.375,-23.375,-5.71875,-5.71875,17.65625
Unintegral,-23.375,-23.375,-5.71875,-5.71875,17.65625
Befire,-23.25,-23.25,-5.59375,-5.59375,17.65625
Flauntier,-23.25,-23.25,-5.59375,-5.59375,17.65625
Detracter,-23.5,-23.5,-5.84375,-5.84375,17.65625
Cyclometer,-23.5,-23.5,-5.84375,-5.84375,17.65625
Undercurl,-23.375,-23.375,-5.71875,-5.71875,17.65625
Idoistic,-23.25,-23.25,-5.59375,-5.59375,17.65625
Packtrain,-23.375,-23.375,-5.71875,-5.71875,17.65625
Monophylite,-23.25,-23.25,-5.59375,-5.59375,17.65625
Autoaddress,-23.5,-23.5,-5.84375,-5.84375,17.65625
Expounders,-23.375,-23.375,-5.71875,-5.71875,17.65625
Phytase,-23.25,-23.25,-5.59375,-5.59375,17.65625
Exotica,-23.375,-23.375,-5.71875,-5.71875,17.65625
Dolabrate,-23.5,-23.5,-5.84375,-5.84375,17.65625
Unitarist,-23.25,-23.25,-5.59375,-5.59375,17.65625
Grotto,-23.25,-23.25,-5.59375,-5.59375,17.65625
Thymelical,-23.375,-23.375,-5.71875,-5.71875,17.65625
Shriller,-23.375,-23.375,-5.71875,-5.71875,17.65625
Peripetasma,-23.375,-23.375,-5.71875,-5.71875,17.65625
Senilities,-23.5,-23.5,-5.84375,-5.84375,17.65625
Parthenon,-23.25,-23.25,-5.59375,-5.59375,17.65625
Overfault,-23.5,-23.5,-5.84375,-5.84375,17.65625
Audiences,-23.625,-23.625,-5.96875,-5.96875,17.65625
Placabilty,-23.5,-23.5,-5.84375,-5.84375,17.65625
Sericins,-23.375,-23.375,-5.71875,-5.71875,17.65625
Upswells,-23.125,-23.125,-5.46875,-5.46875,17.65625
Antichretic,-23.5,-23.5,-5.84375,-5.84375,17.65625
Negotiates,-23.375,-23.375,-5.71875,-5.71875,17.65625
Sultry,-23.25,-23.25,-5.59375,-5.59375,17.65625
Fetichistic,-23.5,-23.5,-5.84375,-5.84375,17.65625
Streamlike,-23.625,-23.625,-5.96875,-5.96875,17.65625
Lictor,-23.375,-23.375,-5.71875,-5.71875,17.65625
Serfdoms,-23.5,-23.5,-5.84375,-5.84375,17.65625
Embracery,-23.125,-23.125,-5.46875,-5.46875,17.65625
Congratulator,-23.25,-23.25,-5.59375,-5.59375,17.65625
Promilitarism,-23.875,-23.875,-6.21875,-6.21875,17.65625
Subtrench,-23.25,-23.25,-5.59375,-5.59375,17.65625
Capricious,-23.25,-23.25,-5.59375,-5.59375,17.65625
Polygraphs,-23.25,-23.25,-5.59375,-5.59375,17.65625
Workbrittle,-23.5,-23.5,-5.84375,-5.84375,17.65625
Codebook,-23.5,-23.5,-5.84375,-5.84375,17.65625
Nonschematic,-23.375,-23.375,-5.71875,-5.71875,17.65625
Prisondom,-23.75,-23.75,-6.09375,-6.09375,17.65625
Kraurite,-23.375,-23.375,-5.71875,-5.71875,17.65625
Consopite,-23.25,-23.25,-5.59375,-5.59375,17.65625
Dumbstricken,-23.25,-23.25,-5.59375,-5.59375,17.65625
Embarricado,-23.5,-23.5,-5.84375,-5.84375,17.65625
Membracid,-23.5,-23.5,-5.84375,-5.84375,17.65625
Gaycat,-23.125,-23.125,-5.46875,-5.46875,17.65625
Bespatter,-23.25,-23.25,-5.59375,-5.59375,17.65625
Dihexahedral,-23.375,-23.375,-5.71875,-5.71875,17.65625
Mastoidale,-23.375,-23.375,-5.71875,-5.71875,17.65625
Pseudonyms,-23.5,-23.5,-5.84375,-5.84375,17.65625
Indiadem,-23.5,-23.5,-5.84375,-5.84375,17.65625
Pedipulator,-23.375,-23.375,-5.71875,-5.71875,17.65625
Unvenerability,-23.5,-23.5,-5.84375,-5.84375,17.65625
Autotomise,-23.375,-23.375,-5.71875,-5.71875,17.65625
Hypopiesis,-23.5,-23.5,-5.84375,-5.84375,17.65625
Abactinal,-23.25,-23.25,-5.59375,-5.59375,17.65625
Superstatesman,-23.25,-23.25,-5.59375,-5.59375,17.65625
Dodecatyl,-23.25,-23.25,-5.59375,-5.59375,17.65625
Subservience,-23.375,-23.375,-5.71875,-5.71875,17.65625
Adipescent,-23.25,-23.25,-5.59375,-5.59375,17.65625
Indigo,-23.25,-23.25,-5.59375,-5.59375,17.65625
Parachronism,-23.5,-23.5,-5.84375,-5.84375,17.65625
Orthodoxy,-23.625,-23.625,-5.96875,-5.96875,17.65625
Limburger,-23.125,-23.125,-5.46875,-5.46875,17.65625
Serialists,-23.5,-23.5,-5.84375,-5.84375,17.65625
Cosignatory,-23.375,-23.375,-5.71875,-5.71875,17.65625
Remittal,-23.375,-23.375,-5.71875,-5.71875,17.65625
Universalists,-23.5,-23.5,-5.84375,-5.84375,17.65625
Exclusionism,-23.75,-23.75,-6.09375,-6.09375,17.65625
Intermixture,-23.5,-23.5,-5.84375,-5.84375,17.65625
Ponderance,-23.125,-23.125,-5.46875,-5.46875,17.65625
Proturan,-23.25,-23.25,-5.59375,-5.59375,17.65625
Linework,-23.875,-23.875,-6.21875,-6.21875,17.65625
Displicency,-23.625,-23.625,-5.96875,-5.96875,17.65625
Sociocentric,-23.5,-23.5,-5.84375,-5.84375,17.65625
Nicotin,-23.5,-23.5,-5.84375,-5.84375,17.65625
Quamashes,-23.125,-23.125,-5.46875,-5.46875,17.65625
Tanglefish,-23.125,-23.125,-5.46875,-5.46875,17.65625
Lippie,-23.375,-23.375,-5.71875,-5.71875,17.65625
Poverty,-23.375,-23.375,-5.71875,-5.71875,17.65625
Tradename,-23.5,-23.5,-5.84375,-5.84375,17.65625
Syllabify,-23.625,-23.625,-5.96875,-5.96875,17.65625
Unnimble,-23.375,-23.375,-5.71875,-5.71875,17.65625
Frumpiest,-22.875,-22.875,-5.21875,-5.21875,17.65625
Revisible,-23.5,-23.5,-5.84375,-5.84375,17.65625
Pyrophosphatic,-23.375,-23.375,-5.71875,-5.71875,17.65625
Overfine,-23.625,-23.625,-5.96875,-5.96875,17.65625
Underachieves,-23.125,-23.125,-5.46875,-5.46875,17.65625
Overembroider,-23.5,-23.5,-5.84375,-5.84375,17.65625
Dyeware,-23.25,-23.25,-5.59375,-5.59375,17.65625
Symphenomenal,-23.25,-23.25,-5.59375,-5.59375,17.65625
Poulette,-23.125,-23.125,-5.46875,-5.46875,17.65625
Cytopharynx,-23.5,-23.5,-5.84375,-5.84375,17.65625
Unfixative,-23.375,-23.375,-5.71875,-5.71875,17.65625
Donatives,-23.75,-23.75,-6.09375,-6.09375,17.65625
Pillowwork,-23.125,-23.125,-5.46875,-5.46875,17.65625
Monosomatic,-23.25,-23.25,-5.59375,-5.59375,17.65625
Compliance,-23.375,-23.375,-5.71875,-5.71875,17.65625
Unperiphrastic,-23.25,-23.25,-5.59375,-5.59375,17.65625
Pittancer,-23.125,-23.125,-5.46875,-5.46875,17.65625
Faunology,-23.625,-23.625,-5.96875,-5.96875,17.65625
Antitrust,-23.75,-23.75,-6.09375,-6.09375,17.65625
Craspedal,-23.25,-23.25,-5.59375,-5.59375,17.65625
Roboreous,-23.125,-23.125,-5.46875,-5.46875,17.65625
Drupel,-23.25,-23.25,-5.59375,-5.59375,17.65625
Detonize,-23.25,-23.25,-5.59375,-5.59375,17.65625
Cyclists,-23.5,-23.5,-5.84375,-5.84375,17.65625
Supranormal,-23.625,-23.625,-5.96875,-5.96875,17.65625
Exhaust,-23.5,-23.5,-5.84375,-5.84375,17.65625
Constate,-23.5,-23.5,-5.84375,-5.84375,17.65625
Echoless,-23.25,-23.25,-5.59375,-5.59375,17.65625
Protochromium,-23.375,-23.375,-5.71875,-5.71875,17.65625
Kickback,-23.25,-23.25,-5.59375,-5.59375,17.65625
Dantonesque,-23.375,-23.375,-5.71875,-5.71875,17.65625
Logographical,-23.375,-23.375,-5.71875,-5.71875,17.65625
Magiristic,-23.625,-23.625,-5.96875,-5.96875,17.65625
Antirabies,-23.5,-23.5,-5.84375,-5.84375,17.65625
Subprogram,-23.125,-23.125,-5.46875,-5.46875,17.65625
Romyko,-23.5,-23.5,-5.84375,-5.84375,17.65625
Balanidae,-23.375,-23.375,-5.71875,-5.71875,17.65625
Nonevangelical,-23.375,-23.375,-5.71875,-5.71875,17.65625
Readership,-23.5,-23.5,-5.84375,-5.84375,17.65625
Procurate,-23.375,-23.375,-5.71875,-5.71875,17.65625
Chorographer,-23.25,-23.25,-5.59375,-5.59375,17.65625
Jefferisite,-23.375,-23.375,-5.71875,-5.71875,17.65625
Dimissory,-23.625,-23.625,-5.96875,-5.96875,17.65625
Vestige,-23.25,-23.25,-5.59375,-5.59375,17.65625
Nonmanila,-23.375,-23.375,-5.71875,-5.71875,17.65625
Hydratropic,-23.375,-23.375,-5.71875,-5.71875,17.65625
Indiscerpible,-23.375,-23.375,-5.71875,-5.71875,17.65625
Nonexistential,-23.25,-23.25,-5.59375,-5.59375,17.65625
Disomic,-23.5,-23.5,-5.84375,-5.84375,17.65625
Crural,-23.5,-23.5,-5.84375,-5.84375,17.65625
Lungyi,-23.5,-23.5,-5.84375,-5.84375,17.65625
Uliginose,-23.25,-23.25,-5.59375,-5.59375,17.65625
Astrologists,-23.5,-23.5,-5.84375,-5.84375,17.65625
Sorchin,-23.5,-23.5,-5.84375,-5.84375,17.65625
Epiphysis,-23.25,-23.25,-5.59375,-5.59375,17.65625
Overrode,-23.5,-23.5,-5.84375,-5.84375,17.65625
Quadrivalency,-23.5,-23.5,-5.84375,-5.84375,17.65625
Panochas,-23.5,-23.5,-5.84375,-5.84375,17.65625
Immensurate,-23.25,-23.25,-5.59375,-5.59375,17.65625
Reattains,-23.375,-23.375,-5.71875,-5.71875,17.65625
Perisarcous,-23.375,-23.375,-5.71875,-5.71875,17.65625
Militiamen,-23.75,-23.75,-6.09375,-6.09375,17.65625
Cheatee,-23.25,-23.25,-5.59375,-5.59375,17.65625
Pillar,-23.5,-23.5,-5.84375,-5.84375,17.65625
Myrtlelike,-23.75,-23.75,-6.09375,-6.09375,17.65625
Dipsopathy,-23.5,-23.5,-5.84375,-5.84375,17.65625
Stelography,-23.375,-23.375,-5.71875,-5.71875,17.65625
Apollonicon,-23.5,-23.5,-5.84375,-5.84375,17.65625
Ingrains,-23.125,-23.125,-5.46875,-5.46875,17.65625
Teetotalist,-23.25,-23.25,-5.59375,-5.59375,17.65625
Berrichon,-23.5,-23.5,-5.84375,-5.84375,17.65625
Pseudoptosis,-23.25,-23.25,-5.59375,-5.59375,17.65625
Dispersonify,-23.625,-23.625,-5.96875,-5.96875,17.65625
Missend,-23.375,-23.375,-5.71875,-5.71875,17.65625
Colombians,-23.875,-23.875,-6.21875,-6.21875,17.65625
Microperthite,-23.375,-23.375,-5.71875,-5.71875,17.65625
Elytrous,-23.125,-23.125,-5.46875,-5.46875,17.65625
Mistry,-23.625,-23.625,-5.96875,-5.96875,17.65625
Hemiglossal,-23.375,-23.375,-5.71875,-5.71875,17.65625
Ninevitish,-23.375,-23.375,-5.71875,-5.71875,17.65625
Postcubital,-23.25,-23.25,-5.59375,-5.59375,17.65625
Nonobscurities,-23.375,-23.375,-5.71875,-5.71875,17.65625
Diarchial,-23.25,-23.25,-5.59375,-5.59375,17.65625
Nugacious,-23.25,-23.25,-5.59375,-5.59375,17.65625
Constellate,-23.5,-23.5,-5.84375,-5.84375,17.65625
Quadrupedism,-23.75,-23.75,-6.09375,-6.09375,17.65625
Desmology,-23.5,-23.5,-5.84375,-5.84375,17.65625
Spreng,-23.375,-23.375,-5.71875,-5.71875,17.65625
Turkophobist,-23.75,-23.75,-6.09375,-6.09375,17.65625
Trolley,-23.125,-23.125,-5.46875,-5.46875,17.65625
Anthranil,-23.375,-23.375,-5.71875,-5.71875,17.65625
Sinarquista,-23.625,-23.625,-5.96875,-5.96875,17.65625
Fourieristic,-23.375,-23.375,-5.71875,-5.71875,17.65625
Nonoptical,-23.25,-23.25,-5.59375,-5.59375,17.65625
Hasheeshes,-23.625,-23.625,-5.96875,-5.96875,17.65625
Effusiometer,-23.375,-23.375,-5.71875,-5.71875,17.65625
Bedstaff,-23.125,-23.125,-5.46875,-5.46875,17.65625
Carnegie,-23.25,-23.25,-5.59375,-5.59375,17.65625
Sphinxlike,-23.5,-23.5,-5.84375,-5.84375,17.65625
Stercorianism,-23.5,-23.5,-5.84375,-5.84375,17.65625
Huurder,-23.5,-23.5,-5.84375,-5.84375,17.65625
Bister,-23.25,-23.25,-5.59375,-5.59375,17.65625
Intermessage,-23.5,-23.5,-5.84375,-5.84375,17.65625
Unbendsome,-23.25,-23.25,-5.59375,-5.59375,17.65625
Malleus,-23.5,-23.5,-5.84375,-5.84375,17.65625
Uncropt,-23.375,-23.375,-5.71875,-5.71875,17.65625
Unpacific,-23.25,-23.25,-5.59375,-5.59375,17.65625
Onsight,-23.375,-23.375,-5.71875,-5.71875,17.65625
Patrix,-23.375,-23.375,-5.71875,-5.71875,17.65625
Vaganti,-23.5,-23.5,-5.84375,-5.84375,17.65625
Apolarity,-23.5,-23.5,-5.84375,-5.84375,17.65625
Suitings,-23.25,-23.25,-5.59375,-5.59375,17.65625
Reinsane,-23.375,-23.375,-5.71875,-5.71875,17.65625
Depsides,-23.5,-23.5,-5.84375,-5.84375,17.65625
Faience,-23.375,-23.375,-5.71875,-5.71875,17.65625
Aragonian,-23.375,-23.375,-5.71875,-5.71875,17.65625
Chorology,-23.5,-23.5,-5.84375,-5.84375,17.65625
Demogenic,-23.625,-23.625,-5.96875,-5.96875,17.65625
Firkin,-23.25,-23.25,-5.59375,-5.59375,17.65625
Pentasepalous,-23.125,-23.125,-5.46875,-5.46875,17.65625
Popular,-23.5,-23.5,-5.84375,-5.84375,17.65625
Plaister,-23.375,-23.375,-5.71875,-5.71875,17.65625
Neologist,-23.625,-23.625,-5.96875,-5.96875,17.65625
Nizamat,-23.75,-23.75,-6.09375,-6.09375,17.65625
Baccilla,-23.375,-23.375,-5.71875,-5.71875,17.65625
Plutological,-23.5,-23.5,-5.84375,-5.84375,17.65625
Eroteme,-23.25,-23.25,-5.59375,-5.59375,17.65625
Latesome,-23.25,-23.25,-5.59375,-5.59375,17.65625
Exotericism,-23.625,-23.625,-5.96875,-5.96875,17.65625
Euphemy,-23.25,-23.25,-5.59375,-5.59375,17.65625
Weiner,-23.625,-23.625,-5.96875,-5.96875,17.65625
Piscina,-23.125,-23.125,-5.46875,-5.46875,17.65625
Glassblower,-23.25,-23.25,-5.59375,-5.59375,17.65625
Nematognathous,-23.375,-23.375,-5.71875,-5.71875,17.65625
Monosyllabize,-23.25,-23.25,-5.59375,-5.59375,17.65625
Phanerogamous,-23.25,-23.25,-5.59375,-5.59375,17.65625
Underofficials,-23.5,-23.5,-5.84375,-5.84375,17.65625
Scliff,-23.25,-23.25,-5.59375,-5.59375,17.65625
Outpress,-23.375,-23.375,-5.71875,-5.71875,17.65625
Muckrake,-23.125,-23.125,-5.46875,-5.46875,17.65625
Comminister,-23.5,-23.5,-5.84375,-5.84375,17.65625
Betrayer,-23.0,-23.0,-5.34375,-5.34375,17.65625
Circuiter,-23.25,-23.25,-5.59375,-5.59375,17.65625
Carneys,-23.25,-23.25,-5.59375,-5.59375,17.65625
Hanoverianize,-23.75,-23.75,-6.09375,-6.09375,17.65625
Oblivionist,-23.125,-23.125,-5.46875,-5.46875,17.65625
Solomonic,-23.625,-23.625,-5.96875,-5.96875,17.65625
Cordies,-23.25,-23.25,-5.59375,-5.59375,17.65625
Poophyte,-23.125,-23.125,-5.46875,-5.46875,17.65625
Gastraneuria,-23.375,-23.375,-5.71875,-5.71875,17.65625
Excrescent,-23.375,-23.375,-5.71875,-5.71875,17.65625
Malacanthus,-23.0,-23.0,-5.34375,-5.34375,17.65625
Illogic,-23.5,-23.5,-5.84375,-5.84375,17.65625
Prettifiers,-23.375,-23.375,-5.71875,-5.71875,17.65625
Coregnant,-23.375,-23.375,-5.71875,-5.71875,17.65625
Samplemen,-23.0,-23.0,-5.34375,-5.34375,17.65625
Lavenite,-23.625,-23.625,-5.96875,-5.96875,17.65625
Racialistic,-23.5,-23.5,-5.84375,-5.84375,17.65625
Freemanship,-23.5,-23.5,-5.84375,-5.84375,17.65625
Hostilize,-23.375,-23.375,-5.71875,-5.71875,17.65625
Component,-23.375,-23.375,-5.71875,-5.71875,17.65625
Rovetto,-23.625,-23.625,-5.96875,-5.96875,17.65625
Excaudate,-23.375,-23.375,-5.71875,-5.71875,17.65625
Strobic,-23.375,-23.375,-5.71875,-5.71875,17.65625
Intermodillion,-23.5,-23.5,-5.84375,-5.84375,17.65625
Tergeminate,-23.375,-23.375,-5.71875,-5.71875,17.65625
Linstocks,-23.375,-23.375,-5.71875,-5.71875,17.65625
Precontroversy,-23.375,-23.375,-5.71875,-5.71875,17.65625
Cratsmanship,-23.5,-23.5,-5.84375,-5.84375,17.65625
Prefamiliar,-23.375,-23.375,-5.71875,-5.71875,17.65625
Langbanite,-23.375,-23.375,-5.71875,-5.71875,17.65625
Hypogyny,-23.5,-23.5,-5.84375,-5.84375,17.65625
Thioantimonate,-23.375,-23.375,-5.71875,-5.71875,17.65625
Lysines,-23.25,-23.25,-5.59375,-5.59375,17.65625
Supertunic,-23.375,-23.375,-5.71875,-5.71875,17.65625
Cinemactic,-23.125,-23.125,-5.46875,-5.46875,17.65625
Mezzos,-23.375,-23.375,-5.71875,-5.71875,17.65625
Reflectionist,-23.125,-23.125,-5.46875,-5.46875,17.65625
Incenter,-23.5,-23.5,-5.84375,-5.84375,17.65625
Oxyrhinous,-23.5,-23.5,-5.84375,-5.84375,17.65625
Unborne,-23.25,-23.25,-5.59375,-5.59375,17.65625
Apothegm,-23.375,-23.375,-5.71875,-5.71875,17.65625
Congratulatory,-23.25,-23.25,-5.59375,-5.59375,17.65625
Headle,-23.25,-23.25,-5.59375,-5.59375,17.65625
Redolence,-23.125,-23.125,-5.46875,-5.46875,17.65625
Piniest,-23.375,-23.375,-5.71875,-5.71875,17.65625
Bianisidine,-23.25,-23.25,-5.59375,-5.59375,17.65625
Assemblyman,-23.125,-23.125,-5.46875,-5.46875,17.65625
Senescency,-23.5,-23.5,-5.84375,-5.84375,17.65625
Carnosin,-23.5,-23.5,-5.84375,-5.84375,17.65625
Contemper,-23.5,-23.5,-5.84375,-5.84375,17.65625
Correctant,-23.5,-23.5,-5.84375,-5.84375,17.65625
Intonations,-23.375,-23.375,-5.71875,-5.71875,17.65625
Crabbish,-23.125,-23.125,-5.46875,-5.46875,17.65625
Magnelectric,-23.625,-23.625,-5.96875,-5.96875,17.65625
Verificative,-23.5,-23.5,-5.84375,-5.84375,17.65625
Unschizoid,-23.375,-23.375,-5.71875,-5.71875,17.65625
Jingoes,-23.625,-23.625,-5.96875,-5.96875,17.65625
Pugilist,-23.125,-23.125,-5.46875,-5.46875,17.65625
Explicates,-23.625,-23.625,-5.96875,-5.96875,17.65625
Cyphellae,-23.375,-23.375,-5.71875,-5.71875,17.65625
Explosions,-23.125,-23.125,-5.46875,-5.46875,17.65625
Grahamism,-23.625,-23.625,-5.96875,-5.96875,17.65625
Tintinnabulist,-23.0,-23.0,-5.34375,-5.34375,17.65625
Tungsten,-23.375,-23.375,-5.71875,-5.71875,17.65625
Superhuman,-23.125,-23.125,-5.46875,-5.46875,17.65625
Basters,-23.5,-23.5,-5.84375,-5.84375,17.65625
Precordiality,-23.625,-23.625,-5.96875,-5.96875,17.65625
Subshell,-23.625,-23.625,-5.96875,-5.96875,17.65625
Beyerite,-23.75,-23.75,-6.09375,-6.09375,17.65625
Pillas,-23.375,-23.375,-5.71875,-5.71875,17.65625
Sympatholytic,-23.25,-23.25,-5.59375,-5.59375,17.65625
Unesthetic,-23.25,-23.25,-5.59375,-5.59375,17.65625
Involutions,-23.625,-23.625,-5.96875,-5.96875,17.65625
Parthenian,-23.125,-23.125,-5.46875,-5.46875,17.65625
Myoblast,-23.375,-23.375,-5.71875,-5.71875,17.65625
Nonpapal,-23.375,-23.375,-5.71875,-5.71875,17.65625
Spindler,-23.25,-23.25,-5.59375,-5.59375,17.65625
Jailor,-23.5,-23.5,-5.84375,-5.84375,17.65625
Idolisers,-23.625,-23.625,-5.96875,-5.96875,17.65625
Intortus,-23.625,-23.625,-5.96875,-5.96875,17.65625
Interset,-23.375,-23.375,-5.71875,-5.71875,17.65625
Sublong,-23.5,-23.5,-5.84375,-5.84375,17.65625
Turgencies,-23.25,-23.25,-5.59375,-5.59375,17.65625
Dumbcow,-23.0,-23.0,-5.34375,-5.34375,17.65625
Caroba,-23.375,-23.375,-5.71875,-5.71875,17.65625
Caseolysis,-23.5,-23.5,-5.84375,-5.84375,17.65625
Semidiurnal,-23.125,-23.125,-5.46875,-5.46875,17.65625
Backblocks,-23.375,-23.375,-5.71875,-5.71875,17.65625
Antiodontalgic,-23.5,-23.5,-5.84375,-5.84375,17.65625
Plicater,-23.375,-23.375,-5.71875,-5.71875,17.65625
Neatest,-23.25,-23.25,-5.59375,-5.59375,17.65625
Supersensuous,-23.5,-23.5,-5.84375,-5.84375,17.65625
Unflintify,-23.25,-23.25,-5.59375,-5.59375,17.65625
Henbill,-23.625,-23.625,-5.96875,-5.96875,17.65625
Assailers,-23.625,-23.625,-5.96875,-5.96875,17.65625
Seminuria,-23.375,-23.375,-5.71875,-5.71875,17.65625
Uncompt,-23.25,-23.25,-5.59375,-5.59375,17.65625
Rainbowlike,-23.5,-23.5,-5.84375,-5.84375,17.65625
Firefighter,-23.25,-23.25,-5.59375,-5.59375,17.65625
Precondemns,-23.375,-23.375,-5.71875,-5.71875,17.65625
Naegait,-23.375,-23.375,-5.71875,-5.71875,17.65625
Kaiser,-23.375,-23.375,-5.71875,-5.71875,17.65625
Trochiferous,-23.25,-23.25,-5.59375,-5.59375,17.65625
Rinaldo,-23.375,-23.375,-5.71875,-5.71875,17.65625
Falderals,-23.625,-23.625,-5.96875,-5.96875,17.65625
Pounces,-23.25,-23.25,-5.59375,-5.59375,17.65625
Querken,-23.375,-23.375,-5.71875,-5.71875,17.65625
Mannersome,-23.125,-23.125,-5.46875,-5.46875,17.65625
Nanoword,-23.5,-23.5,-5.84375,-5.84375,17.65625
Extranormal,-23.25,-23.25,-5.59375,-5.59375,17.65625
Exanguin,-23.375,-23.375,-5.71875,-5.71875,17.65625
Convenances,-23.375,-23.375,-5.71875,-5.71875,17.65625
Interdigitate,-23.375,-23.375,-5.71875,-5.71875,17.65625
Wallman,-23.75,-23.75,-6.09375,-6.09375,17.65625
Khalal,-23.25,-23.25,-5.59375,-5.59375,17.65625
Unnamability,-23.625,-23.625,-5.96875,-5.96875,17.65625
Syndromic,-23.5,-23.5,-5.84375,-5.84375,17.65625
Uranism,-23.625,-23.625,-5.96875,-5.96875,17.65625
Muttonfishes,-23.625,-23.625,-5.96875,-5.96875,17.65625
Nitrify,-23.25,-23.25,-5.59375,-5.59375,17.65625
Nonliturgic,-23.375,-23.375,-5.71875,-5.71875,17.65625
Articulability,-23.5,-23.5,-5.84375,-5.84375,17.65625
Modica,-23.75,-23.75,-6.09375,-6.09375,17.65625
Rongeur,-23.25,-23.25,-5.59375,-5.59375,17.65625
Instaurate,-23.375,-23.375,-5.71875,-5.71875,17.65625
Outrake,-23.375,-23.375,-5.71875,-5.71875,17.65625
Blennorrhagic,-23.375,-23.375,-5.71875,-5.71875,17.65625
Pentace,-23.25,-23.25,-5.59375,-5.59375,17.65625
Gigget,-23.125,-23.125,-5.46875,-5.46875,17.65625
Unhope,-23.25,-23.25,-5.59375,-5.59375,17.65625
Replicate,-23.25,-23.25,-5.59375,-5.59375,17.65625
Backblow,-23.25,-23.25,-5.59375,-5.59375,17.65625
Democratizer,-23.375,-23.375,-5.71875,-5.71875,17.65625
Piecener,-23.25,-23.25,-5.59375,-5.59375,17.65625
Parathesis,-23.5,-23.5,-5.84375,-5.84375,17.65625
Intransient,-23.375,-23.375,-5.71875,-5.71875,17.65625
Spifflicate,-23.25,-23.25,-5.59375,-5.59375,17.65625
Titleboard,-23.375,-23.375,-5.71875,-5.71875,17.65625
Geylies,-23.125,-23.125,-5.46875,-5.46875,17.65625
Bementite,-23.375,-23.375,-5.71875,-5.71875,17.65625
Remain,-23.375,-23.375,-5.71875,-5.71875,17.65625
Intraimperial,-23.375,-23.375,-5.71875,-5.71875,17.65625
Bloodbath,-23.375,-23.375,-5.71875,-5.71875,17.65625
Zygodont,-23.0,-23.0,-5.34375,-5.34375,17.65625
Hellenizer,-23.625,-23.625,-5.96875,-5.96875,17.65625
Upmountain,-23.25,-23.25,-5.59375,-5.59375,17.65625
Saucerman,-23.5,-23.5,-5.84375,-5.84375,17.65625
Unsquire,-23.125,-23.125,-5.46875,-5.46875,17.65625
Mercantilism,-23.625,-23.625,-5.96875,-5.96875,17.65625
Predesirous,-23.375,-23.375,-5.71875,-5.71875,17.65625
Minutiose,-23.375,-23.375,-5.71875,-5.71875,17.65625
Empales,-23.5,-23.5,-5.84375,-5.84375,17.65625
Cockieleekie,-23.375,-23.375,-5.71875,-5.71875,17.65625
Unhold,-23.375,-23.375,-5.71875,-5.71875,17.65625
Puquina,-23.25,-23.25,-5.59375,-5.59375,17.65625
Anomalist,-23.375,-23.375,-5.71875,-5.71875,17.65625
Shammer,-23.375,-23.375,-5.71875,-5.71875,17.65625
Periodontist,-23.375,-23.375,-5.71875,-5.71875,17.65625
Redistend,-23.5,-23.5,-5.84375,-5.84375,17.65625
Nonterminals,-23.625,-23.625,-5.96875,-5.96875,17.65625
Warrants,-23.5,-23.5,-5.84375,-5.84375,17.65625
Resorcinum,-23.25,-23.25,-5.59375,-5.59375,17.65625
Trilogist,-23.125,-23.125,-5.46875,-5.46875,17.65625
Ordnance,-23.25,-23.25,-5.59375,-5.59375,17.65625
Houvari,-23.5,-23.5,-5.84375,-5.84375,17.65625
Rappen,-23.625,-23.625,-5.96875,-5.96875,17.65625
Penthemimeral,-23.25,-23.25,-5.59375,-5.59375,17.65625
Footstalk,-23.375,-23.375,-5.71875,-5.71875,17.65625
Hyperkeratotic,-23.375,-23.375,-5.71875,-5.71875,17.65625
Hysteresial,-23.375,-23.375,-5.71875,-5.71875,17.65625
Shrimpiest,-23.25,-23.25,-5.59375,-5.59375,17.65625
Cachectic,-23.25,-23.25,-5.59375,-5.59375,17.65625
Vigilante,-23.25,-23.25,-5.59375,-5.59375,17.65625
Uncomic,-23.5,-23.5,-5.84375,-5.84375,17.65625
Recopy,-23.375,-23.375,-5.71875,-5.71875,17.65625
Superfete,-23.25,-23.25,-5.59375,-5.59375,17.65625
Orthostichy,-23.375,-23.375,-5.71875,-5.71875,17.65625
Pyruloid,-23.25,-23.25,-5.59375,-5.59375,17.65625
Overtires,-23.5,-23.5,-5.84375,-5.84375,17.65625
Mushier,-23.5,-23.5,-5.84375,-5.84375,17.65625
Valerianate,-23.375,-23.375,-5.71875,-5.71875,17.65625
Antorbital,-23.5,-23.5,-5.84375,-5.84375,17.65625
Reknock,-23.375,-23.375,-5.71875,-5.71875,17.65625
Suzerainship,-23.5,-23.5,-5.84375,-5.84375,17.65625
Goodlike,-23.25,-23.25,-5.59375,-5.59375,17.65625
Rejiggers,-23.25,-23.25,-5.59375,-5.59375,17.65625
Autotropic,-23.5,-23.5,-5.84375,-5.84375,17.65625
Radiophysics,-23.375,-23.375,-5.71875,-5.71875,17.65625
Droguet,-23.375,-23.375,-5.71875,-5.71875,17.65625
Overblanch,-23.25,-23.25,-5.59375,-5.59375,17.65625
Bisymmetrical,-23.375,-23.375,-5.71875,-5.71875,17.65625
Paduasoy,-23.5,-23.5,-5.84375,-5.84375,17.65625
Barcan,-23.25,-23.25,-5.59375,-5.59375,17.65625
Nonsubmission,-23.625,-23.625,-5.96875,-5.96875,17.65625
Susceptivity,-23.25,-23.25,-5.59375,-5.59375,17.65625
Discography,-23.375,-23.375,-5.71875,-5.71875,17.65625
Axopodia,-23.25,-23.25,-5.59375,-5.59375,17.65625
Rapscallionism,-23.625,-23.625,-5.96875,-5.96875,17.65625
Uncrates,-23.375,-23.375,-5.71875,-5.71875,17.65625
Unluminiferous,-23.25,-23.25,-5.59375,-5.59375,17.65625
Transpanamic,-23.375,-23.375,-5.71875,-5.71875,17.65625
Overdyer,-23.25,-23.25,-5.59375,-5.59375,17.65625
Taeniafuge,-23.125,-23.125,-5.46875,-5.46875,17.65625
Hypozoan,-23.375,-23.375,-5.71875,-5.71875,17.65625
Banishes,-23.25,-23.25,-5.59375,-5.59375,17.65625
Counterbore,-23.5,-23.5,-5.84375,-5.84375,17.65625
Grovelings,-23.5,-23.5,-5.84375,-5.84375,17.65625
Younker,-23.25,-23.25,-5.59375,-5.59375,17.65625
Sexism,-23.625,-23.625,-5.96875,-5.96875,17.65625
Juridic,-23.625,-23.625,-5.96875,-5.96875,17.65625
Preset,-23.375,-23.375,-5.71875,-5.71875,17.65625
Ketolytic,-23.375,-23.375,-5.71875,-5.71875,17.65625
Maugre,-23.75,-23.75,-6.09375,-6.09375,17.65625
Begeck,-23.5,-23.5,-5.84375,-5.84375,17.65625
Cardlike,-23.375,-23.375,-5.71875,-5.71875,17.65625
Phrynin,-23.25,-23.25,-5.59375,-5.59375,17.65625
Demidoctor,-23.375,-23.375,-5.71875,-5.71875,17.65625
Nondiplomacy,-23.25,-23.25,-5.59375,-5.59375,17.65625
Precollapse,-23.375,-23.375,-5.71875,-5.71875,17.65625
Rivalship,-23.625,-23.625,-5.96875,-5.96875,17.65625
Topographics,-23.25,-23.25,-5.59375,-5.59375,17.65625
Orality,-23.625,-23.625,-5.96875,-5.96875,17.65625
Doutous,-23.5,-23.5,-5.84375,-5.84375,17.65625
Tribological,-23.375,-23.375,-5.71875,-5.71875,17.65625
Sensationalise,-23.25,-23.25,-5.59375,-5.59375,17.65625
Stewardry,-23.375,-23.375,-5.71875,-5.71875,17.65625
Paganalian,-23.25,-23.25,-5.59375,-5.59375,17.65625
Combustor,-23.25,-23.25,-5.59375,-5.59375,17.65625
Obsoletes,-23.5,-23.5,-5.84375,-5.84375,17.65625
Diatonical,-23.375,-23.375,-5.71875,-5.71875,17.65625
Denominates,-23.625,-23.625,-5.96875,-5.96875,17.65625
Equalist,-23.375,-23.375,-5.71875,-5.71875,17.65625
Antiphonies,-23.5,-23.5,-5.84375,-5.84375,17.65625
Impede,-23.125,-23.125,-5.46875,-5.46875,17.65625
Derepress,-23.5,-23.5,-5.84375,-5.84375,17.65625
Praescutum,-23.5,-23.5,-5.84375,-5.84375,17.65625
Snollygoster,-23.0,-23.0,-5.34375,-5.34375,17.65625
Cloakage,-23.25,-23.25,-5.59375,-5.59375,17.65625
Intramorainic,-23.5,-23.5,-5.84375,-5.84375,17.65625
Aragonese,-23.625,-23.625,-5.96875,-5.96875,17.65625
Flingy,-23.125,-23.125,-5.46875,-5.46875,17.65625
Prolactin,-23.5,-23.5,-5.84375,-5.84375,17.65625
Exaggerators,-23.75,-23.75,-6.09375,-6.09375,17.65625
Aecium,-23.5,-23.5,-5.84375,-5.84375,17.65625
Micrometeoroid,-23.125,-23.125,-5.46875,-5.46875,17.65625
Piratry,-23.625,-23.625,-5.96875,-5.96875,17.65625
Dearths,-23.375,-23.375,-5.71875,-5.71875,17.65625
Remaindermen,-23.25,-23.25,-5.59375,-5.59375,17.65625
Underjungle,-23.25,-23.25,-5.59375,-5.59375,17.65625
Oxyphilous,-23.5,-23.5,-5.84375,-5.84375,17.65625
Millihenries,-23.125,-23.125,-5.46875,-5.46875,17.65625
Pelves,-23.5,-23.5,-5.84375,-5.84375,17.65625
Monorganic,-23.375,-23.375,-5.71875,-5.71875,17.65625
Isopropanol,-23.5,-23.5,-5.84375,-5.84375,17.65625
Disanney,-23.25,-23.25,-5.59375,-5.59375,17.65625
Laminal,-23.625,-23.625,-5.96875,-5.96875,17.65625
Mesectoderm,-23.125,-23.125,-5.46875,-5.46875,17.65625
Arecolin,-23.25,-23.25,-5.59375,-5.59375,17.65625
Extensile,-23.625,-23.625,-5.96875,-5.96875,17.65625
Underripe,-23.25,-23.25,-5.59375,-5.59375,17.65625
Troynovant,-23.25,-23.25,-5.59375,-5.59375,17.65625
Undersupport,-23.5,-23.5,-5.84375,-5.84375,17.65625
Windshock,-23.25,-23.25,-5.59375,-5.59375,17.65625
Reprobacy,-23.5,-23.5,-5.84375,-5.84375,17.65625
Gigartinaceous,-23.25,-23.25,-5.59375,-5.59375,17.65625
Progresses,-23.375,-23.375,-5.71875,-5.71875,17.65625
Sterilize,-23.25,-23.25,-5.59375,-5.59375,17.65625
Adfrozen,-23.5,-23.5,-5.84375,-5.84375,17.65625
Metastatical,-23.375,-23.375,-5.71875,-5.71875,17.65625
Veinlike,-23.25,-23.25,-5.59375,-5.59375,17.65625
Dorsimedian,-23.375,-23.375,-5.71875,-5.71875,17.65625
Brahmana,-23.25,-23.25,-5.59375,-5.59375,17.65625
Quizzism,-23.625,-23.625,-5.96875,-5.96875,17.65625
Caligraphy,-23.125,-23.125,-5.46875,-5.46875,17.65625
Whitefieldian,-23.375,-23.375,-5.71875,-5.71875,17.65625
Chepster,-23.375,-23.375,-5.71875,-5.71875,17.65625
Fallout,-23.0,-23.0,-5.34375,-5.34375,17.65625
Pasticheur,-23.25,-23.25,-5.59375,-5.59375,17.65625
Tenter,-23.5,-23.5,-5.84375,-5.84375,17.65625
Pneumatist,-23.25,-23.25,-5.59375,-5.59375,17.65625
Indoctrinates,-23.375,-23.375,-5.71875,-5.71875,17.65625
Dramatizer,-23.125,-23.125,-5.46875,-5.46875,17.65625
Periclean,-23.25,-23.25,-5.59375,-5.59375,17.65625
Spinebone,-23.25,-23.25,-5.59375,-5.59375,17.65625
Bowerlike,-23.375,-23.375,-5.71875,-5.71875,17.65625
Reformationary,-23.125,-23.125,-5.46875,-5.46875,17.65625
Aeronomer,-23.375,-23.375,-5.71875,-5.71875,17.65625
Predigests,-23.625,-23.625,-5.96875,-5.96875,17.65625
Concentive,-23.375,-23.375,-5.71875,-5.71875,17.65625
Missionaryship,-23.5,-23.5,-5.84375,-5.84375,17.65625
Diazoic,-23.375,-23.375,-5.71875,-5.71875,17.65625
Counterpotency,-23.625,-23.625,-5.96875,-5.96875,17.65625
Accerse,-23.375,-23.375,-5.71875,-5.71875,17.65625
Hypnotizes,-23.375,-23.375,-5.71875,-5.71875,17.65625
Plonko,-23.375,-23.375,-5.71875,-5.71875,17.65625
Antipode,-23.75,-23.75,-6.09375,-6.09375,17.65625
Postglenoidal,-23.25,-23.25,-5.59375,-5.59375,17.65625
Volery,-23.5,-23.5,-5.84375,-5.84375,17.65625
Wailers,-23.5,-23.5,-5.84375,-5.84375,17.65625
Waywodeship,-23.125,-23.125,-5.46875,-5.46875,17.65625
Deducer,-23.375,-23.375,-5.71875,-5.71875,17.65625
Caphtorim,-23.125,-23.125,-5.46875,-5.46875,17.65625
Potichomanist,-23.375,-23.375,-5.71875,-5.71875,17.65625
Unsomatic,-23.375,-23.375,-5.71875,-5.71875,17.65625
Fledgeless,-23.375,-23.375,-5.71875,-5.71875,17.65625
Racket,-23.375,-23.375,-5.71875,-5.71875,17.65625
Ethnogeny,-23.625,-23.625,-5.96875,-5.96875,17.65625
Perigynies,-23.25,-23.25,-5.59375,-5.59375,17.65625
Tumorlike,-23.375,-23.375,-5.71875,-5.71875,17.65625
Moondown,-23.375,-23.375,-5.71875,-5.71875,17.65625
Tatsman,-23.375,-23.375,-5.71875,-5.71875,17.65625
Coactor,-23.375,-23.375,-5.71875,-5.71875,17.65625
Convocate,-23.625,-23.625,-5.96875,-5.96875,17.65625
Tenebrity,-23.25,-23.25,-5.59375,-5.59375,17.65625
Synallaxine,-23.375,-23.375,-5.71875,-5.71875,17.65625
Engouee,-23.375,-23.375,-5.71875,-5.71875,17.65625
Necrogenic,-23.25,-23.25,-5.59375,-5.59375,17.65625
Deciduate,-23.25,-23.25,-5.59375,-5.59375,17.65625
Souren,-23.375,-23.375,-5.71875,-5.71875,17.65625
Sizarship,-23.375,-23.375,-5.71875,-5.71875,17.65625
Fragmentizer,-23.375,-23.375,-5.71875,-5.71875,17.65625
Conveyances,-23.5,-23.5,-5.84375,-5.84375,17.65625
Carbodynamite,-23.5,-23.5,-5.84375,-5.84375,17.65625
Pentander,-23.375,-23.375,-5.71875,-5.71875,17.65625
Moniker,-23.125,-23.125,-5.46875,-5.46875,17.65625
Paristhmic,-23.625,-23.625,-5.96875,-5.96875,17.65625
Nonderisible,-23.125,-23.125,-5.46875,-5.46875,17.65625
Drosera,-23.125,-23.125,-5.46875,-5.46875,17.65625
Extensor,-23.625,-23.625,-5.96875,-5.96875,17.65625
Obclude,-23.625,-23.625,-5.96875,-5.96875,17.65625
Cultuses,-23.375,-23.375,-5.71875,-5.71875,17.65625
Oesogi,-23.625,-23.625,-5.96875,-5.96875,17.65625
Discission,-23.375,-23.375,-5.71875,-5.71875,17.65625
Incumber,-23.25,-23.25,-5.59375,-5.59375,17.65625
Pimplinae,-23.375,-23.375,-5.71875,-5.71875,17.65625
Defiances,-23.375,-23.375,-5.71875,-5.71875,17.65625
Precolonial,-23.125,-23.125,-5.5,-5.5,17.625
Skittaget,-23.125,-23.125,-5.5,-5.5,17.625
Ladyfern,-23.25,-23.25,-5.625,-5.625,17.625
Handsomeish,-23.125,-23.125,-5.5,-5.5,17.625
Mercuric,-23.25,-23.25,-5.625,-5.625,17.625
Nyctinasty,-23.0,-23.0,-5.375,-5.375,17.625
Arborolater,-23.125,-23.125,-5.5,-5.5,17.625
Abrege,-23.25,-23.25,-5.625,-5.625,17.625
Semilooper,-22.875,-22.875,-5.25,-5.25,17.625
Coconucan,-23.25,-23.25,-5.625,-5.625,17.625
Extension,-23.5,-23.5,-5.875,-5.875,17.625
Giveaway,-23.25,-23.25,-5.625,-5.625,17.625
Compulsitor,-23.375,-23.375,-5.75,-5.75,17.625
Photoduplicate,-23.25,-23.25,-5.625,-5.625,17.625
Subaverage,-23.25,-23.25,-5.625,-5.625,17.625
Manumise,-23.25,-23.25,-5.625,-5.625,17.625
Arbalester,-22.875,-22.875,-5.25,-5.25,17.625
Malattress,-23.0,-23.0,-5.375,-5.375,17.625
Slouchiest,-23.0,-23.0,-5.375,-5.375,17.625
Semitheatrical,-23.125,-23.125,-5.5,-5.5,17.625
Noncollapsible,-23.25,-23.25,-5.625,-5.625,17.625
Underhatch,-23.375,-23.375,-5.75,-5.75,17.625
Semideify,-23.375,-23.375,-5.75,-5.75,17.625
Catchpolery,-23.25,-23.25,-5.625,-5.625,17.625
Trophical,-23.0,-23.0,-5.375,-5.375,17.625
Electrolyses,-23.125,-23.125,-5.5,-5.5,17.625
Whitecup,-23.25,-23.25,-5.625,-5.625,17.625
Outblush,-23.125,-23.125,-5.5,-5.5,17.625
Unshutter,-23.375,-23.375,-5.75,-5.75,17.625
Preconceal,-23.25,-23.25,-5.625,-5.625,17.625
Semiallegoric,-23.25,-23.25,-5.625,-5.625,17.625
Serapea,-23.25,-23.25,-5.625,-5.625,17.625
Subgenital,-23.375,-23.375,-5.75,-5.75,17.625
Diacritic,-23.25,-23.25,-5.625,-5.625,17.625
Macchie,-23.5,-23.5,-5.875,-5.875,17.625
Corticium,-23.25,-23.25,-5.625,-5.625,17.625
Runouts,-23.125,-23.125,-5.5,-5.5,17.625
Polyterpene,-23.125,-23.125,-5.5,-5.5,17.625
Homeogenic,-23.25,-23.25,-5.625,-5.625,17.625
Shrinker,-23.125,-23.125,-5.5,-5.5,17.625
Semimaturity,-23.375,-23.375,-5.75,-5.75,17.625
Electrotonize,-23.25,-23.25,-5.625,-5.625,17.625
Nonspurious,-23.25,-23.25,-5.625,-5.625,17.625
Archetypist,-23.125,-23.125,-5.5,-5.5,17.625
Wholistic,-23.125,-23.125,-5.5,-5.5,17.625
Messagery,-23.25,-23.25,-5.625,-5.625,17.625
Proenzym,-23.25,-23.25,-5.625,-5.625,17.625
Phanerocarpous,-23.125,-23.125,-5.5,-5.5,17.625
Unmellow,-23.25,-23.25,-5.625,-5.625,17.625
Adorability,-23.25,-23.25,-5.625,-5.625,17.625
Calends,-23.0,-23.0,-5.375,-5.375,17.625
Melophone,-23.0,-23.0,-5.375,-5.375,17.625
Cardioid,-23.0,-23.0,-5.375,-5.375,17.625
Bourage,-23.375,-23.375,-5.75,-5.75,17.625
Planisphere,-23.0,-23.0,-5.375,-5.375,17.625
Autographist,-23.375,-23.375,-5.75,-5.75,17.625
Interoffice,-23.5,-23.5,-5.875,-5.875,17.625
Psychorhythm,-23.25,-23.25,-5.625,-5.625,17.625
Surveyage,-23.25,-23.25,-5.625,-5.625,17.625
Vesicatory,-23.0,-23.0,-5.375,-5.375,17.625
Subforeman,-23.125,-23.125,-5.5,-5.5,17.625
Motorism,-23.5,-23.5,-5.875,-5.875,17.625
Stearoptene,-23.125,-23.125,-5.5,-5.5,17.625
Semidodecagon,-23.0,-23.0,-5.375,-5.375,17.625
Forenoons,-23.125,-23.125,-5.5,-5.5,17.625
Cryptogamy,-23.25,-23.25,-5.625,-5.625,17.625
Canonry,-23.125,-23.125,-5.5,-5.5,17.625
Tolsey,-23.125,-23.125,-5.5,-5.5,17.625
Palaeograph,-23.25,-23.25,-5.625,-5.625,17.625
Tauromorphous,-23.25,-23.25,-5.625,-5.625,17.625
Polyhedral,-23.125,-23.125,-5.5,-5.5,17.625
Pontist,-23.25,-23.25,-5.625,-5.625,17.625
Telelectric,-23.375,-23.375,-5.75,-5.75,17.625
Shirker,-23.125,-23.125,-5.5,-5.5,17.625
Hemolyze,-23.25,-23.25,-5.625,-5.625,17.625
Proximate,-23.25,-23.25,-5.625,-5.625,17.625
Diadelphian,-23.25,-23.25,-5.625,-5.625,17.625
Metrologist,-23.25,-23.25,-5.625,-5.625,17.625
Redeemless,-23.125,-23.125,-5.5,-5.5,17.625
Curiouser,-23.25,-23.25,-5.625,-5.625,17.625
Yeomen,-23.375,-23.375,-5.75,-5.75,17.625
Archicyte,-23.375,-23.375,-5.75,-5.75,17.625
Rheostat,-23.125,-23.125,-5.5,-5.5,17.625
Phatic,-23.25,-23.25,-5.625,-5.625,17.625
Impartive,-23.375,-23.375,-5.75,-5.75,17.625
Calinago,-23.375,-23.375,-5.75,-5.75,17.625
Draughtiest,-22.875,-22.875,-5.25,-5.25,17.625
Animadvert,-23.25,-23.25,-5.625,-5.625,17.625
Bearnaise,-23.125,-23.125,-5.5,-5.5,17.625
Subconchoidal,-23.25,-23.25,-5.625,-5.625,17.625
Resalvage,-23.125,-23.125,-5.5,-5.5,17.625
Phthalyl,-23.125,-23.125,-5.5,-5.5,17.625
Pancratiast,-23.375,-23.375,-5.75,-5.75,17.625
Bleachground,-23.25,-23.25,-5.625,-5.625,17.625
Residence,-23.375,-23.375,-5.75,-5.75,17.625
Fructuarius,-23.25,-23.25,-5.625,-5.625,17.625
Productibility,-23.25,-23.25,-5.625,-5.625,17.625
Scantlings,-23.0,-23.0,-5.375,-5.375,17.625
Blossomless,-23.25,-23.25,-5.625,-5.625,17.625
Phaneromania,-23.375,-23.375,-5.75,-5.75,17.625
Nonsubstantive,-23.375,-23.375,-5.75,-5.75,17.625
Aeroplanist,-23.125,-23.125,-5.5,-5.5,17.625
Orchectomy,-23.25,-23.25,-5.625,-5.625,17.625
Teleologist,-23.375,-23.375,-5.75,-5.75,17.625
Siphonoglyph,-23.125,-23.125,-5.5,-5.5,17.625
Quinolin,-23.25,-23.25,-5.625,-5.625,17.625
Nonpreparatory,-23.25,-23.25,-5.625,-5.625,17.625
Unconsecrate,-23.125,-23.125,-5.5,-5.5,17.625
Preapprove,-23.125,-23.125,-5.5,-5.5,17.625
Scalary,-23.25,-23.25,-5.625,-5.625,17.625
Chromatist,-23.125,-23.125,-5.5,-5.5,17.625
Cryptovolcanic,-23.125,-23.125,-5.5,-5.5,17.625
Archilowe,-23.25,-23.25,-5.625,-5.625,17.625
Trochili,-23.375,-23.375,-5.75,-5.75,17.625
Residental,-23.125,-23.125,-5.5,-5.5,17.625
Idoneal,-23.0,-23.0,-5.375,-5.375,17.625
Limnologic,-23.125,-23.125,-5.5,-5.5,17.625
Superoffensive,-23.125,-23.125,-5.5,-5.5,17.625
Dipteron,-23.25,-23.25,-5.625,-5.625,17.625
Picofarad,-23.0,-23.0,-5.375,-5.375,17.625
Nonarterial,-23.125,-23.125,-5.5,-5.5,17.625
Slabbers,-23.125,-23.125,-5.5,-5.5,17.625
Arithmetician,-23.0,-23.0,-5.375,-5.375,17.625
Inbrought,-23.25,-23.25,-5.625,-5.625,17.625
Epicedial,-23.5,-23.5,-5.875,-5.875,17.625
Theotherapist,-23.0,-23.0,-5.375,-5.375,17.625
Squinnier,-22.875,-22.875,-5.25,-5.25,17.625
Audiophiles,-23.625,-23.625,-6.0,-6.0,17.625
Longcloth,-23.25,-23.25,-5.625,-5.625,17.625
Eyepiece,-23.25,-23.25,-5.625,-5.625,17.625
Pyridyl,-23.0,-23.0,-5.375,-5.375,17.625
Nymphae,-23.125,-23.125,-5.5,-5.5,17.625
Yenite,-23.125,-23.125,-5.5,-5.5,17.625
Rearouse,-23.0,-23.0,-5.375,-5.375,17.625
Itineritious,-23.125,-23.125,-5.5,-5.5,17.625
Materiels,-23.25,-23.25,-5.625,-5.625,17.625
Aquincubital,-23.25,-23.25,-5.625,-5.625,17.625
Premorse,-23.25,-23.25,-5.625,-5.625,17.625
Protomammalian,-23.25,-23.25,-5.625,-5.625,17.625
Halophytic,-23.125,-23.125,-5.5,-5.5,17.625
Eyewort,-23.125,-23.125,-5.5,-5.5,17.625
Expansion,-23.25,-23.25,-5.625,-5.625,17.625
Semifistular,-23.25,-23.25,-5.625,-5.625,17.625
Calcigerous,-23.125,-23.125,-5.5,-5.5,17.625
Physocarpous,-23.25,-23.25,-5.625,-5.625,17.625
Monosporous,-23.25,-23.25,-5.625,-5.625,17.625
Beauty,-23.0,-23.0,-5.375,-5.375,17.625
Hemocytoblast,-23.25,-23.25,-5.625,-5.625,17.625
Phalerate,-23.375,-23.375,-5.75,-5.75,17.625
Subcontinental,-23.25,-23.25,-5.625,-5.625,17.625
Respirometer,-23.125,-23.125,-5.5,-5.5,17.625
Paddler,-23.0,-23.0,-5.375,-5.375,17.625
Lamenter,-23.25,-23.25,-5.625,-5.625,17.625
Encourages,-23.25,-23.25,-5.625,-5.625,17.625
Exulcerative,-23.25,-23.25,-5.625,-5.625,17.625
Upwrap,-23.375,-23.375,-5.75,-5.75,17.625
Wordprocessors,-23.375,-23.375,-5.75,-5.75,17.625
Gigavolt,-23.125,-23.125,-5.5,-5.5,17.625
Semiahmoo,-23.0,-23.0,-5.375,-5.375,17.625
Scenter,-23.375,-23.375,-5.8125,-5.8125,17.5625
Swathband,-23.375,-23.375,-5.8125,-5.8125,17.5625
Unilaminar,-23.375,-23.375,-5.8125,-5.8125,17.5625
Magnetizer,-23.5,-23.5,-5.9375,-5.9375,17.5625
Quarternight,-23.25,-23.25,-5.6875,-5.6875,17.5625
Subvenize,-23.625,-23.625,-6.0625,-6.0625,17.5625
Moonrise,-23.5,-23.5,-5.9375,-5.9375,17.5625
Vehemency,-23.375,-23.375,-5.8125,-5.8125,17.5625
Largen,-23.375,-23.375,-5.8125,-5.8125,17.5625
Inthrong,-23.375,-23.375,-5.8125,-5.8125,17.5625
Decompresses,-23.25,-23.25,-5.6875,-5.6875,17.5625
Overbide,-23.375,-23.375,-5.8125,-5.8125,17.5625
Quandong,-23.375,-23.375,-5.8125,-5.8125,17.5625
Tunicle,-23.5,-23.5,-5.9375,-5.9375,17.5625
Innermore,-23.375,-23.375,-5.8125,-5.8125,17.5625
Overbattle,-23.375,-23.375,-5.8125,-5.8125,17.5625
Isologous,-23.5,-23.5,-5.9375,-5.9375,17.5625
Teallite,-23.375,-23.375,-5.8125,-5.8125,17.5625
Refilters,-23.375,-23.375,-5.8125,-5.8125,17.5625
Pattern,-23.5,-23.5,-5.9375,-5.9375,17.5625
Indear,-23.5,-23.5,-5.9375,-5.9375,17.5625
Cudden,-23.375,-23.375,-5.8125,-5.8125,17.5625
Tapelike,-23.375,-23.375,-5.8125,-5.8125,17.5625
Superessive,-23.375,-23.375,-5.8125,-5.8125,17.5625
Peltifolious,-23.25,-23.25,-5.6875,-5.6875,17.5625
Codifiability,-23.5,-23.5,-5.9375,-5.9375,17.5625
Adhibit,-23.5,-23.5,-5.9375,-5.9375,17.5625
Retitle,-23.375,-23.375,-5.8125,-5.8125,17.5625
Gumhar,-23.5,-23.5,-5.9375,-5.9375,17.5625
Matric,-23.375,-23.375,-5.8125,-5.8125,17.5625
Iconophilism,-23.875,-23.875,-6.3125,-6.3125,17.5625
Vinagron,-23.375,-23.375,-5.8125,-5.8125,17.5625
Triangular,-23.375,-23.375,-5.8125,-5.8125,17.5625
Sturshum,-23.25,-23.25,-5.6875,-5.6875,17.5625
Harebottle,-23.25,-23.25,-5.6875,-5.6875,17.5625
Undarken,-23.25,-23.25,-5.6875,-5.6875,17.5625
Semicircular,-23.375,-23.375,-5.8125,-5.8125,17.5625
Fluorographic,-23.375,-23.375,-5.8125,-5.8125,17.5625
Cesspipe,-23.25,-23.25,-5.6875,-5.6875,17.5625
Pasigraphical,-23.375,-23.375,-5.8125,-5.8125,17.5625
Enchylematous,-23.25,-23.25,-5.6875,-5.6875,17.5625
Lucken,-23.5,-23.5,-5.9375,-5.9375,17.5625
Recordist,-23.25,-23.25,-5.6875,-5.6875,17.5625
Dopant,-23.375,-23.375,-5.8125,-5.8125,17.5625
Funnelform,-23.375,-23.375,-5.8125,-5.8125,17.5625
Forejudge,-23.375,-23.375,-5.8125,-5.8125,17.5625
Votress,-23.5,-23.5,-5.9375,-5.9375,17.5625
Stuboy,-23.25,-23.25,-5.6875,-5.6875,17.5625
Relinquish,-23.5,-23.5,-5.9375,-5.9375,17.5625
Flotative,-23.5,-23.5,-5.9375,-5.9375,17.5625
Anchoic,-23.375,-23.375,-5.8125,-5.8125,17.5625
Fustianish,-23.375,-23.375,-5.8125,-5.8125,17.5625
Begarnish,-23.25,-23.25,-5.6875,-5.6875,17.5625
Nuttallia,-23.25,-23.25,-5.6875,-5.6875,17.5625
Spaniolate,-23.25,-23.25,-5.6875,-5.6875,17.5625
Flounce,-23.375,-23.375,-5.8125,-5.8125,17.5625
Lachrymous,-23.25,-23.25,-5.6875,-5.6875,17.5625
Mildish,-23.375,-23.375,-5.8125,-5.8125,17.5625
Aspout,-23.125,-23.125,-5.5625,-5.5625,17.5625
Supermolten,-23.5,-23.5,-5.9375,-5.9375,17.5625
Bliaut,-23.375,-23.375,-5.8125,-5.8125,17.5625
Trinomial,-23.25,-23.25,-5.6875,-5.6875,17.5625
Remoter,-23.25,-23.25,-5.6875,-5.6875,17.5625
Biographic,-23.375,-23.375,-5.8125,-5.8125,17.5625
Freestyle,-23.375,-23.375,-5.8125,-5.8125,17.5625
Westward,-23.125,-23.125,-5.5625,-5.5625,17.5625
Futchel,-23.375,-23.375,-5.8125,-5.8125,17.5625
Turacoverdin,-23.5,-23.5,-5.9375,-5.9375,17.5625
Caballeria,-23.25,-23.25,-5.6875,-5.6875,17.5625
Nucleoside,-23.375,-23.375,-5.8125,-5.8125,17.5625
Heister,-23.5,-23.5,-5.9375,-5.9375,17.5625
Nonbenevolent,-23.25,-23.25,-5.6875,-5.6875,17.5625
Excurrent,-23.5,-23.5,-5.9375,-5.9375,17.5625
Weaser,-23.25,-23.25,-5.6875,-5.6875,17.5625
Hallel,-23.375,-23.375,-5.8125,-5.8125,17.5625
Orangier,-23.25,-23.25,-5.6875,-5.6875,17.5625
Gazebo,-23.375,-23.375,-5.8125,-5.8125,17.5625
Mansard,-23.375,-23.375,-5.8125,-5.8125,17.5625
Slopmaker,-23.375,-23.375,-5.8125,-5.8125,17.5625
Unautumnal,-23.375,-23.375,-5.8125,-5.8125,17.5625
Metantimonious,-23.5,-23.5,-5.9375,-5.9375,17.5625
Italians,-23.875,-23.875,-6.3125,-6.3125,17.5625
Nondensity,-23.375,-23.375,-5.8125,-5.8125,17.5625
Circulative,-23.5,-23.5,-5.9375,-5.9375,17.5625
Overlimit,-23.375,-23.375,-5.8125,-5.8125,17.5625
Coalfitter,-23.375,-23.375,-5.8125,-5.8125,17.5625
Mogollon,-23.25,-23.25,-5.6875,-5.6875,17.5625
Sprindge,-23.375,-23.375,-5.8125,-5.8125,17.5625
Inkless,-23.25,-23.25,-5.6875,-5.6875,17.5625
Thecasporous,-23.25,-23.25,-5.6875,-5.6875,17.5625
Waterbailage,-23.375,-23.375,-5.8125,-5.8125,17.5625
Rufflike,-23.375,-23.375,-5.8125,-5.8125,17.5625
Forcut,-23.25,-23.25,-5.6875,-5.6875,17.5625
Exhortatory,-23.375,-23.375,-5.8125,-5.8125,17.5625
Ellipticity,-23.375,-23.375,-5.8125,-5.8125,17.5625
Predegree,-23.375,-23.375,-5.8125,-5.8125,17.5625
Absorbency,-23.25,-23.25,-5.6875,-5.6875,17.5625
Stuphe,-23.25,-23.25,-5.6875,-5.6875,17.5625
Frangulin,-23.25,-23.25,-5.6875,-5.6875,17.5625
Resurfaces,-23.375,-23.375,-5.8125,-5.8125,17.5625
Paulianist,-23.25,-23.25,-5.6875,-5.6875,17.5625
Tarbogan,-23.625,-23.625,-6.0625,-6.0625,17.5625
Flaser,-23.375,-23.375,-5.8125,-5.8125,17.5625
Affricative,-23.625,-23.625,-6.0625,-6.0625,17.5625
Overdilate,-23.25,-23.25,-5.6875,-5.6875,17.5625
Ectogenic,-23.25,-23.25,-5.6875,-5.6875,17.5625
Arbota,-23.375,-23.375,-5.8125,-5.8125,17.5625
Antiseptic,-23.25,-23.25,-5.6875,-5.6875,17.5625
Heterotopous,-23.5,-23.5,-5.9375,-5.9375,17.5625
Migratory,-23.5,-23.5,-5.9375,-5.9375,17.5625
Huanaco,-23.5,-23.5,-5.9375,-5.9375,17.5625
Underguard,-23.375,-23.375,-5.8125,-5.8125,17.5625
Selenitical,-23.375,-23.375,-5.8125,-5.8125,17.5625
Wangun,-23.625,-23.625,-6.0625,-6.0625,17.5625
Aments,-23.375,-23.375,-5.8125,-5.8125,17.5625
Hormonoid,-23.25,-23.25,-5.6875,-5.6875,17.5625
Astound,-23.25,-23.25,-5.6875,-5.6875,17.5625
Genian,-23.5,-23.5,-5.9375,-5.9375,17.5625
Intensive,-23.375,-23.375,-5.8125,-5.8125,17.5625
Innervates,-23.25,-23.25,-5.6875,-5.6875,17.5625
Unfenestral,-23.375,-23.375,-5.8125,-5.8125,17.5625
Despume,-23.375,-23.375,-5.8125,-5.8125,17.5625
Prenomen,-23.375,-23.375,-5.8125,-5.8125,17.5625
Miserhood,-23.625,-23.625,-6.0625,-6.0625,17.5625
Untheologize,-23.5,-23.5,-5.9375,-5.9375,17.5625
Overbillow,-23.25,-23.25,-5.6875,-5.6875,17.5625
Geromorphism,-23.5,-23.5,-5.9375,-5.9375,17.5625
Maccoboy,-23.375,-23.375,-5.8125,-5.8125,17.5625
Stagne,-23.375,-23.375,-5.8125,-5.8125,17.5625
Multinodal,-23.5,-23.5,-5.9375,-5.9375,17.5625
Macroanalyst,-23.625,-23.625,-6.0625,-6.0625,17.5625
Cuneocuboid,-23.375,-23.375,-5.8125,-5.8125,17.5625
Intext,-23.25,-23.25,-5.6875,-5.6875,17.5625
Lemniscatic,-23.375,-23.375,-5.8125,-5.8125,17.5625
Fibrillar,-23.375,-23.375,-5.8125,-5.8125,17.5625
Grouselike,-23.375,-23.375,-5.8125,-5.8125,17.5625
Overroyal,-23.375,-23.375,-5.8125,-5.8125,17.5625
Subreptitious,-23.375,-23.375,-5.8125,-5.8125,17.5625
Tricarinate,-23.25,-23.25,-5.6875,-5.6875,17.5625
Subchronic,-23.375,-23.375,-5.8125,-5.8125,17.5625
Quinquelateral,-23.25,-23.25,-5.6875,-5.6875,17.5625
Socializations,-23.625,-23.625,-6.0625,-6.0625,17.5625
Filtrability,-23.5,-23.5,-5.9375,-5.9375,17.5625
Autodyne,-23.5,-23.5,-5.9375,-5.9375,17.5625
Infract,-23.25,-23.25,-5.6875,-5.6875,17.5625
Splice,-23.0,-23.0,-5.4375,-5.4375,17.5625
Nondictatorial,-23.5,-23.5,-5.9375,-5.9375,17.5625
Drysalter,-23.5,-23.5,-5.9375,-5.9375,17.5625
Confidence,-23.5,-23.5,-5.9375,-5.9375,17.5625
Outfawn,-23.25,-23.25,-5.6875,-5.6875,17.5625
Thegnhood,-23.625,-23.625,-6.0625,-6.0625,17.5625
Caliphal,-23.375,-23.375,-5.8125,-5.8125,17.5625
Ensuer,-23.5,-23.5,-5.9375,-5.9375,17.5625
Clausure,-23.375,-23.375,-5.8125,-5.8125,17.5625
Intermew,-23.375,-23.375,-5.8125,-5.8125,17.5625
Oversound,-23.375,-23.375,-5.8125,-5.8125,17.5625
Ladybirds,-23.25,-23.25,-5.6875,-5.6875,17.5625
Democracy,-23.75,-23.75,-6.1875,-6.1875,17.5625
Appositional,-23.25,-23.25,-5.6875,-5.6875,17.5625
Unambush,-23.375,-23.375,-5.8125,-5.8125,17.5625
Reacceptance,-23.5,-23.5,-5.9375,-5.9375,17.5625
Zealless,-23.25,-23.25,-5.6875,-5.6875,17.5625
Pseudocaptive,-23.375,-23.375,-5.8125,-5.8125,17.5625
Subrhomboidal,-23.375,-23.375,-5.8125,-5.8125,17.5625
Efflagitate,-23.375,-23.375,-5.8125,-5.8125,17.5625
Fatuus,-23.375,-23.375,-5.8125,-5.8125,17.5625
Reallot,-23.5,-23.5,-5.9375,-5.9375,17.5625
Jarvie,-23.25,-23.25,-5.6875,-5.6875,17.5625
Luster,-23.375,-23.375,-5.8125,-5.8125,17.5625
Porpoiselike,-23.125,-23.125,-5.5625,-5.5625,17.5625
Uperize,-23.5,-23.5,-5.9375,-5.9375,17.5625
Heterocoelous,-23.25,-23.25,-5.6875,-5.6875,17.5625
Spingel,-23.25,-23.25,-5.6875,-5.6875,17.5625
Unesoteric,-23.25,-23.25,-5.6875,-5.6875,17.5625
Follicular,-23.25,-23.25,-5.6875,-5.6875,17.5625
Misdeem,-23.375,-23.375,-5.8125,-5.8125,17.5625
Tarrish,-23.25,-23.25,-5.6875,-5.6875,17.5625
Correspond,-23.25,-23.25,-5.6875,-5.6875,17.5625
Trioxide,-23.25,-23.25,-5.6875,-5.6875,17.5625
Outtasks,-23.5,-23.5,-5.9375,-5.9375,17.5625
Hardihood,-23.375,-23.375,-5.8125,-5.8125,17.5625
Featherdom,-23.5,-23.5,-5.9375,-5.9375,17.5625
Quizzery,-23.375,-23.375,-5.8125,-5.8125,17.5625
Haidan,-23.75,-23.75,-6.1875,-6.1875,17.5625
Auroauric,-23.25,-23.25,-5.6875,-5.6875,17.5625
Tractory,-23.5,-23.5,-5.9375,-5.9375,17.5625
Megalomaniac,-23.25,-23.25,-5.6875,-5.6875,17.5625
Snubbers,-23.25,-23.25,-5.6875,-5.6875,17.5625
Iconographer,-23.375,-23.375,-5.8125,-5.8125,17.5625
Banger,-23.375,-23.375,-5.8125,-5.8125,17.5625
Nutbreaker,-23.25,-23.25,-5.6875,-5.6875,17.5625
Muscovites,-23.875,-23.875,-6.3125,-6.3125,17.5625
Overgot,-23.5,-23.5,-5.9375,-5.9375,17.5625
Proxemic,-23.25,-23.25,-5.6875,-5.6875,17.5625
Anticipate,-23.625,-23.625,-6.0625,-6.0625,17.5625
Bristler,-23.375,-23.375,-5.8125,-5.8125,17.5625
Adipogenous,-23.25,-23.25,-5.6875,-5.6875,17.5625
Desilvers,-23.375,-23.375,-5.8125,-5.8125,17.5625
Waitresses,-23.25,-23.25,-5.6875,-5.6875,17.5625
Courtside,-23.5,-23.5,-5.9375,-5.9375,17.5625
Puddlelike,-23.375,-23.375,-5.8125,-5.8125,17.5625
Caffoy,-23.5,-23.5,-5.9375,-5.9375,17.5625
Packmaker,-23.125,-23.125,-5.59375,-5.59375,17.53125
Tricorne,-23.25,-23.25,-5.71875,-5.71875,17.53125
Semianarchism,-23.5,-23.5,-5.96875,-5.96875,17.53125
Tourmalinic,-23.125,-23.125,-5.59375,-5.59375,17.53125
Nondecane,-23.0,-23.0,-5.46875,-5.46875,17.53125
Priers,-23.125,-23.125,-5.59375,-5.59375,17.53125
Conjuncts,-23.25,-23.25,-5.71875,-5.71875,17.53125
Uninceptive,-23.25,-23.25,-5.71875,-5.71875,17.53125
Sawmiller,-23.0,-23.0,-5.46875,-5.46875,17.53125
Overprint,-23.625,-23.625,-6.09375,-6.09375,17.53125
Nonprolificacy,-23.5,-23.5,-5.96875,-5.96875,17.53125
Dulciloquent,-23.25,-23.25,-5.71875,-5.71875,17.53125
Livener,-23.375,-23.375,-5.84375,-5.84375,17.53125
Tantamount,-23.25,-23.25,-5.71875,-5.71875,17.53125
Goitre,-23.25,-23.25,-5.71875,-5.71875,17.53125
Reometer,-23.25,-23.25,-5.71875,-5.71875,17.53125
Mowcht,-23.5,-23.5,-5.96875,-5.96875,17.53125
Gangsters,-23.625,-23.625,-6.09375,-6.09375,17.53125
Henpen,-23.625,-23.625,-6.09375,-6.09375,17.53125
Usurpor,-23.125,-23.125,-5.59375,-5.59375,17.53125
Nullisomic,-23.25,-23.25,-5.71875,-5.71875,17.53125
Mysell,-23.5,-23.5,-5.96875,-5.96875,17.53125
Cheesier,-23.0,-23.0,-5.46875,-5.46875,17.53125
Amphitheaters,-23.5,-23.5,-5.96875,-5.96875,17.53125
Chafferers,-23.625,-23.625,-6.09375,-6.09375,17.53125
Bottlemaker,-23.125,-23.125,-5.59375,-5.59375,17.53125
Prostrike,-23.5,-23.5,-5.96875,-5.96875,17.53125
Headborough,-23.125,-23.125,-5.59375,-5.59375,17.53125
Tubers,-23.25,-23.25,-5.71875,-5.71875,17.53125
Windowshut,-23.25,-23.25,-5.71875,-5.71875,17.53125
Trueblue,-23.375,-23.375,-5.84375,-5.84375,17.53125
Gypsyhead,-22.875,-22.875,-5.34375,-5.34375,17.53125
Mediary,-23.25,-23.25,-5.71875,-5.71875,17.53125
Presolve,-23.375,-23.375,-5.84375,-5.84375,17.53125
Discloser,-23.25,-23.25,-5.71875,-5.71875,17.53125
Espousers,-23.5,-23.5,-5.96875,-5.96875,17.53125
Paedomorphic,-23.125,-23.125,-5.59375,-5.59375,17.53125
Fidley,-23.125,-23.125,-5.59375,-5.59375,17.53125
Stalag,-23.125,-23.125,-5.59375,-5.59375,17.53125
Insomnolent,-23.25,-23.25,-5.71875,-5.71875,17.53125
Beehive,-23.25,-23.25,-5.71875,-5.71875,17.53125
Clamorous,-23.125,-23.125,-5.59375,-5.59375,17.53125
Janisary,-23.25,-23.25,-5.71875,-5.71875,17.53125
Schultenite,-23.125,-23.125,-5.59375,-5.59375,17.53125
Righter,-23.5,-23.5,-5.96875,-5.96875,17.53125
Perisarcs,-23.125,-23.125,-5.59375,-5.59375,17.53125
Senecios,-23.25,-23.25,-5.71875,-5.71875,17.53125
Nataloin,-23.5,-23.5,-5.96875,-5.96875,17.53125
Deformative,-23.375,-23.375,-5.84375,-5.84375,17.53125
Emulative,-23.25,-23.25,-5.71875,-5.71875,17.53125
Goutish,-23.125,-23.125,-5.59375,-5.59375,17.53125
Mastigia,-23.125,-23.125,-5.59375,-5.59375,17.53125
Bishopful,-23.25,-23.25,-5.71875,-5.71875,17.53125
Exonerates,-23.5,-23.5,-5.96875,-5.96875,17.53125
Statistology,-23.625,-23.625,-6.09375,-6.09375,17.53125
Iliocostalis,-23.25,-23.25,-5.71875,-5.71875,17.53125
Ovigenesis,-23.75,-23.75,-6.21875,-6.21875,17.53125
Omnifidel,-23.375,-23.375,-5.84375,-5.84375,17.53125
Poohpoohist,-23.0,-23.0,-5.46875,-5.46875,17.53125
Soulheal,-23.375,-23.375,-5.84375,-5.84375,17.53125
Octuplet,-23.125,-23.125,-5.59375,-5.59375,17.53125
Nonimpact,-23.375,-23.375,-5.84375,-5.84375,17.53125
Plunge,-23.0,-23.0,-5.46875,-5.46875,17.53125
Paddymelon,-23.125,-23.125,-5.59375,-5.59375,17.53125
Jinshang,-23.625,-23.625,-6.09375,-6.09375,17.53125
Troglodytinae,-23.375,-23.375,-5.84375,-5.84375,17.53125
Egoizer,-23.5,-23.5,-5.96875,-5.96875,17.53125
Incompliance,-23.25,-23.25,-5.71875,-5.71875,17.53125
Rinsings,-23.0,-23.0,-5.46875,-5.46875,17.53125
Myiosis,-23.375,-23.375,-5.84375,-5.84375,17.53125
Phytology,-23.25,-23.25,-5.71875,-5.71875,17.53125
Linchbolt,-23.5,-23.5,-5.96875,-5.96875,17.53125
Shimper,-23.125,-23.125,-5.59375,-5.59375,17.53125
Octometer,-23.5,-23.5,-5.96875,-5.96875,17.53125
Maintops,-23.375,-23.375,-5.84375,-5.84375,17.53125
Airwaybill,-23.125,-23.125,-5.59375,-5.59375,17.53125
Incondite,-23.25,-23.25,-5.71875,-5.71875,17.53125
Hotsprings,-22.875,-22.875,-5.34375,-5.34375,17.53125
Stannery,-23.25,-23.25,-5.71875,-5.71875,17.53125
Unfictitious,-23.25,-23.25,-5.71875,-5.71875,17.53125
Keelblock,-23.375,-23.375,-5.84375,-5.84375,17.53125
Aquameter,-23.25,-23.25,-5.71875,-5.71875,17.53125
Apyretic,-23.375,-23.375,-5.84375,-5.84375,17.53125
Undiametric,-23.375,-23.375,-5.84375,-5.84375,17.53125
Kinker,-23.125,-23.125,-5.59375,-5.59375,17.53125
Soucar,-23.25,-23.25,-5.71875,-5.71875,17.53125
Precompute,-23.25,-23.25,-5.71875,-5.71875,17.53125
Edgemaker,-23.125,-23.125,-5.59375,-5.59375,17.53125
Jumperism,-23.625,-23.625,-6.09375,-6.09375,17.53125
Periclinal,-23.375,-23.375,-5.84375,-5.84375,17.53125
Protuberances,-23.25,-23.25,-5.71875,-5.71875,17.53125
Moonbow,-23.5,-23.5,-5.96875,-5.96875,17.53125
Raceplate,-23.25,-23.25,-5.71875,-5.71875,17.53125
Uranyls,-23.125,-23.125,-5.59375,-5.59375,17.53125
Harbinge,-23.375,-23.375,-5.84375,-5.84375,17.53125
Prefigurate,-23.375,-23.375,-5.84375,-5.84375,17.53125
Isoclinal,-23.25,-23.25,-5.71875,-5.71875,17.53125
Subaquatic,-23.375,-23.375,-5.84375,-5.84375,17.53125
Cruses,-23.125,-23.125,-5.59375,-5.59375,17.53125
Exclusions,-23.625,-23.625,-6.09375,-6.09375,17.53125
Exulceratory,-23.25,-23.25,-5.71875,-5.71875,17.53125
Daftlike,-23.375,-23.375,-5.84375,-5.84375,17.53125
Explainers,-23.5,-23.5,-5.96875,-5.96875,17.53125
Preservatives,-23.25,-23.25,-5.71875,-5.71875,17.53125
Calycle,-23.25,-23.25,-5.71875,-5.71875,17.53125
Phlorhizin,-23.125,-23.125,-5.59375,-5.59375,17.53125
Battailous,-23.25,-23.25,-5.71875,-5.71875,17.53125
Wahima,-23.25,-23.25,-5.71875,-5.71875,17.53125
Overbusy,-23.25,-23.25,-5.71875,-5.71875,17.53125
Abecedaire,-23.25,-23.25,-5.71875,-5.71875,17.53125
Fugate,-23.125,-23.125,-5.59375,-5.59375,17.53125
Pedrero,-23.625,-23.625,-6.09375,-6.09375,17.53125
Menthene,-23.5,-23.5,-5.96875,-5.96875,17.53125
Possemen,-23.25,-23.25,-5.71875,-5.71875,17.53125
Stomatocace,-23.25,-23.25,-5.71875,-5.71875,17.53125
Grottoes,-23.25,-23.25,-5.71875,-5.71875,17.53125
Elaiosome,-23.25,-23.25,-5.71875,-5.71875,17.53125
Opinion,-23.5,-23.5,-5.96875,-5.96875,17.53125
Nonfantasies,-23.25,-23.25,-5.71875,-5.71875,17.53125
Monitories,-23.375,-23.375,-5.84375,-5.84375,17.53125
Dinosaurian,-23.125,-23.125,-5.59375,-5.59375,17.53125
Mongery,-23.375,-23.375,-5.84375,-5.84375,17.53125
Aureomycin,-23.125,-23.125,-5.59375,-5.59375,17.53125
Roupiest,-23.625,-23.625,-6.09375,-6.09375,17.53125
Enmeshments,-23.625,-23.625,-6.09375,-6.09375,17.53125
Hexapla,-23.125,-23.125,-5.59375,-5.59375,17.53125
Decurt,-23.625,-23.625,-6.09375,-6.09375,17.53125
Humeri,-23.625,-23.625,-6.09375,-6.09375,17.53125
Scraps,-23.0,-23.0,-5.46875,-5.46875,17.53125
Petardeer,-23.25,-23.25,-5.71875,-5.71875,17.53125
Rousers,-23.375,-23.375,-5.84375,-5.84375,17.53125
Theriomorphous,-23.25,-23.25,-5.71875,-5.71875,17.53125
Laterodorsal,-23.5,-23.5,-5.96875,-5.96875,17.53125
Monograptid,-23.0,-23.0,-5.46875,-5.46875,17.53125
Phaenomenon,-23.125,-23.125,-5.59375,-5.59375,17.53125
Gamopetalous,-23.25,-23.25,-5.71875,-5.71875,17.53125
Reptiliform,-23.375,-23.375,-5.84375,-5.84375,17.53125
Physocarpus,-23.0,-23.0,-5.46875,-5.46875,17.53125
Sontenna,-23.375,-23.375,-5.84375,-5.84375,17.53125
Unsmote,-23.25,-23.25,-5.71875,-5.71875,17.53125
Aldosteronism,-23.5,-23.5,-5.96875,-5.96875,17.53125
Dispunge,-23.625,-23.625,-6.09375,-6.09375,17.53125
Inertia,-23.25,-23.25,-5.71875,-5.71875,17.53125
Kiefekil,-23.25,-23.25,-5.71875,-5.71875,17.53125
Ratafias,-23.125,-23.125,-5.59375,-5.59375,17.53125
Individuum,-23.5,-23.5,-5.96875,-5.96875,17.53125
Signator,-23.5,-23.5,-5.96875,-5.96875,17.53125
Pottaro,-23.25,-23.25,-5.71875,-5.71875,17.53125
Holarctic,-23.625,-23.625,-6.09375,-6.09375,17.53125
Dephlegmatory,-23.25,-23.25,-5.71875,-5.71875,17.53125
Amoral,-23.25,-23.25,-5.71875,-5.71875,17.53125
Allthorn,-23.125,-23.125,-5.59375,-5.59375,17.53125
Unactability,-23.5,-23.5,-5.96875,-5.96875,17.53125
Unpacker,-23.375,-23.375,-5.84375,-5.84375,17.53125
Papabote,-23.5,-23.5,-5.96875,-5.96875,17.53125
Embodier,-23.25,-23.25,-5.71875,-5.71875,17.53125
Subclaim,-23.5,-23.5,-5.96875,-5.96875,17.53125
Purposeless,-23.25,-23.25,-5.71875,-5.71875,17.53125
Hylomorphous,-23.125,-23.125,-5.59375,-5.59375,17.53125
Drachm,-23.0,-23.0,-5.46875,-5.46875,17.53125
Privant,-23.375,-23.375,-5.84375,-5.84375,17.53125
Penner,-23.125,-23.125,-5.59375,-5.59375,17.53125
Milsey,-23.125,-23.125,-5.59375,-5.59375,17.53125
Vaginicolous,-23.375,-23.375,-5.84375,-5.84375,17.53125
Unsack,-23.375,-23.375,-5.84375,-5.84375,17.53125
Anacrotism,-23.75,-23.75,-6.21875,-6.21875,17.53125
Exampless,-23.0,-23.0,-5.46875,-5.46875,17.53125
Gamgia,-23.375,-23.375,-5.84375,-5.84375,17.53125
Textuarist,-23.25,-23.25,-5.71875,-5.71875,17.53125
Cashboy,-23.125,-23.125,-5.59375,-5.59375,17.53125
Depravity,-23.5,-23.5,-5.96875,-5.96875,17.53125
Riprap,-23.0,-23.0,-5.46875,-5.46875,17.53125
Perquisitor,-23.0,-23.0,-5.46875,-5.46875,17.53125
Enschedule,-23.375,-23.375,-5.84375,-5.84375,17.53125
Shirlcock,-23.125,-23.125,-5.59375,-5.59375,17.53125
Overblow,-23.25,-23.25,-5.71875,-5.71875,17.53125
Chinbeak,-23.625,-23.625,-6.09375,-6.09375,17.53125
Concumbency,-23.375,-23.375,-5.84375,-5.84375,17.53125
Bumbarge,-23.375,-23.375,-5.84375,-5.84375,17.53125
Reabsorb,-23.25,-23.25,-5.71875,-5.71875,17.53125
Isologs,-23.5,-23.5,-5.96875,-5.96875,17.53125
Schrebera,-23.375,-23.375,-5.84375,-5.84375,17.53125
Lampadist,-23.375,-23.375,-5.84375,-5.84375,17.53125
Opulence,-23.625,-23.625,-6.09375,-6.09375,17.53125
Heterotaxy,-23.375,-23.375,-5.84375,-5.84375,17.53125
Tenderizers,-23.0,-23.0,-5.46875,-5.46875,17.53125
Springwater,-23.25,-23.25,-5.71875,-5.71875,17.53125
Outstood,-23.125,-23.125,-5.59375,-5.59375,17.53125
Bicornate,-23.5,-23.5,-5.96875,-5.96875,17.53125
Edomite,-23.25,-23.25,-5.71875,-5.71875,17.53125
Rhapsodomancy,-23.375,-23.375,-5.84375,-5.84375,17.53125
Nonsystematic,-23.5,-23.5,-5.96875,-5.96875,17.53125
Papicolist,-23.125,-23.125,-5.59375,-5.59375,17.53125
Ribbandry,-23.375,-23.375,-5.84375,-5.84375,17.53125
Bejuco,-23.5,-23.5,-5.96875,-5.96875,17.53125
Overcools,-23.375,-23.375,-5.84375,-5.84375,17.53125
Chamberdeacon,-23.25,-23.25,-5.71875,-5.71875,17.53125
Machiavel,-23.125,-23.125,-5.59375,-5.59375,17.53125
Saddlebows,-23.375,-23.375,-5.84375,-5.84375,17.53125
Azotate,-23.25,-23.25,-5.71875,-5.71875,17.53125
Zippiest,-22.875,-22.875,-5.34375,-5.34375,17.53125
Lymphatic,-23.0,-23.0,-5.46875,-5.46875,17.53125
Plaiters,-23.25,-23.25,-5.71875,-5.71875,17.53125
Trifarious,-23.125,-23.125,-5.59375,-5.59375,17.53125
Sorbitize,-23.625,-23.625,-6.09375,-6.09375,17.53125
Bilious,-23.125,-23.125,-5.59375,-5.59375,17.53125
Pylorectomies,-23.125,-23.125,-5.59375,-5.59375,17.53125
Pastime,-23.125,-23.125,-5.59375,-5.59375,17.53125
Aladinist,-23.125,-23.125,-5.59375,-5.59375,17.53125
Allergists,-23.375,-23.375,-5.84375,-5.84375,17.53125
Jaloppies,-23.5,-23.5,-5.96875,-5.96875,17.53125
Falkland,-23.25,-23.25,-5.71875,-5.71875,17.53125
Aricin,-23.25,-23.25,-5.71875,-5.71875,17.53125
Scissorer,-23.125,-23.125,-5.59375,-5.59375,17.53125
Consults,-23.25,-23.25,-5.71875,-5.71875,17.53125
Outhears,-23.125,-23.125,-5.59375,-5.59375,17.53125
Validatory,-23.375,-23.375,-5.84375,-5.84375,17.53125
Deblock,-23.625,-23.625,-6.09375,-6.09375,17.53125
Exornate,-23.25,-23.25,-5.71875,-5.71875,17.53125
Dodderer,-23.25,-23.25,-5.71875,-5.71875,17.53125
Tigrone,-23.625,-23.625,-6.09375,-6.09375,17.53125
Ninevitical,-23.125,-23.125,-5.59375,-5.59375,17.53125
Grasshouse,-23.25,-23.25,-5.71875,-5.71875,17.53125
Barbar,-23.25,-23.25,-5.71875,-5.71875,17.53125
Erasmian,-23.375,-23.375,-5.84375,-5.84375,17.53125
Artificialism,-23.375,-23.375,-5.84375,-5.84375,17.53125
Goodeniaceous,-23.25,-23.25,-5.71875,-5.71875,17.53125
Hispanicism,-23.75,-23.75,-6.21875,-6.21875,17.53125
Spurreies,-23.25,-23.25,-5.71875,-5.71875,17.53125
Ropinesses,-23.125,-23.125,-5.59375,-5.59375,17.53125
Graecomania,-23.75,-23.75,-6.21875,-6.21875,17.53125
Turbidimeter,-23.5,-23.5,-5.96875,-5.96875,17.53125
Outpeep,-23.125,-23.125,-5.59375,-5.59375,17.53125
Footsoldier,-23.375,-23.375,-5.84375,-5.84375,17.53125
Lowings,-23.25,-23.25,-5.71875,-5.71875,17.53125
Habituations,-23.5,-23.5,-5.96875,-5.96875,17.53125
Bitumen,-23.375,-23.375,-5.84375,-5.84375,17.53125
Sheepman,-23.125,-23.125,-5.59375,-5.59375,17.53125
Regentship,-23.5,-23.5,-5.96875,-5.96875,17.53125
Demobilise,-23.625,-23.625,-6.09375,-6.09375,17.53125
Peeves,-22.875,-22.875,-5.34375,-5.34375,17.53125
Dimmers,-23.5,-23.5,-5.96875,-5.96875,17.53125
Explementary,-23.5,-23.5,-5.96875,-5.96875,17.53125
Wayward,-23.0,-23.0,-5.46875,-5.46875,17.53125
Convergent,-23.375,-23.375,-5.84375,-5.84375,17.53125
Antiliturgy,-23.375,-23.375,-5.84375,-5.84375,17.53125
Pathema,-23.375,-23.375,-5.84375,-5.84375,17.53125
Cornishman,-23.125,-23.125,-5.59375,-5.59375,17.53125
Ostreophagist,-23.0,-23.0,-5.46875,-5.46875,17.53125
Beroidae,-23.375,-23.375,-5.84375,-5.84375,17.53125
Dormient,-23.125,-23.125,-5.59375,-5.59375,17.53125
Concaver,-23.125,-23.125,-5.59375,-5.59375,17.53125
Conjugal,-23.375,-23.375,-5.84375,-5.84375,17.53125
Siphonic,-23.375,-23.375,-5.84375,-5.84375,17.53125
Pennatularian,-23.25,-23.25,-5.71875,-5.71875,17.53125
Ashmen,-22.75,-22.75,-5.21875,-5.21875,17.53125
Gaffes,-23.375,-23.375,-5.84375,-5.84375,17.53125
Unskill,-23.25,-23.25,-5.71875,-5.71875,17.53125
Hylopathy,-23.375,-23.375,-5.84375,-5.84375,17.53125
Sphecina,-23.0,-23.0,-5.46875,-5.46875,17.53125
Gnetaceae,-23.375,-23.375,-5.84375,-5.84375,17.53125
Weepiest,-23.125,-23.125,-5.59375,-5.59375,17.53125
Forebitt,-23.25,-23.25,-5.71875,-5.71875,17.53125
Lotiform,-23.5,-23.5,-5.96875,-5.96875,17.53125
Coprolite,-23.0,-23.0,-5.46875,-5.46875,17.53125
Orobanchaceous,-23.25,-23.25,-5.71875,-5.71875,17.53125
Musqueto,-23.375,-23.375,-5.84375,-5.84375,17.53125
Pishquow,-23.125,-23.125,-5.59375,-5.59375,17.53125
Androphore,-23.25,-23.25,-5.71875,-5.71875,17.53125
Bander,-23.375,-23.375,-5.84375,-5.84375,17.53125
Gasogenes,-23.5,-23.5,-5.96875,-5.96875,17.53125
Electroviscous,-23.375,-23.375,-5.84375,-5.84375,17.53125
Municipalize,-23.625,-23.625,-6.09375,-6.09375,17.53125
Abortuses,-23.0,-23.0,-5.46875,-5.46875,17.53125
Scantlet,-23.0,-23.0,-5.46875,-5.46875,17.53125
Outvillage,-23.375,-23.375,-5.84375,-5.84375,17.53125
Rebulk,-23.25,-23.25,-5.71875,-5.71875,17.53125
Shaglet,-23.125,-23.125,-5.59375,-5.59375,17.53125
Presphygmic,-23.25,-23.25,-5.71875,-5.71875,17.53125
Uptuck,-23.25,-23.25,-5.71875,-5.71875,17.53125
Gaminesque,-23.25,-23.25,-5.71875,-5.71875,17.53125
Rotundity,-23.75,-23.75,-6.21875,-6.21875,17.53125
Fawnery,-23.125,-23.125,-5.59375,-5.59375,17.53125
Churchmen,-23.5,-23.5,-5.96875,-5.96875,17.53125
Hypnotize,-23.125,-23.125,-5.59375,-5.59375,17.53125
Capretto,-23.125,-23.125,-5.59375,-5.59375,17.53125
Bewail,-23.125,-23.125,-5.59375,-5.59375,17.53125
Polytheistic,-23.25,-23.25,-5.71875,-5.71875,17.53125
Microfelsitic,-23.25,-23.25,-5.71875,-5.71875,17.53125
Cystines,-22.875,-22.875,-5.34375,-5.34375,17.53125
Racemulose,-23.25,-23.25,-5.71875,-5.71875,17.53125
Epicele,-23.125,-23.125,-5.59375,-5.59375,17.53125
Courante,-23.25,-23.25,-5.71875,-5.71875,17.53125
Payees,-23.125,-23.125,-5.59375,-5.59375,17.53125
Algolagnic,-23.375,-23.375,-5.84375,-5.84375,17.53125
Amplifiers,-23.375,-23.375,-5.84375,-5.84375,17.53125
Fruiteress,-23.125,-23.125,-5.59375,-5.59375,17.53125
Crawdad,-23.125,-23.125,-5.59375,-5.59375,17.53125
Adiaphorist,-23.25,-23.25,-5.71875,-5.71875,17.53125
Empyemata,-23.0,-23.0,-5.46875,-5.46875,17.53125
Skatol,-23.25,-23.25,-5.71875,-5.71875,17.53125
Paradoxides,-23.5,-23.5,-5.96875,-5.96875,17.53125
Resupine,-23.375,-23.375,-5.84375,-5.84375,17.53125
Metalworker,-23.375,-23.375,-5.84375,-5.84375,17.53125
Rabulistic,-23.25,-23.25,-5.71875,-5.71875,17.53125
Flatterer,-23.375,-23.375,-5.84375,-5.84375,17.53125
Gnomesque,-23.125,-23.125,-5.59375,-5.59375,17.53125
Nornicotine,-23.375,-23.375,-5.84375,-5.84375,17.53125
Cornetcies,-23.25,-23.25,-5.71875,-5.71875,17.53125
Lollardy,-23.125,-23.125,-5.59375,-5.59375,17.53125
Inadvertence,-23.25,-23.25,-5.71875,-5.71875,17.53125
Turtlelike,-23.25,-23.25,-5.71875,-5.71875,17.53125
Monogynies,-23.625,-23.625,-6.09375,-6.09375,17.53125
Tacheography,-23.375,-23.375,-5.84375,-5.84375,17.53125
Compendent,-23.375,-23.375,-5.84375,-5.84375,17.53125
Preens,-23.0,-23.0,-5.46875,-5.46875,17.53125
Dyssodia,-23.125,-23.125,-5.59375,-5.59375,17.53125
Backcloth,-23.25,-23.25,-5.71875,-5.71875,17.53125
Clamshells,-23.25,-23.25,-5.71875,-5.71875,17.53125
Choliamb,-23.125,-23.125,-5.59375,-5.59375,17.53125
Multiparae,-23.625,-23.625,-6.09375,-6.09375,17.53125
Czarowitz,-23.0,-23.0,-5.46875,-5.46875,17.53125
Quaternities,-23.25,-23.25,-5.71875,-5.71875,17.53125
Edentate,-23.125,-23.125,-5.59375,-5.59375,17.53125
Borize,-23.25,-23.25,-5.71875,-5.71875,17.53125
Psilosis,-23.375,-23.375,-5.84375,-5.84375,17.53125
Unicolor,-23.25,-23.25,-5.71875,-5.71875,17.53125
Radian,-23.25,-23.25,-5.71875,-5.71875,17.53125
Rigoristic,-23.125,-23.125,-5.59375,-5.59375,17.53125
Nacionalista,-23.25,-23.25,-5.71875,-5.71875,17.53125
Pogonias,-23.375,-23.375,-5.84375,-5.84375,17.53125
Withindoors,-23.25,-23.25,-5.71875,-5.71875,17.53125
Punniest,-22.875,-22.875,-5.34375,-5.34375,17.53125
Noctiferous,-23.0,-23.0,-5.46875,-5.46875,17.53125
Javelin,-23.25,-23.25,-5.71875,-5.71875,17.53125
Superexistent,-23.25,-23.25,-5.71875,-5.71875,17.53125
Adumbrant,-23.375,-23.375,-5.84375,-5.84375,17.53125
Mysidean,-23.375,-23.375,-5.84375,-5.84375,17.53125
Dioxindole,-23.375,-23.375,-5.84375,-5.84375,17.53125
Liquefies,-23.25,-23.25,-5.71875,-5.71875,17.53125
Horrors,-23.125,-23.125,-5.59375,-5.59375,17.53125
Teosinte,-23.125,-23.125,-5.59375,-5.59375,17.53125
Handclasp,-23.375,-23.375,-5.84375,-5.84375,17.53125
Rhynchophora,-23.0,-23.0,-5.46875,-5.46875,17.53125
Gradefinder,-23.25,-23.25,-5.71875,-5.71875,17.53125
Wayfarers,-23.125,-23.125,-5.59375,-5.59375,17.53125
Demential,-23.25,-23.25,-5.71875,-5.71875,17.53125
Potshots,-23.25,-23.25,-5.71875,-5.71875,17.53125
Inhumane,-23.25,-23.25,-5.71875,-5.71875,17.53125
Intercharge,-23.625,-23.625,-6.09375,-6.09375,17.53125
Apologetics,-23.625,-23.625,-6.09375,-6.09375,17.53125
Subside,-23.5,-23.5,-5.96875,-5.96875,17.53125
Inconcussible,-23.25,-23.25,-5.71875,-5.71875,17.53125
Prestandard,-23.25,-23.25,-5.71875,-5.71875,17.53125
Organise,-23.75,-23.75,-6.21875,-6.21875,17.53125
Variolosser,-23.125,-23.125,-5.59375,-5.59375,17.53125
Monoglycerid,-23.25,-23.25,-5.71875,-5.71875,17.53125
Astart,-23.125,-23.125,-5.59375,-5.59375,17.53125
Rubato,-23.125,-23.125,-5.59375,-5.59375,17.53125
Varletry,-23.125,-23.125,-5.59375,-5.59375,17.53125
Whaddie,-23.25,-23.25,-5.71875,-5.71875,17.53125
Ooplasm,-23.25,-23.25,-5.71875,-5.71875,17.53125
Yarovize,-23.375,-23.375,-5.84375,-5.84375,17.53125
Outlawries,-23.375,-23.375,-5.84375,-5.84375,17.53125
Superability,-23.25,-23.25,-5.71875,-5.71875,17.53125
Heterosexuals,-23.875,-23.875,-6.34375,-6.34375,17.53125
Bolivias,-23.125,-23.125,-5.59375,-5.59375,17.53125
Bastinadoes,-23.5,-23.5,-5.96875,-5.96875,17.53125
Swarmers,-23.25,-23.25,-5.71875,-5.71875,17.53125
Athold,-23.0,-23.0,-5.46875,-5.46875,17.53125
Splenography,-23.125,-23.125,-5.59375,-5.59375,17.53125
Detrudes,-23.25,-23.25,-5.71875,-5.71875,17.53125
Gelsemiums,-22.875,-22.875,-5.34375,-5.34375,17.53125
Prisonous,-23.375,-23.375,-5.84375,-5.84375,17.53125
Poiesis,-23.25,-23.25,-5.71875,-5.71875,17.53125
Interseam,-23.375,-23.375,-5.84375,-5.84375,17.53125
Disquarter,-23.375,-23.375,-5.84375,-5.84375,17.53125
Bargeer,-23.125,-23.125,-5.59375,-5.59375,17.53125
Toshes,-23.125,-23.125,-5.59375,-5.59375,17.53125
Nondendroidal,-23.125,-23.125,-5.59375,-5.59375,17.53125
Plutomania,-23.625,-23.625,-6.09375,-6.09375,17.53125
Anginas,-23.5,-23.5,-5.96875,-5.96875,17.53125
Lipolyses,-23.5,-23.5,-5.96875,-5.96875,17.53125
Dictyoid,-23.25,-23.25,-5.71875,-5.71875,17.53125
Presuffer,-23.5,-23.5,-5.96875,-5.96875,17.53125
Factualism,-23.75,-23.75,-6.21875,-6.21875,17.53125
Supercensure,-23.25,-23.25,-5.71875,-5.71875,17.53125
Pygididae,-23.375,-23.375,-5.84375,-5.84375,17.53125
Cocker,-23.125,-23.125,-5.59375,-5.59375,17.53125
Undercooks,-23.0,-23.0,-5.46875,-5.46875,17.53125
Nighter,-23.25,-23.25,-5.71875,-5.71875,17.53125
Sequest,-23.125,-23.125,-5.59375,-5.59375,17.53125
Blunderbuss,-23.125,-23.125,-5.59375,-5.59375,17.53125
Monogynoecial,-23.25,-23.25,-5.71875,-5.71875,17.53125
Subrules,-23.375,-23.375,-5.84375,-5.84375,17.53125
Pulmoniferous,-23.0,-23.0,-5.46875,-5.46875,17.53125
Entozoologist,-22.875,-22.875,-5.34375,-5.34375,17.53125
Hippiatrics,-23.25,-23.25,-5.71875,-5.71875,17.53125
Bushmasters,-23.125,-23.125,-5.59375,-5.59375,17.53125
Polymery,-23.375,-23.375,-5.84375,-5.84375,17.53125
Midairs,-23.375,-23.375,-5.84375,-5.84375,17.53125
Rutaceae,-23.25,-23.25,-5.71875,-5.71875,17.53125
Intermelt,-23.375,-23.375,-5.84375,-5.84375,17.53125
Animes,-23.375,-23.375,-5.84375,-5.84375,17.53125
Obelism,-23.625,-23.625,-6.09375,-6.09375,17.53125
Quadrigamist,-23.25,-23.25,-5.71875,-5.71875,17.53125
Proreptilian,-23.0,-23.0,-5.46875,-5.46875,17.53125
Outers,-23.125,-23.125,-5.59375,-5.59375,17.53125
Pickman,-22.75,-22.75,-5.21875,-5.21875,17.53125
Anserinae,-23.5,-23.5,-5.96875,-5.96875,17.53125
Commark,-23.25,-23.25,-5.71875,-5.71875,17.53125
Procris,-23.375,-23.375,-5.84375,-5.84375,17.53125
Profulgent,-23.25,-23.25,-5.71875,-5.71875,17.53125
Upflows,-23.5,-23.5,-5.96875,-5.96875,17.53125
Unfaithworthy,-23.125,-23.125,-5.59375,-5.59375,17.53125
Delsarte,-23.375,-23.375,-5.84375,-5.84375,17.53125
Showpiece,-23.25,-23.25,-5.71875,-5.71875,17.53125
Encheson,-23.375,-23.375,-5.84375,-5.84375,17.53125
Hickeyes,-23.25,-23.25,-5.71875,-5.71875,17.53125
Subreader,-23.375,-23.375,-5.84375,-5.84375,17.53125
Externes,-23.5,-23.5,-5.96875,-5.96875,17.53125
Inglobe,-23.5,-23.5,-5.96875,-5.96875,17.53125
Emulsifies,-23.25,-23.25,-5.71875,-5.71875,17.53125
Triturature,-23.25,-23.25,-5.71875,-5.71875,17.53125
Deburse,-23.375,-23.375,-5.84375,-5.84375,17.53125
Divort,-23.25,-23.25,-5.71875,-5.71875,17.53125
Biliprasin,-23.25,-23.25,-5.71875,-5.71875,17.53125
Arrestors,-23.25,-23.25,-5.71875,-5.71875,17.53125
Hespel,-23.375,-23.375,-5.84375,-5.84375,17.53125
Mercapto,-23.25,-23.25,-5.71875,-5.71875,17.53125
Enterokinesia,-23.375,-23.375,-5.84375,-5.84375,17.53125
Gemmeous,-23.25,-23.25,-5.71875,-5.71875,17.53125
Enzootics,-23.5,-23.5,-5.96875,-5.96875,17.53125
Apprise,-23.5,-23.5,-5.96875,-5.96875,17.53125
Acoasma,-23.375,-23.375,-5.84375,-5.84375,17.53125
Incompendious,-23.125,-23.125,-5.59375,-5.59375,17.53125
Forthbrought,-23.375,-23.375,-5.84375,-5.84375,17.53125
Saururan,-23.125,-23.125,-5.59375,-5.59375,17.53125
Anatomise,-23.5,-23.5,-5.96875,-5.96875,17.53125
Rabbinize,-23.375,-23.375,-5.84375,-5.84375,17.53125
Philonism,-23.5,-23.5,-5.96875,-5.96875,17.53125
Unsooty,-23.375,-23.375,-5.84375,-5.84375,17.53125
Intraprocess,-23.5,-23.5,-5.96875,-5.96875,17.53125
Pluton,-23.25,-23.25,-5.71875,-5.71875,17.53125
Quartetto,-23.25,-23.25,-5.71875,-5.71875,17.53125
Unmutual,-23.25,-23.25,-5.71875,-5.71875,17.53125
Daintrel,-23.25,-23.25,-5.71875,-5.71875,17.53125
Scandalizer,-23.25,-23.25,-5.71875,-5.71875,17.53125
Phosphokinase,-23.25,-23.25,-5.71875,-5.71875,17.53125
Scepticism,-23.625,-23.625,-6.09375,-6.09375,17.53125
Vespids,-23.25,-23.25,-5.71875,-5.71875,17.53125
Craniophore,-23.125,-23.125,-5.59375,-5.59375,17.53125
Squanderers,-23.5,-23.5,-5.96875,-5.96875,17.53125
Phacopid,-23.25,-23.25,-5.71875,-5.71875,17.53125
Woolsower,-23.25,-23.25,-5.71875,-5.71875,17.53125
Griddler,-23.25,-23.25,-5.71875,-5.71875,17.53125
Chancellorship,-23.5,-23.5,-5.96875,-5.96875,17.53125
Jacuaru,-23.25,-23.25,-5.71875,-5.71875,17.53125
Phulwara,-23.375,-23.375,-5.84375,-5.84375,17.53125
Subventricular,-23.375,-23.375,-5.84375,-5.84375,17.53125
Braccio,-23.25,-23.25,-5.71875,-5.71875,17.53125
Perdifoil,-23.125,-23.125,-5.59375,-5.59375,17.53125
Chobie,-23.125,-23.125,-5.59375,-5.59375,17.53125
Madegassy,-23.0,-23.0,-5.46875,-5.46875,17.53125
Mercery,-23.25,-23.25,-5.71875,-5.71875,17.53125
Poutiest,-23.125,-23.125,-5.59375,-5.59375,17.53125
Torrify,-23.375,-23.375,-5.84375,-5.84375,17.53125
Playscript,-23.25,-23.25,-5.71875,-5.71875,17.53125
Pushbutton,-23.125,-23.125,-5.59375,-5.59375,17.53125
Extenuations,-23.5,-23.5,-5.96875,-5.96875,17.53125
Ogygian,-23.375,-23.375,-5.84375,-5.84375,17.53125
Forcipressure,-23.5,-23.5,-5.96875,-5.96875,17.53125
Exactions,-23.25,-23.25,-5.71875,-5.71875,17.53125
Dittos,-23.125,-23.125,-5.59375,-5.59375,17.53125
Stockpile,-23.5,-23.5,-5.96875,-5.96875,17.53125
Termitid,-23.0,-23.0,-5.46875,-5.46875,17.53125
Quingentenary,-23.625,-23.625,-6.09375,-6.09375,17.53125
Batiker,-23.25,-23.25,-5.71875,-5.71875,17.53125
Scramb,-23.25,-23.25,-5.71875,-5.71875,17.53125
Neuropathology,-23.625,-23.625,-6.09375,-6.09375,17.53125
Chenevixite,-23.375,-23.375,-5.84375,-5.84375,17.53125
Glazings,-23.125,-23.125,-5.59375,-5.59375,17.53125
Asexuals,-23.5,-23.5,-5.96875,-5.96875,17.53125
Holographs,-23.5,-23.5,-5.96875,-5.96875,17.53125
Congelifract,-23.25,-23.25,-5.71875,-5.71875,17.53125
Disillusionary,-23.25,-23.25,-5.71875,-5.71875,17.53125
Nondelirious,-23.0,-23.0,-5.46875,-5.46875,17.53125
Woodsiest,-23.125,-23.125,-5.59375,-5.59375,17.53125
Synaphe,-23.25,-23.25,-5.71875,-5.71875,17.53125
Wonderbright,-23.25,-23.25,-5.71875,-5.71875,17.53125
Vesicule,-23.0,-23.0,-5.46875,-5.46875,17.53125
Proetid,-23.375,-23.375,-5.84375,-5.84375,17.53125
Ganglionitis,-23.375,-23.375,-5.84375,-5.84375,17.53125
Shoreman,-23.125,-23.125,-5.59375,-5.59375,17.53125
Hydroconion,-23.25,-23.25,-5.71875,-5.71875,17.53125
Highhole,-23.125,-23.125,-5.59375,-5.59375,17.53125
Racemocarbonic,-23.25,-23.25,-5.71875,-5.71875,17.53125
Wheelbase,-23.25,-23.25,-5.71875,-5.71875,17.53125
Leavenous,-23.25,-23.25,-5.71875,-5.71875,17.53125
Mousetail,-23.25,-23.25,-5.71875,-5.71875,17.53125
Striola,-23.25,-23.25,-5.71875,-5.71875,17.53125
Colloquies,-23.375,-23.375,-5.84375,-5.84375,17.53125
Antiblastic,-23.375,-23.375,-5.84375,-5.84375,17.53125
Protogod,-23.25,-23.25,-5.71875,-5.71875,17.53125
Hastier,-23.125,-23.125,-5.59375,-5.59375,17.53125
Ropedance,-23.125,-23.125,-5.59375,-5.59375,17.53125
Endopod,-23.125,-23.125,-5.59375,-5.59375,17.53125
Solidify,-23.625,-23.625,-6.09375,-6.09375,17.53125
Legalistic,-23.25,-23.25,-5.71875,-5.71875,17.53125
Rebids,-23.375,-23.375,-5.84375,-5.84375,17.53125
Employee,-23.125,-23.125,-5.59375,-5.59375,17.53125
Braccianite,-23.375,-23.375,-5.84375,-5.84375,17.53125
Friths,-23.125,-23.125,-5.59375,-5.59375,17.53125
Mnemonics,-23.5,-23.5,-5.96875,-5.96875,17.53125
Polverine,-23.375,-23.375,-5.84375,-5.84375,17.53125
Unearths,-23.125,-23.125,-5.59375,-5.59375,17.53125
Cathismata,-23.5,-23.5,-5.96875,-5.96875,17.53125
Epichorion,-23.25,-23.25,-5.71875,-5.71875,17.53125
Backband,-23.375,-23.375,-5.84375,-5.84375,17.53125
Irenical,-23.0,-23.0,-5.46875,-5.46875,17.53125
Daulias,-23.375,-23.375,-5.84375,-5.84375,17.53125
Cratons,-23.125,-23.125,-5.59375,-5.59375,17.53125
Bookland,-23.5,-23.5,-5.96875,-5.96875,17.53125
Noneditorial,-23.125,-23.125,-5.59375,-5.59375,17.53125
Eunuchry,-23.125,-23.125,-5.59375,-5.59375,17.53125
Orendite,-23.5,-23.5,-5.96875,-5.96875,17.53125
Altoun,-23.375,-23.375,-5.84375,-5.84375,17.53125
Tenalgia,-23.25,-23.25,-5.71875,-5.71875,17.53125
Subquintuple,-23.375,-23.375,-5.84375,-5.84375,17.53125
Langrage,-23.5,-23.5,-5.96875,-5.96875,17.53125
Peritrophic,-23.25,-23.25,-5.71875,-5.71875,17.53125
Unplace,-23.25,-23.25,-5.71875,-5.71875,17.53125
Dilantin,-22.75,-22.75,-5.21875,-5.21875,17.53125
Praiseproof,-23.375,-23.375,-5.84375,-5.84375,17.53125
Lunkheads,-23.5,-23.5,-5.96875,-5.96875,17.53125
Culmicolous,-23.375,-23.375,-5.84375,-5.84375,17.53125
Faller,-23.25,-23.25,-5.71875,-5.71875,17.53125
Tongueful,-23.25,-23.25,-5.71875,-5.71875,17.53125
Disassociate,-23.25,-23.25,-5.71875,-5.71875,17.53125
Huxter,-23.25,-23.25,-5.71875,-5.71875,17.53125
Dejerator,-23.5,-23.5,-5.96875,-5.96875,17.53125
Multarticulate,-23.375,-23.375,-5.84375,-5.84375,17.53125
Scurrility,-23.125,-23.125,-5.59375,-5.59375,17.53125
Sendal,-23.25,-23.25,-5.71875,-5.71875,17.53125
Reexpel,-23.5,-23.5,-5.96875,-5.96875,17.53125
Farcers,-23.125,-23.125,-5.59375,-5.59375,17.53125
Nascency,-23.375,-23.375,-5.84375,-5.84375,17.53125
Pascoite,-23.25,-23.25,-5.71875,-5.71875,17.53125
Indurates,-23.375,-23.375,-5.84375,-5.84375,17.53125
Myoclonic,-23.25,-23.25,-5.71875,-5.71875,17.53125
Insectaries,-23.375,-23.375,-5.84375,-5.84375,17.53125
Renule,-23.375,-23.375,-5.84375,-5.84375,17.53125
Daemonurgist,-22.875,-22.875,-5.34375,-5.34375,17.53125
Extravasate,-23.125,-23.125,-5.59375,-5.59375,17.53125
Plagium,-23.5,-23.5,-5.96875,-5.96875,17.53125
Coexerts,-23.375,-23.375,-5.84375,-5.84375,17.53125
Alditol,-23.125,-23.125,-5.59375,-5.59375,17.53125
Boffolas,-23.5,-23.5,-5.96875,-5.96875,17.53125
Plowhead,-23.125,-23.125,-5.59375,-5.59375,17.53125
Intrastate,-23.5,-23.5,-5.96875,-5.96875,17.53125
Unwonder,-23.125,-23.125,-5.59375,-5.59375,17.53125
Eccritic,-23.25,-23.25,-5.71875,-5.71875,17.53125
Epitrope,-23.25,-23.25,-5.71875,-5.71875,17.53125
Reevaluates,-23.25,-23.25,-5.71875,-5.71875,17.53125
Shippage,-23.0,-23.0,-5.46875,-5.46875,17.53125
Metallochromy,-23.5,-23.5,-5.96875,-5.96875,17.53125
Indent,-23.375,-23.375,-5.84375,-5.84375,17.53125
Polyuria,-23.0,-23.0,-5.46875,-5.46875,17.53125
Prohibiter,-23.375,-23.375,-5.84375,-5.84375,17.53125
Nitrolamine,-23.375,-23.375,-5.84375,-5.84375,17.53125
Refinage,-23.25,-23.25,-5.71875,-5.71875,17.53125
Asseverative,-23.375,-23.375,-5.84375,-5.84375,17.53125
Decoherer,-23.125,-23.125,-5.59375,-5.59375,17.53125
Enrage,-23.5,-23.5,-5.96875,-5.96875,17.53125
Decolonise,-23.625,-23.625,-6.09375,-6.09375,17.53125
Brickkiln,-23.125,-23.125,-5.59375,-5.59375,17.53125
Otopathy,-23.5,-23.5,-5.96875,-5.96875,17.53125
Becloaks,-23.0,-23.0,-5.46875,-5.46875,17.53125
Collimators,-23.25,-23.25,-5.71875,-5.71875,17.53125
Submode,-23.625,-23.625,-6.09375,-6.09375,17.53125
Despots,-23.375,-23.375,-5.84375,-5.84375,17.53125
Paleman,-23.375,-23.375,-5.84375,-5.84375,17.53125
Bisdiapason,-23.125,-23.125,-5.59375,-5.59375,17.53125
Overshadow,-23.125,-23.125,-5.59375,-5.59375,17.53125
Parodistic,-23.5,-23.5,-5.96875,-5.96875,17.53125
Noncontinuance,-23.5,-23.5,-5.96875,-5.96875,17.53125
Concessory,-23.125,-23.125,-5.59375,-5.59375,17.53125
Macromolecules,-23.5,-23.5,-5.96875,-5.96875,17.53125
Perichoresis,-23.375,-23.375,-5.84375,-5.84375,17.53125
Shriekery,-22.875,-22.875,-5.34375,-5.34375,17.53125
Vacuums,-23.125,-23.125,-5.59375,-5.59375,17.53125
Culicifugal,-23.25,-23.25,-5.71875,-5.71875,17.53125
Triolein,-23.375,-23.375,-5.84375,-5.84375,17.53125
Unelastic,-23.5,-23.5,-5.96875,-5.96875,17.53125
Foredate,-23.375,-23.375,-5.84375,-5.84375,17.53125
Heracleidan,-23.125,-23.125,-5.59375,-5.59375,17.53125
Debauches,-23.5,-23.5,-5.96875,-5.96875,17.53125
Diehard,-23.5,-23.5,-5.96875,-5.96875,17.53125
Unintrusive,-23.25,-23.25,-5.71875,-5.71875,17.53125
Reencounters,-23.25,-23.25,-5.71875,-5.71875,17.53125
Spangler,-23.125,-23.125,-5.59375,-5.59375,17.53125
Shandyism,-23.5,-23.5,-5.96875,-5.96875,17.53125
Febricula,-23.125,-23.125,-5.59375,-5.59375,17.53125
Yankton,-23.125,-23.125,-5.59375,-5.59375,17.53125
Schemati,-23.375,-23.375,-5.84375,-5.84375,17.53125
Fideisms,-23.625,-23.625,-6.09375,-6.09375,17.53125
Agathodaemonic,-23.375,-23.375,-5.84375,-5.84375,17.53125
Cycadaceae,-23.0,-23.0,-5.46875,-5.46875,17.53125
Migrants,-23.25,-23.25,-5.71875,-5.71875,17.53125
Obstetrist,-23.125,-23.125,-5.59375,-5.59375,17.53125
Sensibles,-23.5,-23.5,-5.96875,-5.96875,17.53125
Prosthionic,-23.25,-23.25,-5.71875,-5.71875,17.53125
Predicate,-23.5,-23.5,-5.96875,-5.96875,17.53125
Synopses,-23.25,-23.25,-5.71875,-5.71875,17.53125
Subchelae,-23.375,-23.375,-5.84375,-5.84375,17.53125
Deadfalls,-23.125,-23.125,-5.59375,-5.59375,17.53125
Anticachectic,-23.375,-23.375,-5.84375,-5.84375,17.53125
Teleobjective,-23.375,-23.375,-5.84375,-5.84375,17.53125
Excubitorium,-23.25,-23.25,-5.71875,-5.71875,17.53125
Chrysophanic,-23.375,-23.375,-5.84375,-5.84375,17.53125
Huffler,-23.125,-23.125,-5.59375,-5.59375,17.53125
Pelerine,-23.375,-23.375,-5.84375,-5.84375,17.53125
Opegrapha,-23.5,-23.5,-5.96875,-5.96875,17.53125
Polycystic,-23.125,-23.125,-5.59375,-5.59375,17.53125
Betutor,-23.25,-23.25,-5.71875,-5.71875,17.53125
Viewer,-23.5,-23.5,-5.96875,-5.96875,17.53125
Goodyera,-23.125,-23.125,-5.59375,-5.59375,17.53125
Arabesquerie,-23.5,-23.5,-5.96875,-5.96875,17.53125
Overmalapert,-23.375,-23.375,-5.84375,-5.84375,17.53125
Splittings,-23.125,-23.125,-5.59375,-5.59375,17.53125
Pedantic,-23.25,-23.25,-5.71875,-5.71875,17.53125
Thumbnuts,-23.0,-23.0,-5.46875,-5.46875,17.53125
Passer,-23.25,-23.25,-5.71875,-5.71875,17.53125
Nostrum,-23.25,-23.25,-5.71875,-5.71875,17.53125
Emmove,-23.375,-23.375,-5.84375,-5.84375,17.53125
Microforms,-23.375,-23.375,-5.84375,-5.84375,17.53125
Alogism,-23.375,-23.375,-5.84375,-5.84375,17.53125
Poetastery,-23.25,-23.25,-5.71875,-5.71875,17.53125
Mesognathous,-23.25,-23.25,-5.71875,-5.71875,17.53125
Pathetical,-23.125,-23.125,-5.59375,-5.59375,17.53125
Hyaloids,-23.25,-23.25,-5.71875,-5.71875,17.53125
Chrysenic,-23.375,-23.375,-5.84375,-5.84375,17.53125
Mandaeism,-23.625,-23.625,-6.09375,-6.09375,17.53125
Pickaback,-23.125,-23.125,-5.59375,-5.59375,17.53125
Outserts,-23.375,-23.375,-5.84375,-5.84375,17.53125
Auriphrygia,-23.125,-23.125,-5.59375,-5.59375,17.53125
Imbrues,-23.25,-23.25,-5.71875,-5.71875,17.53125
Variformity,-23.375,-23.375,-5.84375,-5.84375,17.53125
Angiomata,-23.375,-23.375,-5.84375,-5.84375,17.53125
Peleus,-23.0,-23.0,-5.46875,-5.46875,17.53125
Cattlefold,-23.125,-23.125,-5.59375,-5.59375,17.53125
Guinean,-23.125,-23.125,-5.59375,-5.59375,17.53125
Lipper,-23.125,-23.125,-5.59375,-5.59375,17.53125
Hydrophilism,-23.375,-23.375,-5.84375,-5.84375,17.53125
Kairine,-23.25,-23.25,-5.71875,-5.71875,17.53125
Winterage,-23.125,-23.125,-5.59375,-5.59375,17.53125
Fanfaronade,-23.75,-23.75,-6.21875,-6.21875,17.53125
Avantage,-23.375,-23.375,-5.84375,-5.84375,17.53125
Bemixt,-23.5,-23.5,-5.96875,-5.96875,17.53125
Nonbeneficence,-23.25,-23.25,-5.71875,-5.71875,17.53125
Newspapers,-23.125,-23.125,-5.59375,-5.59375,17.53125
Railside,-23.125,-23.125,-5.59375,-5.59375,17.53125
Paradoctor,-23.375,-23.375,-5.84375,-5.84375,17.53125
Grouseward,-22.875,-22.875,-5.34375,-5.34375,17.53125
Puddock,-23.125,-23.125,-5.59375,-5.59375,17.53125
Schism,-23.125,-23.125,-5.59375,-5.59375,17.53125
Exstrophy,-23.375,-23.375,-5.84375,-5.84375,17.53125
Vizierial,-23.25,-23.25,-5.71875,-5.71875,17.53125
Pontific,-23.125,-23.125,-5.59375,-5.59375,17.53125
Praxiology,-23.375,-23.375,-5.84375,-5.84375,17.53125
Hyaenid,-23.125,-23.125,-5.59375,-5.59375,17.53125
Borehole,-23.125,-23.125,-5.59375,-5.59375,17.53125
Leprine,-23.25,-23.25,-5.71875,-5.71875,17.53125
Cannonball,-23.25,-23.25,-5.71875,-5.71875,17.53125
Moresques,-23.625,-23.625,-6.09375,-6.09375,17.53125
Tammuz,-23.125,-23.125,-5.59375,-5.59375,17.53125
Pnigerophobia,-23.625,-23.625,-6.09375,-6.09375,17.53125
Benzothiazole,-23.25,-23.25,-5.71875,-5.71875,17.53125
Feigners,-23.25,-23.25,-5.71875,-5.71875,17.53125
Niggerfish,-23.375,-23.375,-5.84375,-5.84375,17.53125
Joyancy,-23.375,-23.375,-5.84375,-5.84375,17.53125
Masseur,-23.375,-23.375,-5.84375,-5.84375,17.53125
Unbowel,-23.25,-23.25,-5.71875,-5.71875,17.53125
Poplitaeal,-23.625,-23.625,-6.09375,-6.09375,17.53125
Baizas,-23.375,-23.375,-5.84375,-5.84375,17.53125
Spectatory,-23.25,-23.25,-5.71875,-5.71875,17.53125
Outbrag,-23.375,-23.375,-5.84375,-5.84375,17.53125
Ostomatid,-23.375,-23.375,-5.84375,-5.84375,17.53125
Mittent,-23.375,-23.375,-5.84375,-5.84375,17.53125
Tortuous,-23.375,-23.375,-5.84375,-5.84375,17.53125
Overpatriotism,-23.75,-23.75,-6.21875,-6.21875,17.53125
Mantis,-23.25,-23.25,-5.71875,-5.71875,17.53125
Rattraps,-23.125,-23.125,-5.59375,-5.59375,17.53125
Meroistic,-23.5,-23.5,-5.96875,-5.96875,17.53125
Barracan,-23.375,-23.375,-5.84375,-5.84375,17.53125
Manners,-23.125,-23.125,-5.59375,-5.59375,17.53125
Arizonan,-23.0,-23.0,-5.46875,-5.46875,17.53125
Valeric,-23.125,-23.125,-5.59375,-5.59375,17.53125
Employe,-23.0,-23.0,-5.46875,-5.46875,17.53125
Electioneerer,-23.125,-23.125,-5.59375,-5.59375,17.53125
Ladylintywhite,-23.25,-23.25,-5.71875,-5.71875,17.53125
Dragonhead,-23.25,-23.25,-5.71875,-5.71875,17.53125
Disconsent,-23.375,-23.375,-5.84375,-5.84375,17.53125
Aquatic,-23.125,-23.125,-5.59375,-5.59375,17.53125
Treasureless,-23.375,-23.375,-5.84375,-5.84375,17.53125
Cenozoic,-23.125,-23.125,-5.59375,-5.59375,17.53125
Prolepses,-23.375,-23.375,-5.84375,-5.84375,17.53125
Oosperm,-23.375,-23.375,-5.84375,-5.84375,17.53125
Druery,-23.25,-23.25,-5.71875,-5.71875,17.53125
Amissible,-23.25,-23.25,-5.71875,-5.71875,17.53125
Goniodoris,-22.875,-22.875,-5.34375,-5.34375,17.53125
Patrilateral,-23.375,-23.375,-5.84375,-5.84375,17.53125
Hereditarian,-23.25,-23.25,-5.71875,-5.71875,17.53125
Backstrokes,-23.125,-23.125,-5.59375,-5.59375,17.53125
Delimitate,-23.375,-23.375,-5.84375,-5.84375,17.53125
Tetrdra,-23.125,-23.125,-5.59375,-5.59375,17.53125
Hyades,-22.875,-22.875,-5.34375,-5.34375,17.53125
Foreplay,-23.125,-23.125,-5.59375,-5.59375,17.53125
Dynamists,-23.25,-23.25,-5.71875,-5.71875,17.53125
Housewrecker,-23.125,-23.125,-5.59375,-5.59375,17.53125
Kyanizes,-23.5,-23.5,-5.96875,-5.96875,17.53125
Epidermatous,-23.125,-23.125,-5.59375,-5.59375,17.53125
Undersole,-23.25,-23.25,-5.71875,-5.71875,17.53125
Saxophonists,-23.375,-23.375,-5.84375,-5.84375,17.53125
Extraembryonal,-23.25,-23.25,-5.71875,-5.71875,17.53125
Amphimictical,-23.125,-23.125,-5.59375,-5.59375,17.53125
Technological,-23.25,-23.25,-5.71875,-5.71875,17.53125
Subrailway,-23.25,-23.25,-5.71875,-5.71875,17.53125
Unsullen,-22.875,-22.875,-5.34375,-5.34375,17.53125
Ectosome,-23.125,-23.125,-5.59375,-5.59375,17.53125
Pomiculture,-23.25,-23.25,-5.71875,-5.71875,17.53125
Heatstrokes,-23.125,-23.125,-5.59375,-5.59375,17.53125
Unacquit,-23.25,-23.25,-5.71875,-5.71875,17.53125
Stercoraries,-23.0,-23.0,-5.46875,-5.46875,17.53125
Trigonal,-23.0,-23.0,-5.46875,-5.46875,17.53125
Ostrich,-23.25,-23.25,-5.71875,-5.71875,17.53125
Gaiterless,-23.25,-23.25,-5.71875,-5.71875,17.53125
Odontophobia,-23.375,-23.375,-5.84375,-5.84375,17.53125
Underarch,-23.375,-23.375,-5.84375,-5.84375,17.53125
Corder,-23.5,-23.5,-5.96875,-5.96875,17.53125
Kickout,-23.125,-23.125,-5.59375,-5.59375,17.53125
Rubbio,-22.75,-22.75,-5.21875,-5.21875,17.53125
Experimental,-23.25,-23.25,-5.71875,-5.71875,17.53125
Conduces,-23.25,-23.25,-5.71875,-5.71875,17.53125
Sublunate,-23.25,-23.25,-5.71875,-5.71875,17.53125
Snobbers,-23.25,-23.25,-5.71875,-5.71875,17.53125
Removal,-23.375,-23.375,-5.84375,-5.84375,17.53125
Antipodean,-23.375,-23.375,-5.84375,-5.84375,17.53125
Brahmsian,-23.125,-23.125,-5.59375,-5.59375,17.53125
Precancerous,-23.0,-23.0,-5.46875,-5.46875,17.53125
Confectory,-23.125,-23.125,-5.59375,-5.59375,17.53125
Hypnagogic,-23.125,-23.125,-5.59375,-5.59375,17.53125
Noncash,-23.25,-23.25,-5.71875,-5.71875,17.53125
Winnower,-23.0,-23.0,-5.46875,-5.46875,17.53125
Anonyms,-23.375,-23.375,-5.84375,-5.84375,17.53125
Greediest,-23.25,-23.25,-5.71875,-5.71875,17.53125
Nondefendant,-23.25,-23.25,-5.71875,-5.71875,17.53125
Gaumless,-23.25,-23.25,-5.71875,-5.71875,17.53125
Pipecolinic,-23.25,-23.25,-5.71875,-5.71875,17.53125
Implausibility,-23.25,-23.25,-5.71875,-5.71875,17.53125
Tulnic,-23.375,-23.375,-5.84375,-5.84375,17.53125
Panorpidae,-23.375,-23.375,-5.84375,-5.84375,17.53125
Sabbatary,-23.0,-23.0,-5.46875,-5.46875,17.53125
Ericaceae,-23.125,-23.125,-5.59375,-5.59375,17.53125
Mastwood,-23.25,-23.25,-5.71875,-5.71875,17.53125
Uncommones,-23.25,-23.25,-5.71875,-5.71875,17.53125
Semihobos,-23.25,-23.25,-5.71875,-5.71875,17.53125
Catadioptrical,-23.25,-23.25,-5.71875,-5.71875,17.53125
Demography,-23.5,-23.5,-5.96875,-5.96875,17.53125
Peripneustic,-23.125,-23.125,-5.59375,-5.59375,17.53125
Pilusli,-23.25,-23.25,-5.71875,-5.71875,17.53125
Epistasy,-23.5,-23.5,-5.96875,-5.96875,17.53125
Deliberator,-23.25,-23.25,-5.71875,-5.71875,17.53125
Movant,-23.375,-23.375,-5.84375,-5.84375,17.53125
Underhole,-23.375,-23.375,-5.84375,-5.84375,17.53125
Jealousies,-23.25,-23.25,-5.71875,-5.71875,17.53125
Analogical,-23.375,-23.375,-5.84375,-5.84375,17.53125
Unprecedential,-23.375,-23.375,-5.84375,-5.84375,17.53125
Derestrict,-23.375,-23.375,-5.84375,-5.84375,17.53125
Egresses,-23.5,-23.5,-5.96875,-5.96875,17.53125
Brache,-23.375,-23.375,-5.84375,-5.84375,17.53125
Squashers,-23.125,-23.125,-5.59375,-5.59375,17.53125
Intendeds,-23.375,-23.375,-5.84375,-5.84375,17.53125
Mosquito,-23.0,-23.0,-5.46875,-5.46875,17.53125
Boyars,-23.5,-23.5,-5.96875,-5.96875,17.53125
Epispinal,-23.125,-23.125,-5.59375,-5.59375,17.53125
Talinum,-23.125,-23.125,-5.59375,-5.59375,17.53125
Overgrows,-23.375,-23.375,-5.84375,-5.84375,17.53125
Dyscrase,-23.25,-23.25,-5.71875,-5.71875,17.53125
Heraclidan,-23.125,-23.125,-5.59375,-5.59375,17.53125
Unbridles,-23.375,-23.375,-5.84375,-5.84375,17.53125
Antierosive,-23.125,-23.125,-5.59375,-5.59375,17.53125
Uranidin,-23.125,-23.125,-5.59375,-5.59375,17.53125
Gamasid,-23.25,-23.25,-5.71875,-5.71875,17.53125
Concite,-23.25,-23.25,-5.71875,-5.71875,17.53125
Tetraspgia,-23.375,-23.375,-5.84375,-5.84375,17.53125
Abundances,-23.375,-23.375,-5.84375,-5.84375,17.53125
Infecter,-23.125,-23.125,-5.59375,-5.59375,17.53125
Sharky,-23.25,-23.25,-5.71875,-5.71875,17.53125
Alcade,-23.375,-23.375,-5.84375,-5.84375,17.53125
Ashkenazic,-23.375,-23.375,-5.84375,-5.84375,17.53125
Polytrichous,-23.0,-23.0,-5.46875,-5.46875,17.53125
Decatyl,-23.5,-23.5,-5.96875,-5.96875,17.53125
Spatterdashes,-23.125,-23.125,-5.59375,-5.59375,17.53125
Gundeck,-23.25,-23.25,-5.71875,-5.71875,17.53125
Cappadocian,-23.0,-23.0,-5.46875,-5.46875,17.53125
Skeletonlike,-23.5,-23.5,-5.96875,-5.96875,17.53125
Kibosh,-23.0,-23.0,-5.46875,-5.46875,17.53125
Itatartaric,-23.375,-23.375,-5.84375,-5.84375,17.53125
Nosophyte,-23.125,-23.125,-5.59375,-5.59375,17.53125
Paranucleus,-23.375,-23.375,-5.84375,-5.84375,17.53125
Brainy,-23.25,-23.25,-5.71875,-5.71875,17.53125
Decennium,-23.375,-23.375,-5.84375,-5.84375,17.53125
Scanian,-23.5,-23.5,-5.96875,-5.96875,17.53125
Southeasters,-23.75,-23.75,-6.21875,-6.21875,17.53125
Colpostat,-23.375,-23.375,-5.84375,-5.84375,17.53125
Bibliopolical,-23.25,-23.25,-5.71875,-5.71875,17.53125
Keyboard,-23.375,-23.375,-5.84375,-5.84375,17.53125
Overtops,-23.375,-23.375,-5.84375,-5.84375,17.53125
Pyrgocephalic,-23.125,-23.125,-5.59375,-5.59375,17.53125
Isidae,-23.375,-23.375,-5.84375,-5.84375,17.53125
Disband,-23.375,-23.375,-5.84375,-5.84375,17.53125
Hagger,-23.5,-23.5,-5.96875,-5.96875,17.53125
Archerfish,-23.0,-23.0,-5.46875,-5.46875,17.53125
Combustious,-23.125,-23.125,-5.59375,-5.59375,17.53125
Rontgens,-23.125,-23.125,-5.59375,-5.59375,17.53125
Immunises,-23.25,-23.25,-5.71875,-5.71875,17.53125
Perceptual,-23.25,-23.25,-5.71875,-5.71875,17.53125
Recrescence,-23.125,-23.125,-5.59375,-5.59375,17.53125
Calabar,-23.125,-23.125,-5.59375,-5.59375,17.53125
Agromyzid,-23.125,-23.125,-5.59375,-5.59375,17.53125
Virescence,-23.5,-23.5,-5.96875,-5.96875,17.53125
Magnums,-23.25,-23.25,-5.71875,-5.71875,17.53125
Syringin,-23.375,-23.375,-5.84375,-5.84375,17.53125
Denshare,-23.375,-23.375,-5.84375,-5.84375,17.53125
Genseng,-23.125,-23.125,-5.59375,-5.59375,17.53125
Strawy,-23.375,-23.375,-5.84375,-5.84375,17.53125
Cacodoxy,-23.625,-23.625,-6.09375,-6.09375,17.53125
Lekach,-23.5,-23.5,-5.96875,-5.96875,17.53125
Effusion,-23.25,-23.25,-5.71875,-5.71875,17.53125
Heightener,-23.125,-23.125,-5.59375,-5.59375,17.53125
Mouthpiece,-23.125,-23.125,-5.59375,-5.59375,17.53125
Grandiloquence,-23.5,-23.5,-5.96875,-5.96875,17.53125
Syssel,-23.25,-23.25,-5.71875,-5.71875,17.53125
Sandworts,-23.0,-23.0,-5.46875,-5.46875,17.53125
Obstancy,-23.375,-23.375,-5.84375,-5.84375,17.53125
Overmasterful,-23.25,-23.25,-5.71875,-5.71875,17.53125
Besigh,-23.25,-23.25,-5.71875,-5.71875,17.53125
Prestidigitate,-23.0,-23.0,-5.46875,-5.46875,17.53125
Underpartner,-23.25,-23.25,-5.71875,-5.71875,17.53125
Galbraithian,-23.375,-23.375,-5.84375,-5.84375,17.53125
Transformist,-23.375,-23.375,-5.84375,-5.84375,17.53125
Turpentinous,-23.125,-23.125,-5.59375,-5.59375,17.53125
Deepish,-23.125,-23.125,-5.59375,-5.59375,17.53125
Bicornes,-23.5,-23.5,-5.96875,-5.96875,17.53125
Shlemiel,-23.0,-23.0,-5.46875,-5.46875,17.53125
Outwills,-23.125,-23.125,-5.59375,-5.59375,17.53125
Slopers,-23.5,-23.5,-5.96875,-5.96875,17.53125
Iodinates,-23.25,-23.25,-5.71875,-5.71875,17.53125
Emplaster,-23.25,-23.25,-5.71875,-5.71875,17.53125
Opisthotonoid,-23.625,-23.625,-6.09375,-6.09375,17.53125
Nationals,-23.25,-23.25,-5.71875,-5.71875,17.53125
Combfish,-23.375,-23.375,-5.84375,-5.84375,17.53125
Cashbook,-23.25,-23.25,-5.71875,-5.71875,17.53125
Armatures,-23.25,-23.25,-5.71875,-5.71875,17.53125
Carcinomorphic,-23.375,-23.375,-5.84375,-5.84375,17.53125
Powdery,-23.25,-23.25,-5.71875,-5.71875,17.53125
Unsartorial,-23.125,-23.125,-5.59375,-5.59375,17.53125
Traducent,-23.5,-23.5,-5.96875,-5.96875,17.53125
Landfall,-23.0,-23.0,-5.46875,-5.46875,17.53125
Monoptic,-23.375,-23.375,-5.84375,-5.84375,17.53125
Warsel,-23.125,-23.125,-5.59375,-5.59375,17.53125
Desolations,-23.125,-23.125,-5.59375,-5.59375,17.53125
Coauthorship,-23.5,-23.5,-5.96875,-5.96875,17.53125
Microphthalmia,-23.0,-23.0,-5.46875,-5.46875,17.53125
Undebilitative,-23.375,-23.375,-5.84375,-5.84375,17.53125
Suborganic,-23.375,-23.375,-5.84375,-5.84375,17.53125
Puggries,-23.125,-23.125,-5.59375,-5.59375,17.53125
Forefigure,-23.25,-23.25,-5.71875,-5.71875,17.53125
Salten,-23.25,-23.25,-5.71875,-5.71875,17.53125
Praelects,-23.375,-23.375,-5.84375,-5.84375,17.53125
Picaninny,-23.25,-23.25,-5.71875,-5.71875,17.53125
Aristocratic,-23.25,-23.25,-5.71875,-5.71875,17.53125
Equestrianism,-23.5,-23.5,-5.96875,-5.96875,17.53125
Octavd,-23.375,-23.375,-5.84375,-5.84375,17.53125
Explida,-23.375,-23.375,-5.84375,-5.84375,17.53125
Geyseric,-23.0,-23.0,-5.46875,-5.46875,17.53125
Disputacity,-23.625,-23.625,-6.09375,-6.09375,17.53125
Antilepsis,-23.375,-23.375,-5.84375,-5.84375,17.53125
Titularies,-23.375,-23.375,-5.84375,-5.84375,17.53125
Taxemes,-23.375,-23.375,-5.84375,-5.84375,17.53125
Pinion,-23.25,-23.25,-5.71875,-5.71875,17.53125
Unquotes,-23.5,-23.5,-5.96875,-5.96875,17.53125
Jezebelish,-23.125,-23.125,-5.59375,-5.59375,17.53125
Laminarian,-23.375,-23.375,-5.84375,-5.84375,17.53125
Erecter,-23.125,-23.125,-5.59375,-5.59375,17.53125
Pyxides,-23.125,-23.125,-5.59375,-5.59375,17.53125
Undutiful,-23.25,-23.25,-5.71875,-5.71875,17.53125
Ligamental,-23.25,-23.25,-5.71875,-5.71875,17.53125
Benzotoluide,-23.375,-23.375,-5.84375,-5.84375,17.53125
Redeliveries,-23.375,-23.375,-5.84375,-5.84375,17.53125
Ariste,-23.25,-23.25,-5.71875,-5.71875,17.53125
Lustier,-23.125,-23.125,-5.59375,-5.59375,17.53125
Poaceae,-23.0,-23.0,-5.46875,-5.46875,17.53125
Weismannism,-23.875,-23.875,-6.34375,-6.34375,17.53125
Aleyrodes,-23.125,-23.125,-5.59375,-5.59375,17.53125
Outblown,-23.25,-23.25,-5.71875,-5.71875,17.53125
Hyphedonia,-23.5,-23.5,-5.96875,-5.96875,17.53125
Osmious,-23.375,-23.375,-5.84375,-5.84375,17.53125
Flyings,-23.25,-23.25,-5.71875,-5.71875,17.53125
Outsentry,-23.125,-23.125,-5.59375,-5.59375,17.53125
Tetramerous,-23.125,-23.125,-5.59375,-5.59375,17.53125
Chemiphotic,-23.25,-23.25,-5.71875,-5.71875,17.53125
Dingies,-23.375,-23.375,-5.84375,-5.84375,17.53125
Pinchecks,-23.375,-23.375,-5.84375,-5.84375,17.53125
Tormentive,-23.375,-23.375,-5.84375,-5.84375,17.53125
Tarpaulian,-23.125,-23.125,-5.59375,-5.59375,17.53125
Nignye,-23.25,-23.25,-5.71875,-5.71875,17.53125
Readept,-23.125,-23.125,-5.59375,-5.59375,17.53125
Grumpy,-23.125,-23.125,-5.59375,-5.59375,17.53125
Laniferous,-23.0,-23.0,-5.46875,-5.46875,17.53125
Epitonium,-23.25,-23.25,-5.71875,-5.71875,17.53125
Pleximeter,-23.125,-23.125,-5.59375,-5.59375,17.53125
Initio,-23.625,-23.625,-6.09375,-6.09375,17.53125
Libber,-23.25,-23.25,-5.71875,-5.71875,17.53125
Shearsman,-23.125,-23.125,-5.59375,-5.59375,17.53125
Quadricipital,-23.25,-23.25,-5.71875,-5.71875,17.53125
Corrupt,-23.375,-23.375,-5.84375,-5.84375,17.53125
Sanatarium,-23.125,-23.125,-5.59375,-5.59375,17.53125
Illumine,-23.125,-23.125,-5.59375,-5.59375,17.53125
Deliber,-23.375,-23.375,-5.84375,-5.84375,17.53125
Ostalgia,-23.75,-23.75,-6.21875,-6.21875,17.53125
Hypsochrome,-23.375,-23.375,-5.84375,-5.84375,17.53125
Anthills,-23.25,-23.25,-5.71875,-5.71875,17.53125
Overblouse,-23.375,-23.375,-5.84375,-5.84375,17.53125
Notodontidae,-23.375,-23.375,-5.84375,-5.84375,17.53125
Neofetus,-23.375,-23.375,-5.84375,-5.84375,17.53125
Haplodont,-23.25,-23.25,-5.71875,-5.71875,17.53125
Frowsier,-23.375,-23.375,-5.84375,-5.84375,17.53125
Overplump,-23.25,-23.25,-5.71875,-5.71875,17.53125
Impertinence,-23.625,-23.625,-6.09375,-6.09375,17.53125
Cornstalk,-23.25,-23.25,-5.71875,-5.71875,17.53125
Piarroan,-23.25,-23.25,-5.71875,-5.71875,17.53125
Retchless,-23.125,-23.125,-5.59375,-5.59375,17.53125
Mononchus,-23.0,-23.0,-5.46875,-5.46875,17.53125
Miarolitic,-23.375,-23.375,-5.84375,-5.84375,17.53125
Iambographer,-23.125,-23.125,-5.59375,-5.59375,17.53125
Reagin,-23.125,-23.125,-5.59375,-5.59375,17.53125
Feasance,-23.25,-23.25,-5.71875,-5.71875,17.53125
Ghostland,-23.25,-23.25,-5.71875,-5.71875,17.53125
Napoleonana,-23.0,-23.0,-5.46875,-5.46875,17.53125
Foreclosure,-23.125,-23.125,-5.59375,-5.59375,17.53125
Girders,-23.25,-23.25,-5.71875,-5.71875,17.53125
Orthoplasy,-23.25,-23.25,-5.71875,-5.71875,17.53125
Balladism,-23.75,-23.75,-6.21875,-6.21875,17.53125
Pyrosomatidae,-23.5,-23.5,-5.96875,-5.96875,17.53125
Kaikara,-23.25,-23.25,-5.71875,-5.71875,17.53125
Supertension,-23.375,-23.375,-5.84375,-5.84375,17.53125
Sibilatory,-23.375,-23.375,-5.84375,-5.84375,17.53125
Eyeserver,-23.5,-23.5,-5.96875,-5.96875,17.53125
Placoids,-23.125,-23.125,-5.59375,-5.59375,17.53125
Preacquaint,-23.25,-23.25,-5.71875,-5.71875,17.53125
Torments,-23.25,-23.25,-5.71875,-5.71875,17.53125
Deflagrates,-23.375,-23.375,-5.84375,-5.84375,17.53125
Extrahepatic,-23.25,-23.25,-5.71875,-5.71875,17.53125
Rubbler,-23.0,-23.0,-5.46875,-5.46875,17.53125
Ketosis,-23.5,-23.5,-5.96875,-5.96875,17.53125
Rhoecus,-23.125,-23.125,-5.59375,-5.59375,17.53125
Purler,-23.125,-23.125,-5.59375,-5.59375,17.53125
Acroleins,-23.5,-23.5,-5.96875,-5.96875,17.53125
Loquence,-23.5,-23.5,-5.96875,-5.96875,17.53125
Chiavetta,-23.375,-23.375,-5.84375,-5.84375,17.53125
Reenslaves,-23.25,-23.25,-5.71875,-5.71875,17.53125
Cacodemonial,-23.125,-23.125,-5.59375,-5.59375,17.53125
Potmen,-23.25,-23.25,-5.71875,-5.71875,17.53125
Dicotyledonous,-23.25,-23.25,-5.71875,-5.71875,17.53125
Incognoscible,-23.25,-23.25,-5.71875,-5.71875,17.53125
Unmagistrate,-23.25,-23.25,-5.71875,-5.71875,17.53125
Hyetal,-23.25,-23.25,-5.71875,-5.71875,17.53125
Untumidity,-23.375,-23.375,-5.84375,-5.84375,17.53125
Radiographies,-23.25,-23.25,-5.71875,-5.71875,17.53125
Unsage,-23.25,-23.25,-5.71875,-5.71875,17.53125
Cossacks,-23.5,-23.5,-5.96875,-5.96875,17.53125
Counterbend,-23.5,-23.5,-5.96875,-5.96875,17.53125
Orchester,-23.0,-23.0,-5.46875,-5.46875,17.53125
Perviability,-23.5,-23.5,-5.96875,-5.96875,17.53125
Orthomorphic,-23.375,-23.375,-5.84375,-5.84375,17.53125
Francic,-23.5,-23.5,-5.96875,-5.96875,17.53125
Madrier,-23.25,-23.25,-5.71875,-5.71875,17.53125
Condemnatory,-23.375,-23.375,-5.84375,-5.84375,17.53125
Guilandina,-23.375,-23.375,-5.84375,-5.84375,17.53125
Quiets,-23.125,-23.125,-5.59375,-5.59375,17.53125
Hyperwrought,-23.375,-23.375,-5.84375,-5.84375,17.53125
Orchestrina,-23.375,-23.375,-5.84375,-5.84375,17.53125
Rebathe,-23.25,-23.25,-5.71875,-5.71875,17.53125
Anethene,-23.375,-23.375,-5.84375,-5.84375,17.53125
Soybean,-23.5,-23.5,-5.96875,-5.96875,17.53125
Factionistism,-23.75,-23.75,-6.21875,-6.21875,17.53125
Biotypic,-23.5,-23.5,-5.96875,-5.96875,17.53125
Beheader,-23.625,-23.625,-6.09375,-6.09375,17.53125
Sesamoid,-23.125,-23.125,-5.59375,-5.59375,17.53125
Revitalizer,-23.125,-23.125,-5.59375,-5.59375,17.53125
Rhineura,-22.875,-22.875,-5.34375,-5.34375,17.53125
Boomiest,-23.25,-23.25,-5.71875,-5.71875,17.53125
Vilayet,-23.125,-23.125,-5.59375,-5.59375,17.53125
Piazine,-23.125,-23.125,-5.59375,-5.59375,17.53125
Smoothtongue,-23.25,-23.25,-5.71875,-5.71875,17.53125
Overclouds,-23.625,-23.625,-6.09375,-6.09375,17.53125
Adenin,-23.25,-23.25,-5.71875,-5.71875,17.53125
Acyrology,-23.5,-23.5,-5.96875,-5.96875,17.53125
Subgroup,-23.25,-23.25,-5.71875,-5.71875,17.53125
Trivialism,-23.5,-23.5,-5.96875,-5.96875,17.53125
Monadal,-23.125,-23.125,-5.59375,-5.59375,17.53125
Calamus,-23.125,-23.125,-5.59375,-5.59375,17.53125
Moringuoid,-23.25,-23.25,-5.71875,-5.71875,17.53125
Nominatrix,-23.375,-23.375,-5.84375,-5.84375,17.53125
Urceolina,-23.125,-23.125,-5.59375,-5.59375,17.53125
Polygenetic,-23.25,-23.25,-5.71875,-5.71875,17.53125
Sulphatize,-23.375,-23.375,-5.84375,-5.84375,17.53125
Arnaut,-23.125,-23.125,-5.59375,-5.59375,17.53125
Ricciaceae,-23.375,-23.375,-5.84375,-5.84375,17.53125
Ambatch,-23.25,-23.25,-5.71875,-5.71875,17.53125
Singapore,-23.75,-23.75,-6.21875,-6.21875,17.53125
Demotic,-23.5,-23.5,-5.96875,-5.96875,17.53125
Dispraise,-23.375,-23.375,-5.84375,-5.84375,17.53125
Rhamninase,-23.375,-23.375,-5.84375,-5.84375,17.53125
Endnotes,-23.375,-23.375,-5.84375,-5.84375,17.53125
Exclaves,-23.125,-23.125,-5.59375,-5.59375,17.53125
Hognut,-23.375,-23.375,-5.84375,-5.84375,17.53125
Airpost,-23.25,-23.25,-5.71875,-5.71875,17.53125
Outwastes,-23.0,-23.0,-5.46875,-5.46875,17.53125
Apioceridae,-23.375,-23.375,-5.84375,-5.84375,17.53125
Sulciform,-23.25,-23.25,-5.71875,-5.71875,17.53125
Conchinine,-23.25,-23.25,-5.71875,-5.71875,17.53125
Pipiest,-23.0,-23.0,-5.46875,-5.46875,17.53125
Virtuoso,-23.5,-23.5,-5.96875,-5.96875,17.53125
Ascensionist,-23.25,-23.25,-5.71875,-5.71875,17.53125
Ontogenetical,-23.5,-23.5,-5.96875,-5.96875,17.53125
Habilitator,-23.375,-23.375,-5.84375,-5.84375,17.53125
Outdwelt,-23.125,-23.125,-5.59375,-5.59375,17.53125
Entosphenoid,-23.25,-23.25,-5.71875,-5.71875,17.53125
Pituita,-23.375,-23.375,-5.84375,-5.84375,17.53125
Achillize,-23.375,-23.375,-5.84375,-5.84375,17.53125
Transsexualism,-23.625,-23.625,-6.09375,-6.09375,17.53125
Catacrotism,-23.5,-23.5,-5.96875,-5.96875,17.53125
Suppletory,-23.5,-23.5,-5.96875,-5.96875,17.53125
Altazimuth,-23.5,-23.5,-5.96875,-5.96875,17.53125
Mobiles,-23.625,-23.625,-6.09375,-6.09375,17.53125
Muscadet,-23.375,-23.375,-5.84375,-5.84375,17.53125
Kilnstick,-23.125,-23.125,-5.59375,-5.59375,17.53125
Fissirostrate,-23.5,-23.5,-5.96875,-5.96875,17.53125
Brumous,-23.375,-23.375,-5.84375,-5.84375,17.53125
Hematuresis,-23.25,-23.25,-5.71875,-5.71875,17.53125
Unplant,-23.375,-23.375,-5.84375,-5.84375,17.53125
Seawoman,-23.25,-23.25,-5.75,-5.75,17.5
Retrograde,-23.125,-23.125,-5.625,-5.625,17.5
Huntresses,-23.125,-23.125,-5.625,-5.625,17.5
Quietsome,-22.875,-22.875,-5.375,-5.375,17.5
Terpsichoreal,-23.0,-23.0,-5.5,-5.5,17.5
Bloodlike,-23.25,-23.25,-5.75,-5.75,17.5
Immunoglobulin,-23.25,-23.25,-5.75,-5.75,17.5
Wheneer,-23.0,-23.0,-5.5,-5.5,17.5
Flagelliferous,-22.875,-22.875,-5.375,-5.375,17.5
Upwrought,-23.125,-23.125,-5.625,-5.625,17.5
Pseudopodic,-23.125,-23.125,-5.625,-5.625,17.5
Duckwife,-23.25,-23.25,-5.75,-5.75,17.5
Encrinus,-23.125,-23.125,-5.625,-5.625,17.5
Swingdevil,-23.0,-23.0,-5.5,-5.5,17.5
Agalactous,-23.125,-23.125,-5.625,-5.625,17.5
Glucosid,-23.25,-23.25,-5.75,-5.75,17.5
Machiner,-23.125,-23.125,-5.625,-5.625,17.5
Cornbottle,-23.0,-23.0,-5.5,-5.5,17.5
Therapeutist,-23.0,-23.0,-5.5,-5.5,17.5
Semiwarfare,-23.0,-23.0,-5.5,-5.5,17.5
Desalinate,-23.125,-23.125,-5.625,-5.625,17.5
Mountainette,-23.125,-23.125,-5.625,-5.625,17.5
Pyjama,-23.125,-23.125,-5.625,-5.625,17.5
Syncoelom,-23.125,-23.125,-5.625,-5.625,17.5
Whitewort,-22.75,-22.75,-5.25,-5.25,17.5
Worldward,-23.125,-23.125,-5.625,-5.625,17.5
Ungainful,-23.0,-23.0,-5.5,-5.5,17.5
Picnicky,-22.875,-22.875,-5.375,-5.375,17.5
Hydroponist,-22.875,-22.875,-5.375,-5.375,17.5
Polejumper,-22.875,-22.875,-5.375,-5.375,17.5
Roadite,-23.25,-23.25,-5.75,-5.75,17.5
Capitolian,-23.0,-23.0,-5.5,-5.5,17.5
Bugfish,-23.0,-23.0,-5.5,-5.5,17.5
Summity,-23.125,-23.125,-5.625,-5.625,17.5
Haeres,-23.25,-23.25,-5.75,-5.75,17.5
Zygophyte,-22.875,-22.875,-5.375,-5.375,17.5
Peradventure,-23.0,-23.0,-5.5,-5.5,17.5
Gorgoniaceous,-22.875,-22.875,-5.375,-5.375,17.5
Spinuliform,-23.25,-23.25,-5.75,-5.75,17.5
Preconstructs,-23.0,-23.0,-5.5,-5.5,17.5
Gynophore,-23.125,-23.125,-5.625,-5.625,17.5
Calpolli,-23.125,-23.125,-5.625,-5.625,17.5
Lowermost,-23.125,-23.125,-5.625,-5.625,17.5
Bridoon,-22.875,-22.875,-5.375,-5.375,17.5
Gnathometer,-23.0,-23.0,-5.5,-5.5,17.5
Semifine,-23.125,-23.125,-5.625,-5.625,17.5
Protosaurian,-23.125,-23.125,-5.625,-5.625,17.5
Seromucous,-23.125,-23.125,-5.625,-5.625,17.5
Bizarrerie,-23.125,-23.125,-5.625,-5.625,17.5
Phaethon,-22.875,-22.875,-5.375,-5.375,17.5
Trophophorous,-23.25,-23.25,-5.75,-5.75,17.5
Acrydium,-23.125,-23.125,-5.625,-5.625,17.5
Mythologists,-23.25,-23.25,-5.75,-5.75,17.5
Pachycephalic,-23.0,-23.0,-5.5,-5.5,17.5
Nursetender,-23.125,-23.125,-5.625,-5.625,17.5
Jungli,-23.375,-23.375,-5.875,-5.875,17.5
Foregallery,-23.125,-23.125,-5.625,-5.625,17.5
Dinner,-23.0,-23.0,-5.5,-5.5,17.5
Flashguns,-22.875,-22.875,-5.375,-5.375,17.5
Lithotriptor,-23.0,-23.0,-5.5,-5.5,17.5
Gainings,-23.125,-23.125,-5.625,-5.625,17.5
Phenylacetic,-23.0,-23.0,-5.5,-5.5,17.5
Protoperlaria,-23.25,-23.25,-5.75,-5.75,17.5
Chickell,-23.25,-23.25,-5.75,-5.75,17.5
Trochozoa,-23.0,-23.0,-5.5,-5.5,17.5
Acromial,-23.125,-23.125,-5.625,-5.625,17.5
Cyclopedist,-23.0,-23.0,-5.5,-5.5,17.5
Caloreceptor,-23.125,-23.125,-5.625,-5.625,17.5
Nonhesitant,-23.125,-23.125,-5.625,-5.625,17.5
Gashouse,-22.875,-22.875,-5.375,-5.375,17.5
Undergardener,-22.875,-22.875,-5.375,-5.375,17.5
Subglenoid,-23.125,-23.125,-5.625,-5.625,17.5
Archnesses,-23.25,-23.25,-5.75,-5.75,17.5
Outfind,-23.125,-23.125,-5.625,-5.625,17.5
Indesignate,-23.125,-23.125,-5.625,-5.625,17.5
Pressrun,-23.125,-23.125,-5.625,-5.625,17.5
Ponderosae,-23.0,-23.0,-5.5,-5.5,17.5
Semitruthful,-23.0,-23.0,-5.5,-5.5,17.5
Premidsummer,-22.875,-22.875,-5.375,-5.375,17.5
Barodynamic,-23.125,-23.125,-5.625,-5.625,17.5
Celebrity,-23.125,-23.125,-5.625,-5.625,17.5
Sherberts,-23.0,-23.0,-5.5,-5.5,17.5
Fruticose,-22.875,-22.875,-5.375,-5.375,17.5
Sketchier,-23.0,-23.0,-5.5,-5.5,17.5
Nightless,-23.25,-23.25,-5.75,-5.75,17.5
Unanemic,-23.125,-23.125,-5.625,-5.625,17.5
Hydrochloric,-23.125,-23.125,-5.625,-5.625,17.5
Ganocephalan,-23.0,-23.0,-5.5,-5.5,17.5
Ginglymoid,-23.0,-23.0,-5.5,-5.5,17.5
Hydroponic,-23.125,-23.125,-5.625,-5.625,17.5
Gravestone,-23.0,-23.0,-5.5,-5.5,17.5
Predespise,-23.125,-23.125,-5.625,-5.625,17.5
Lapacho,-23.125,-23.125,-5.625,-5.625,17.5
Archerfishes,-22.875,-22.875,-5.375,-5.375,17.5
Thrail,-23.125,-23.125,-5.625,-5.625,17.5
Porosimeter,-23.125,-23.125,-5.625,-5.625,17.5
Tubiferous,-23.0,-23.0,-5.5,-5.5,17.5
Pistils,-23.125,-23.125,-5.625,-5.625,17.5
Visionless,-22.875,-22.875,-5.375,-5.375,17.5
Hippocratic,-23.0,-23.0,-5.5,-5.5,17.5
Undazzle,-23.25,-23.25,-5.75,-5.75,17.5
Crapaudine,-22.875,-22.875,-5.375,-5.375,17.5
Whigmaleeries,-22.875,-22.875,-5.375,-5.375,17.5
Arider,-23.125,-23.125,-5.625,-5.625,17.5
Corner,-23.125,-23.125,-5.625,-5.625,17.5
Slapdashes,-23.0,-23.0,-5.5,-5.5,17.5
Wharves,-23.125,-23.125,-5.625,-5.625,17.5
Questionist,-23.125,-23.125,-5.625,-5.625,17.5
Palaeogaea,-23.125,-23.125,-5.625,-5.625,17.5
Asteroidal,-23.125,-23.125,-5.625,-5.625,17.5
Shopbook,-23.125,-23.125,-5.625,-5.625,17.5
Epitheliolysin,-23.0,-23.0,-5.5,-5.5,17.5
Unitary,-23.375,-23.375,-5.875,-5.875,17.5
Tipcat,-23.125,-23.125,-5.625,-5.625,17.5
Photomontage,-23.5,-23.5,-6.0,-6.0,17.5
Subqueues,-23.375,-23.375,-5.875,-5.875,17.5
Digammic,-23.25,-23.25,-5.75,-5.75,17.5
Doughmaker,-23.0,-23.0,-5.5,-5.5,17.5
Gyroscope,-23.25,-23.25,-5.75,-5.75,17.5
Trophozooid,-22.75,-22.75,-5.25,-5.25,17.5
Antivirus,-23.25,-23.25,-5.75,-5.75,17.5
Halochromy,-23.25,-23.25,-5.75,-5.75,17.5
Yokelism,-23.125,-23.125,-5.625,-5.625,17.5
Melophonic,-23.0,-23.0,-5.5,-5.5,17.5
Trochleariform,-23.125,-23.125,-5.625,-5.625,17.5
Exitance,-23.25,-23.25,-5.75,-5.75,17.5
Mythographist,-23.25,-23.25,-5.75,-5.75,17.5
Yangtze,-23.0,-23.0,-5.5,-5.5,17.5
Outstudies,-23.25,-23.25,-5.75,-5.75,17.5
Exclusivistic,-23.375,-23.375,-5.875,-5.875,17.5
Semiantique,-23.0,-23.0,-5.5,-5.5,17.5
Kinestheses,-23.125,-23.125,-5.625,-5.625,17.5
Desaurine,-23.125,-23.125,-5.625,-5.625,17.5
Sklent,-23.0,-23.0,-5.5,-5.5,17.5
Religionize,-23.625,-23.625,-6.125,-6.125,17.5
Glyconean,-23.0,-23.0,-5.5,-5.5,17.5
Hemorrhoidal,-23.0,-23.0,-5.5,-5.5,17.5
Diastaltic,-23.125,-23.125,-5.625,-5.625,17.5
Outvaunt,-22.875,-22.875,-5.375,-5.375,17.5
Tmesis,-23.0,-23.0,-5.5,-5.5,17.5
Tubiflorous,-23.125,-23.125,-5.625,-5.625,17.5
Retrovaccinate,-23.375,-23.375,-5.875,-5.875,17.5
Undertone,-23.0,-23.0,-5.5,-5.5,17.5
Drudges,-22.875,-22.875,-5.375,-5.375,17.5
Bellower,-22.875,-22.875,-5.375,-5.375,17.5
Crypts,-22.75,-22.75,-5.25,-5.25,17.5
Testule,-23.125,-23.125,-5.625,-5.625,17.5
Pinckneya,-23.0,-23.0,-5.5,-5.5,17.5
Gratifier,-23.125,-23.125,-5.625,-5.625,17.5
Usherless,-23.125,-23.125,-5.625,-5.625,17.5
Reshoes,-23.125,-23.125,-5.625,-5.625,17.5
Testificator,-23.25,-23.25,-5.75,-5.75,17.5
Cummer,-23.125,-23.125,-5.625,-5.625,17.5
Russians,-23.875,-23.875,-6.40625,-6.40625,17.46875
Sarada,-22.875,-22.875,-5.4375,-5.4375,17.4375
Bandlimit,-23.375,-23.375,-5.9375,-5.9375,17.4375
Ascendible,-23.5,-23.5,-6.0625,-6.0625,17.4375
Enrheum,-23.125,-23.125,-5.6875,-5.6875,17.4375
Certosa,-23.375,-23.375,-5.9375,-5.9375,17.4375
Stunter,-23.125,-23.125,-5.6875,-5.6875,17.4375
Chinbone,-23.375,-23.375,-5.9375,-5.9375,17.4375
Humors,-23.375,-23.375,-5.9375,-5.9375,17.4375
Cevian,-23.125,-23.125,-5.6875,-5.6875,17.4375
Anargyros,-23.5,-23.5,-6.0625,-6.0625,17.4375
Faiences,-23.125,-23.125,-5.6875,-5.6875,17.4375
Moonet,-23.375,-23.375,-5.9375,-5.9375,17.4375
Telluriferous,-23.25,-23.25,-5.8125,-5.8125,17.4375
Maulawiyah,-23.75,-23.75,-6.3125,-6.3125,17.4375
Hookah,-23.25,-23.25,-5.8125,-5.8125,17.4375
Anagallis,-23.25,-23.25,-5.8125,-5.8125,17.4375
Snowshade,-23.25,-23.25,-5.8125,-5.8125,17.4375
Aspish,-23.25,-23.25,-5.8125,-5.8125,17.4375
Keraci,-23.25,-23.25,-5.8125,-5.8125,17.4375
Adipic,-23.125,-23.125,-5.6875,-5.6875,17.4375
Subradiative,-23.25,-23.25,-5.8125,-5.8125,17.4375
Destinal,-23.25,-23.25,-5.8125,-5.8125,17.4375
Farriery,-23.125,-23.125,-5.6875,-5.6875,17.4375
Versiculus,-23.25,-23.25,-5.8125,-5.8125,17.4375
Alchem,-23.25,-23.25,-5.8125,-5.8125,17.4375
Ritratto,-23.25,-23.25,-5.8125,-5.8125,17.4375
Predissolve,-23.25,-23.25,-5.8125,-5.8125,17.4375
Superplus,-23.25,-23.25,-5.8125,-5.8125,17.4375
Nuncupative,-23.125,-23.125,-5.6875,-5.6875,17.4375
Akinete,-23.25,-23.25,-5.8125,-5.8125,17.4375
Gratae,-23.125,-23.125,-5.6875,-5.6875,17.4375
Handicraft,-23.375,-23.375,-5.9375,-5.9375,17.4375
Castory,-23.25,-23.25,-5.8125,-5.8125,17.4375
Quince,-23.125,-23.125,-5.6875,-5.6875,17.4375
Muskwood,-23.125,-23.125,-5.6875,-5.6875,17.4375
Sporangiferous,-23.0,-23.0,-5.5625,-5.5625,17.4375
Misesteem,-23.25,-23.25,-5.8125,-5.8125,17.4375
Stationers,-23.375,-23.375,-5.9375,-5.9375,17.4375
Pretemporal,-23.25,-23.25,-5.8125,-5.8125,17.4375
Lufberry,-23.375,-23.375,-5.9375,-5.9375,17.4375
Antipyretic,-23.25,-23.25,-5.8125,-5.8125,17.4375
Sugarhouses,-23.125,-23.125,-5.6875,-5.6875,17.4375
Landless,-23.25,-23.25,-5.8125,-5.8125,17.4375
Haploma,-23.25,-23.25,-5.8125,-5.8125,17.4375
Omnivores,-23.625,-23.625,-6.1875,-6.1875,17.4375
Cibarium,-23.375,-23.375,-5.9375,-5.9375,17.4375
Angiosclerosis,-23.375,-23.375,-5.9375,-5.9375,17.4375
Anilino,-23.375,-23.375,-5.9375,-5.9375,17.4375
Veneer,-23.25,-23.25,-5.8125,-5.8125,17.4375
Intentional,-23.125,-23.125,-5.6875,-5.6875,17.4375
Hemicataleptic,-23.125,-23.125,-5.6875,-5.6875,17.4375
Narrowish,-23.25,-23.25,-5.8125,-5.8125,17.4375
Apprend,-23.25,-23.25,-5.8125,-5.8125,17.4375
Succent,-23.25,-23.25,-5.8125,-5.8125,17.4375
Knublet,-23.375,-23.375,-5.9375,-5.9375,17.4375
Unstraps,-23.25,-23.25,-5.8125,-5.8125,17.4375
Silenaceous,-23.125,-23.125,-5.6875,-5.6875,17.4375
Succincter,-23.375,-23.375,-5.9375,-5.9375,17.4375
Insack,-23.375,-23.375,-5.9375,-5.9375,17.4375
Atmolyses,-23.375,-23.375,-5.9375,-5.9375,17.4375
Nobilities,-23.125,-23.125,-5.6875,-5.6875,17.4375
Marquisette,-23.125,-23.125,-5.6875,-5.6875,17.4375
Nutjobber,-23.125,-23.125,-5.6875,-5.6875,17.4375
Locutory,-23.375,-23.375,-5.9375,-5.9375,17.4375
Pluggy,-23.375,-23.375,-5.9375,-5.9375,17.4375
Adelite,-23.25,-23.25,-5.8125,-5.8125,17.4375
Vaticinant,-23.25,-23.25,-5.8125,-5.8125,17.4375
Birdlike,-23.5,-23.5,-6.0625,-6.0625,17.4375
Hanahill,-23.125,-23.125,-5.6875,-5.6875,17.4375
Misfigure,-23.25,-23.25,-5.8125,-5.8125,17.4375
Prereview,-23.125,-23.125,-5.6875,-5.6875,17.4375
Clammier,-23.25,-23.25,-5.8125,-5.8125,17.4375
Hagueton,-23.375,-23.375,-5.9375,-5.9375,17.4375
Hausen,-23.375,-23.375,-5.9375,-5.9375,17.4375
Penstocks,-23.125,-23.125,-5.6875,-5.6875,17.4375
Precept,-23.125,-23.125,-5.6875,-5.6875,17.4375
Jamber,-23.25,-23.25,-5.8125,-5.8125,17.4375
Seawards,-23.25,-23.25,-5.8125,-5.8125,17.4375
Alphabetizes,-23.125,-23.125,-5.6875,-5.6875,17.4375
Oversupplies,-23.25,-23.25,-5.8125,-5.8125,17.4375
Cochylis,-23.25,-23.25,-5.8125,-5.8125,17.4375
Superlain,-23.0,-23.0,-5.5625,-5.5625,17.4375
Drupelet,-23.25,-23.25,-5.8125,-5.8125,17.4375
Quodlibetz,-23.125,-23.125,-5.6875,-5.6875,17.4375
Metamorphy,-23.375,-23.375,-5.9375,-5.9375,17.4375
Teache,-23.375,-23.375,-5.9375,-5.9375,17.4375
Alopecic,-23.25,-23.25,-5.8125,-5.8125,17.4375
Quango,-23.5,-23.5,-6.0625,-6.0625,17.4375
Engrammes,-23.25,-23.25,-5.8125,-5.8125,17.4375
Adhesives,-23.25,-23.25,-5.8125,-5.8125,17.4375
Refilter,-23.25,-23.25,-5.8125,-5.8125,17.4375
Replume,-23.125,-23.125,-5.6875,-5.6875,17.4375
Guildite,-23.25,-23.25,-5.8125,-5.8125,17.4375
Breakpoints,-23.125,-23.125,-5.6875,-5.6875,17.4375
Nuttiest,-23.25,-23.25,-5.8125,-5.8125,17.4375
Skiech,-23.125,-23.125,-5.6875,-5.6875,17.4375
Loudspeakers,-23.375,-23.375,-5.9375,-5.9375,17.4375
Oxcheek,-23.25,-23.25,-5.8125,-5.8125,17.4375
Multispicular,-23.375,-23.375,-5.9375,-5.9375,17.4375
Gravelish,-23.25,-23.25,-5.8125,-5.8125,17.4375
Paroxytonic,-23.375,-23.375,-5.9375,-5.9375,17.4375
Cerote,-23.0,-23.0,-5.5625,-5.5625,17.4375
Detergible,-23.125,-23.125,-5.6875,-5.6875,17.4375
Superline,-23.375,-23.375,-5.9375,-5.9375,17.4375
Stabilize,-23.375,-23.375,-5.9375,-5.9375,17.4375
Demonstrators,-23.875,-23.875,-6.4375,-6.4375,17.4375
Imputability,-23.75,-23.75,-6.3125,-6.3125,17.4375
Mesosigmoid,-23.25,-23.25,-5.8125,-5.8125,17.4375
Dearnesses,-23.25,-23.25,-5.8125,-5.8125,17.4375
Guidage,-23.375,-23.375,-5.9375,-5.9375,17.4375
Cerebellitis,-23.25,-23.25,-5.8125,-5.8125,17.4375
Fortypenny,-23.125,-23.125,-5.6875,-5.6875,17.4375
Underdraw,-23.125,-23.125,-5.6875,-5.6875,17.4375
Weatherability,-23.5,-23.5,-6.0625,-6.0625,17.4375
Bialveolar,-23.25,-23.25,-5.8125,-5.8125,17.4375
Cowherbs,-23.125,-23.125,-5.6875,-5.6875,17.4375
Misfall,-23.25,-23.25,-5.8125,-5.8125,17.4375
Vigentennial,-23.375,-23.375,-5.9375,-5.9375,17.4375
Reckon,-23.25,-23.25,-5.8125,-5.8125,17.4375
Hackwork,-23.25,-23.25,-5.8125,-5.8125,17.4375
Bufagin,-23.375,-23.375,-5.9375,-5.9375,17.4375
Ludian,-23.25,-23.25,-5.8125,-5.8125,17.4375
Horatory,-23.375,-23.375,-5.9375,-5.9375,17.4375
Overcheap,-23.25,-23.25,-5.8125,-5.8125,17.4375
Entreasure,-23.25,-23.25,-5.8125,-5.8125,17.4375
Gentlemanlike,-23.5,-23.5,-6.0625,-6.0625,17.4375
Tripedal,-23.125,-23.125,-5.6875,-5.6875,17.4375
Snuffers,-23.125,-23.125,-5.6875,-5.6875,17.4375
Transfrontal,-23.5,-23.5,-6.0625,-6.0625,17.4375
Throttler,-23.25,-23.25,-5.8125,-5.8125,17.4375
Recomplete,-23.375,-23.375,-5.9375,-5.9375,17.4375
Gercrow,-23.25,-23.25,-5.8125,-5.8125,17.4375
Galany,-23.5,-23.5,-6.0625,-6.0625,17.4375
Undirect,-23.5,-23.5,-6.0625,-6.0625,17.4375
Meterage,-23.125,-23.125,-5.6875,-5.6875,17.4375
Bicephalous,-23.125,-23.125,-5.6875,-5.6875,17.4375
Indochina,-23.25,-23.25,-5.8125,-5.8125,17.4375
Render,-23.625,-23.625,-6.1875,-6.1875,17.4375
Gervas,-23.25,-23.25,-5.8125,-5.8125,17.4375
Neuropodium,-23.375,-23.375,-5.9375,-5.9375,17.4375
Chirimoyer,-23.25,-23.25,-5.8125,-5.8125,17.4375
Mackle,-23.25,-23.25,-5.8125,-5.8125,17.4375
Camptodrome,-23.125,-23.125,-5.6875,-5.6875,17.4375
Euphemise,-23.25,-23.25,-5.8125,-5.8125,17.4375
Plodge,-23.125,-23.125,-5.6875,-5.6875,17.4375
Penclerk,-23.125,-23.125,-5.6875,-5.6875,17.4375
Agennesis,-23.375,-23.375,-5.9375,-5.9375,17.4375
Subphylar,-23.25,-23.25,-5.8125,-5.8125,17.4375
Beneurous,-23.125,-23.125,-5.6875,-5.6875,17.4375
Gaslights,-23.125,-23.125,-5.6875,-5.6875,17.4375
Nonmanneristic,-23.125,-23.125,-5.6875,-5.6875,17.4375
Lustrant,-23.25,-23.25,-5.8125,-5.8125,17.4375
Misoneism,-23.875,-23.875,-6.4375,-6.4375,17.4375
Nondirective,-23.125,-23.125,-5.6875,-5.6875,17.4375
Rhizophore,-23.125,-23.125,-5.6875,-5.6875,17.4375
Indabas,-23.375,-23.375,-5.9375,-5.9375,17.4375
Tocher,-23.125,-23.125,-5.6875,-5.6875,17.4375
Protopectin,-23.25,-23.25,-5.8125,-5.8125,17.4375
Foreknow,-23.25,-23.25,-5.8125,-5.8125,17.4375
Recombines,-23.25,-23.25,-5.8125,-5.8125,17.4375
Borocitrate,-23.25,-23.25,-5.8125,-5.8125,17.4375
Nutbrown,-23.25,-23.25,-5.8125,-5.8125,17.4375
Webwork,-23.125,-23.125,-5.6875,-5.6875,17.4375
Drivepipe,-23.375,-23.375,-5.9375,-5.9375,17.4375
Saltbush,-23.25,-23.25,-5.8125,-5.8125,17.4375
Affectability,-23.375,-23.375,-5.9375,-5.9375,17.4375
Noncarbon,-23.25,-23.25,-5.8125,-5.8125,17.4375
Muscinae,-23.375,-23.375,-5.9375,-5.9375,17.4375
Postsplenic,-23.125,-23.125,-5.6875,-5.6875,17.4375
Bondslave,-23.375,-23.375,-5.9375,-5.9375,17.4375
Waxers,-23.25,-23.25,-5.8125,-5.8125,17.4375
Prosier,-23.125,-23.125,-5.6875,-5.6875,17.4375
Integrand,-23.375,-23.375,-5.9375,-5.9375,17.4375
Sulphurproof,-23.125,-23.125,-5.6875,-5.6875,17.4375
Silvery,-23.375,-23.375,-5.9375,-5.9375,17.4375
Joineries,-23.25,-23.25,-5.8125,-5.8125,17.4375
Duvetines,-23.125,-23.125,-5.6875,-5.6875,17.4375
Uncinus,-23.25,-23.25,-5.8125,-5.8125,17.4375
Fawnlike,-23.5,-23.5,-6.0625,-6.0625,17.4375
Gentiana,-23.25,-23.25,-5.8125,-5.8125,17.4375
Trustor,-23.125,-23.125,-5.6875,-5.6875,17.4375
Enunciative,-23.5,-23.5,-6.0625,-6.0625,17.4375
Understage,-23.25,-23.25,-5.8125,-5.8125,17.4375
Kuvera,-23.25,-23.25,-5.8125,-5.8125,17.4375
Pressdom,-23.75,-23.75,-6.3125,-6.3125,17.4375
Lovelihead,-23.125,-23.125,-5.6875,-5.6875,17.4375
Armiger,-23.375,-23.375,-5.9375,-5.9375,17.4375
Paravent,-23.25,-23.25,-5.8125,-5.8125,17.4375
Stratagems,-23.125,-23.125,-5.6875,-5.6875,17.4375
Dampish,-23.125,-23.125,-5.6875,-5.6875,17.4375
Conjon,-23.125,-23.125,-5.6875,-5.6875,17.4375
Acarapis,-23.25,-23.25,-5.8125,-5.8125,17.4375
Unhostile,-23.125,-23.125,-5.6875,-5.6875,17.4375
Imputrid,-23.125,-23.125,-5.6875,-5.6875,17.4375
Envenoms,-23.25,-23.25,-5.8125,-5.8125,17.4375
Reinvigorate,-23.5,-23.5,-6.0625,-6.0625,17.4375
Asporogenous,-23.25,-23.25,-5.8125,-5.8125,17.4375
Fluoroborate,-23.375,-23.375,-5.9375,-5.9375,17.4375
Spearmen,-23.125,-23.125,-5.6875,-5.6875,17.4375
Soteriologic,-23.25,-23.25,-5.8125,-5.8125,17.4375
Bedeguar,-23.125,-23.125,-5.6875,-5.6875,17.4375
Nonexcessive,-23.25,-23.25,-5.8125,-5.8125,17.4375
Metempsychosic,-23.25,-23.25,-5.8125,-5.8125,17.4375
Disseason,-23.25,-23.25,-5.8125,-5.8125,17.4375
Conoidical,-23.125,-23.125,-5.6875,-5.6875,17.4375
Teachership,-23.75,-23.75,-6.3125,-6.3125,17.4375
Intermental,-23.25,-23.25,-5.8125,-5.8125,17.4375
Fourchet,-23.25,-23.25,-5.8125,-5.8125,17.4375
Superextoll,-23.125,-23.125,-5.6875,-5.6875,17.4375
Commentitious,-23.25,-23.25,-5.8125,-5.8125,17.4375
Filterman,-23.25,-23.25,-5.8125,-5.8125,17.4375
Weinschenkite,-23.25,-23.25,-5.8125,-5.8125,17.4375
Transept,-23.375,-23.375,-5.9375,-5.9375,17.4375
Overdiscuss,-23.375,-23.375,-5.9375,-5.9375,17.4375
Warranter,-23.25,-23.25,-5.8125,-5.8125,17.4375
Overfurnishes,-23.125,-23.125,-5.6875,-5.6875,17.4375
Coccygeal,-23.25,-23.25,-5.8125,-5.8125,17.4375
Misprise,-23.25,-23.25,-5.8125,-5.8125,17.4375
Waglike,-23.5,-23.5,-6.0625,-6.0625,17.4375
Filbert,-23.25,-23.25,-5.8125,-5.8125,17.4375
Chemicodynamic,-23.25,-23.25,-5.8125,-5.8125,17.4375
Amphirhinal,-23.25,-23.25,-5.8125,-5.8125,17.4375
Blasphemies,-23.5,-23.5,-6.0625,-6.0625,17.4375
Choragion,-23.375,-23.375,-5.9375,-5.9375,17.4375
Subendothelial,-23.25,-23.25,-5.8125,-5.8125,17.4375
Ackees,-23.25,-23.25,-5.8125,-5.8125,17.4375
Hennebique,-23.125,-23.125,-5.6875,-5.6875,17.4375
Luckier,-23.25,-23.25,-5.8125,-5.8125,17.4375
Antibubonic,-23.375,-23.375,-5.9375,-5.9375,17.4375
Oximetry,-23.625,-23.625,-6.1875,-6.1875,17.4375
Approbate,-23.375,-23.375,-5.9375,-5.9375,17.4375
Linenizer,-23.5,-23.5,-6.0625,-6.0625,17.4375
Widowlike,-23.25,-23.25,-5.8125,-5.8125,17.4375
Tapaderos,-23.125,-23.125,-5.6875,-5.6875,17.4375
Nonsymbolical,-23.5,-23.5,-6.0625,-6.0625,17.4375
Fondon,-23.375,-23.375,-5.9375,-5.9375,17.4375
Anderun,-23.25,-23.25,-5.8125,-5.8125,17.4375
Bywork,-23.125,-23.125,-5.6875,-5.6875,17.4375
Ensilages,-23.25,-23.25,-5.8125,-5.8125,17.4375
Abrupt,-23.25,-23.25,-5.8125,-5.8125,17.4375
Typewrite,-23.125,-23.125,-5.6875,-5.6875,17.4375
Geothlypis,-23.125,-23.125,-5.6875,-5.6875,17.4375
Generale,-23.25,-23.25,-5.8125,-5.8125,17.4375
Endoneurial,-23.25,-23.25,-5.8125,-5.8125,17.4375
Tieless,-23.125,-23.125,-5.6875,-5.6875,17.4375
Anecdotist,-23.375,-23.375,-5.9375,-5.9375,17.4375
Naturopathist,-23.25,-23.25,-5.8125,-5.8125,17.4375
Nongame,-23.25,-23.25,-5.8125,-5.8125,17.4375
Metallike,-23.375,-23.375,-5.9375,-5.9375,17.4375
Extend,-23.5,-23.5,-6.0625,-6.0625,17.4375
Semicrepe,-23.25,-23.25,-5.8125,-5.8125,17.4375
Cursory,-23.125,-23.125,-5.6875,-5.6875,17.4375
Presuspicious,-23.25,-23.25,-5.8125,-5.8125,17.4375
Litany,-23.375,-23.375,-5.9375,-5.9375,17.4375
Resystematize,-23.375,-23.375,-5.9375,-5.9375,17.4375
Chinaroot,-23.5,-23.5,-6.0625,-6.0625,17.4375
Riddles,-23.25,-23.25,-5.8125,-5.8125,17.4375
Cuppen,-23.25,-23.25,-5.8125,-5.8125,17.4375
Overcry,-23.375,-23.375,-5.9375,-5.9375,17.4375
Undermuslin,-23.25,-23.25,-5.8125,-5.8125,17.4375
Auntsary,-23.375,-23.375,-5.9375,-5.9375,17.4375
Marantaceous,-23.25,-23.25,-5.8125,-5.8125,17.4375
Amyliferous,-23.125,-23.125,-5.6875,-5.6875,17.4375
Unpeculiar,-23.25,-23.25,-5.8125,-5.8125,17.4375
Infranatural,-23.25,-23.25,-5.8125,-5.8125,17.4375
Horsehides,-23.25,-23.25,-5.8125,-5.8125,17.4375
Hysterogenous,-23.25,-23.25,-5.8125,-5.8125,17.4375
Aiglet,-23.25,-23.25,-5.8125,-5.8125,17.4375
Anteriad,-23.5,-23.5,-6.0625,-6.0625,17.4375
Lingual,-23.25,-23.25,-5.8125,-5.8125,17.4375
Vantageless,-23.25,-23.25,-5.8125,-5.8125,17.4375
Lazary,-23.375,-23.375,-5.9375,-5.9375,17.4375
Astragals,-23.125,-23.125,-5.6875,-5.6875,17.4375
Wifish,-23.125,-23.125,-5.6875,-5.6875,17.4375
Viburnic,-23.25,-23.25,-5.8125,-5.8125,17.4375
Contravenes,-23.125,-23.125,-5.6875,-5.6875,17.4375
Overpassionate,-23.125,-23.125,-5.6875,-5.6875,17.4375
Gonidial,-23.25,-23.25,-5.8125,-5.8125,17.4375
Carpogonium,-23.375,-23.375,-5.9375,-5.9375,17.4375
Countersecure,-23.375,-23.375,-5.9375,-5.9375,17.4375
Rubrica,-23.125,-23.125,-5.6875,-5.6875,17.4375
Langspiel,-23.25,-23.25,-5.8125,-5.8125,17.4375
Cortege,-23.25,-23.25,-5.8125,-5.8125,17.4375
Indicolite,-23.125,-23.125,-5.6875,-5.6875,17.4375
Invenit,-23.375,-23.375,-5.9375,-5.9375,17.4375
Cotyledonoid,-23.25,-23.25,-5.8125,-5.8125,17.4375
Procurrent,-23.375,-23.375,-5.9375,-5.9375,17.4375
Lienectomy,-23.375,-23.375,-5.9375,-5.9375,17.4375
Deringa,-23.25,-23.25,-5.8125,-5.8125,17.4375
Spurnpoint,-23.125,-23.125,-5.6875,-5.6875,17.4375
Cytosin,-23.125,-23.125,-5.6875,-5.6875,17.4375
Misaddrest,-23.5,-23.5,-6.0625,-6.0625,17.4375
Sapium,-23.25,-23.25,-5.8125,-5.8125,17.4375
Flatdom,-23.875,-23.875,-6.4375,-6.4375,17.4375
Xiphodynia,-23.375,-23.375,-5.96875,-5.96875,17.40625
Temporiser,-23.375,-23.375,-5.96875,-5.96875,17.40625
Barbarities,-23.0,-23.0,-5.59375,-5.59375,17.40625
Pantile,-23.125,-23.125,-5.71875,-5.71875,17.40625
Electromer,-23.25,-23.25,-5.84375,-5.84375,17.40625
Ripelike,-23.125,-23.125,-5.71875,-5.71875,17.40625
Demount,-23.125,-23.125,-5.71875,-5.71875,17.40625
Submedian,-23.375,-23.375,-5.96875,-5.96875,17.40625
Ghouls,-23.0,-23.0,-5.59375,-5.59375,17.40625
Spectroscopes,-23.0,-23.0,-5.59375,-5.59375,17.40625
Pancosmist,-23.375,-23.375,-5.96875,-5.96875,17.40625
Abfarad,-23.125,-23.125,-5.71875,-5.71875,17.40625
Exumbral,-23.125,-23.125,-5.71875,-5.71875,17.40625
Beheads,-23.5,-23.5,-6.09375,-6.09375,17.40625
Bruchidae,-23.125,-23.125,-5.71875,-5.71875,17.40625
Posterette,-23.125,-23.125,-5.71875,-5.71875,17.40625
Mogigraphic,-23.25,-23.25,-5.84375,-5.84375,17.40625
Dignitarian,-23.375,-23.375,-5.96875,-5.96875,17.40625
Renovations,-23.375,-23.375,-5.96875,-5.96875,17.40625
Cantilena,-23.125,-23.125,-5.71875,-5.71875,17.40625
Proxemics,-23.25,-23.25,-5.84375,-5.84375,17.40625
Bacteriogenic,-23.25,-23.25,-5.84375,-5.84375,17.40625
Overcriticism,-23.75,-23.75,-6.34375,-6.34375,17.40625
Murther,-23.25,-23.25,-5.84375,-5.84375,17.40625
Moanless,-23.375,-23.375,-5.96875,-5.96875,17.40625
Clubroots,-23.375,-23.375,-5.96875,-5.96875,17.40625
Haplologic,-23.25,-23.25,-5.84375,-5.84375,17.40625
Matres,-23.125,-23.125,-5.71875,-5.71875,17.40625
Nonnant,-23.25,-23.25,-5.84375,-5.84375,17.40625
Schwarz,-23.375,-23.375,-5.96875,-5.96875,17.40625
Dairymen,-23.25,-23.25,-5.84375,-5.84375,17.40625
Subconvolute,-23.375,-23.375,-5.96875,-5.96875,17.40625
Drogoman,-23.25,-23.25,-5.84375,-5.84375,17.40625
Lygaeidae,-23.125,-23.125,-5.71875,-5.71875,17.40625
Dulcigenic,-22.875,-22.875,-5.46875,-5.46875,17.40625
Zoophytoid,-23.0,-23.0,-5.59375,-5.59375,17.40625
Gravitometer,-23.25,-23.25,-5.84375,-5.84375,17.40625
Telligraph,-23.0,-23.0,-5.59375,-5.59375,17.40625
Brantail,-23.125,-23.125,-5.71875,-5.71875,17.40625
Gilravager,-23.125,-23.125,-5.71875,-5.71875,17.40625
Cinquain,-22.875,-22.875,-5.46875,-5.46875,17.40625
Exsomatic,-23.25,-23.25,-5.84375,-5.84375,17.40625
Quincunx,-23.0,-23.0,-5.59375,-5.59375,17.40625
Rucksacks,-23.125,-23.125,-5.71875,-5.71875,17.40625
Emblem,-23.375,-23.375,-5.96875,-5.96875,17.40625
Outdances,-23.125,-23.125,-5.71875,-5.71875,17.40625
Tyrolese,-23.125,-23.125,-5.71875,-5.71875,17.40625
Swordcraft,-23.125,-23.125,-5.71875,-5.71875,17.40625
Quirinalia,-23.25,-23.25,-5.84375,-5.84375,17.40625
Inexistency,-23.375,-23.375,-5.96875,-5.96875,17.40625
Recovery,-23.625,-23.625,-6.21875,-6.21875,17.40625
Telegrams,-23.25,-23.25,-5.84375,-5.84375,17.40625
Violones,-23.5,-23.5,-6.09375,-6.09375,17.40625
Quadrifrontal,-23.375,-23.375,-5.96875,-5.96875,17.40625
Octoad,-22.875,-22.875,-5.46875,-5.46875,17.40625
Pseudobenthos,-23.25,-23.25,-5.84375,-5.84375,17.40625
Myomatous,-23.25,-23.25,-5.84375,-5.84375,17.40625
Shortzy,-23.125,-23.125,-5.71875,-5.71875,17.40625
Studdings,-23.125,-23.125,-5.71875,-5.71875,17.40625
Pitchblende,-23.0,-23.0,-5.59375,-5.59375,17.40625
Enteral,-23.25,-23.25,-5.84375,-5.84375,17.40625
Milliares,-23.125,-23.125,-5.71875,-5.71875,17.40625
Tavast,-23.125,-23.125,-5.71875,-5.71875,17.40625
Skyborne,-23.25,-23.25,-5.84375,-5.84375,17.40625
Container,-23.125,-23.125,-5.71875,-5.71875,17.40625
Poises,-22.875,-22.875,-5.46875,-5.46875,17.40625
Vmsize,-23.0,-23.0,-5.59375,-5.59375,17.40625
Exacerbescence,-23.25,-23.25,-5.84375,-5.84375,17.40625
Haemocytometer,-23.0,-23.0,-5.59375,-5.59375,17.40625
Orotherapy,-23.25,-23.25,-5.84375,-5.84375,17.40625
Cremone,-23.125,-23.125,-5.71875,-5.71875,17.40625
Tallote,-23.125,-23.125,-5.71875,-5.71875,17.40625
Yeldrin,-23.0,-23.0,-5.59375,-5.59375,17.40625
Jaquette,-23.0,-23.0,-5.59375,-5.59375,17.40625
Angiogenesis,-23.5,-23.5,-6.09375,-6.09375,17.40625
Disseizoress,-22.875,-22.875,-5.46875,-5.46875,17.40625
Molimen,-23.25,-23.25,-5.84375,-5.84375,17.40625
Conserves,-23.125,-23.125,-5.71875,-5.71875,17.40625
Multimodal,-23.25,-23.25,-5.84375,-5.84375,17.40625
Novice,-23.0,-23.0,-5.59375,-5.59375,17.40625
Neotoma,-23.125,-23.125,-5.71875,-5.71875,17.40625
Bloodfins,-23.0,-23.0,-5.59375,-5.59375,17.40625
Tyronic,-23.125,-23.125,-5.71875,-5.71875,17.40625
Sightproof,-23.25,-23.25,-5.84375,-5.84375,17.40625
Illuminee,-23.0,-23.0,-5.59375,-5.59375,17.40625
Mouthier,-23.125,-23.125,-5.71875,-5.71875,17.40625
Reserveless,-23.125,-23.125,-5.71875,-5.71875,17.40625
Fluoridations,-23.375,-23.375,-5.96875,-5.96875,17.40625
Cubitus,-23.125,-23.125,-5.71875,-5.71875,17.40625
Terrestrials,-23.125,-23.125,-5.71875,-5.71875,17.40625
Adjournal,-23.375,-23.375,-5.96875,-5.96875,17.40625
Braquemard,-23.125,-23.125,-5.71875,-5.71875,17.40625
Villegiature,-23.125,-23.125,-5.71875,-5.71875,17.40625
Mountainside,-23.0,-23.0,-5.59375,-5.59375,17.40625
Oxyanthracene,-23.25,-23.25,-5.84375,-5.84375,17.40625
Grocerdom,-23.125,-23.125,-5.71875,-5.71875,17.40625
Beshout,-23.25,-23.25,-5.84375,-5.84375,17.40625
Pediculina,-23.125,-23.125,-5.71875,-5.71875,17.40625
Josefite,-23.25,-23.25,-5.84375,-5.84375,17.40625
Olfacty,-23.375,-23.375,-5.96875,-5.96875,17.40625
Waxplants,-23.0,-23.0,-5.59375,-5.59375,17.40625
Expressage,-23.25,-23.25,-5.84375,-5.84375,17.40625
Comtesses,-23.25,-23.25,-5.84375,-5.84375,17.40625
Sulphosilicide,-22.875,-22.875,-5.46875,-5.46875,17.40625
Monopodic,-23.125,-23.125,-5.71875,-5.71875,17.40625
Miscounsel,-23.0,-23.0,-5.59375,-5.59375,17.40625
Polyodontal,-23.125,-23.125,-5.71875,-5.71875,17.40625
Tidinesses,-23.25,-23.25,-5.84375,-5.84375,17.40625
Profichi,-23.125,-23.125,-5.71875,-5.71875,17.40625
Unisonant,-23.25,-23.25,-5.84375,-5.84375,17.40625
Metagnath,-23.125,-23.125,-5.71875,-5.71875,17.40625
Organical,-23.25,-23.25,-5.84375,-5.84375,17.40625
Bullfice,-23.25,-23.25,-5.84375,-5.84375,17.40625
Metameric,-23.125,-23.125,-5.71875,-5.71875,17.40625
Dipropargyl,-23.125,-23.125,-5.71875,-5.71875,17.40625
Ketoheptose,-23.0,-23.0,-5.59375,-5.59375,17.40625
Lusitanian,-23.125,-23.125,-5.71875,-5.71875,17.40625
Megametre,-23.0,-23.0,-5.59375,-5.59375,17.40625
Creator,-23.625,-23.625,-6.21875,-6.21875,17.40625
Unfanatical,-23.125,-23.125,-5.71875,-5.71875,17.40625
Screenplay,-23.125,-23.125,-5.71875,-5.71875,17.40625
Untack,-23.375,-23.375,-5.96875,-5.96875,17.40625
Hydropsy,-23.0,-23.0,-5.59375,-5.59375,17.40625
Verglases,-23.25,-23.25,-5.84375,-5.84375,17.40625
Tindery,-23.0,-23.0,-5.59375,-5.59375,17.40625
Systole,-23.125,-23.125,-5.71875,-5.71875,17.40625
Oostegitic,-23.5,-23.5,-6.09375,-6.09375,17.40625
Fluorid,-23.25,-23.25,-5.84375,-5.84375,17.40625
Dreidel,-23.125,-23.125,-5.71875,-5.71875,17.40625
Iapyges,-23.125,-23.125,-5.71875,-5.71875,17.40625
Calgon,-22.75,-22.75,-5.34375,-5.34375,17.40625
Barnyards,-23.125,-23.125,-5.71875,-5.71875,17.40625
Soroches,-23.375,-23.375,-5.96875,-5.96875,17.40625
Osteotrophy,-23.375,-23.375,-5.96875,-5.96875,17.40625
Subantique,-23.125,-23.125,-5.71875,-5.71875,17.40625
Archeolithic,-23.125,-23.125,-5.71875,-5.71875,17.40625
Actinia,-23.375,-23.375,-5.96875,-5.96875,17.40625
Brunet,-23.125,-23.125,-5.71875,-5.71875,17.40625
Burele,-23.375,-23.375,-5.96875,-5.96875,17.40625
Ramify,-23.25,-23.25,-5.84375,-5.84375,17.40625
Sovietist,-23.0,-23.0,-5.59375,-5.59375,17.40625
Spermatozoal,-23.0,-23.0,-5.59375,-5.59375,17.40625
Posteriad,-23.125,-23.125,-5.71875,-5.71875,17.40625
Readmissions,-23.125,-23.125,-5.71875,-5.71875,17.40625
Rahanwin,-23.25,-23.25,-5.84375,-5.84375,17.40625
Paracresol,-23.375,-23.375,-5.96875,-5.96875,17.40625
Mesorchium,-23.375,-23.375,-5.96875,-5.96875,17.40625
Planetal,-23.0,-23.0,-5.59375,-5.59375,17.40625
Juncaceae,-23.25,-23.25,-5.84375,-5.84375,17.40625
Boobyish,-23.625,-23.625,-6.21875,-6.21875,17.40625
Assenter,-23.125,-23.125,-5.71875,-5.71875,17.40625
Foreshroud,-23.25,-23.25,-5.84375,-5.84375,17.40625
Pterygodum,-23.25,-23.25,-5.84375,-5.84375,17.40625
Mackintoshite,-23.25,-23.25,-5.84375,-5.84375,17.40625
Eumerogenesis,-23.375,-23.375,-5.96875,-5.96875,17.40625
Overwritten,-23.375,-23.375,-5.96875,-5.96875,17.40625
Filioque,-23.5,-23.5,-6.09375,-6.09375,17.40625
Gemmuliferous,-23.125,-23.125,-5.71875,-5.71875,17.40625
Mosstroopery,-23.125,-23.125,-5.71875,-5.71875,17.40625
Chouquette,-23.125,-23.125,-5.71875,-5.71875,17.40625
Pinkertonism,-23.5,-23.5,-6.09375,-6.09375,17.40625
Skipple,-22.875,-22.875,-5.46875,-5.46875,17.40625
Unvenom,-23.25,-23.25,-5.84375,-5.84375,17.40625
Antispasis,-23.5,-23.5,-6.09375,-6.09375,17.40625
Poogye,-23.25,-23.25,-5.84375,-5.84375,17.40625
Barker,-23.25,-23.25,-5.84375,-5.84375,17.40625
Promisers,-23.25,-23.25,-5.84375,-5.84375,17.40625
Bacillaceae,-23.25,-23.25,-5.84375,-5.84375,17.40625
Overtarry,-23.125,-23.125,-5.71875,-5.71875,17.40625
Tulipomaniac,-23.375,-23.375,-5.96875,-5.96875,17.40625
Nonzoological,-23.375,-23.375,-5.96875,-5.96875,17.40625
Cardigan,-23.0,-23.0,-5.59375,-5.59375,17.40625
Colongitude,-23.25,-23.25,-5.84375,-5.84375,17.40625
Marsupium,-23.0,-23.0,-5.59375,-5.59375,17.40625
Huttonianism,-23.75,-23.75,-6.34375,-6.34375,17.40625
Episternal,-23.125,-23.125,-5.71875,-5.71875,17.40625
Basisolute,-23.375,-23.375,-5.96875,-5.96875,17.40625
Brunoniaceae,-23.25,-23.25,-5.84375,-5.84375,17.40625
Shills,-23.25,-23.25,-5.84375,-5.84375,17.40625
Antiketogenic,-23.25,-23.25,-5.84375,-5.84375,17.40625
Culturine,-23.25,-23.25,-5.84375,-5.84375,17.40625
Cyclopoid,-23.0,-23.0,-5.59375,-5.59375,17.40625
Hoopmaker,-23.375,-23.375,-5.96875,-5.96875,17.40625
Musimon,-23.25,-23.25,-5.84375,-5.84375,17.40625
Pronational,-23.5,-23.5,-6.09375,-6.09375,17.40625
Pseudocentric,-23.25,-23.25,-5.84375,-5.84375,17.40625
Suicidal,-22.875,-22.875,-5.46875,-5.46875,17.40625
Urethans,-23.25,-23.25,-5.84375,-5.84375,17.40625
Graperoot,-23.0,-23.0,-5.59375,-5.59375,17.40625
Shagroon,-23.125,-23.125,-5.71875,-5.71875,17.40625
Tollbook,-23.0,-23.0,-5.59375,-5.59375,17.40625
Reddens,-23.25,-23.25,-5.84375,-5.84375,17.40625
Underhammer,-23.0,-23.0,-5.59375,-5.59375,17.40625
Siphonata,-23.125,-23.125,-5.71875,-5.71875,17.40625
Epikia,-23.125,-23.125,-5.71875,-5.71875,17.40625
Baroque,-23.25,-23.25,-5.84375,-5.84375,17.40625
Subcubical,-23.125,-23.125,-5.71875,-5.71875,17.40625
Recurrence,-23.125,-23.125,-5.71875,-5.71875,17.40625
Lightface,-23.0,-23.0,-5.59375,-5.59375,17.40625
Kicker,-22.875,-22.875,-5.46875,-5.46875,17.40625
Sublinguae,-23.375,-23.375,-5.96875,-5.96875,17.40625
Dejects,-23.375,-23.375,-5.96875,-5.96875,17.40625
Neoplatonician,-23.375,-23.375,-5.96875,-5.96875,17.40625
Ostensoria,-23.25,-23.25,-5.84375,-5.84375,17.40625
Phrasem,-23.125,-23.125,-5.71875,-5.71875,17.40625
Mesopodium,-23.375,-23.375,-5.96875,-5.96875,17.40625
Connectivity,-23.375,-23.375,-5.96875,-5.96875,17.40625
Mouton,-23.375,-23.375,-5.96875,-5.96875,17.40625
Zibeline,-23.375,-23.375,-5.96875,-5.96875,17.40625
Reality,-23.5,-23.5,-6.09375,-6.09375,17.40625
Carbinyl,-23.125,-23.125,-5.71875,-5.71875,17.40625
Contempt,-23.25,-23.25,-5.84375,-5.84375,17.40625
Craniums,-23.125,-23.125,-5.71875,-5.71875,17.40625
Podtia,-23.375,-23.375,-5.96875,-5.96875,17.40625
Dioptrometer,-23.0,-23.0,-5.59375,-5.59375,17.40625
Parture,-23.25,-23.25,-5.84375,-5.84375,17.40625
Trimesyl,-23.25,-23.25,-5.84375,-5.84375,17.40625
Peripapillary,-23.25,-23.25,-5.84375,-5.84375,17.40625
Gonocoele,-23.0,-23.0,-5.59375,-5.59375,17.40625
Somniloquist,-23.125,-23.125,-5.71875,-5.71875,17.40625
Engage,-23.125,-23.125,-5.71875,-5.71875,17.40625
Kokumingun,-23.625,-23.625,-6.21875,-6.21875,17.40625
Papaverous,-23.0,-23.0,-5.59375,-5.59375,17.40625
Oxybapha,-23.375,-23.375,-5.96875,-5.96875,17.40625
Chlorines,-23.0,-23.0,-5.59375,-5.59375,17.40625
Lophophoral,-23.125,-23.125,-5.71875,-5.71875,17.40625
Prophetism,-23.75,-23.75,-6.34375,-6.34375,17.40625
Paramountship,-23.5,-23.5,-6.09375,-6.09375,17.40625
Lealties,-23.5,-23.5,-6.09375,-6.09375,17.40625
Coosers,-23.25,-23.25,-5.84375,-5.84375,17.40625
Postbellum,-23.125,-23.125,-5.71875,-5.71875,17.40625
Serpentine,-22.875,-22.875,-5.46875,-5.46875,17.40625
Plaintexts,-23.5,-23.5,-6.09375,-6.09375,17.40625
Portgreve,-22.875,-22.875,-5.46875,-5.46875,17.40625
Tripler,-23.25,-23.25,-5.84375,-5.84375,17.40625
Kilnman,-23.125,-23.125,-5.71875,-5.71875,17.40625
Cambistry,-23.125,-23.125,-5.71875,-5.71875,17.40625
Seigniors,-23.375,-23.375,-5.96875,-5.96875,17.40625
Satellitian,-23.125,-23.125,-5.71875,-5.71875,17.40625
Cynogenealogy,-23.375,-23.375,-5.96875,-5.96875,17.40625
Overlead,-23.375,-23.375,-5.96875,-5.96875,17.40625
Bebrush,-23.125,-23.125,-5.71875,-5.71875,17.40625
Laryngotome,-23.125,-23.125,-5.71875,-5.71875,17.40625
Biaxillary,-23.125,-23.125,-5.71875,-5.71875,17.40625
Spouseless,-22.875,-22.875,-5.46875,-5.46875,17.40625
Neogenesis,-23.375,-23.375,-5.96875,-5.96875,17.40625
Baldheads,-23.25,-23.25,-5.84375,-5.84375,17.40625
Cinephone,-23.0,-23.0,-5.59375,-5.59375,17.40625
Ashtoreth,-22.875,-22.875,-5.46875,-5.46875,17.40625
Hynder,-23.0,-23.0,-5.59375,-5.59375,17.40625
Calmer,-23.25,-23.25,-5.84375,-5.84375,17.40625
Plutolatry,-23.375,-23.375,-5.96875,-5.96875,17.40625
Hemoculture,-23.25,-23.25,-5.84375,-5.84375,17.40625
Oxycamphor,-23.25,-23.25,-5.84375,-5.84375,17.40625
Titanisms,-23.5,-23.5,-6.09375,-6.09375,17.40625
Ganglionless,-23.0,-23.0,-5.59375,-5.59375,17.40625
Hydrospace,-23.0,-23.0,-5.59375,-5.59375,17.40625
Invalidship,-23.25,-23.25,-5.84375,-5.84375,17.40625
Mazocacothesis,-23.0,-23.0,-5.59375,-5.59375,17.40625
Stomatal,-23.125,-23.125,-5.71875,-5.71875,17.40625
Emancipator,-23.25,-23.25,-5.84375,-5.84375,17.40625
Militar,-23.375,-23.375,-5.96875,-5.96875,17.40625
Euphemia,-23.125,-23.125,-5.71875,-5.71875,17.40625
Reladen,-23.25,-23.25,-5.84375,-5.84375,17.40625
Nihility,-23.125,-23.125,-5.71875,-5.71875,17.40625
Purpurins,-23.375,-23.375,-5.96875,-5.96875,17.40625
Lithophytous,-23.125,-23.125,-5.71875,-5.71875,17.40625
Easels,-23.125,-23.125,-5.71875,-5.71875,17.40625
Blueth,-23.25,-23.25,-5.84375,-5.84375,17.40625
Bronzitite,-23.125,-23.125,-5.71875,-5.71875,17.40625
Obiism,-23.75,-23.75,-6.34375,-6.34375,17.40625
Undername,-23.125,-23.125,-5.71875,-5.71875,17.40625
Mongeese,-23.125,-23.125,-5.71875,-5.71875,17.40625
Cartoonist,-23.25,-23.25,-5.84375,-5.84375,17.40625
Calcifugal,-23.125,-23.125,-5.71875,-5.71875,17.40625
Polyborus,-22.875,-22.875,-5.46875,-5.46875,17.40625
Systaltic,-23.25,-23.25,-5.84375,-5.84375,17.40625
Jellab,-23.25,-23.25,-5.84375,-5.84375,17.40625
Radicels,-23.125,-23.125,-5.71875,-5.71875,17.40625
Quasky,-23.125,-23.125,-5.71875,-5.71875,17.40625
Distance,-23.125,-23.125,-5.71875,-5.71875,17.40625
Creaght,-22.75,-22.75,-5.34375,-5.34375,17.40625
Tallero,-23.25,-23.25,-5.84375,-5.84375,17.40625
Pendecagon,-23.0,-23.0,-5.59375,-5.59375,17.40625
Discoactine,-23.125,-23.125,-5.71875,-5.71875,17.40625
Locksmiths,-23.375,-23.375,-5.96875,-5.96875,17.40625
Arthropody,-23.125,-23.125,-5.71875,-5.71875,17.40625
Cleach,-23.0,-23.0,-5.59375,-5.59375,17.40625
Parimutuels,-23.25,-23.25,-5.84375,-5.84375,17.40625
Geotaxy,-23.375,-23.375,-5.96875,-5.96875,17.40625
Lumpsucker,-22.875,-22.875,-5.46875,-5.46875,17.40625
Mopery,-23.375,-23.375,-5.96875,-5.96875,17.40625
Postxiphoid,-23.25,-23.25,-5.84375,-5.84375,17.40625
Overpert,-23.375,-23.375,-5.96875,-5.96875,17.40625
Recitativical,-23.25,-23.25,-5.84375,-5.84375,17.40625
Putterer,-23.125,-23.125,-5.71875,-5.71875,17.40625
Proctors,-23.0,-23.0,-5.59375,-5.59375,17.40625
Siller,-23.25,-23.25,-5.84375,-5.84375,17.40625
Postcaval,-23.125,-23.125,-5.71875,-5.71875,17.40625
Gramophone,-23.0,-23.0,-5.59375,-5.59375,17.40625
Catteries,-23.125,-23.125,-5.71875,-5.71875,17.40625
Emanator,-23.125,-23.125,-5.71875,-5.71875,17.40625
Graphanalysis,-23.375,-23.375,-5.96875,-5.96875,17.40625
Voivodeship,-23.625,-23.625,-6.21875,-6.21875,17.40625
Honours,-23.25,-23.25,-5.84375,-5.84375,17.40625
Diaclinal,-23.375,-23.375,-5.96875,-5.96875,17.40625
Licuri,-23.375,-23.375,-5.96875,-5.96875,17.40625
Coimplore,-23.375,-23.375,-5.96875,-5.96875,17.40625
Precentrix,-23.0,-23.0,-5.59375,-5.59375,17.40625
Receiptless,-23.25,-23.25,-5.84375,-5.84375,17.40625
Ententophil,-23.25,-23.25,-5.84375,-5.84375,17.40625
Furison,-23.375,-23.375,-5.96875,-5.96875,17.40625
Nontheatrical,-23.0,-23.0,-5.59375,-5.59375,17.40625
Macrosymbiont,-23.375,-23.375,-5.96875,-5.96875,17.40625
Keeler,-23.125,-23.125,-5.71875,-5.71875,17.40625
Petzite,-23.25,-23.25,-5.84375,-5.84375,17.40625
Extinctive,-23.375,-23.375,-5.96875,-5.96875,17.40625
Arachnism,-23.125,-23.125,-5.71875,-5.71875,17.40625
Gownlet,-23.125,-23.125,-5.71875,-5.71875,17.40625
Iceberg,-22.875,-22.875,-5.46875,-5.46875,17.40625
Virgulariidae,-23.125,-23.125,-5.71875,-5.71875,17.40625
Placoidean,-22.875,-22.875,-5.46875,-5.46875,17.40625
Feirie,-23.125,-23.125,-5.71875,-5.71875,17.40625
Woollenize,-23.5,-23.5,-6.09375,-6.09375,17.40625
Acalyptrate,-23.25,-23.25,-5.84375,-5.84375,17.40625
Recreancy,-23.125,-23.125,-5.71875,-5.71875,17.40625
Vizardmonger,-23.125,-23.125,-5.71875,-5.71875,17.40625
Twizzle,-23.0,-23.0,-5.59375,-5.59375,17.40625
Sandeep,-23.125,-23.125,-5.71875,-5.71875,17.40625
Effulgences,-23.25,-23.25,-5.84375,-5.84375,17.40625
Spiritous,-23.125,-23.125,-5.71875,-5.71875,17.40625
Moorcock,-23.0,-23.0,-5.59375,-5.59375,17.40625
Olluck,-23.25,-23.25,-5.84375,-5.84375,17.40625
Polygon,-23.375,-23.375,-5.96875,-5.96875,17.40625
Reticuloramose,-23.25,-23.25,-5.84375,-5.84375,17.40625
Monerons,-23.5,-23.5,-6.09375,-6.09375,17.40625
Hohenzollern,-23.25,-23.25,-5.84375,-5.84375,17.40625
Literal,-23.25,-23.25,-5.84375,-5.84375,17.40625
Pickwick,-22.625,-22.625,-5.21875,-5.21875,17.40625
Mosesite,-23.375,-23.375,-5.96875,-5.96875,17.40625
Opopanax,-23.375,-23.375,-5.96875,-5.96875,17.40625
Melatonin,-23.125,-23.125,-5.71875,-5.71875,17.40625
Lyricizes,-23.125,-23.125,-5.71875,-5.71875,17.40625
Cesspool,-22.875,-22.875,-5.46875,-5.46875,17.40625
Orthocoumaric,-23.125,-23.125,-5.71875,-5.71875,17.40625
Durocs,-23.125,-23.125,-5.71875,-5.71875,17.40625
Baffler,-23.0,-23.0,-5.59375,-5.59375,17.40625
Tannogallic,-23.125,-23.125,-5.71875,-5.71875,17.40625
Eumolpides,-23.25,-23.25,-5.84375,-5.84375,17.40625
Lurdans,-23.125,-23.125,-5.71875,-5.71875,17.40625
Subeffective,-23.25,-23.25,-5.84375,-5.84375,17.40625
Tabret,-23.0,-23.0,-5.59375,-5.59375,17.40625
Gallanilide,-23.125,-23.125,-5.71875,-5.71875,17.40625
Carromata,-23.25,-23.25,-5.84375,-5.84375,17.40625
Renaissance,-23.25,-23.25,-5.84375,-5.84375,17.40625
Salivous,-23.125,-23.125,-5.71875,-5.71875,17.40625
Wedgebill,-22.875,-22.875,-5.46875,-5.46875,17.40625
Beleaps,-23.25,-23.25,-5.84375,-5.84375,17.40625
Allodiaries,-23.25,-23.25,-5.84375,-5.84375,17.40625
Nutritionist,-23.125,-23.125,-5.71875,-5.71875,17.40625
Precarnival,-23.0,-23.0,-5.59375,-5.59375,17.40625
Cochurchwarden,-23.0,-23.0,-5.59375,-5.59375,17.40625
Auntish,-23.125,-23.125,-5.71875,-5.71875,17.40625
Landmass,-22.875,-22.875,-5.46875,-5.46875,17.40625
Ultraritualism,-23.5,-23.5,-6.09375,-6.09375,17.40625
Subbroker,-23.25,-23.25,-5.84375,-5.84375,17.40625
Skaithy,-23.25,-23.25,-5.84375,-5.84375,17.40625
Energid,-23.25,-23.25,-5.84375,-5.84375,17.40625
Paquet,-23.25,-23.25,-5.84375,-5.84375,17.40625
Cognizability,-23.625,-23.625,-6.21875,-6.21875,17.40625
Opulencies,-23.5,-23.5,-6.09375,-6.09375,17.40625
Siderurgical,-23.125,-23.125,-5.71875,-5.71875,17.40625
Brashiest,-23.0,-23.0,-5.59375,-5.59375,17.40625
Hydatogenesis,-23.375,-23.375,-5.96875,-5.96875,17.40625
Wolflike,-23.625,-23.625,-6.21875,-6.21875,17.40625
Shoggle,-22.875,-22.875,-5.46875,-5.46875,17.40625
Demotists,-23.375,-23.375,-5.96875,-5.96875,17.40625
Sleazy,-23.0,-23.0,-5.59375,-5.59375,17.40625
Tychite,-22.875,-22.875,-5.46875,-5.46875,17.40625
Ceylon,-23.0,-23.0,-5.59375,-5.59375,17.40625
Guestchamber,-23.25,-23.25,-5.84375,-5.84375,17.40625
Clinohumite,-23.125,-23.125,-5.71875,-5.71875,17.40625
Fulfill,-23.125,-23.125,-5.71875,-5.71875,17.40625
Tibiofibular,-23.125,-23.125,-5.71875,-5.71875,17.40625
Dimuence,-23.375,-23.375,-5.96875,-5.96875,17.40625
Tedescan,-23.25,-23.25,-5.84375,-5.84375,17.40625
Dimanganous,-23.25,-23.25,-5.84375,-5.84375,17.40625
Undemocratic,-23.375,-23.375,-5.96875,-5.96875,17.40625
Projacient,-23.125,-23.125,-5.71875,-5.71875,17.40625
Demihorse,-23.125,-23.125,-5.71875,-5.71875,17.40625
Dinoflagellate,-23.125,-23.125,-5.71875,-5.71875,17.40625
Fasciotomy,-23.375,-23.375,-5.96875,-5.96875,17.40625
Polearm,-23.125,-23.125,-5.71875,-5.71875,17.40625
Stelai,-23.5,-23.5,-6.09375,-6.09375,17.40625
Chorogi,-23.5,-23.5,-6.09375,-6.09375,17.40625
Metopes,-23.0,-23.0,-5.59375,-5.59375,17.40625
Rupicolinae,-23.25,-23.25,-5.84375,-5.84375,17.40625
Firefight,-23.125,-23.125,-5.71875,-5.71875,17.40625
Unstoicize,-23.375,-23.375,-5.96875,-5.96875,17.40625
Trokes,-23.125,-23.125,-5.71875,-5.71875,17.40625
Concionary,-23.375,-23.375,-5.96875,-5.96875,17.40625
Coagulum,-23.125,-23.125,-5.71875,-5.71875,17.40625
Klutzier,-22.875,-22.875,-5.46875,-5.46875,17.40625
Loverwise,-23.125,-23.125,-5.71875,-5.71875,17.40625
Pupunha,-23.375,-23.375,-5.96875,-5.96875,17.40625
Sumage,-23.125,-23.125,-5.71875,-5.71875,17.40625
Yengeese,-23.125,-23.125,-5.71875,-5.71875,17.40625
Deathsmen,-23.125,-23.125,-5.71875,-5.71875,17.40625
Shechemites,-23.375,-23.375,-5.96875,-5.96875,17.40625
Antebath,-23.25,-23.25,-5.84375,-5.84375,17.40625
Indigenal,-23.375,-23.375,-5.96875,-5.96875,17.40625
Maxillipede,-22.875,-22.875,-5.46875,-5.46875,17.40625
Immunise,-23.375,-23.375,-5.96875,-5.96875,17.40625
Vernalizes,-23.25,-23.25,-5.84375,-5.84375,17.40625
Mithridatic,-23.125,-23.125,-5.71875,-5.71875,17.40625
Cyanhydrate,-23.125,-23.125,-5.71875,-5.71875,17.40625
Prohibita,-23.25,-23.25,-5.84375,-5.84375,17.40625
Uromeric,-23.25,-23.25,-5.84375,-5.84375,17.40625
Folktale,-23.25,-23.25,-5.84375,-5.84375,17.40625
Roomkeeper,-23.0,-23.0,-5.59375,-5.59375,17.40625
Multiplexors,-23.375,-23.375,-5.96875,-5.96875,17.40625
Diagnostician,-22.875,-22.875,-5.46875,-5.46875,17.40625
Brattiest,-23.0,-23.0,-5.59375,-5.59375,17.40625
Millhouse,-23.125,-23.125,-5.71875,-5.71875,17.40625
Magnetobell,-23.25,-23.25,-5.84375,-5.84375,17.40625
Resilvers,-23.25,-23.25,-5.84375,-5.84375,17.40625
Cassabanana,-22.875,-22.875,-5.46875,-5.46875,17.40625
Concordial,-23.25,-23.25,-5.84375,-5.84375,17.40625
Subtranslucent,-23.375,-23.375,-5.96875,-5.96875,17.40625
Polydactyle,-23.125,-23.125,-5.71875,-5.71875,17.40625
Apersee,-23.125,-23.125,-5.71875,-5.71875,17.40625
Diplomata,-23.125,-23.125,-5.71875,-5.71875,17.40625
Clippings,-23.125,-23.125,-5.71875,-5.71875,17.40625
Holdfast,-23.0,-23.0,-5.59375,-5.59375,17.40625
Juckies,-23.125,-23.125,-5.71875,-5.71875,17.40625
Elasticize,-23.375,-23.375,-5.96875,-5.96875,17.40625
Inequities,-23.0,-23.0,-5.59375,-5.59375,17.40625
Coguarantor,-23.5,-23.5,-6.09375,-6.09375,17.40625
Mughouse,-23.25,-23.25,-5.84375,-5.84375,17.40625
Votresses,-23.125,-23.125,-5.71875,-5.71875,17.40625
Indiscovery,-23.25,-23.25,-5.84375,-5.84375,17.40625
Abounds,-23.0,-23.0,-5.59375,-5.59375,17.40625
Moidore,-23.5,-23.5,-6.09375,-6.09375,17.40625
Dorsalward,-23.125,-23.125,-5.71875,-5.71875,17.40625
Polyclinic,-23.25,-23.25,-5.84375,-5.84375,17.40625
Polyactinia,-23.125,-23.125,-5.71875,-5.71875,17.40625
Conservatorio,-23.25,-23.25,-5.84375,-5.84375,17.40625
Margullie,-23.25,-23.25,-5.84375,-5.84375,17.40625
Backplane,-23.25,-23.25,-5.84375,-5.84375,17.40625
Protoconid,-23.25,-23.25,-5.84375,-5.84375,17.40625
Encomium,-23.25,-23.25,-5.84375,-5.84375,17.40625
Hennish,-23.25,-23.25,-5.84375,-5.84375,17.40625
Geocronite,-23.125,-23.125,-5.71875,-5.71875,17.40625
Snobbiest,-23.125,-23.125,-5.71875,-5.71875,17.40625
Mournings,-23.375,-23.375,-5.96875,-5.96875,17.40625
Subculture,-23.25,-23.25,-5.84375,-5.84375,17.40625
Loincloth,-23.25,-23.25,-5.84375,-5.84375,17.40625
Implosion,-23.375,-23.375,-5.96875,-5.96875,17.40625
Catydid,-23.125,-23.125,-5.71875,-5.71875,17.40625
Talishi,-23.125,-23.125,-5.71875,-5.71875,17.40625
Gedanken,-23.25,-23.25,-5.84375,-5.84375,17.40625
Cathedrallike,-23.125,-23.125,-5.71875,-5.71875,17.40625
Audiviser,-23.125,-23.125,-5.71875,-5.71875,17.40625
Africanize,-23.75,-23.75,-6.34375,-6.34375,17.40625
Truthless,-23.375,-23.375,-5.96875,-5.96875,17.40625
Additum,-23.125,-23.125,-5.71875,-5.71875,17.40625
Harpists,-23.0,-23.0,-5.59375,-5.59375,17.40625
Relumine,-23.125,-23.125,-5.71875,-5.71875,17.40625
Postclassicism,-23.75,-23.75,-6.34375,-6.34375,17.40625
Microcurie,-23.25,-23.25,-5.84375,-5.84375,17.40625
Tilery,-23.0,-23.0,-5.59375,-5.59375,17.40625
Earmuff,-23.0,-23.0,-5.59375,-5.59375,17.40625
Hylogenesis,-23.25,-23.25,-5.84375,-5.84375,17.40625
Trinitride,-23.125,-23.125,-5.71875,-5.71875,17.40625
Drupetum,-23.0,-23.0,-5.59375,-5.59375,17.40625
Victimise,-23.5,-23.5,-6.09375,-6.09375,17.40625
Plexiform,-23.25,-23.25,-5.84375,-5.84375,17.40625
Columna,-23.25,-23.25,-5.84375,-5.84375,17.40625
Nonalcoholic,-23.0,-23.0,-5.59375,-5.59375,17.40625
Habdalahs,-23.375,-23.375,-5.96875,-5.96875,17.40625
Spurrey,-23.125,-23.125,-5.71875,-5.71875,17.40625
Shareown,-23.375,-23.375,-5.96875,-5.96875,17.40625
Euripupi,-23.125,-23.125,-5.71875,-5.71875,17.40625
Corniches,-23.125,-23.125,-5.71875,-5.71875,17.40625
Paraffiny,-23.25,-23.25,-5.84375,-5.84375,17.40625
Neoformative,-23.625,-23.625,-6.21875,-6.21875,17.40625
Stealthlike,-23.125,-23.125,-5.71875,-5.71875,17.40625
Hamidieh,-23.25,-23.25,-5.84375,-5.84375,17.40625
Coastman,-23.25,-23.25,-5.84375,-5.84375,17.40625
Laxifoliate,-23.25,-23.25,-5.84375,-5.84375,17.40625
Streptoneurous,-23.0,-23.0,-5.59375,-5.59375,17.40625
Pulpectomy,-23.25,-23.25,-5.84375,-5.84375,17.40625
Truistic,-23.0,-23.0,-5.59375,-5.59375,17.40625
Flaminian,-23.125,-23.125,-5.71875,-5.71875,17.40625
Umbonic,-23.125,-23.125,-5.71875,-5.71875,17.40625
Serophthisis,-23.0,-23.0,-5.59375,-5.59375,17.40625
Slaveborn,-22.875,-22.875,-5.46875,-5.46875,17.40625
Hyphomycete,-23.0,-23.0,-5.59375,-5.59375,17.40625
Principality,-23.375,-23.375,-5.96875,-5.96875,17.40625
Periostoma,-23.0,-23.0,-5.59375,-5.59375,17.40625
Lactifical,-23.0,-23.0,-5.59375,-5.59375,17.40625
Calcaemia,-23.125,-23.125,-5.71875,-5.71875,17.40625
Tablina,-23.125,-23.125,-5.71875,-5.71875,17.40625
Geotical,-23.125,-23.125,-5.71875,-5.71875,17.40625
Catnaper,-23.0,-23.0,-5.59375,-5.59375,17.40625
Hologoninidia,-23.25,-23.25,-5.84375,-5.84375,17.40625
Theurgic,-23.375,-23.375,-5.96875,-5.96875,17.40625
Flyaways,-23.0,-23.0,-5.59375,-5.59375,17.40625
Enrive,-23.125,-23.125,-5.71875,-5.71875,17.40625
Modificand,-23.375,-23.375,-5.96875,-5.96875,17.40625
Westfalite,-23.125,-23.125,-5.71875,-5.71875,17.40625
Scungili,-23.375,-23.375,-5.96875,-5.96875,17.40625
Ovenpeel,-23.25,-23.25,-5.84375,-5.84375,17.40625
Jigger,-23.0,-23.0,-5.59375,-5.59375,17.40625
Bulkiest,-23.0,-23.0,-5.59375,-5.59375,17.40625
Bismer,-23.25,-23.25,-5.84375,-5.84375,17.40625
Donary,-23.25,-23.25,-5.84375,-5.84375,17.40625
Ctenizid,-23.125,-23.125,-5.71875,-5.71875,17.40625
Emraud,-23.0,-23.0,-5.59375,-5.59375,17.40625
Porkburger,-23.125,-23.125,-5.71875,-5.71875,17.40625
Supernumerary,-23.25,-23.25,-5.84375,-5.84375,17.40625
Quadragesimal,-23.25,-23.25,-5.84375,-5.84375,17.40625
Citizendom,-23.625,-23.625,-6.21875,-6.21875,17.40625
Halakhist,-23.0,-23.0,-5.59375,-5.59375,17.40625
Calvinists,-23.625,-23.625,-6.21875,-6.21875,17.40625
Viators,-23.125,-23.125,-5.71875,-5.71875,17.40625
Coggie,-23.375,-23.375,-5.96875,-5.96875,17.40625
Infravaginal,-23.125,-23.125,-5.71875,-5.71875,17.40625
Baldaquin,-23.125,-23.125,-5.71875,-5.71875,17.40625
Nicenian,-23.25,-23.25,-5.84375,-5.84375,17.40625
Linearity,-23.5,-23.5,-6.09375,-6.09375,17.40625
Agathodaemon,-23.25,-23.25,-5.84375,-5.84375,17.40625
Laevoversion,-23.25,-23.25,-5.84375,-5.84375,17.40625
Scholarch,-23.125,-23.125,-5.71875,-5.71875,17.40625
Hallower,-23.0,-23.0,-5.59375,-5.59375,17.40625
Debars,-23.125,-23.125,-5.71875,-5.71875,17.40625
Corbicula,-23.25,-23.25,-5.84375,-5.84375,17.40625
Operetta,-23.125,-23.125,-5.71875,-5.71875,17.40625
Goblinry,-22.875,-22.875,-5.46875,-5.46875,17.40625
Dulcitude,-23.125,-23.125,-5.71875,-5.71875,17.40625
Aeviternal,-23.25,-23.25,-5.84375,-5.84375,17.40625
Limosa,-23.0,-23.0,-5.59375,-5.59375,17.40625
Poddle,-23.0,-23.0,-5.59375,-5.59375,17.40625
Perdendo,-23.25,-23.25,-5.84375,-5.84375,17.40625
Scraye,-22.875,-22.875,-5.46875,-5.46875,17.40625
Overhung,-23.5,-23.5,-6.09375,-6.09375,17.40625
Papingo,-23.25,-23.25,-5.84375,-5.84375,17.40625
Didunculidae,-23.375,-23.375,-5.96875,-5.96875,17.40625
Steric,-23.0,-23.0,-5.59375,-5.59375,17.40625
Mediacies,-23.25,-23.25,-5.84375,-5.84375,17.40625
Polios,-23.5,-23.5,-6.09375,-6.09375,17.40625
Nonstructure,-23.125,-23.125,-5.71875,-5.71875,17.40625
Labiovelar,-23.25,-23.25,-5.84375,-5.84375,17.40625
Azoxime,-23.125,-23.125,-5.71875,-5.71875,17.40625
Seminomata,-23.375,-23.375,-5.96875,-5.96875,17.40625
Feoffer,-23.125,-23.125,-5.71875,-5.71875,17.40625
Unsplendid,-23.125,-23.125,-5.71875,-5.71875,17.40625
Scariole,-23.125,-23.125,-5.71875,-5.71875,17.40625
Kinetogenic,-23.25,-23.25,-5.84375,-5.84375,17.40625
Zabajones,-23.5,-23.5,-6.09375,-6.09375,17.40625
Yemeless,-23.25,-23.25,-5.84375,-5.84375,17.40625
Pantographer,-23.125,-23.125,-5.71875,-5.71875,17.40625
Acrosarc,-23.25,-23.25,-5.84375,-5.84375,17.40625
Zibethone,-23.25,-23.25,-5.84375,-5.84375,17.40625
Decapods,-23.25,-23.25,-5.84375,-5.84375,17.40625
Hydronitrogen,-23.0,-23.0,-5.59375,-5.59375,17.40625
Pedalfer,-23.375,-23.375,-5.96875,-5.96875,17.40625
Chundari,-23.5,-23.5,-6.09375,-6.09375,17.40625
Arteriopathy,-23.375,-23.375,-5.96875,-5.96875,17.40625
Beslings,-23.25,-23.25,-5.84375,-5.84375,17.40625
Cambiums,-23.625,-23.625,-6.21875,-6.21875,17.40625
Allotypic,-23.375,-23.375,-5.96875,-5.96875,17.40625
Myoneure,-23.375,-23.375,-5.96875,-5.96875,17.40625
Unipersonal,-23.5,-23.5,-6.09375,-6.09375,17.40625
Screwman,-23.25,-23.25,-5.84375,-5.84375,17.40625
Busload,-23.125,-23.125,-5.71875,-5.71875,17.40625
Diplopia,-23.0,-23.0,-5.59375,-5.59375,17.40625
Caprice,-23.125,-23.125,-5.71875,-5.71875,17.40625
Ourebi,-23.5,-23.5,-6.09375,-6.09375,17.40625
Borofluoric,-23.0,-23.0,-5.59375,-5.59375,17.40625
Polysiphonia,-23.25,-23.25,-5.84375,-5.84375,17.40625
Cyprian,-23.125,-23.125,-5.71875,-5.71875,17.40625
Tribular,-23.0,-23.0,-5.59375,-5.59375,17.40625
Verbesina,-23.125,-23.125,-5.71875,-5.71875,17.40625
Lovepot,-23.125,-23.125,-5.71875,-5.71875,17.40625
Electronvolt,-23.375,-23.375,-5.96875,-5.96875,17.40625
Ferroboron,-22.875,-22.875,-5.46875,-5.46875,17.40625
Recognitor,-23.375,-23.375,-5.96875,-5.96875,17.40625
Intonaci,-23.125,-23.125,-5.71875,-5.71875,17.40625
Underlight,-23.125,-23.125,-5.71875,-5.71875,17.40625
Pericolitis,-23.125,-23.125,-5.71875,-5.71875,17.40625
Earthwards,-23.375,-23.375,-5.96875,-5.96875,17.40625
Pomology,-23.25,-23.25,-5.84375,-5.84375,17.40625
Sulpharsenite,-23.0,-23.0,-5.59375,-5.59375,17.40625
Fretize,-23.375,-23.375,-5.96875,-5.96875,17.40625
Teakwood,-23.0,-23.0,-5.59375,-5.59375,17.40625
Ourang,-23.0,-23.0,-5.59375,-5.59375,17.40625
Espinos,-23.625,-23.625,-6.21875,-6.21875,17.40625
Ovinia,-23.375,-23.375,-5.96875,-5.96875,17.40625
Foambow,-23.25,-23.25,-5.84375,-5.84375,17.40625
Ectene,-23.125,-23.125,-5.71875,-5.71875,17.40625
Scutages,-23.125,-23.125,-5.71875,-5.71875,17.40625
Uvularia,-22.75,-22.75,-5.34375,-5.34375,17.40625
Bakemeats,-23.25,-23.25,-5.84375,-5.84375,17.40625
Signman,-23.25,-23.25,-5.84375,-5.84375,17.40625
Hydroquinoline,-23.0,-23.0,-5.59375,-5.59375,17.40625
Nietzscheanism,-23.5,-23.5,-6.09375,-6.09375,17.40625
Giboia,-23.125,-23.125,-5.71875,-5.71875,17.40625
Hyperorthodox,-23.375,-23.375,-5.96875,-5.96875,17.40625
Picrotin,-23.375,-23.375,-5.96875,-5.96875,17.40625
Spinate,-23.125,-23.125,-5.71875,-5.71875,17.40625
Celestas,-22.75,-22.75,-5.34375,-5.34375,17.40625
Flukeless,-23.125,-23.125,-5.71875,-5.71875,17.40625
Acerval,-23.375,-23.375,-5.96875,-5.96875,17.40625
Astrionics,-23.25,-23.25,-5.84375,-5.84375,17.40625
Sleeveless,-23.0,-23.0,-5.59375,-5.59375,17.40625
Atroscine,-23.125,-23.125,-5.71875,-5.71875,17.40625
Adamhood,-23.25,-23.25,-5.84375,-5.84375,17.40625
Cirrostratus,-23.0,-23.0,-5.59375,-5.59375,17.40625
Asimen,-23.25,-23.25,-5.84375,-5.84375,17.40625
Betrays,-23.0,-23.0,-5.59375,-5.59375,17.40625
Scrawlers,-22.875,-22.875,-5.46875,-5.46875,17.40625
Petrochemicals,-23.75,-23.75,-6.34375,-6.34375,17.40625
Asaphid,-23.125,-23.125,-5.71875,-5.71875,17.40625
Exudate,-23.25,-23.25,-5.84375,-5.84375,17.40625
Petralogy,-23.375,-23.375,-5.96875,-5.96875,17.40625
Noninjuries,-23.125,-23.125,-5.71875,-5.71875,17.40625
Anabranch,-23.25,-23.25,-5.84375,-5.84375,17.40625
Humpiest,-23.0,-23.0,-5.59375,-5.59375,17.40625
Antefixal,-23.25,-23.25,-5.84375,-5.84375,17.40625
Herbariiums,-23.25,-23.25,-5.84375,-5.84375,17.40625
Junctor,-23.375,-23.375,-5.96875,-5.96875,17.40625
Compositous,-23.25,-23.25,-5.84375,-5.84375,17.40625
Nestlike,-23.25,-23.25,-5.84375,-5.84375,17.40625
Amidward,-23.25,-23.25,-5.84375,-5.84375,17.40625
Friese,-23.125,-23.125,-5.71875,-5.71875,17.40625
Inframaxillary,-23.125,-23.125,-5.71875,-5.71875,17.40625
Cenotaph,-23.25,-23.25,-5.84375,-5.84375,17.40625
Waterfowler,-23.0,-23.0,-5.59375,-5.59375,17.40625
Judica,-23.125,-23.125,-5.71875,-5.71875,17.40625
Volumetrical,-23.25,-23.25,-5.84375,-5.84375,17.40625
Lychnoscopic,-23.0,-23.0,-5.59375,-5.59375,17.40625
Corflambo,-23.25,-23.25,-5.84375,-5.84375,17.40625
Pillion,-23.375,-23.375,-5.96875,-5.96875,17.40625
Autostrada,-23.25,-23.25,-5.84375,-5.84375,17.40625
Organonymal,-23.625,-23.625,-6.21875,-6.21875,17.40625
Confabulate,-23.375,-23.375,-5.96875,-5.96875,17.40625
Watchman,-23.0,-23.0,-5.59375,-5.59375,17.40625
Streamless,-23.25,-23.25,-5.84375,-5.84375,17.40625
Amyelinic,-23.25,-23.25,-5.84375,-5.84375,17.40625
Achromatism,-23.375,-23.375,-5.96875,-5.96875,17.40625
Disjoin,-23.25,-23.25,-5.84375,-5.84375,17.40625
Wobbliest,-23.0,-23.0,-5.59375,-5.59375,17.40625
Statices,-23.125,-23.125,-5.71875,-5.71875,17.40625
Nonmaternal,-23.125,-23.125,-5.71875,-5.71875,17.40625
Zaqqum,-23.0,-23.0,-5.59375,-5.59375,17.40625
Volsci,-23.125,-23.125,-5.71875,-5.71875,17.40625
Ragout,-23.125,-23.125,-5.71875,-5.71875,17.40625
Drammocks,-22.875,-22.875,-5.46875,-5.46875,17.40625
Crazies,-23.25,-23.25,-5.84375,-5.84375,17.40625
Tenotomist,-22.875,-22.875,-5.46875,-5.46875,17.40625
Noncancerous,-22.875,-22.875,-5.46875,-5.46875,17.40625
Jugate,-23.25,-23.25,-5.84375,-5.84375,17.40625
Teetotalers,-23.5,-23.5,-6.09375,-6.09375,17.40625
Megamere,-23.0,-23.0,-5.59375,-5.59375,17.40625
Anticivic,-23.25,-23.25,-5.84375,-5.84375,17.40625
Scagliolist,-23.0,-23.0,-5.59375,-5.59375,17.40625
Shudders,-23.0,-23.0,-5.59375,-5.59375,17.40625
Rejustify,-23.25,-23.25,-5.84375,-5.84375,17.40625
Batlike,-23.375,-23.375,-5.96875,-5.96875,17.40625
Paneulogism,-23.25,-23.25,-5.84375,-5.84375,17.40625
Gurlet,-23.125,-23.125,-5.71875,-5.71875,17.40625
Swordick,-23.125,-23.125,-5.71875,-5.71875,17.40625
Litterateur,-23.0,-23.0,-5.59375,-5.59375,17.40625
Fellatrixes,-23.125,-23.125,-5.71875,-5.71875,17.40625
Budgets,-23.375,-23.375,-5.96875,-5.96875,17.40625
Basanite,-23.125,-23.125,-5.71875,-5.71875,17.40625
Intertree,-23.0,-23.0,-5.59375,-5.59375,17.40625
Octodontidae,-23.5,-23.5,-6.09375,-6.09375,17.40625
Koumyses,-23.0,-23.0,-5.59375,-5.59375,17.40625
Analphabetic,-23.125,-23.125,-5.71875,-5.71875,17.40625
Antiprudential,-23.25,-23.25,-5.84375,-5.84375,17.40625
Unserflike,-23.375,-23.375,-5.96875,-5.96875,17.40625
Thioarseniate,-23.125,-23.125,-5.71875,-5.71875,17.40625
Scaramouche,-23.25,-23.25,-5.84375,-5.84375,17.40625
Welter,-23.125,-23.125,-5.71875,-5.71875,17.40625
Bowden,-23.0,-23.0,-5.59375,-5.59375,17.40625
Unperfect,-23.25,-23.25,-5.84375,-5.84375,17.40625
Myoplasty,-23.375,-23.375,-5.96875,-5.96875,17.40625
Horizontic,-23.25,-23.25,-5.84375,-5.84375,17.40625
Bootery,-22.875,-22.875,-5.46875,-5.46875,17.40625
Trenchward,-23.0,-23.0,-5.59375,-5.59375,17.40625
Eeyuck,-22.75,-22.75,-5.34375,-5.34375,17.40625
Spleetnew,-23.125,-23.125,-5.71875,-5.71875,17.40625
Pudicitia,-23.25,-23.25,-5.84375,-5.84375,17.40625
Vaccinoid,-23.125,-23.125,-5.71875,-5.71875,17.40625
Honorer,-23.5,-23.5,-6.09375,-6.09375,17.40625
Lardier,-23.375,-23.375,-5.96875,-5.96875,17.40625
Peripneumonic,-23.125,-23.125,-5.71875,-5.71875,17.40625
Inkwells,-23.0,-23.0,-5.59375,-5.59375,17.40625
Liveware,-23.375,-23.375,-5.96875,-5.96875,17.40625
Wampuses,-23.125,-23.125,-5.71875,-5.71875,17.40625
Skyline,-23.25,-23.25,-5.84375,-5.84375,17.40625
Jitneys,-23.125,-23.125,-5.71875,-5.71875,17.40625
Gasolinic,-23.5,-23.5,-6.09375,-6.09375,17.40625
Affret,-23.125,-23.125,-5.71875,-5.71875,17.40625
Pseudoethical,-23.375,-23.375,-5.96875,-5.96875,17.40625
Heelcap,-23.125,-23.125,-5.71875,-5.71875,17.40625
Reclama,-23.375,-23.375,-5.96875,-5.96875,17.40625
Trinkety,-23.0,-23.0,-5.59375,-5.59375,17.40625
Arsonists,-23.5,-23.5,-6.09375,-6.09375,17.40625
Trades,-23.25,-23.25,-5.84375,-5.84375,17.40625
Molossidae,-23.25,-23.25,-5.84375,-5.84375,17.40625
Balushai,-23.125,-23.125,-5.71875,-5.71875,17.40625
Beryls,-23.125,-23.125,-5.71875,-5.71875,17.40625
Gloryless,-23.375,-23.375,-5.96875,-5.96875,17.40625
Tribute,-23.25,-23.25,-5.84375,-5.84375,17.40625
Brecht,-23.125,-23.125,-5.71875,-5.71875,17.40625
Antralgia,-23.375,-23.375,-5.96875,-5.96875,17.40625
Skijorer,-23.0,-23.0,-5.59375,-5.59375,17.40625
Germain,-23.25,-23.25,-5.84375,-5.84375,17.40625
Hegumeny,-23.25,-23.25,-5.84375,-5.84375,17.40625
Intuitions,-23.375,-23.375,-5.96875,-5.96875,17.40625
Locknuts,-23.25,-23.25,-5.84375,-5.84375,17.40625
Profeminist,-23.375,-23.375,-5.96875,-5.96875,17.40625
Windowman,-23.25,-23.25,-5.84375,-5.84375,17.40625
Caltrap,-22.875,-22.875,-5.46875,-5.46875,17.40625
Emboldens,-23.375,-23.375,-5.96875,-5.96875,17.40625
Apantesis,-23.125,-23.125,-5.71875,-5.71875,17.40625
Fluoborite,-23.125,-23.125,-5.71875,-5.71875,17.40625
Disloyalty,-23.5,-23.5,-6.09375,-6.09375,17.40625
Variate,-23.125,-23.125,-5.71875,-5.71875,17.40625
Lacinulas,-23.375,-23.375,-5.96875,-5.96875,17.40625
Chalcidid,-23.0,-23.0,-5.59375,-5.59375,17.40625
Overhumanity,-23.5,-23.5,-6.09375,-6.09375,17.40625
Diadumenus,-23.25,-23.25,-5.84375,-5.84375,17.40625
Embright,-23.125,-23.125,-5.71875,-5.71875,17.40625
Panicful,-23.0,-23.0,-5.59375,-5.59375,17.40625
Behaviour,-23.125,-23.125,-5.71875,-5.71875,17.40625
Ultrachurchism,-23.5,-23.5,-6.09375,-6.09375,17.40625
Azilian,-23.375,-23.375,-5.96875,-5.96875,17.40625
Grizzlier,-22.875,-22.875,-5.46875,-5.46875,17.40625
Heteroclite,-23.125,-23.125,-5.71875,-5.71875,17.40625
Hafgan,-23.375,-23.375,-5.96875,-5.96875,17.40625
Ketimid,-23.375,-23.375,-5.96875,-5.96875,17.40625
Andronitis,-23.125,-23.125,-5.71875,-5.71875,17.40625
Viniferous,-23.0,-23.0,-5.59375,-5.59375,17.40625
Mouseries,-23.375,-23.375,-5.96875,-5.96875,17.40625
Postpharyngeal,-23.25,-23.25,-5.84375,-5.84375,17.40625
Wullawins,-23.125,-23.125,-5.71875,-5.71875,17.40625
Tallowlike,-23.375,-23.375,-5.96875,-5.96875,17.40625
Petrinize,-23.25,-23.25,-5.84375,-5.84375,17.40625
Burners,-23.125,-23.125,-5.71875,-5.71875,17.40625
Clival,-23.125,-23.125,-5.71875,-5.71875,17.40625
Resoles,-23.125,-23.125,-5.71875,-5.71875,17.40625
Tipstaff,-23.0,-23.0,-5.59375,-5.59375,17.40625
Externalist,-23.5,-23.5,-6.09375,-6.09375,17.40625
October,-23.375,-23.375,-5.96875,-5.96875,17.40625
Kalymmocyte,-22.875,-22.875,-5.46875,-5.46875,17.40625
Dovelet,-23.125,-23.125,-5.71875,-5.71875,17.40625
Antrotomy,-23.125,-23.125,-5.71875,-5.71875,17.40625
Isoclines,-23.125,-23.125,-5.71875,-5.71875,17.40625
Qualificative,-23.25,-23.25,-5.84375,-5.84375,17.40625
Demibath,-23.25,-23.25,-5.84375,-5.84375,17.40625
Imborder,-23.125,-23.125,-5.71875,-5.71875,17.40625
Spousal,-23.0,-23.0,-5.59375,-5.59375,17.40625
Systematise,-23.375,-23.375,-5.96875,-5.96875,17.40625
Caraipe,-23.375,-23.375,-5.96875,-5.96875,17.40625
Turniplike,-23.25,-23.25,-5.84375,-5.84375,17.40625
Arsmetrike,-23.25,-23.25,-5.84375,-5.84375,17.40625
Cigarette,-22.875,-22.875,-5.46875,-5.46875,17.40625
Kerbstone,-23.0,-23.0,-5.59375,-5.59375,17.40625
Alemannian,-23.375,-23.375,-5.96875,-5.96875,17.40625
Sphinx,-23.375,-23.375,-5.96875,-5.96875,17.40625
Collegianer,-23.125,-23.125,-5.71875,-5.71875,17.40625
Paranatellon,-23.25,-23.25,-5.84375,-5.84375,17.40625
Handsprings,-23.125,-23.125,-5.71875,-5.71875,17.40625
Chankings,-23.375,-23.375,-5.96875,-5.96875,17.40625
Indoors,-23.125,-23.125,-5.71875,-5.71875,17.40625
Westwork,-23.0,-23.0,-5.59375,-5.59375,17.40625
Sorbite,-23.375,-23.375,-5.96875,-5.96875,17.40625
Remission,-23.0,-23.0,-5.59375,-5.59375,17.40625
Armures,-23.375,-23.375,-5.96875,-5.96875,17.40625
Sponge,-22.625,-22.625,-5.21875,-5.21875,17.40625
Planograph,-23.125,-23.125,-5.71875,-5.71875,17.40625
Respice,-23.125,-23.125,-5.71875,-5.71875,17.40625
Propaedeutics,-23.625,-23.625,-6.21875,-6.21875,17.40625
Deuterotype,-23.375,-23.375,-5.96875,-5.96875,17.40625
Conducer,-23.375,-23.375,-5.96875,-5.96875,17.40625
Codebooks,-23.375,-23.375,-5.96875,-5.96875,17.40625
Ratitae,-23.0,-23.0,-5.59375,-5.59375,17.40625
Sesquipedal,-23.0,-23.0,-5.59375,-5.59375,17.40625
Bantery,-23.625,-23.625,-6.21875,-6.21875,17.40625
Overpermissive,-23.25,-23.25,-5.84375,-5.84375,17.40625
Racquets,-23.0,-23.0,-5.59375,-5.59375,17.40625
Hypnaceous,-23.125,-23.125,-5.71875,-5.71875,17.40625
Sistra,-23.25,-23.25,-5.84375,-5.84375,17.40625
Nonaffinitive,-23.25,-23.25,-5.84375,-5.84375,17.40625
Heathenize,-23.375,-23.375,-5.96875,-5.96875,17.40625
Photosyntax,-23.375,-23.375,-5.96875,-5.96875,17.40625
Stinkhorn,-22.875,-22.875,-5.46875,-5.46875,17.40625
Xylophage,-23.0,-23.0,-5.59375,-5.59375,17.40625
Agnosy,-23.125,-23.125,-5.71875,-5.71875,17.40625
Kingsides,-23.125,-23.125,-5.71875,-5.71875,17.40625
Paspalum,-23.125,-23.125,-5.71875,-5.71875,17.40625
Antitypy,-23.375,-23.375,-5.96875,-5.96875,17.40625
Scatty,-23.0,-23.0,-5.59375,-5.59375,17.40625
Nihilisms,-23.25,-23.25,-5.84375,-5.84375,17.40625
Womanhouse,-22.875,-22.875,-5.46875,-5.46875,17.40625
Bluejoint,-23.125,-23.125,-5.71875,-5.71875,17.40625
Teazels,-23.0,-23.0,-5.59375,-5.59375,17.40625
Baguio,-23.375,-23.375,-5.96875,-5.96875,17.40625
Carlist,-23.375,-23.375,-5.96875,-5.96875,17.40625
Hesperinon,-23.25,-23.25,-5.84375,-5.84375,17.40625
Aethalia,-23.25,-23.25,-5.84375,-5.84375,17.40625
Gasteria,-22.875,-22.875,-5.46875,-5.46875,17.40625
Predeterminate,-23.25,-23.25,-5.84375,-5.84375,17.40625
Imperspicuity,-23.375,-23.375,-5.96875,-5.96875,17.40625
Arrears,-23.25,-23.25,-5.84375,-5.84375,17.40625
Simplicity,-23.375,-23.375,-5.96875,-5.96875,17.40625
Sheenful,-23.375,-23.375,-5.96875,-5.96875,17.40625
Coquinas,-23.25,-23.25,-5.84375,-5.84375,17.40625
Eikones,-23.375,-23.375,-5.96875,-5.96875,17.40625
Gorsechat,-23.125,-23.125,-5.71875,-5.71875,17.40625
Nasciturus,-23.25,-23.25,-5.84375,-5.84375,17.40625
Furlan,-23.625,-23.625,-6.21875,-6.21875,17.40625
Uphale,-23.0,-23.0,-5.59375,-5.59375,17.40625
Apophthegm,-23.0,-23.0,-5.59375,-5.59375,17.40625
Nyctitropism,-23.375,-23.375,-5.96875,-5.96875,17.40625
Stupefacient,-23.0,-23.0,-5.59375,-5.59375,17.40625
Terbias,-23.0,-23.0,-5.59375,-5.59375,17.40625
Retinite,-23.125,-23.125,-5.71875,-5.71875,17.40625
Photodramatics,-23.0,-23.0,-5.59375,-5.59375,17.40625
Preappearance,-23.25,-23.25,-5.84375,-5.84375,17.40625
Umpsteen,-23.0,-23.0,-5.59375,-5.59375,17.40625
Entosthoblast,-23.125,-23.125,-5.71875,-5.71875,17.40625
Mammitis,-23.25,-23.25,-5.84375,-5.84375,17.40625
Bebless,-23.25,-23.25,-5.84375,-5.84375,17.40625
Cimmaron,-22.875,-22.875,-5.46875,-5.46875,17.40625
Laryngoscopic,-23.0,-23.0,-5.59375,-5.59375,17.40625
Stemmiest,-23.0,-23.0,-5.59375,-5.59375,17.40625
Quadrates,-23.125,-23.125,-5.71875,-5.71875,17.40625
Heteromeles,-23.0,-23.0,-5.59375,-5.59375,17.40625
Arachic,-23.125,-23.125,-5.71875,-5.71875,17.40625
Alemannic,-23.375,-23.375,-5.96875,-5.96875,17.40625
Baalite,-23.375,-23.375,-5.96875,-5.96875,17.40625
Boyaux,-23.375,-23.375,-5.96875,-5.96875,17.40625
Jeopard,-23.125,-23.125,-5.71875,-5.71875,17.40625
Agrimotor,-23.375,-23.375,-5.96875,-5.96875,17.40625
Thornback,-23.125,-23.125,-5.71875,-5.71875,17.40625
Monostelic,-23.125,-23.125,-5.71875,-5.71875,17.40625
Circulet,-23.25,-23.25,-5.84375,-5.84375,17.40625
Tribunate,-23.25,-23.25,-5.84375,-5.84375,17.40625
Balanites,-23.25,-23.25,-5.84375,-5.84375,17.40625
Ascenseur,-23.25,-23.25,-5.84375,-5.84375,17.40625
Amebian,-23.125,-23.125,-5.71875,-5.71875,17.40625
Anthesterin,-23.25,-23.25,-5.84375,-5.84375,17.40625
Outpoint,-23.25,-23.25,-5.84375,-5.84375,17.40625
Cragwork,-23.125,-23.125,-5.71875,-5.71875,17.40625
Serpulitic,-23.125,-23.125,-5.71875,-5.71875,17.40625
Onlepy,-23.25,-23.25,-5.84375,-5.84375,17.40625
Stercorol,-22.875,-22.875,-5.46875,-5.46875,17.40625
Ventail,-23.125,-23.125,-5.71875,-5.71875,17.40625
Coenesthesis,-23.375,-23.375,-5.96875,-5.96875,17.40625
Potassium,-23.125,-23.125,-5.71875,-5.71875,17.40625
Notepads,-23.25,-23.25,-5.84375,-5.84375,17.40625
Cremocarp,-23.0,-23.0,-5.59375,-5.59375,17.40625
Epithymetical,-23.125,-23.125,-5.71875,-5.71875,17.40625
Bephrase,-23.25,-23.25,-5.84375,-5.84375,17.40625
Kobellite,-23.125,-23.125,-5.71875,-5.71875,17.40625
Enigma,-23.25,-23.25,-5.84375,-5.84375,17.40625
Censer,-23.0,-23.0,-5.59375,-5.59375,17.40625
Obpyriform,-23.5,-23.5,-6.09375,-6.09375,17.40625
Tanists,-23.375,-23.375,-5.96875,-5.96875,17.40625
Vesicates,-23.0,-23.0,-5.59375,-5.59375,17.40625
Mushroomlike,-23.375,-23.375,-5.96875,-5.96875,17.40625
Ballasts,-23.375,-23.375,-5.96875,-5.96875,17.40625
Distincter,-23.25,-23.25,-5.84375,-5.84375,17.40625
Dothidella,-23.25,-23.25,-5.84375,-5.84375,17.40625
Intern,-23.25,-23.25,-5.84375,-5.84375,17.40625
Genuflex,-23.25,-23.25,-5.84375,-5.84375,17.40625
Merostome,-23.125,-23.125,-5.71875,-5.71875,17.40625
Sialagogic,-23.25,-23.25,-5.84375,-5.84375,17.40625
Pharmacopedics,-23.125,-23.125,-5.71875,-5.71875,17.40625
Opobalsam,-23.5,-23.5,-6.09375,-6.09375,17.40625
Clinohedral,-23.25,-23.25,-5.84375,-5.84375,17.40625
Viniferas,-23.0,-23.0,-5.59375,-5.59375,17.40625
Carrosserie,-23.25,-23.25,-5.84375,-5.84375,17.40625
Inviters,-23.5,-23.5,-6.09375,-6.09375,17.40625
Odorizes,-23.0,-23.0,-5.59375,-5.59375,17.40625
Zoetropic,-23.25,-23.25,-5.84375,-5.84375,17.40625
Nonentityism,-23.25,-23.25,-5.84375,-5.84375,17.40625
Divestible,-23.125,-23.125,-5.71875,-5.71875,17.40625
Dipentene,-23.125,-23.125,-5.71875,-5.71875,17.40625
Brachigerous,-23.0,-23.0,-5.59375,-5.59375,17.40625
Outcrow,-23.125,-23.125,-5.71875,-5.71875,17.40625
Uncertainties,-23.375,-23.375,-5.96875,-5.96875,17.40625
Gamins,-23.125,-23.125,-5.71875,-5.71875,17.40625
Subducts,-23.25,-23.25,-5.84375,-5.84375,17.40625
Overinform,-23.375,-23.375,-5.96875,-5.96875,17.40625
Tailorhood,-23.375,-23.375,-5.96875,-5.96875,17.40625
Photogram,-23.25,-23.25,-5.84375,-5.84375,17.40625
Citropten,-23.25,-23.25,-5.84375,-5.84375,17.40625
Apetalose,-23.25,-23.25,-5.84375,-5.84375,17.40625
Ekphore,-23.25,-23.25,-5.84375,-5.84375,17.40625
Bungarus,-23.0,-23.0,-5.59375,-5.59375,17.40625
Cynosarges,-23.125,-23.125,-5.71875,-5.71875,17.40625
Schoolgirlhood,-23.375,-23.375,-5.96875,-5.96875,17.40625
Cofathership,-23.5,-23.5,-6.09375,-6.09375,17.40625
Isotopies,-23.25,-23.25,-5.84375,-5.84375,17.40625
Forbidals,-23.375,-23.375,-5.96875,-5.96875,17.40625
Stockade,-23.125,-23.125,-5.71875,-5.71875,17.40625
Sanctificate,-23.625,-23.625,-6.21875,-6.21875,17.40625
Renigs,-23.25,-23.25,-5.84375,-5.84375,17.40625
Brickhood,-23.375,-23.375,-5.96875,-5.96875,17.40625
Tachyon,-22.875,-22.875,-5.46875,-5.46875,17.40625
Orunchun,-23.125,-23.125,-5.71875,-5.71875,17.40625
Milliliters,-22.875,-22.875,-5.46875,-5.46875,17.40625
Interstage,-23.5,-23.5,-6.09375,-6.09375,17.40625
Pussley,-23.125,-23.125,-5.71875,-5.71875,17.40625
Saladero,-23.125,-23.125,-5.71875,-5.71875,17.40625
Reedlike,-23.25,-23.25,-5.84375,-5.84375,17.40625
Playmaker,-23.25,-23.25,-5.84375,-5.84375,17.40625
Arteriorrhaphy,-23.25,-23.25,-5.84375,-5.84375,17.40625
Archdeaconship,-23.5,-23.5,-6.09375,-6.09375,17.40625
Lacinulose,-23.25,-23.25,-5.84375,-5.84375,17.40625
Cutlass,-22.875,-22.875,-5.46875,-5.46875,17.40625
Trysts,-22.875,-22.875,-5.46875,-5.46875,17.40625
Revolant,-23.5,-23.5,-6.09375,-6.09375,17.40625
Osteomatoid,-23.375,-23.375,-5.96875,-5.96875,17.40625
Abjurer,-22.875,-22.875,-5.46875,-5.46875,17.40625
Hydria,-23.125,-23.125,-5.71875,-5.71875,17.40625
Discumber,-23.125,-23.125,-5.71875,-5.71875,17.40625
Apertum,-23.25,-23.25,-5.84375,-5.84375,17.40625
Schizogenesis,-23.25,-23.25,-5.84375,-5.84375,17.40625
Exfiltrate,-23.375,-23.375,-5.96875,-5.96875,17.40625
Tittymouse,-22.875,-22.875,-5.46875,-5.46875,17.40625
Logogogue,-23.125,-23.125,-5.71875,-5.71875,17.40625
Kedlock,-23.125,-23.125,-5.71875,-5.71875,17.40625
Perameline,-23.25,-23.25,-5.84375,-5.84375,17.40625
Bagnio,-23.125,-23.125,-5.71875,-5.71875,17.40625
Weevilproof,-23.0,-23.0,-5.59375,-5.59375,17.40625
Subtilism,-23.625,-23.625,-6.21875,-6.21875,17.40625
Restigmatize,-23.0,-23.0,-5.59375,-5.59375,17.40625
Euphonism,-23.5,-23.5,-6.09375,-6.09375,17.40625
Ogdoas,-23.0,-23.0,-5.59375,-5.59375,17.40625
Heterography,-23.5,-23.5,-6.09375,-6.09375,17.40625
Atomizers,-23.375,-23.375,-5.96875,-5.96875,17.40625
Unthirsty,-22.875,-22.875,-5.46875,-5.46875,17.40625
Polygordius,-23.125,-23.125,-5.71875,-5.71875,17.40625
Coseism,-23.5,-23.5,-6.09375,-6.09375,17.40625
Cottagey,-23.125,-23.125,-5.71875,-5.71875,17.40625
Troupial,-23.0,-23.0,-5.59375,-5.59375,17.40625
Incisal,-23.125,-23.125,-5.71875,-5.71875,17.40625
Swangy,-23.25,-23.25,-5.84375,-5.84375,17.40625
Crackles,-22.875,-22.875,-5.46875,-5.46875,17.40625
Dyothelete,-23.0,-23.0,-5.59375,-5.59375,17.40625
Hebraists,-23.375,-23.375,-5.96875,-5.96875,17.40625
Reoblige,-23.125,-23.125,-5.71875,-5.71875,17.40625
Pheasantry,-23.375,-23.375,-5.96875,-5.96875,17.40625
Missels,-23.125,-23.125,-5.71875,-5.71875,17.40625
Forespencer,-23.25,-23.25,-5.84375,-5.84375,17.40625
Oilyish,-23.375,-23.375,-5.96875,-5.96875,17.40625
Stepaunt,-23.0,-23.0,-5.59375,-5.59375,17.40625
Lucanidae,-23.25,-23.25,-5.84375,-5.84375,17.40625
Dentoid,-23.125,-23.125,-5.71875,-5.71875,17.40625
Exposits,-23.0,-23.0,-5.59375,-5.59375,17.40625
Sulfarseniuret,-23.125,-23.125,-5.71875,-5.71875,17.40625
Anaclastic,-23.375,-23.375,-5.96875,-5.96875,17.40625
Isomerase,-23.125,-23.125,-5.71875,-5.71875,17.40625
Metaluminic,-23.375,-23.375,-5.96875,-5.96875,17.40625
Unlavish,-23.25,-23.25,-5.84375,-5.84375,17.40625
Tubercula,-22.875,-22.875,-5.46875,-5.46875,17.40625
Horsefight,-23.25,-23.25,-5.84375,-5.84375,17.40625
Nonassault,-23.125,-23.125,-5.71875,-5.71875,17.40625
Midmain,-23.25,-23.25,-5.84375,-5.84375,17.40625
Pulton,-23.125,-23.125,-5.71875,-5.71875,17.40625
Granulocyte,-23.125,-23.125,-5.71875,-5.71875,17.40625
Assemblywoman,-23.0,-23.0,-5.59375,-5.59375,17.40625
Pedipalpal,-23.125,-23.125,-5.71875,-5.71875,17.40625
Choriomas,-23.375,-23.375,-5.96875,-5.96875,17.40625
Intexture,-23.25,-23.25,-5.84375,-5.84375,17.40625
Lymphocytotic,-23.125,-23.125,-5.71875,-5.71875,17.40625
Reverendship,-23.25,-23.25,-5.84375,-5.84375,17.40625
Liroconite,-23.25,-23.25,-5.84375,-5.84375,17.40625
Ligature,-23.125,-23.125,-5.71875,-5.71875,17.40625
Hidalgo,-23.75,-23.75,-6.34375,-6.34375,17.40625
Nurser,-23.0,-23.0,-5.59375,-5.59375,17.40625
Greenstone,-23.25,-23.25,-5.84375,-5.84375,17.40625
Snozzle,-23.0,-23.0,-5.59375,-5.59375,17.40625
Overseers,-23.125,-23.125,-5.71875,-5.71875,17.40625
Conine,-23.375,-23.375,-5.96875,-5.96875,17.40625
Pimpery,-23.5,-23.5,-6.09375,-6.09375,17.40625
Quinquefoliate,-23.0,-23.0,-5.59375,-5.59375,17.40625
Nestorianize,-23.5,-23.5,-6.09375,-6.09375,17.40625
Taborin,-23.0,-23.0,-5.59375,-5.59375,17.40625
Wheelmaker,-23.0,-23.0,-5.59375,-5.59375,17.40625
Mesozoa,-23.25,-23.25,-5.84375,-5.84375,17.40625
Depopulators,-23.5,-23.5,-6.09375,-6.09375,17.40625
Autovalet,-23.375,-23.375,-5.96875,-5.96875,17.40625
Derailments,-23.625,-23.625,-6.21875,-6.21875,17.40625
Frothless,-22.875,-22.875,-5.46875,-5.46875,17.40625
Bandsman,-23.25,-23.25,-5.84375,-5.84375,17.40625
Buttstrap,-23.25,-23.25,-5.84375,-5.84375,17.40625
Intermontane,-23.0,-23.0,-5.59375,-5.59375,17.40625
Etiologue,-23.125,-23.125,-5.71875,-5.71875,17.40625
Hypostomous,-23.25,-23.25,-5.84375,-5.84375,17.40625
Feedstock,-23.25,-23.25,-5.84375,-5.84375,17.40625
Gyrohorizon,-23.25,-23.25,-5.84375,-5.84375,17.40625
Unguents,-23.0,-23.0,-5.59375,-5.59375,17.40625
Scolex,-23.25,-23.25,-5.84375,-5.84375,17.40625
Propenoic,-23.5,-23.5,-6.09375,-6.09375,17.40625
Coadjutress,-23.375,-23.375,-5.96875,-5.96875,17.40625
Aesthetician,-23.125,-23.125,-5.71875,-5.71875,17.40625
Polygonometry,-23.5,-23.5,-6.09375,-6.09375,17.40625
Atropins,-23.0,-23.0,-5.59375,-5.59375,17.40625
Hoofrot,-23.125,-23.125,-5.71875,-5.71875,17.40625
Nepouite,-23.25,-23.25,-5.84375,-5.84375,17.40625
Jewbush,-23.0,-23.0,-5.59375,-5.59375,17.40625
Officerism,-23.625,-23.625,-6.21875,-6.21875,17.40625
Ebonises,-23.125,-23.125,-5.71875,-5.71875,17.40625
Polytrichia,-23.0,-23.0,-5.59375,-5.59375,17.40625
Gauric,-23.125,-23.125,-5.71875,-5.71875,17.40625
Bractlet,-23.125,-23.125,-5.71875,-5.71875,17.40625
Algesireceptor,-23.0,-23.0,-5.59375,-5.59375,17.40625
Agronomists,-23.25,-23.25,-5.84375,-5.84375,17.40625
Epipany,-23.25,-23.25,-5.84375,-5.84375,17.40625
Shavian,-23.125,-23.125,-5.71875,-5.71875,17.40625
Larithmic,-23.25,-23.25,-5.84375,-5.84375,17.40625
Tarsals,-23.0,-23.0,-5.59375,-5.59375,17.40625
Valvulitis,-23.125,-23.125,-5.71875,-5.71875,17.40625
Amphidromia,-23.125,-23.125,-5.71875,-5.71875,17.40625
Scious,-23.125,-23.125,-5.71875,-5.71875,17.40625
Idealizations,-23.25,-23.25,-5.84375,-5.84375,17.40625
Embosom,-23.125,-23.125,-5.71875,-5.71875,17.40625
Fetters,-23.125,-23.125,-5.71875,-5.71875,17.40625
Frottage,-23.375,-23.375,-5.96875,-5.96875,17.40625
Palestinian,-23.0,-23.0,-5.59375,-5.59375,17.40625
Firewarden,-23.125,-23.125,-5.71875,-5.71875,17.40625
Cantos,-23.25,-23.25,-5.84375,-5.84375,17.40625
Menders,-23.375,-23.375,-5.96875,-5.96875,17.40625
Hyperdoricism,-23.625,-23.625,-6.21875,-6.21875,17.40625
Merotomy,-23.375,-23.375,-5.96875,-5.96875,17.40625
Panidiomorphic,-23.25,-23.25,-5.84375,-5.84375,17.40625
Jumpmaster,-23.0,-23.0,-5.59375,-5.59375,17.40625
Birses,-23.125,-23.125,-5.71875,-5.71875,17.40625
Bowdlerizer,-22.875,-22.875,-5.46875,-5.46875,17.40625
Tucuman,-23.125,-23.125,-5.71875,-5.71875,17.40625
Coalitions,-23.5,-23.5,-6.09375,-6.09375,17.40625
Toastmastery,-23.25,-23.25,-5.84375,-5.84375,17.40625
Ruthenate,-23.375,-23.375,-5.96875,-5.96875,17.40625
Counties,-23.375,-23.375,-5.96875,-5.96875,17.40625
Upholstery,-23.0,-23.0,-5.59375,-5.59375,17.40625
Spottiest,-23.0,-23.0,-5.59375,-5.59375,17.40625
Chrysidella,-23.125,-23.125,-5.71875,-5.71875,17.40625
Erythroid,-23.0,-23.0,-5.59375,-5.59375,17.40625
Duumvir,-23.25,-23.25,-5.84375,-5.84375,17.40625
Lymphangitic,-23.125,-23.125,-5.71875,-5.71875,17.40625
Partimento,-23.5,-23.5,-6.09375,-6.09375,17.40625
Gynecolatry,-23.5,-23.5,-6.09375,-6.09375,17.40625
Isopag,-23.125,-23.125,-5.71875,-5.71875,17.40625
Sleepwaker,-23.0,-23.0,-5.59375,-5.59375,17.40625
Retool,-23.25,-23.25,-5.84375,-5.84375,17.40625
Nonponderosity,-23.375,-23.375,-5.96875,-5.96875,17.40625
Septifarious,-23.125,-23.125,-5.71875,-5.71875,17.40625
Cornerbind,-23.25,-23.25,-5.84375,-5.84375,17.40625
Antitypical,-23.5,-23.5,-6.09375,-6.09375,17.40625
Bankrupcy,-23.375,-23.375,-5.96875,-5.96875,17.40625
Overcerebral,-23.25,-23.25,-5.84375,-5.84375,17.40625
Latreutic,-23.125,-23.125,-5.71875,-5.71875,17.40625
Sandhill,-23.0,-23.0,-5.59375,-5.59375,17.40625
Attntrp,-23.0,-23.0,-5.59375,-5.59375,17.40625
Belabours,-23.25,-23.25,-5.84375,-5.84375,17.40625
Acolhuan,-23.125,-23.125,-5.71875,-5.71875,17.40625
Auxiliar,-23.0,-23.0,-5.59375,-5.59375,17.40625
Bromos,-23.125,-23.125,-5.71875,-5.71875,17.40625
Kolobia,-23.0,-23.0,-5.59375,-5.59375,17.40625
Hoopoo,-23.375,-23.375,-5.96875,-5.96875,17.40625
Incrustations,-23.0,-23.0,-5.59375,-5.59375,17.40625
Drofland,-22.875,-22.875,-5.46875,-5.46875,17.40625
Madams,-23.25,-23.25,-5.84375,-5.84375,17.40625
Pioscope,-23.25,-23.25,-5.84375,-5.84375,17.40625
Dastur,-23.25,-23.25,-5.84375,-5.84375,17.40625
Anthochlor,-23.125,-23.125,-5.71875,-5.71875,17.40625
Commutant,-23.25,-23.25,-5.84375,-5.84375,17.40625
Heppen,-23.5,-23.5,-6.09375,-6.09375,17.40625
Zanzibari,-23.25,-23.25,-5.84375,-5.84375,17.40625
Zoilist,-23.375,-23.375,-5.96875,-5.96875,17.40625
Cyphosis,-23.125,-23.125,-5.71875,-5.71875,17.40625
Protopoditic,-23.25,-23.25,-5.84375,-5.84375,17.40625
Synkatathesis,-23.25,-23.25,-5.84375,-5.84375,17.40625
Squattest,-23.0,-23.0,-5.59375,-5.59375,17.40625
Cevadine,-23.25,-23.25,-5.84375,-5.84375,17.40625
Iniome,-23.125,-23.125,-5.71875,-5.71875,17.40625
Breton,-23.125,-23.125,-5.71875,-5.71875,17.40625
Vairee,-23.125,-23.125,-5.71875,-5.71875,17.40625
Smokier,-22.875,-22.875,-5.5,-5.5,17.375
Archiphoneme,-23.25,-23.25,-5.875,-5.875,17.375
Mycotrophic,-23.125,-23.125,-5.75,-5.75,17.375
Outswift,-23.0,-23.0,-5.625,-5.625,17.375
Papayaceous,-23.0,-23.0,-5.625,-5.625,17.375
Synedrian,-23.0,-23.0,-5.625,-5.625,17.375
Hydroscopicity,-23.125,-23.125,-5.75,-5.75,17.375
Frankmarriage,-23.0,-23.0,-5.625,-5.625,17.375
Myomancy,-23.0,-23.0,-5.625,-5.625,17.375
Photoprint,-23.25,-23.25,-5.875,-5.875,17.375
Whiffenpoof,-22.5,-22.5,-5.125,-5.125,17.375
Southlander,-22.875,-22.875,-5.5,-5.5,17.375
Scouther,-23.0,-23.0,-5.625,-5.625,17.375
Chemisette,-22.875,-22.875,-5.5,-5.5,17.375
Hyporchesis,-23.25,-23.25,-5.875,-5.875,17.375
Polyglottonic,-23.0,-23.0,-5.625,-5.625,17.375
Gliffy,-22.75,-22.75,-5.375,-5.375,17.375
Ageless,-22.875,-22.875,-5.5,-5.5,17.375
Eyebath,-23.0,-23.0,-5.625,-5.625,17.375
Wingtip,-22.875,-22.875,-5.5,-5.5,17.375
Diacatholicon,-22.875,-22.875,-5.5,-5.5,17.375
Kamansi,-23.0,-23.0,-5.625,-5.625,17.375
Felliducous,-22.875,-22.875,-5.5,-5.5,17.375
Snoutless,-22.75,-22.75,-5.375,-5.375,17.375
Wessexman,-22.875,-22.875,-5.5,-5.5,17.375
Wormroots,-22.875,-22.875,-5.5,-5.5,17.375
Phototropic,-23.125,-23.125,-5.75,-5.75,17.375
Pezizoid,-22.875,-22.875,-5.5,-5.5,17.375
Aubergiste,-23.0,-23.0,-5.625,-5.625,17.375
Reoccasion,-23.125,-23.125,-5.75,-5.75,17.375
Yawper,-23.0,-23.0,-5.625,-5.625,17.375
Fluxroot,-23.125,-23.125,-5.75,-5.75,17.375
Spinulose,-23.125,-23.125,-5.75,-5.75,17.375
Susurr,-23.125,-23.125,-5.75,-5.75,17.375
Cherubimic,-23.25,-23.25,-5.875,-5.875,17.375
Zygosporange,-22.875,-22.875,-5.5,-5.5,17.375
Ropeman,-23.125,-23.125,-5.75,-5.75,17.375
Uteroplacental,-23.125,-23.125,-5.75,-5.75,17.375
Hydrophyton,-22.875,-22.875,-5.5,-5.5,17.375
Diomedeidae,-23.125,-23.125,-5.75,-5.75,17.375
Tripsill,-23.0,-23.0,-5.625,-5.625,17.375
Liquifies,-23.0,-23.0,-5.625,-5.625,17.375
Hotelkeeper,-22.875,-22.875,-5.5,-5.5,17.375
Whipmaker,-22.75,-22.75,-5.375,-5.375,17.375
Calciferous,-22.75,-22.75,-5.375,-5.375,17.375
Romeine,-22.75,-22.75,-5.375,-5.375,17.375
Imperatorial,-23.375,-23.375,-6.0,-6.0,17.375
Subcompany,-23.0,-23.0,-5.625,-5.625,17.375
Zygomaticus,-23.0,-23.0,-5.625,-5.625,17.375
Selenodont,-23.0,-23.0,-5.625,-5.625,17.375
Unsaccharic,-23.125,-23.125,-5.75,-5.75,17.375
Icterogenic,-23.0,-23.0,-5.625,-5.625,17.375
Methodiser,-23.125,-23.125,-5.75,-5.75,17.375
Aegean,-23.0,-23.0,-5.625,-5.625,17.375
Syringes,-23.0,-23.0,-5.625,-5.625,17.375
Craspedota,-23.125,-23.125,-5.75,-5.75,17.375
Venkata,-23.0,-23.0,-5.625,-5.625,17.375
Herbaceous,-22.875,-22.875,-5.5,-5.5,17.375
Warmen,-23.0,-23.0,-5.625,-5.625,17.375
Trioecious,-23.0,-23.0,-5.625,-5.625,17.375
Photogeologic,-23.0,-23.0,-5.625,-5.625,17.375
Yowley,-22.875,-22.875,-5.5,-5.5,17.375
Herophilist,-22.875,-22.875,-5.5,-5.5,17.375
Fratricidal,-23.125,-23.125,-5.75,-5.75,17.375
Kaligenous,-23.0,-23.0,-5.625,-5.625,17.375
Malgre,-23.0,-23.0,-5.625,-5.625,17.375
Praesepe,-23.0,-23.0,-5.625,-5.625,17.375
Quadriquadric,-23.0,-23.0,-5.625,-5.625,17.375
Begotten,-22.875,-22.875,-5.5,-5.5,17.375
Secretary,-23.0,-23.0,-5.625,-5.625,17.375
Pinchers,-23.0,-23.0,-5.625,-5.625,17.375
Tallapoi,-22.875,-22.875,-5.5,-5.5,17.375
Myrmecochorous,-23.0,-23.0,-5.625,-5.625,17.375
Zygomaticum,-23.0,-23.0,-5.625,-5.625,17.375
Trophywort,-22.75,-22.75,-5.375,-5.375,17.375
Paneity,-23.0,-23.0,-5.625,-5.625,17.375
Dietical,-23.0,-23.0,-5.625,-5.625,17.375
Kalathoi,-23.125,-23.125,-5.75,-5.75,17.375
Diotic,-23.0,-23.0,-5.625,-5.625,17.375
Epistolet,-23.0,-23.0,-5.625,-5.625,17.375
Gunless,-23.125,-23.125,-5.75,-5.75,17.375
Bathyscape,-22.875,-22.875,-5.5,-5.5,17.375
Rheumatiz,-22.875,-22.875,-5.5,-5.5,17.375
Adiaphoretic,-23.0,-23.0,-5.625,-5.625,17.375
Preborn,-23.0,-23.0,-5.625,-5.625,17.375
Saltpans,-23.0,-23.0,-5.625,-5.625,17.375
Memorabilia,-23.0,-23.0,-5.625,-5.625,17.375
Undertide,-22.875,-22.875,-5.5,-5.5,17.375
Acridines,-22.75,-22.75,-5.375,-5.375,17.375
Ecchymoses,-23.0,-23.0,-5.625,-5.625,17.375
Outlimb,-23.125,-23.125,-5.75,-5.75,17.375
Deserveless,-23.125,-23.125,-5.75,-5.75,17.375
Monokini,-22.875,-22.875,-5.5,-5.5,17.375
Diapyetic,-23.0,-23.0,-5.625,-5.625,17.375
Yacare,-22.875,-22.875,-5.5,-5.5,17.375
Phaeoplast,-22.75,-22.75,-5.375,-5.375,17.375
Inhesive,-23.125,-23.125,-5.75,-5.75,17.375
Plottery,-22.875,-22.875,-5.5,-5.5,17.375
Suboptical,-23.0,-23.0,-5.625,-5.625,17.375
Nightshirts,-22.875,-22.875,-5.5,-5.5,17.375
Terrar,-23.0,-23.0,-5.625,-5.625,17.375
Pistillary,-23.0,-23.0,-5.625,-5.625,17.375
Nonevaporative,-22.875,-22.875,-5.5,-5.5,17.375
Crowbill,-23.0,-23.0,-5.625,-5.625,17.375
Bombazine,-22.75,-22.75,-5.375,-5.375,17.375
Architricline,-23.125,-23.125,-5.75,-5.75,17.375
Yester,-22.875,-22.875,-5.5,-5.5,17.375
Heiress,-23.0,-23.0,-5.625,-5.625,17.375
Fallible,-22.875,-22.875,-5.5,-5.5,17.375
Bowpin,-23.0,-23.0,-5.625,-5.625,17.375
Utilizations,-23.0,-23.0,-5.625,-5.625,17.375
Shepherdless,-23.0,-23.0,-5.625,-5.625,17.375
Necrogenous,-23.0,-23.0,-5.625,-5.625,17.375
Iambelegus,-22.75,-22.75,-5.375,-5.375,17.375
Phytomonad,-23.0,-23.0,-5.625,-5.625,17.375
Bookmaker,-23.0,-23.0,-5.625,-5.625,17.375
Diureses,-23.125,-23.125,-5.75,-5.75,17.375
Epiphytical,-23.0,-23.0,-5.625,-5.625,17.375
Subicteric,-23.25,-23.25,-5.875,-5.875,17.375
Chromatometer,-23.0,-23.0,-5.625,-5.625,17.375
Theriaca,-22.875,-22.875,-5.5,-5.5,17.375
Desidiose,-23.0,-23.0,-5.625,-5.625,17.375
Premie,-23.0,-23.0,-5.625,-5.625,17.375
Multipersonal,-23.25,-23.25,-5.875,-5.875,17.375
Talcomicaceous,-22.875,-22.875,-5.5,-5.5,17.375
Jacktar,-23.0,-23.0,-5.625,-5.625,17.375
Roughstuff,-23.0,-23.0,-5.625,-5.625,17.375
Jayesh,-23.0,-23.0,-5.625,-5.625,17.375
Nonderelict,-22.875,-22.875,-5.5,-5.5,17.375
Serotherapy,-23.125,-23.125,-5.75,-5.75,17.375
Trombidium,-23.0,-23.0,-5.625,-5.625,17.375
Upwhelm,-23.125,-23.125,-5.75,-5.75,17.375
Steersmen,-23.125,-23.125,-5.75,-5.75,17.375
Adenostoma,-22.875,-22.875,-5.5,-5.5,17.375
Shakes,-22.625,-22.625,-5.25,-5.25,17.375
Drugger,-23.0,-23.0,-5.625,-5.625,17.375
Nucleotidase,-23.0,-23.0,-5.625,-5.625,17.375
Exodermis,-22.875,-22.875,-5.5,-5.5,17.375
Vicomtesse,-22.875,-22.875,-5.5,-5.5,17.375
Periwig,-22.875,-22.875,-5.5,-5.5,17.375
Portolano,-23.125,-23.125,-5.8125,-5.8125,17.3125
Handset,-23.375,-23.375,-6.0625,-6.0625,17.3125
Escars,-23.125,-23.125,-5.8125,-5.8125,17.3125
Represent,-23.5,-23.5,-6.1875,-6.1875,17.3125
Hatchability,-23.25,-23.25,-5.9375,-5.9375,17.3125
Fumaroidal,-23.25,-23.25,-5.9375,-5.9375,17.3125
Tonguefuls,-23.25,-23.25,-5.9375,-5.9375,17.3125
Bluesy,-23.125,-23.125,-5.8125,-5.8125,17.3125
Forevalue,-23.25,-23.25,-5.9375,-5.9375,17.3125
Metretes,-23.25,-23.25,-5.9375,-5.9375,17.3125
Larger,-23.25,-23.25,-5.9375,-5.9375,17.3125
Rawish,-23.125,-23.125,-5.8125,-5.8125,17.3125
Flatulency,-23.375,-23.375,-6.0625,-6.0625,17.3125
Actins,-23.125,-23.125,-5.8125,-5.8125,17.3125
Propenes,-23.5,-23.5,-6.1875,-6.1875,17.3125
Asperge,-23.25,-23.25,-5.9375,-5.9375,17.3125
Redisseise,-23.125,-23.125,-5.8125,-5.8125,17.3125
Vultur,-23.125,-23.125,-5.8125,-5.8125,17.3125
Tarefa,-23.25,-23.25,-5.9375,-5.9375,17.3125
Adminiculary,-23.375,-23.375,-6.0625,-6.0625,17.3125
Windlin,-23.25,-23.25,-5.9375,-5.9375,17.3125
Philanthid,-23.0,-23.0,-5.6875,-5.6875,17.3125
Isoantibody,-23.25,-23.25,-5.9375,-5.9375,17.3125
Automelon,-23.125,-23.125,-5.8125,-5.8125,17.3125
Meteograph,-23.125,-23.125,-5.8125,-5.8125,17.3125
Heelgrip,-23.25,-23.25,-5.9375,-5.9375,17.3125
Neutralists,-23.375,-23.375,-6.0625,-6.0625,17.3125
Carbamino,-23.0,-23.0,-5.6875,-5.6875,17.3125
Tubiform,-23.125,-23.125,-5.8125,-5.8125,17.3125
Sparch,-23.25,-23.25,-5.9375,-5.9375,17.3125
Intermaxilla,-23.25,-23.25,-5.9375,-5.9375,17.3125
Expectancies,-23.125,-23.125,-5.8125,-5.8125,17.3125
Protonickel,-23.0,-23.0,-5.6875,-5.6875,17.3125
Citrullus,-23.125,-23.125,-5.8125,-5.8125,17.3125
Jahvistic,-23.125,-23.125,-5.8125,-5.8125,17.3125
Prospections,-23.125,-23.125,-5.8125,-5.8125,17.3125
Peripteral,-23.125,-23.125,-5.8125,-5.8125,17.3125
Sapful,-23.125,-23.125,-5.8125,-5.8125,17.3125
Dither,-23.125,-23.125,-5.8125,-5.8125,17.3125
Spectrous,-23.25,-23.25,-5.9375,-5.9375,17.3125
Tricolic,-23.125,-23.125,-5.8125,-5.8125,17.3125
Bromellite,-23.0,-23.0,-5.6875,-5.6875,17.3125
Hillary,-23.125,-23.125,-5.8125,-5.8125,17.3125
Heliological,-23.125,-23.125,-5.8125,-5.8125,17.3125
Uncomplex,-23.25,-23.25,-5.9375,-5.9375,17.3125
Teetaller,-23.125,-23.125,-5.8125,-5.8125,17.3125
Coontah,-23.0,-23.0,-5.6875,-5.6875,17.3125
Incastellate,-23.125,-23.125,-5.8125,-5.8125,17.3125
Vamphorn,-23.125,-23.125,-5.8125,-5.8125,17.3125
Hayrake,-23.0,-23.0,-5.6875,-5.6875,17.3125
Magmatic,-23.125,-23.125,-5.8125,-5.8125,17.3125
Rusticate,-23.125,-23.125,-5.8125,-5.8125,17.3125
Turnway,-23.25,-23.25,-5.9375,-5.9375,17.3125
Tagalize,-23.5,-23.5,-6.1875,-6.1875,17.3125
Lidflower,-23.125,-23.125,-5.8125,-5.8125,17.3125
Giocoso,-23.0,-23.0,-5.6875,-5.6875,17.3125
Outwit,-23.0,-23.0,-5.6875,-5.6875,17.3125
Ramiro,-23.0,-23.0,-5.6875,-5.6875,17.3125
Canamary,-23.0,-23.0,-5.6875,-5.6875,17.3125
Carageen,-23.125,-23.125,-5.8125,-5.8125,17.3125
Spratter,-23.375,-23.375,-6.0625,-6.0625,17.3125
Snarer,-23.0,-23.0,-5.6875,-5.6875,17.3125
Stonehenge,-23.0,-23.0,-5.6875,-5.6875,17.3125
Ligula,-23.125,-23.125,-5.8125,-5.8125,17.3125
Wineberries,-23.0,-23.0,-5.6875,-5.6875,17.3125
Marshalate,-23.625,-23.625,-6.3125,-6.3125,17.3125
Analav,-23.125,-23.125,-5.8125,-5.8125,17.3125
Rondelet,-23.125,-23.125,-5.8125,-5.8125,17.3125
Trendy,-23.125,-23.125,-5.8125,-5.8125,17.3125
Straightens,-23.125,-23.125,-5.8125,-5.8125,17.3125
Pregalvanize,-23.25,-23.25,-5.9375,-5.9375,17.3125
Eskuara,-23.125,-23.125,-5.8125,-5.8125,17.3125
Misfields,-23.25,-23.25,-5.9375,-5.9375,17.3125
Isocratic,-23.25,-23.25,-5.9375,-5.9375,17.3125
Thirls,-23.125,-23.125,-5.8125,-5.8125,17.3125
Cytogenetical,-23.0,-23.0,-5.6875,-5.6875,17.3125
Gallisin,-23.125,-23.125,-5.8125,-5.8125,17.3125
Aseptate,-23.125,-23.125,-5.8125,-5.8125,17.3125
Costumey,-23.125,-23.125,-5.8125,-5.8125,17.3125
Umbonial,-23.25,-23.25,-5.9375,-5.9375,17.3125
Conversance,-23.125,-23.125,-5.8125,-5.8125,17.3125
Handout,-23.25,-23.25,-5.9375,-5.9375,17.3125
Tormentous,-23.125,-23.125,-5.8125,-5.8125,17.3125
Macrophytic,-23.375,-23.375,-6.0625,-6.0625,17.3125
Undolorous,-23.0,-23.0,-5.6875,-5.6875,17.3125
Megaloureter,-23.0,-23.0,-5.6875,-5.6875,17.3125
Superacromial,-22.875,-22.875,-5.5625,-5.5625,17.3125
Protectant,-23.0,-23.0,-5.6875,-5.6875,17.3125
Gladius,-23.125,-23.125,-5.8125,-5.8125,17.3125
Hangbird,-23.125,-23.125,-5.8125,-5.8125,17.3125
Hibernic,-23.0,-23.0,-5.6875,-5.6875,17.3125
Chorizontal,-23.5,-23.5,-6.1875,-6.1875,17.3125
Cogener,-23.375,-23.375,-6.0625,-6.0625,17.3125
Apneal,-23.25,-23.25,-5.9375,-5.9375,17.3125
Translucid,-23.25,-23.25,-5.9375,-5.9375,17.3125
Mibound,-23.25,-23.25,-5.9375,-5.9375,17.3125
Trinary,-23.0,-23.0,-5.6875,-5.6875,17.3125
Sequent,-23.125,-23.125,-5.8125,-5.8125,17.3125
Intermammary,-23.125,-23.125,-5.8125,-5.8125,17.3125
Macros,-23.5,-23.5,-6.1875,-6.1875,17.3125
Capple,-23.125,-23.125,-5.8125,-5.8125,17.3125
Romain,-23.125,-23.125,-5.8125,-5.8125,17.3125
Acrophonies,-23.125,-23.125,-5.8125,-5.8125,17.3125
Wirephoto,-23.125,-23.125,-5.8125,-5.8125,17.3125
Cypriots,-23.5,-23.5,-6.1875,-6.1875,17.3125
Outpours,-23.0,-23.0,-5.6875,-5.6875,17.3125
Vannai,-23.0,-23.0,-5.6875,-5.6875,17.3125
Redward,-23.25,-23.25,-5.9375,-5.9375,17.3125
Freewill,-23.125,-23.125,-5.8125,-5.8125,17.3125
Procoracoid,-23.125,-23.125,-5.8125,-5.8125,17.3125
Sacrilumbal,-23.25,-23.25,-5.9375,-5.9375,17.3125
Saccharate,-23.125,-23.125,-5.8125,-5.8125,17.3125
Fishermen,-23.0,-23.0,-5.6875,-5.6875,17.3125
Verruciform,-23.0,-23.0,-5.6875,-5.6875,17.3125
Misendeavor,-23.375,-23.375,-6.0625,-6.0625,17.3125
Attest,-23.25,-23.25,-5.9375,-5.9375,17.3125
Nurtural,-23.25,-23.25,-5.9375,-5.9375,17.3125
Huguenots,-23.5,-23.5,-6.1875,-6.1875,17.3125
Redoubles,-23.125,-23.125,-5.8125,-5.8125,17.3125
Fashion,-23.625,-23.625,-6.3125,-6.3125,17.3125
Coaguline,-23.0,-23.0,-5.6875,-5.6875,17.3125
Ritzier,-23.0,-23.0,-5.6875,-5.6875,17.3125
Chappe,-23.0,-23.0,-5.6875,-5.6875,17.3125
Hydrostatics,-23.25,-23.25,-5.9375,-5.9375,17.3125
Stithy,-23.125,-23.125,-5.8125,-5.8125,17.3125
Dislikers,-23.625,-23.625,-6.3125,-6.3125,17.3125
Cibolero,-23.25,-23.25,-5.9375,-5.9375,17.3125
Spanioli,-23.25,-23.25,-5.9375,-5.9375,17.3125
Boronic,-23.25,-23.25,-5.9375,-5.9375,17.3125
Rhamnonic,-23.0,-23.0,-5.6875,-5.6875,17.3125
Horseleach,-23.375,-23.375,-6.0625,-6.0625,17.3125
Justifications,-23.25,-23.25,-5.9375,-5.9375,17.3125
Metaphoric,-23.25,-23.25,-5.9375,-5.9375,17.3125
Precontribute,-23.5,-23.5,-6.1875,-6.1875,17.3125
Incomes,-23.375,-23.375,-6.0625,-6.0625,17.3125
Gospodipoda,-23.0,-23.0,-5.6875,-5.6875,17.3125
Beetrave,-23.125,-23.125,-5.8125,-5.8125,17.3125
Uricolysis,-23.375,-23.375,-6.0625,-6.0625,17.3125
Anticalcimine,-23.125,-23.125,-5.8125,-5.8125,17.3125
Padshahs,-23.625,-23.625,-6.3125,-6.3125,17.3125
Isazoxy,-23.125,-23.125,-5.8125,-5.8125,17.3125
Redias,-23.25,-23.25,-5.9375,-5.9375,17.3125
Bailliage,-23.25,-23.25,-5.9375,-5.9375,17.3125
Catechistical,-23.0,-23.0,-5.6875,-5.6875,17.3125
Blastogeny,-23.375,-23.375,-6.0625,-6.0625,17.3125
Underhang,-23.25,-23.25,-5.9375,-5.9375,17.3125
Plankways,-23.25,-23.25,-5.9375,-5.9375,17.3125
Undecennary,-23.25,-23.25,-5.9375,-5.9375,17.3125
Macropodine,-23.25,-23.25,-5.9375,-5.9375,17.3125
Nerver,-23.25,-23.25,-5.9375,-5.9375,17.3125
Permissible,-23.25,-23.25,-5.9375,-5.9375,17.3125
Jocosity,-23.25,-23.25,-5.9375,-5.9375,17.3125
Dirigo,-23.125,-23.125,-5.8125,-5.8125,17.3125
Habitant,-23.25,-23.25,-5.9375,-5.9375,17.3125
Fluoroscope,-23.0,-23.0,-5.6875,-5.6875,17.3125
Dinornithes,-23.25,-23.25,-5.9375,-5.9375,17.3125
Imbroccata,-23.0,-23.0,-5.6875,-5.6875,17.3125
Fusula,-23.125,-23.125,-5.8125,-5.8125,17.3125
Stinter,-23.0,-23.0,-5.6875,-5.6875,17.3125
Aromatical,-23.25,-23.25,-5.9375,-5.9375,17.3125
Vertical,-23.25,-23.25,-5.9375,-5.9375,17.3125
Conceives,-23.125,-23.125,-5.8125,-5.8125,17.3125
Botcher,-23.25,-23.25,-5.9375,-5.9375,17.3125
Sulkier,-23.125,-23.125,-5.8125,-5.8125,17.3125
Alkalimetrical,-23.125,-23.125,-5.8125,-5.8125,17.3125
Overeats,-23.0,-23.0,-5.6875,-5.6875,17.3125
Ambience,-23.0,-23.0,-5.6875,-5.6875,17.3125
Tamilic,-23.25,-23.25,-5.9375,-5.9375,17.3125
Jonahism,-23.5,-23.5,-6.1875,-6.1875,17.3125
Retinochorioid,-23.125,-23.125,-5.8125,-5.8125,17.3125
Eosaurus,-23.0,-23.0,-5.6875,-5.6875,17.3125
Unsharp,-23.25,-23.25,-5.9375,-5.9375,17.3125
Inopercular,-23.25,-23.25,-5.9375,-5.9375,17.3125
Adumbrates,-23.125,-23.125,-5.8125,-5.8125,17.3125
Remelt,-23.0,-23.0,-5.6875,-5.6875,17.3125
Chloralum,-23.125,-23.125,-5.8125,-5.8125,17.3125
Curratow,-23.125,-23.125,-5.8125,-5.8125,17.3125
Superlabial,-23.125,-23.125,-5.8125,-5.8125,17.3125
Platymery,-23.25,-23.25,-5.9375,-5.9375,17.3125
Devance,-23.25,-23.25,-5.9375,-5.9375,17.3125
Metanym,-23.25,-23.25,-5.9375,-5.9375,17.3125
Lysogenesis,-23.25,-23.25,-5.9375,-5.9375,17.3125
Perpendicular,-23.125,-23.125,-5.8125,-5.8125,17.3125
Advisatory,-23.125,-23.125,-5.8125,-5.8125,17.3125
Viniest,-23.25,-23.25,-5.9375,-5.9375,17.3125
Cassalty,-23.125,-23.125,-5.8125,-5.8125,17.3125
Outtalks,-23.125,-23.125,-5.8125,-5.8125,17.3125
Redipper,-23.125,-23.125,-5.8125,-5.8125,17.3125
Unicellate,-23.25,-23.25,-5.9375,-5.9375,17.3125
Anomaloscope,-23.125,-23.125,-5.8125,-5.8125,17.3125
Rhombohedron,-23.0,-23.0,-5.6875,-5.6875,17.3125
Pseudocoele,-23.125,-23.125,-5.8125,-5.8125,17.3125
Fedora,-23.25,-23.25,-5.9375,-5.9375,17.3125
Wavewise,-23.125,-23.125,-5.8125,-5.8125,17.3125
Mauresque,-23.375,-23.375,-6.0625,-6.0625,17.3125
Collenchyme,-23.0,-23.0,-5.6875,-5.6875,17.3125
Creamsacs,-23.0,-23.0,-5.6875,-5.6875,17.3125
Nuncupatory,-23.25,-23.25,-5.9375,-5.9375,17.3125
Beakless,-23.125,-23.125,-5.8125,-5.8125,17.3125
Echowise,-23.25,-23.25,-5.9375,-5.9375,17.3125
Dompteuse,-23.125,-23.125,-5.8125,-5.8125,17.3125
Overequip,-23.25,-23.25,-5.9375,-5.9375,17.3125
Tofore,-23.0,-23.0,-5.6875,-5.6875,17.3125
Shiversome,-23.25,-23.25,-5.9375,-5.9375,17.3125
Strave,-23.25,-23.25,-5.9375,-5.9375,17.3125
Overturn,-23.75,-23.75,-6.4375,-6.4375,17.3125
Byroad,-23.0,-23.0,-5.6875,-5.6875,17.3125
Overhasten,-23.25,-23.25,-5.9375,-5.9375,17.3125
Heteroptics,-23.25,-23.25,-5.9375,-5.9375,17.3125
Windill,-23.125,-23.125,-5.8125,-5.8125,17.3125
Fictionalizes,-23.125,-23.125,-5.8125,-5.8125,17.3125
Squirrel,-23.0,-23.0,-5.6875,-5.6875,17.3125
Isopulegone,-23.25,-23.25,-5.9375,-5.9375,17.3125
Wotteth,-23.25,-23.25,-5.9375,-5.9375,17.3125
Amiability,-23.25,-23.25,-5.9375,-5.9375,17.3125
Metalogic,-23.375,-23.375,-6.0625,-6.0625,17.3125
Stramineous,-23.125,-23.125,-5.8125,-5.8125,17.3125
Costful,-23.125,-23.125,-5.8125,-5.8125,17.3125
Uninvertible,-23.125,-23.125,-5.8125,-5.8125,17.3125
Rejector,-23.125,-23.125,-5.8125,-5.8125,17.3125
Becurl,-23.0,-23.0,-5.6875,-5.6875,17.3125
Unvital,-23.125,-23.125,-5.8125,-5.8125,17.3125
Protothecal,-23.25,-23.25,-5.9375,-5.9375,17.3125
Niblick,-22.875,-22.875,-5.5625,-5.5625,17.3125
Neurokeratin,-23.125,-23.125,-5.8125,-5.8125,17.3125
Misattend,-23.25,-23.25,-5.9375,-5.9375,17.3125
Enplanes,-23.25,-23.25,-5.9375,-5.9375,17.3125
Cutbank,-22.75,-22.75,-5.4375,-5.4375,17.3125
Miotic,-23.125,-23.125,-5.8125,-5.8125,17.3125
Weaselfish,-23.125,-23.125,-5.8125,-5.8125,17.3125
Spanemic,-23.25,-23.25,-5.9375,-5.9375,17.3125
Buzzier,-23.0,-23.0,-5.6875,-5.6875,17.3125
Protodonate,-23.125,-23.125,-5.8125,-5.8125,17.3125
Vicecomes,-23.25,-23.25,-5.9375,-5.9375,17.3125
Microtheos,-23.25,-23.25,-5.9375,-5.9375,17.3125
Subcheliform,-23.25,-23.25,-5.9375,-5.9375,17.3125
Lentos,-23.125,-23.125,-5.8125,-5.8125,17.3125
Tagliatelle,-23.125,-23.125,-5.8125,-5.8125,17.3125
Anginose,-23.25,-23.25,-5.9375,-5.9375,17.3125
Galanas,-23.625,-23.625,-6.3125,-6.3125,17.3125
Unoften,-23.125,-23.125,-5.8125,-5.8125,17.3125
Sabbeka,-23.0,-23.0,-5.6875,-5.6875,17.3125
Superb,-23.0,-23.0,-5.6875,-5.6875,17.3125
Hatlike,-23.375,-23.375,-6.0625,-6.0625,17.3125
Amphiboline,-23.125,-23.125,-5.8125,-5.8125,17.3125
Innersole,-23.0,-23.0,-5.6875,-5.6875,17.3125
Bebump,-23.0,-23.0,-5.6875,-5.6875,17.3125
Neurogenetic,-23.125,-23.125,-5.8125,-5.8125,17.3125
Haematid,-23.0,-23.0,-5.6875,-5.6875,17.3125
Barometry,-23.375,-23.375,-6.0625,-6.0625,17.3125
Hamlah,-23.25,-23.25,-5.9375,-5.9375,17.3125
Johnadreams,-23.125,-23.125,-5.8125,-5.8125,17.3125
Triquetrous,-23.125,-23.125,-5.8125,-5.8125,17.3125
Prereport,-23.125,-23.125,-5.8125,-5.8125,17.3125
Downplay,-23.375,-23.375,-6.0625,-6.0625,17.3125
Gunsel,-23.125,-23.125,-5.8125,-5.8125,17.3125
Gmelinite,-23.125,-23.125,-5.8125,-5.8125,17.3125
Magnesite,-23.125,-23.125,-5.8125,-5.8125,17.3125
Ataghan,-23.25,-23.25,-5.9375,-5.9375,17.3125
Lyrics,-23.125,-23.125,-5.8125,-5.8125,17.3125
Camelias,-23.375,-23.375,-6.0625,-6.0625,17.3125
Cletch,-23.0,-23.0,-5.6875,-5.6875,17.3125
Involvements,-23.625,-23.625,-6.3125,-6.3125,17.3125
Climatal,-23.125,-23.125,-5.8125,-5.8125,17.3125
Atmophile,-23.0,-23.0,-5.6875,-5.6875,17.3125
Charango,-23.375,-23.375,-6.0625,-6.0625,17.3125
Hamulate,-23.125,-23.125,-5.8125,-5.8125,17.3125
Beneficience,-23.0,-23.0,-5.6875,-5.6875,17.3125
Analogon,-23.375,-23.375,-6.0625,-6.0625,17.3125
Output,-23.375,-23.375,-6.0625,-6.0625,17.3125
Fluviatic,-23.125,-23.125,-5.8125,-5.8125,17.3125
Regilds,-23.125,-23.125,-5.8125,-5.8125,17.3125
Dolabra,-23.125,-23.125,-5.8125,-5.8125,17.3125
Clapboard,-22.75,-22.75,-5.4375,-5.4375,17.3125
Thetic,-23.125,-23.125,-5.8125,-5.8125,17.3125
Duplify,-23.125,-23.125,-5.8125,-5.8125,17.3125
Hagship,-23.125,-23.125,-5.8125,-5.8125,17.3125
Heterolecithal,-23.125,-23.125,-5.8125,-5.8125,17.3125
Refulgency,-23.125,-23.125,-5.8125,-5.8125,17.3125
Cowage,-23.0,-23.0,-5.6875,-5.6875,17.3125
Loathe,-23.125,-23.125,-5.8125,-5.8125,17.3125
Eatberry,-23.0,-23.0,-5.6875,-5.6875,17.3125
Camomile,-23.25,-23.25,-5.9375,-5.9375,17.3125
Dendric,-23.125,-23.125,-5.8125,-5.8125,17.3125
Toxophil,-23.0,-23.0,-5.6875,-5.6875,17.3125
Spectrometers,-23.125,-23.125,-5.8125,-5.8125,17.3125
Multipinnate,-23.25,-23.25,-5.9375,-5.9375,17.3125
Vediovis,-23.0,-23.0,-5.6875,-5.6875,17.3125
Fabulist,-23.0,-23.0,-5.6875,-5.6875,17.3125
Epeirogenetic,-23.125,-23.125,-5.8125,-5.8125,17.3125
Nadiral,-23.125,-23.125,-5.8125,-5.8125,17.3125
Threpsology,-23.25,-23.25,-5.9375,-5.9375,17.3125
Palateless,-23.0,-23.0,-5.6875,-5.6875,17.3125
Subapprobative,-23.125,-23.125,-5.8125,-5.8125,17.3125
Nitidous,-23.0,-23.0,-5.6875,-5.6875,17.3125
Oxyphenyl,-23.375,-23.375,-6.0625,-6.0625,17.3125
Assurd,-23.125,-23.125,-5.8125,-5.8125,17.3125
Frogbit,-23.125,-23.125,-5.8125,-5.8125,17.3125
Anaerobian,-23.125,-23.125,-5.8125,-5.8125,17.3125
Thaliard,-23.0,-23.0,-5.6875,-5.6875,17.3125
Cabresta,-23.0,-23.0,-5.6875,-5.6875,17.3125
Moodir,-23.375,-23.375,-6.0625,-6.0625,17.3125
Stanner,-23.25,-23.25,-5.9375,-5.9375,17.3125
Oilcloth,-23.125,-23.125,-5.8125,-5.8125,17.3125
Sclerotical,-23.125,-23.125,-5.8125,-5.8125,17.3125
Unabsolute,-23.375,-23.375,-6.0625,-6.0625,17.3125
Cityish,-23.125,-23.125,-5.8125,-5.8125,17.3125
Blancher,-23.25,-23.25,-5.9375,-5.9375,17.3125
Misaccent,-23.25,-23.25,-5.9375,-5.9375,17.3125
Bonete,-23.375,-23.375,-6.0625,-6.0625,17.3125
Superposes,-23.125,-23.125,-5.8125,-5.8125,17.3125
Bootblack,-23.125,-23.125,-5.8125,-5.8125,17.3125
Quipsome,-23.0,-23.0,-5.6875,-5.6875,17.3125
Vermiformity,-23.0,-23.0,-5.6875,-5.6875,17.3125
Calamancos,-23.0,-23.0,-5.6875,-5.6875,17.3125
Geosid,-23.25,-23.25,-5.9375,-5.9375,17.3125
Eremital,-23.125,-23.125,-5.8125,-5.8125,17.3125
Strigiles,-23.0,-23.0,-5.6875,-5.6875,17.3125
Maximum,-23.375,-23.375,-6.0625,-6.0625,17.3125
Chithe,-23.25,-23.25,-5.9375,-5.9375,17.3125
Honoree,-23.0,-23.0,-5.6875,-5.6875,17.3125
Distemperure,-23.125,-23.125,-5.8125,-5.8125,17.3125
Attacco,-23.5,-23.5,-6.1875,-6.1875,17.3125
Suffragitis,-23.0,-23.0,-5.71875,-5.71875,17.28125
Hyperobtrusive,-23.25,-23.25,-5.96875,-5.96875,17.28125
Marshall,-23.0,-23.0,-5.71875,-5.71875,17.28125
Frumps,-22.625,-22.625,-5.34375,-5.34375,17.28125
Plimsole,-22.875,-22.875,-5.59375,-5.59375,17.28125
Disclaimer,-22.875,-22.875,-5.59375,-5.59375,17.28125
Draffy,-22.625,-22.625,-5.34375,-5.34375,17.28125
Harbourous,-23.0,-23.0,-5.71875,-5.71875,17.28125
Dogsleep,-23.125,-23.125,-5.84375,-5.84375,17.28125
Unmuddy,-23.125,-23.125,-5.84375,-5.84375,17.28125
Vicinages,-23.375,-23.375,-6.09375,-6.09375,17.28125
Kelotomies,-23.25,-23.25,-5.96875,-5.96875,17.28125
Girshes,-23.0,-23.0,-5.71875,-5.71875,17.28125
Diphtherotoxin,-23.125,-23.125,-5.84375,-5.84375,17.28125
Allalinite,-23.25,-23.25,-5.96875,-5.96875,17.28125
Scruft,-22.875,-22.875,-5.59375,-5.59375,17.28125
Rillow,-23.0,-23.0,-5.71875,-5.71875,17.28125
Canopies,-22.875,-22.875,-5.59375,-5.59375,17.28125
Coquetries,-23.125,-23.125,-5.84375,-5.84375,17.28125
Nightjar,-23.0,-23.0,-5.71875,-5.71875,17.28125
Reposure,-23.25,-23.25,-5.96875,-5.96875,17.28125
Matapan,-22.875,-22.875,-5.59375,-5.59375,17.28125
Personifies,-23.375,-23.375,-6.09375,-6.09375,17.28125
Honewort,-23.0,-23.0,-5.71875,-5.71875,17.28125
Urgings,-22.875,-22.875,-5.59375,-5.59375,17.28125
Corelates,-23.125,-23.125,-5.84375,-5.84375,17.28125
Fluorometer,-23.25,-23.25,-5.96875,-5.96875,17.28125
Aeolicism,-23.375,-23.375,-6.09375,-6.09375,17.28125
Allium,-23.125,-23.125,-5.84375,-5.84375,17.28125
Rattens,-23.125,-23.125,-5.84375,-5.84375,17.28125
Lunets,-23.25,-23.25,-5.96875,-5.96875,17.28125
Rabblesome,-23.0,-23.0,-5.71875,-5.71875,17.28125
Uaraycu,-23.125,-23.125,-5.84375,-5.84375,17.28125
Pantopelagian,-23.0,-23.0,-5.71875,-5.71875,17.28125
Multiversities,-23.25,-23.25,-5.96875,-5.96875,17.28125
Tetras,-23.0,-23.0,-5.71875,-5.71875,17.28125
Exophoria,-23.125,-23.125,-5.84375,-5.84375,17.28125
Haploidy,-23.125,-23.125,-5.84375,-5.84375,17.28125
Cocanucos,-23.125,-23.125,-5.84375,-5.84375,17.28125
Partigen,-23.25,-23.25,-5.96875,-5.96875,17.28125
Stasidion,-23.125,-23.125,-5.84375,-5.84375,17.28125
Tutrice,-22.875,-22.875,-5.59375,-5.59375,17.28125
Midribs,-23.125,-23.125,-5.84375,-5.84375,17.28125
Headskin,-23.0,-23.0,-5.71875,-5.71875,17.28125
Chrysler,-22.75,-22.75,-5.46875,-5.46875,17.28125
Harbourless,-23.0,-23.0,-5.71875,-5.71875,17.28125
Masaridinae,-23.375,-23.375,-6.09375,-6.09375,17.28125
Sopherim,-23.375,-23.375,-6.09375,-6.09375,17.28125
Quadrifoliate,-23.0,-23.0,-5.71875,-5.71875,17.28125
Paronychial,-23.125,-23.125,-5.84375,-5.84375,17.28125
Kineses,-23.125,-23.125,-5.84375,-5.84375,17.28125
Meditatist,-23.0,-23.0,-5.71875,-5.71875,17.28125
Nigranilin,-23.125,-23.125,-5.84375,-5.84375,17.28125
Clammish,-23.0,-23.0,-5.71875,-5.71875,17.28125
Ceases,-23.0,-23.0,-5.71875,-5.71875,17.28125
Istoke,-23.0,-23.0,-5.71875,-5.71875,17.28125
Myotonic,-23.0,-23.0,-5.71875,-5.71875,17.28125
Periodontosis,-23.125,-23.125,-5.84375,-5.84375,17.28125
Heronite,-23.125,-23.125,-5.84375,-5.84375,17.28125
Trombone,-22.75,-22.75,-5.46875,-5.46875,17.28125
Bandmasters,-23.25,-23.25,-5.96875,-5.96875,17.28125
Toxicopathic,-23.25,-23.25,-5.96875,-5.96875,17.28125
Supersex,-22.75,-22.75,-5.46875,-5.46875,17.28125
Goddam,-23.125,-23.125,-5.84375,-5.84375,17.28125
Skellat,-22.625,-22.625,-5.34375,-5.34375,17.28125
Klesha,-23.125,-23.125,-5.84375,-5.84375,17.28125
Escribe,-23.0,-23.0,-5.71875,-5.71875,17.28125
Protoveratrine,-23.25,-23.25,-5.96875,-5.96875,17.28125
Planidorsate,-23.125,-23.125,-5.84375,-5.84375,17.28125
Cursor,-23.0,-23.0,-5.71875,-5.71875,17.28125
Beneventana,-23.25,-23.25,-5.96875,-5.96875,17.28125
Aluminizes,-23.125,-23.125,-5.84375,-5.84375,17.28125
Staumrels,-23.0,-23.0,-5.71875,-5.71875,17.28125
Dysteleology,-23.25,-23.25,-5.96875,-5.96875,17.28125
Jussiaea,-23.0,-23.0,-5.71875,-5.71875,17.28125
Tomboyism,-23.625,-23.625,-6.34375,-6.34375,17.28125
Magnetoscope,-23.125,-23.125,-5.84375,-5.84375,17.28125
Minces,-23.25,-23.25,-5.96875,-5.96875,17.28125
Leukon,-23.0,-23.0,-5.71875,-5.71875,17.28125
Remittance,-23.125,-23.125,-5.84375,-5.84375,17.28125
Pirrauru,-22.875,-22.875,-5.59375,-5.59375,17.28125
Eudemonia,-23.375,-23.375,-6.09375,-6.09375,17.28125
Fosterer,-23.0,-23.0,-5.71875,-5.71875,17.28125
Impreses,-23.0,-23.0,-5.71875,-5.71875,17.28125
Sentinelship,-23.125,-23.125,-5.84375,-5.84375,17.28125
Atlatl,-22.875,-22.875,-5.59375,-5.59375,17.28125
Signalese,-23.25,-23.25,-5.96875,-5.96875,17.28125
Inulase,-23.0,-23.0,-5.71875,-5.71875,17.28125
Shrift,-23.0,-23.0,-5.71875,-5.71875,17.28125
Polymathic,-23.375,-23.375,-6.09375,-6.09375,17.28125
Quintato,-23.0,-23.0,-5.71875,-5.71875,17.28125
Debark,-23.125,-23.125,-5.84375,-5.84375,17.28125
Nusakan,-23.25,-23.25,-5.96875,-5.96875,17.28125
Nestors,-23.0,-23.0,-5.71875,-5.71875,17.28125
Rebbes,-23.375,-23.375,-6.09375,-6.09375,17.28125
Pleasers,-23.375,-23.375,-6.09375,-6.09375,17.28125
Eagles,-23.125,-23.125,-5.84375,-5.84375,17.28125
Oreillet,-23.0,-23.0,-5.71875,-5.71875,17.28125
Kilnrib,-23.125,-23.125,-5.84375,-5.84375,17.28125
Neurotoxia,-23.125,-23.125,-5.84375,-5.84375,17.28125
Epistylar,-23.125,-23.125,-5.84375,-5.84375,17.28125
Springlet,-23.25,-23.25,-5.96875,-5.96875,17.28125
Retinol,-23.125,-23.125,-5.84375,-5.84375,17.28125
Cervisia,-22.875,-22.875,-5.59375,-5.59375,17.28125
Turkeyback,-23.375,-23.375,-6.09375,-6.09375,17.28125
Cyclopentane,-23.0,-23.0,-5.71875,-5.71875,17.28125
Sulfionide,-23.125,-23.125,-5.84375,-5.84375,17.28125
Ineffective,-23.0,-23.0,-5.71875,-5.71875,17.28125
Goldic,-23.125,-23.125,-5.84375,-5.84375,17.28125
Cacicus,-23.0,-23.0,-5.71875,-5.71875,17.28125
Abyssinian,-22.875,-22.875,-5.59375,-5.59375,17.28125
Paniolo,-23.0,-23.0,-5.71875,-5.71875,17.28125
Grassflat,-23.0,-23.0,-5.71875,-5.71875,17.28125
Plagal,-23.25,-23.25,-5.96875,-5.96875,17.28125
Capsulae,-23.125,-23.125,-5.84375,-5.84375,17.28125
Variances,-23.125,-23.125,-5.84375,-5.84375,17.28125
Fussers,-23.25,-23.25,-5.96875,-5.96875,17.28125
Witherband,-23.0,-23.0,-5.71875,-5.71875,17.28125
Ridottos,-23.125,-23.125,-5.84375,-5.84375,17.28125
Semionotidae,-23.25,-23.25,-5.96875,-5.96875,17.28125
Zygophyllaceae,-23.125,-23.125,-5.84375,-5.84375,17.28125
Appends,-23.25,-23.25,-5.96875,-5.96875,17.28125
Keratoplasty,-23.375,-23.375,-6.09375,-6.09375,17.28125
Silliest,-23.0,-23.0,-5.71875,-5.71875,17.28125
Croset,-23.0,-23.0,-5.71875,-5.71875,17.28125
Lipaciduria,-23.375,-23.375,-6.09375,-6.09375,17.28125
Mournival,-23.375,-23.375,-6.09375,-6.09375,17.28125
Vinylite,-23.25,-23.25,-5.96875,-5.96875,17.28125
Longhorn,-23.0,-23.0,-5.71875,-5.71875,17.28125
Housesat,-23.0,-23.0,-5.71875,-5.71875,17.28125
Senhors,-23.125,-23.125,-5.84375,-5.84375,17.28125
Kromskop,-23.0,-23.0,-5.71875,-5.71875,17.28125
Trigonic,-23.0,-23.0,-5.71875,-5.71875,17.28125
Menstruous,-23.0,-23.0,-5.71875,-5.71875,17.28125
Tarnishproof,-23.125,-23.125,-5.84375,-5.84375,17.28125
Senhorita,-23.0,-23.0,-5.71875,-5.71875,17.28125
Emydidae,-23.125,-23.125,-5.84375,-5.84375,17.28125
Heiferhood,-23.0,-23.0,-5.71875,-5.71875,17.28125
Ferrovanadium,-23.0,-23.0,-5.71875,-5.71875,17.28125
Frecklish,-23.0,-23.0,-5.71875,-5.71875,17.28125
Lubric,-23.0,-23.0,-5.71875,-5.71875,17.28125
Presbyter,-23.25,-23.25,-5.96875,-5.96875,17.28125
Moluche,-23.125,-23.125,-5.84375,-5.84375,17.28125
Optics,-23.125,-23.125,-5.84375,-5.84375,17.28125
Carthamus,-22.875,-22.875,-5.59375,-5.59375,17.28125
Reintuitive,-23.25,-23.25,-5.96875,-5.96875,17.28125
Boopic,-23.5,-23.5,-6.21875,-6.21875,17.28125
Sunberries,-23.0,-23.0,-5.71875,-5.71875,17.28125
Endocrines,-23.125,-23.125,-5.84375,-5.84375,17.28125
Hundredths,-23.25,-23.25,-5.96875,-5.96875,17.28125
Bibracteate,-23.125,-23.125,-5.84375,-5.84375,17.28125
Waferwork,-23.0,-23.0,-5.71875,-5.71875,17.28125
Gangliglia,-23.125,-23.125,-5.84375,-5.84375,17.28125
Mullers,-23.125,-23.125,-5.84375,-5.84375,17.28125
Sarcocele,-23.125,-23.125,-5.84375,-5.84375,17.28125
Retrocardiac,-23.0,-23.0,-5.71875,-5.71875,17.28125
Churnstaff,-23.0,-23.0,-5.71875,-5.71875,17.28125
Stargaze,-22.875,-22.875,-5.59375,-5.59375,17.28125
Weasels,-22.875,-22.875,-5.59375,-5.59375,17.28125
Mucoids,-23.0,-23.0,-5.71875,-5.71875,17.28125
Scarid,-23.0,-23.0,-5.71875,-5.71875,17.28125
Peatman,-23.125,-23.125,-5.84375,-5.84375,17.28125
Kudrun,-23.0,-23.0,-5.71875,-5.71875,17.28125
Shivarees,-23.25,-23.25,-5.96875,-5.96875,17.28125
Demesgnes,-23.25,-23.25,-5.96875,-5.96875,17.28125
Simlins,-22.875,-22.875,-5.59375,-5.59375,17.28125
Trichosporange,-22.75,-22.75,-5.46875,-5.46875,17.28125
Sandspout,-22.875,-22.875,-5.59375,-5.59375,17.28125
Hemifacial,-23.125,-23.125,-5.84375,-5.84375,17.28125
Housebroken,-23.0,-23.0,-5.71875,-5.71875,17.28125
Becrusts,-22.875,-22.875,-5.59375,-5.59375,17.28125
Silage,-23.125,-23.125,-5.84375,-5.84375,17.28125
Pilikai,-23.0,-23.0,-5.71875,-5.71875,17.28125
Proclaims,-22.875,-22.875,-5.59375,-5.59375,17.28125
Eastern,-23.125,-23.125,-5.84375,-5.84375,17.28125
Bodeful,-23.125,-23.125,-5.84375,-5.84375,17.28125
Beetles,-22.75,-22.75,-5.46875,-5.46875,17.28125
Gruelers,-23.125,-23.125,-5.84375,-5.84375,17.28125
Simplex,-23.375,-23.375,-6.09375,-6.09375,17.28125
Dodoism,-23.375,-23.375,-6.09375,-6.09375,17.28125
Chauliodes,-23.125,-23.125,-5.84375,-5.84375,17.28125
Ethnobotanic,-23.125,-23.125,-5.84375,-5.84375,17.28125
Ergodic,-23.25,-23.25,-5.96875,-5.96875,17.28125
Anticyclolysis,-23.25,-23.25,-5.96875,-5.96875,17.28125
Factorial,-23.125,-23.125,-5.84375,-5.84375,17.28125
Exundate,-23.125,-23.125,-5.84375,-5.84375,17.28125
Mystagogic,-22.875,-22.875,-5.59375,-5.59375,17.28125
Bulreedy,-23.125,-23.125,-5.84375,-5.84375,17.28125
Lifeful,-23.25,-23.25,-5.96875,-5.96875,17.28125
Presages,-22.875,-22.875,-5.59375,-5.59375,17.28125
Macchia,-23.375,-23.375,-6.09375,-6.09375,17.28125
Taetsia,-23.125,-23.125,-5.84375,-5.84375,17.28125
Hodmandod,-23.125,-23.125,-5.84375,-5.84375,17.28125
Metathalamus,-23.25,-23.25,-5.96875,-5.96875,17.28125
Payong,-23.125,-23.125,-5.84375,-5.84375,17.28125
Guillemot,-23.375,-23.375,-6.09375,-6.09375,17.28125
Chiasmodon,-23.0,-23.0,-5.71875,-5.71875,17.28125
Jerrid,-23.125,-23.125,-5.84375,-5.84375,17.28125
Invernesses,-23.125,-23.125,-5.84375,-5.84375,17.28125
Alodiary,-23.25,-23.25,-5.96875,-5.96875,17.28125
Tobaccomen,-22.75,-22.75,-5.46875,-5.46875,17.28125
Trivet,-22.875,-22.875,-5.59375,-5.59375,17.28125
Veduis,-23.0,-23.0,-5.71875,-5.71875,17.28125
Thiospira,-23.25,-23.25,-5.96875,-5.96875,17.28125
Platycoelous,-23.0,-23.0,-5.71875,-5.71875,17.28125
Hairband,-22.75,-22.75,-5.46875,-5.46875,17.28125
Outbacker,-23.125,-23.125,-5.84375,-5.84375,17.28125
Isarithms,-23.25,-23.25,-5.96875,-5.96875,17.28125
Amidol,-23.125,-23.125,-5.84375,-5.84375,17.28125
Confix,-23.25,-23.25,-5.96875,-5.96875,17.28125
Overexaggerate,-23.25,-23.25,-5.96875,-5.96875,17.28125
Ovocyte,-23.125,-23.125,-5.84375,-5.84375,17.28125
Nailshop,-23.125,-23.125,-5.84375,-5.84375,17.28125
Fluorinations,-23.25,-23.25,-5.96875,-5.96875,17.28125
Browbands,-23.125,-23.125,-5.84375,-5.84375,17.28125
Orthopaedist,-23.125,-23.125,-5.84375,-5.84375,17.28125
Lennow,-23.25,-23.25,-5.96875,-5.96875,17.28125
Zamarro,-23.125,-23.125,-5.84375,-5.84375,17.28125
Craspedotal,-22.875,-22.875,-5.59375,-5.59375,17.28125
Monoamid,-23.5,-23.5,-6.21875,-6.21875,17.28125
Husker,-22.875,-22.875,-5.59375,-5.59375,17.28125
Blastematic,-23.125,-23.125,-5.84375,-5.84375,17.28125
Polymathy,-23.375,-23.375,-6.09375,-6.09375,17.28125
Scotchmen,-23.25,-23.25,-5.96875,-5.96875,17.28125
Tampalas,-23.25,-23.25,-5.96875,-5.96875,17.28125
Spikehole,-23.125,-23.125,-5.84375,-5.84375,17.28125
Murderous,-23.0,-23.0,-5.71875,-5.71875,17.28125
Ungula,-23.0,-23.0,-5.71875,-5.71875,17.28125
Petauroides,-22.875,-22.875,-5.59375,-5.59375,17.28125
Rubidic,-23.0,-23.0,-5.71875,-5.71875,17.28125
Pileolus,-23.125,-23.125,-5.84375,-5.84375,17.28125
Ultralogical,-23.125,-23.125,-5.84375,-5.84375,17.28125
Gutnic,-23.125,-23.125,-5.84375,-5.84375,17.28125
Lingster,-23.125,-23.125,-5.84375,-5.84375,17.28125
Vulpes,-23.25,-23.25,-5.96875,-5.96875,17.28125
Zizania,-23.0,-23.0,-5.71875,-5.71875,17.28125
Horseiest,-23.125,-23.125,-5.84375,-5.84375,17.28125
Sufficiency,-23.375,-23.375,-6.09375,-6.09375,17.28125
Grieshuckle,-22.625,-22.625,-5.34375,-5.34375,17.28125
Kingship,-23.375,-23.375,-6.09375,-6.09375,17.28125
Saintess,-23.125,-23.125,-5.84375,-5.84375,17.28125
Serpentinous,-22.875,-22.875,-5.59375,-5.59375,17.28125
Topographer,-23.125,-23.125,-5.84375,-5.84375,17.28125
Strawberry,-23.125,-23.125,-5.84375,-5.84375,17.28125
Adonidin,-23.125,-23.125,-5.84375,-5.84375,17.28125
Telembi,-23.125,-23.125,-5.84375,-5.84375,17.28125
Perisome,-23.0,-23.0,-5.71875,-5.71875,17.28125
Cranberries,-23.125,-23.125,-5.84375,-5.84375,17.28125
Bicarbs,-23.125,-23.125,-5.84375,-5.84375,17.28125
Paludal,-23.0,-23.0,-5.71875,-5.71875,17.28125
Repower,-23.25,-23.25,-5.96875,-5.96875,17.28125
Laocoon,-23.125,-23.125,-5.84375,-5.84375,17.28125
Origanum,-23.125,-23.125,-5.84375,-5.84375,17.28125
Exhalations,-23.0,-23.0,-5.71875,-5.71875,17.28125
Uranisms,-23.125,-23.125,-5.84375,-5.84375,17.28125
Characin,-23.125,-23.125,-5.84375,-5.84375,17.28125
Softback,-22.875,-22.875,-5.59375,-5.59375,17.28125
Pharyngodynia,-23.0,-23.0,-5.71875,-5.71875,17.28125
Makars,-23.125,-23.125,-5.84375,-5.84375,17.28125
Connectors,-23.375,-23.375,-6.09375,-6.09375,17.28125
Elacolite,-23.0,-23.0,-5.71875,-5.71875,17.28125
Emphasize,-23.125,-23.125,-5.84375,-5.84375,17.28125
Zeuzeridae,-23.25,-23.25,-5.96875,-5.96875,17.28125
Spittleman,-23.0,-23.0,-5.71875,-5.71875,17.28125
Forspend,-23.0,-23.0,-5.71875,-5.71875,17.28125
Onychophorous,-22.875,-22.875,-5.59375,-5.59375,17.28125
Elephantoidal,-23.0,-23.0,-5.71875,-5.71875,17.28125
Pedatipartite,-23.25,-23.25,-5.96875,-5.96875,17.28125
Drizzles,-23.0,-23.0,-5.71875,-5.71875,17.28125
Viscoscope,-23.125,-23.125,-5.84375,-5.84375,17.28125
Filosus,-23.375,-23.375,-6.09375,-6.09375,17.28125
Atretic,-22.875,-22.875,-5.59375,-5.59375,17.28125
Swiwet,-23.25,-23.25,-5.96875,-5.96875,17.28125
Pseudamphorae,-23.125,-23.125,-5.84375,-5.84375,17.28125
Yetapa,-22.5,-22.5,-5.21875,-5.21875,17.28125
Ruthless,-22.875,-22.875,-5.59375,-5.59375,17.28125
Scyphula,-23.0,-23.0,-5.71875,-5.71875,17.28125
Sextumvirate,-23.25,-23.25,-5.96875,-5.96875,17.28125
Newmarket,-23.125,-23.125,-5.84375,-5.84375,17.28125
Podler,-23.25,-23.25,-5.96875,-5.96875,17.28125
Acrogynae,-23.0,-23.0,-5.71875,-5.71875,17.28125
Stubbles,-23.25,-23.25,-5.96875,-5.96875,17.28125
Hydatigenous,-23.125,-23.125,-5.84375,-5.84375,17.28125
Jerreeds,-22.875,-22.875,-5.59375,-5.59375,17.28125
Petechiae,-23.25,-23.25,-5.96875,-5.96875,17.28125
Hyphomycetic,-23.0,-23.0,-5.71875,-5.71875,17.28125
Skivers,-22.875,-22.875,-5.59375,-5.59375,17.28125
Wienerwurst,-23.0,-23.0,-5.71875,-5.71875,17.28125
Ramequin,-22.875,-22.875,-5.59375,-5.59375,17.28125
Enarme,-23.25,-23.25,-5.96875,-5.96875,17.28125
Tuitions,-23.125,-23.125,-5.84375,-5.84375,17.28125
Roughs,-22.875,-22.875,-5.59375,-5.59375,17.28125
Proconsuls,-23.125,-23.125,-5.84375,-5.84375,17.28125
Principiant,-23.0,-23.0,-5.71875,-5.71875,17.28125
Nailers,-23.25,-23.25,-5.96875,-5.96875,17.28125
Floperoo,-23.125,-23.125,-5.84375,-5.84375,17.28125
Crengle,-23.0,-23.0,-5.71875,-5.71875,17.28125
Centavos,-23.375,-23.375,-6.09375,-6.09375,17.28125
Chacmas,-23.125,-23.125,-5.84375,-5.84375,17.28125
Squarecap,-23.125,-23.125,-5.84375,-5.84375,17.28125
Succulency,-22.875,-22.875,-5.59375,-5.59375,17.28125
Reaccommodates,-22.875,-22.875,-5.59375,-5.59375,17.28125
Scorpiid,-22.875,-22.875,-5.59375,-5.59375,17.28125
Cynegild,-23.0,-23.0,-5.71875,-5.71875,17.28125
Indomethacin,-23.25,-23.25,-5.96875,-5.96875,17.28125
Gustoes,-23.125,-23.125,-5.84375,-5.84375,17.28125
Tsutsutsi,-23.375,-23.375,-6.09375,-6.09375,17.28125
Tetrabrach,-23.0,-23.0,-5.71875,-5.71875,17.28125
Trundles,-22.625,-22.625,-5.34375,-5.34375,17.28125
Nelken,-23.0,-23.0,-5.71875,-5.71875,17.28125
Sulphoproteid,-22.875,-22.875,-5.59375,-5.59375,17.28125
Malmier,-23.25,-23.25,-5.96875,-5.96875,17.28125
Saprophytism,-23.5,-23.5,-6.21875,-6.21875,17.28125
Choriambuses,-23.25,-23.25,-5.96875,-5.96875,17.28125
Plasmology,-23.375,-23.375,-6.09375,-6.09375,17.28125
Adward,-22.75,-22.75,-5.46875,-5.46875,17.28125
Quienal,-23.0,-23.0,-5.71875,-5.71875,17.28125
Latecomers,-23.375,-23.375,-6.09375,-6.09375,17.28125
Acettoluide,-23.0,-23.0,-5.71875,-5.71875,17.28125
Braises,-22.875,-22.875,-5.59375,-5.59375,17.28125
Scrimmage,-23.0,-23.0,-5.71875,-5.71875,17.28125
Mahajan,-23.25,-23.25,-5.96875,-5.96875,17.28125
Pitpan,-23.125,-23.125,-5.84375,-5.84375,17.28125
Polonese,-23.5,-23.5,-6.21875,-6.21875,17.28125
Hellhound,-23.0,-23.0,-5.71875,-5.71875,17.28125
Stovepipe,-22.875,-22.875,-5.59375,-5.59375,17.28125
Skegger,-23.125,-23.125,-5.84375,-5.84375,17.28125
Marrowfat,-23.0,-23.0,-5.71875,-5.71875,17.28125
Fulfillments,-23.0,-23.0,-5.71875,-5.71875,17.28125
Scroinoch,-22.875,-22.875,-5.59375,-5.59375,17.28125
Mayflowers,-23.125,-23.125,-5.84375,-5.84375,17.28125
Mortgages,-23.0,-23.0,-5.71875,-5.71875,17.28125
Snowdonian,-22.875,-22.875,-5.59375,-5.59375,17.28125
Satrapical,-23.125,-23.125,-5.84375,-5.84375,17.28125
Bawble,-23.25,-23.25,-5.96875,-5.96875,17.28125
Justicier,-23.0,-23.0,-5.71875,-5.71875,17.28125
Janglers,-23.25,-23.25,-5.96875,-5.96875,17.28125
Gralloch,-23.125,-23.125,-5.84375,-5.84375,17.28125
Euphonetic,-23.125,-23.125,-5.84375,-5.84375,17.28125
Vinegar,-22.75,-22.75,-5.46875,-5.46875,17.28125
Elaterium,-23.0,-23.0,-5.71875,-5.71875,17.28125
Burthenman,-22.875,-22.875,-5.59375,-5.59375,17.28125
Tutball,-23.125,-23.125,-5.84375,-5.84375,17.28125
Neighbor,-23.0,-23.0,-5.71875,-5.71875,17.28125
Figeter,-23.25,-23.25,-5.96875,-5.96875,17.28125
Occasionless,-23.125,-23.125,-5.84375,-5.84375,17.28125
Platonesque,-23.125,-23.125,-5.84375,-5.84375,17.28125
Surmisal,-23.125,-23.125,-5.84375,-5.84375,17.28125
Omniprudence,-23.375,-23.375,-6.09375,-6.09375,17.28125
Aeromarine,-22.875,-22.875,-5.59375,-5.59375,17.28125
Haybote,-22.875,-22.875,-5.59375,-5.59375,17.28125
Rubbery,-22.875,-22.875,-5.59375,-5.59375,17.28125
Feulamort,-23.0,-23.0,-5.71875,-5.71875,17.28125
Premix,-23.125,-23.125,-5.84375,-5.84375,17.28125
Golgotha,-23.25,-23.25,-5.96875,-5.96875,17.28125
Inframontane,-23.0,-23.0,-5.71875,-5.71875,17.28125
Drippiest,-22.875,-22.875,-5.59375,-5.59375,17.28125
Bellevue,-23.125,-23.125,-5.84375,-5.84375,17.28125
Wabbliest,-22.875,-22.875,-5.59375,-5.59375,17.28125
Clypeastridea,-22.875,-22.875,-5.59375,-5.59375,17.28125
Fantasmagoric,-22.875,-22.875,-5.59375,-5.59375,17.28125
Beneficiaries,-23.5,-23.5,-6.21875,-6.21875,17.28125
Valvulotome,-22.75,-22.75,-5.46875,-5.46875,17.28125
Saltless,-23.125,-23.125,-5.84375,-5.84375,17.28125
Eequinoctium,-23.0,-23.0,-5.71875,-5.71875,17.28125
Counteract,-23.25,-23.25,-5.96875,-5.96875,17.28125
Savagers,-23.25,-23.25,-5.96875,-5.96875,17.28125
Orisphere,-23.0,-23.0,-5.71875,-5.71875,17.28125
Nonascendance,-23.0,-23.0,-5.71875,-5.71875,17.28125
Fluxion,-23.125,-23.125,-5.84375,-5.84375,17.28125
Zamarros,-23.375,-23.375,-6.09375,-6.09375,17.28125
Biciliate,-23.375,-23.375,-6.09375,-6.09375,17.28125
Reverb,-23.125,-23.125,-5.84375,-5.84375,17.28125
Gastrectasis,-23.25,-23.25,-5.96875,-5.96875,17.28125
Tachisms,-23.125,-23.125,-5.84375,-5.84375,17.28125
Follicle,-22.875,-22.875,-5.59375,-5.59375,17.28125
Brouille,-23.375,-23.375,-6.09375,-6.09375,17.28125
Dowels,-22.75,-22.75,-5.46875,-5.46875,17.28125
Octangle,-23.5,-23.5,-6.21875,-6.21875,17.28125
Emolumental,-23.125,-23.125,-5.84375,-5.84375,17.28125
Sollar,-23.25,-23.25,-5.96875,-5.96875,17.28125
Depreciatory,-23.25,-23.25,-5.96875,-5.96875,17.28125
Planomiller,-23.125,-23.125,-5.84375,-5.84375,17.28125
Lithofellic,-23.0,-23.0,-5.71875,-5.71875,17.28125
Subfocal,-23.25,-23.25,-5.96875,-5.96875,17.28125
Cinchonology,-23.125,-23.125,-5.84375,-5.84375,17.28125
Semsem,-23.125,-23.125,-5.84375,-5.84375,17.28125
Punkies,-23.0,-23.0,-5.71875,-5.71875,17.28125
Keelman,-22.875,-22.875,-5.59375,-5.59375,17.28125
Bosoms,-23.125,-23.125,-5.84375,-5.84375,17.28125
Ismatic,-23.25,-23.25,-5.96875,-5.96875,17.28125
Brindles,-22.875,-22.875,-5.59375,-5.59375,17.28125
Camass,-23.0,-23.0,-5.71875,-5.71875,17.28125
Moggan,-23.125,-23.125,-5.84375,-5.84375,17.28125
Encarpa,-23.0,-23.0,-5.71875,-5.71875,17.28125
Ploughfoot,-23.0,-23.0,-5.71875,-5.71875,17.28125
Bullan,-23.25,-23.25,-5.96875,-5.96875,17.28125
Jargonesque,-23.125,-23.125,-5.84375,-5.84375,17.28125
Postludes,-23.125,-23.125,-5.84375,-5.84375,17.28125
Rivulose,-22.75,-22.75,-5.46875,-5.46875,17.28125
Consular,-23.125,-23.125,-5.84375,-5.84375,17.28125
Decanter,-22.875,-22.875,-5.59375,-5.59375,17.28125
Signaturist,-23.125,-23.125,-5.84375,-5.84375,17.28125
Reperks,-23.125,-23.125,-5.84375,-5.84375,17.28125
Standby,-23.25,-23.25,-5.96875,-5.96875,17.28125
Algates,-23.125,-23.125,-5.84375,-5.84375,17.28125
Helicogyrate,-23.0,-23.0,-5.71875,-5.71875,17.28125
Dioxides,-23.25,-23.25,-5.96875,-5.96875,17.28125
Offenses,-23.625,-23.625,-6.34375,-6.34375,17.28125
Paralogy,-23.375,-23.375,-6.09375,-6.09375,17.28125
Arthropathy,-23.0,-23.0,-5.71875,-5.71875,17.28125
Quadrilogy,-23.25,-23.25,-5.96875,-5.96875,17.28125
Pyrenomycetes,-23.125,-23.125,-5.84375,-5.84375,17.28125
Protosalt,-23.125,-23.125,-5.84375,-5.84375,17.28125
Megathermal,-23.125,-23.125,-5.84375,-5.84375,17.28125
Dortour,-23.0,-23.0,-5.71875,-5.71875,17.28125
Alogian,-22.875,-22.875,-5.59375,-5.59375,17.28125
Carphophis,-22.75,-22.75,-5.46875,-5.46875,17.28125
Tabularise,-23.125,-23.125,-5.84375,-5.84375,17.28125
Fatalism,-23.5,-23.5,-6.21875,-6.21875,17.28125
Tubificidae,-23.125,-23.125,-5.84375,-5.84375,17.28125
Tressless,-23.0,-23.0,-5.71875,-5.71875,17.28125
Croquignole,-22.875,-22.875,-5.59375,-5.59375,17.28125
Choroti,-23.25,-23.25,-5.96875,-5.96875,17.28125
Riptides,-22.625,-22.625,-5.34375,-5.34375,17.28125
Xanthate,-23.125,-23.125,-5.84375,-5.84375,17.28125
Stumblers,-22.75,-22.75,-5.46875,-5.46875,17.28125
Limericks,-23.25,-23.25,-5.96875,-5.96875,17.28125
Thurmus,-23.0,-23.0,-5.71875,-5.71875,17.28125
Prelatial,-23.0,-23.0,-5.71875,-5.71875,17.28125
Nostoc,-22.875,-22.875,-5.59375,-5.59375,17.28125
Forgift,-22.875,-22.875,-5.59375,-5.59375,17.28125
Raimannia,-23.125,-23.125,-5.84375,-5.84375,17.28125
Decays,-23.125,-23.125,-5.84375,-5.84375,17.28125
Contentless,-23.0,-23.0,-5.71875,-5.71875,17.28125
Icefish,-23.25,-23.25,-5.96875,-5.96875,17.28125
Dayward,-23.25,-23.25,-5.96875,-5.96875,17.28125
Edentata,-23.125,-23.125,-5.84375,-5.84375,17.28125
Untropical,-23.125,-23.125,-5.84375,-5.84375,17.28125
Daydreams,-23.25,-23.25,-5.96875,-5.96875,17.28125
Gonosome,-23.125,-23.125,-5.84375,-5.84375,17.28125
Vermifuges,-22.75,-22.75,-5.46875,-5.46875,17.28125
Intermedius,-23.25,-23.25,-5.96875,-5.96875,17.28125
Sourer,-23.25,-23.25,-5.96875,-5.96875,17.28125
Virions,-23.0,-23.0,-5.71875,-5.71875,17.28125
Egoity,-23.375,-23.375,-6.09375,-6.09375,17.28125
Spissatus,-22.75,-22.75,-5.46875,-5.46875,17.28125
Ensisternum,-23.375,-23.375,-6.09375,-6.09375,17.28125
Fruitwoman,-23.0,-23.0,-5.71875,-5.71875,17.28125
Bronchostomy,-23.0,-23.0,-5.71875,-5.71875,17.28125
Cruzadoes,-23.25,-23.25,-5.96875,-5.96875,17.28125
Aurang,-23.0,-23.0,-5.71875,-5.71875,17.28125
Vespertide,-23.25,-23.25,-5.96875,-5.96875,17.28125
Abumbrellar,-23.25,-23.25,-5.96875,-5.96875,17.28125
Furanoses,-23.25,-23.25,-5.96875,-5.96875,17.28125
Thiocyanate,-23.125,-23.125,-5.84375,-5.84375,17.28125
Prescore,-23.125,-23.125,-5.84375,-5.84375,17.28125
Elegies,-22.875,-22.875,-5.59375,-5.59375,17.28125
Fibulas,-22.875,-22.875,-5.59375,-5.59375,17.28125
Godlike,-23.25,-23.25,-5.96875,-5.96875,17.28125
Unfaulty,-23.0,-23.0,-5.71875,-5.71875,17.28125
Starker,-23.125,-23.125,-5.84375,-5.84375,17.28125
Amovability,-23.25,-23.25,-5.96875,-5.96875,17.28125
Megalornis,-22.875,-22.875,-5.59375,-5.59375,17.28125
Untruths,-23.25,-23.25,-5.96875,-5.96875,17.28125
Feasten,-23.125,-23.125,-5.84375,-5.84375,17.28125
Tameins,-23.25,-23.25,-5.96875,-5.96875,17.28125
Antrotome,-23.25,-23.25,-5.96875,-5.96875,17.28125
Gnoses,-23.0,-23.0,-5.71875,-5.71875,17.28125
Uphoard,-23.125,-23.125,-5.84375,-5.84375,17.28125
Outwittal,-23.125,-23.125,-5.84375,-5.84375,17.28125
Occipitonuchal,-23.25,-23.25,-5.96875,-5.96875,17.28125
Otoplastic,-23.125,-23.125,-5.84375,-5.84375,17.28125
Gypseian,-23.0,-23.0,-5.71875,-5.71875,17.28125
Premusical,-23.0,-23.0,-5.71875,-5.71875,17.28125
Braziletto,-23.375,-23.375,-6.09375,-6.09375,17.28125
Vaward,-23.375,-23.375,-6.09375,-6.09375,17.28125
Monogenies,-23.0,-23.0,-5.71875,-5.71875,17.28125
Barriers,-23.25,-23.25,-5.96875,-5.96875,17.28125
Medula,-23.125,-23.125,-5.84375,-5.84375,17.28125
Neurale,-23.25,-23.25,-5.96875,-5.96875,17.28125
Gabbroid,-23.0,-23.0,-5.71875,-5.71875,17.28125
Spoilsport,-23.125,-23.125,-5.84375,-5.84375,17.28125
Circumarctic,-23.25,-23.25,-5.96875,-5.96875,17.28125
Heterozygosity,-23.25,-23.25,-5.96875,-5.96875,17.28125
Rehearings,-23.0,-23.0,-5.71875,-5.71875,17.28125
Efficacies,-23.125,-23.125,-5.84375,-5.84375,17.28125
Fistnotes,-23.25,-23.25,-5.96875,-5.96875,17.28125
Chigetai,-23.25,-23.25,-5.96875,-5.96875,17.28125
Baccalaureat,-23.375,-23.375,-6.09375,-6.09375,17.28125
Pedimentum,-23.0,-23.0,-5.71875,-5.71875,17.28125
Theravada,-23.375,-23.375,-6.09375,-6.09375,17.28125
Agaristidae,-23.25,-23.25,-5.96875,-5.96875,17.28125
Prophetesses,-23.375,-23.375,-6.09375,-6.09375,17.28125
Ploimate,-23.25,-23.25,-5.96875,-5.96875,17.28125
Godetia,-22.875,-22.875,-5.59375,-5.59375,17.28125
Organule,-23.25,-23.25,-5.96875,-5.96875,17.28125
Xiphoids,-23.25,-23.25,-5.96875,-5.96875,17.28125
Enosises,-23.125,-23.125,-5.84375,-5.84375,17.28125
Improvisor,-22.875,-22.875,-5.59375,-5.59375,17.28125
Surgiest,-23.0,-23.0,-5.71875,-5.71875,17.28125
Projectiles,-23.0,-23.0,-5.71875,-5.71875,17.28125
Corodiastasis,-23.375,-23.375,-6.09375,-6.09375,17.28125
Baalism,-23.625,-23.625,-6.34375,-6.34375,17.28125
Consonate,-23.25,-23.25,-5.96875,-5.96875,17.28125
Duenesses,-22.875,-22.875,-5.59375,-5.59375,17.28125
Sulcatorimose,-23.125,-23.125,-5.84375,-5.84375,17.28125
Cabinetwork,-23.375,-23.375,-6.09375,-6.09375,17.28125
Urethroplastic,-23.0,-23.0,-5.71875,-5.71875,17.28125
Junipers,-23.25,-23.25,-5.96875,-5.96875,17.28125
Outsmiles,-23.125,-23.125,-5.84375,-5.84375,17.28125
Needfuls,-23.125,-23.125,-5.84375,-5.84375,17.28125
Grateman,-23.0,-23.0,-5.71875,-5.71875,17.28125
Pleuropodium,-22.875,-22.875,-5.59375,-5.59375,17.28125
Trichogenous,-23.125,-23.125,-5.84375,-5.84375,17.28125
Fluoroscopists,-23.25,-23.25,-5.96875,-5.96875,17.28125
Bergsonism,-23.5,-23.5,-6.21875,-6.21875,17.28125
Permutes,-23.0,-23.0,-5.71875,-5.71875,17.28125
Nabcheat,-22.875,-22.875,-5.59375,-5.59375,17.28125
Pulegol,-23.25,-23.25,-5.96875,-5.96875,17.28125
Shineless,-23.0,-23.0,-5.71875,-5.71875,17.28125
Brumbie,-22.875,-22.875,-5.59375,-5.59375,17.28125
Adventist,-23.125,-23.125,-5.84375,-5.84375,17.28125
Montes,-23.375,-23.375,-6.09375,-6.09375,17.28125
Sebastine,-22.875,-22.875,-5.59375,-5.59375,17.28125
Royale,-22.875,-22.875,-5.59375,-5.59375,17.28125
Pilotages,-23.125,-23.125,-5.84375,-5.84375,17.28125
Chorizos,-23.375,-23.375,-6.09375,-6.09375,17.28125
Bohereen,-23.125,-23.125,-5.84375,-5.84375,17.28125
Cluniacensian,-23.0,-23.0,-5.71875,-5.71875,17.28125
Cerographies,-23.0,-23.0,-5.71875,-5.71875,17.28125
Binnacle,-23.125,-23.125,-5.84375,-5.84375,17.28125
Tergiversatory,-23.125,-23.125,-5.84375,-5.84375,17.28125
Cancel,-23.375,-23.375,-6.09375,-6.09375,17.28125
Matricides,-23.375,-23.375,-6.09375,-6.09375,17.28125
Flourishy,-23.125,-23.125,-5.84375,-5.84375,17.28125
Constellations,-23.25,-23.25,-5.96875,-5.96875,17.28125
Waywode,-23.0,-23.0,-5.71875,-5.71875,17.28125
Succinate,-23.0,-23.0,-5.71875,-5.71875,17.28125
Drygoodsman,-22.875,-22.875,-5.59375,-5.59375,17.28125
Rereward,-22.875,-22.875,-5.59375,-5.59375,17.28125
Spilehole,-23.0,-23.0,-5.71875,-5.71875,17.28125
Harast,-23.0,-23.0,-5.71875,-5.71875,17.28125
Quadrumvir,-23.0,-23.0,-5.71875,-5.71875,17.28125
Sweepy,-23.0,-23.0,-5.71875,-5.71875,17.28125
Motorphobia,-23.25,-23.25,-5.96875,-5.96875,17.28125
Warisons,-23.125,-23.125,-5.84375,-5.84375,17.28125
Greenbugs,-22.875,-22.875,-5.59375,-5.59375,17.28125
Abfarads,-23.25,-23.25,-5.96875,-5.96875,17.28125
Scandium,-23.0,-23.0,-5.71875,-5.71875,17.28125
Naticidae,-23.125,-23.125,-5.84375,-5.84375,17.28125
Recuses,-23.0,-23.0,-5.71875,-5.71875,17.28125
Misspell,-22.75,-22.75,-5.46875,-5.46875,17.28125
Bushveld,-23.0,-23.0,-5.71875,-5.71875,17.28125
Graphite,-23.125,-23.125,-5.84375,-5.84375,17.28125
Youngun,-23.125,-23.125,-5.84375,-5.84375,17.28125
Subidar,-23.25,-23.25,-5.96875,-5.96875,17.28125
Deports,-23.125,-23.125,-5.84375,-5.84375,17.28125
Shagbag,-22.875,-22.875,-5.59375,-5.59375,17.28125
Childwite,-22.875,-22.875,-5.59375,-5.59375,17.28125
Pliosaur,-22.75,-22.75,-5.46875,-5.46875,17.28125
Timberwood,-22.875,-22.875,-5.59375,-5.59375,17.28125
Retrobuccal,-23.125,-23.125,-5.84375,-5.84375,17.28125
Bristlebird,-23.0,-23.0,-5.71875,-5.71875,17.28125
Duddie,-23.125,-23.125,-5.84375,-5.84375,17.28125
Wrainstave,-22.875,-22.875,-5.59375,-5.59375,17.28125
Discommode,-22.875,-22.875,-5.59375,-5.59375,17.28125
Smugglers,-23.125,-23.125,-5.84375,-5.84375,17.28125
Fishworker,-23.375,-23.375,-6.09375,-6.09375,17.28125
Cyclohexyl,-22.875,-22.875,-5.59375,-5.59375,17.28125
Salaceta,-23.125,-23.125,-5.84375,-5.84375,17.28125
Indiglucin,-22.875,-22.875,-5.59375,-5.59375,17.28125
Dwayberry,-23.0,-23.0,-5.71875,-5.71875,17.28125
Caracter,-23.125,-23.125,-5.84375,-5.84375,17.28125
Preselect,-23.375,-23.375,-6.09375,-6.09375,17.28125
Wealth,-23.125,-23.125,-5.84375,-5.84375,17.28125
Dorsers,-23.0,-23.0,-5.71875,-5.71875,17.28125
Palish,-23.125,-23.125,-5.84375,-5.84375,17.28125
Gregarinida,-23.0,-23.0,-5.71875,-5.71875,17.28125
Terroristic,-22.875,-22.875,-5.59375,-5.59375,17.28125
Ekebergite,-23.125,-23.125,-5.84375,-5.84375,17.28125
Positival,-23.125,-23.125,-5.84375,-5.84375,17.28125
Cagester,-23.0,-23.0,-5.71875,-5.71875,17.28125
Devote,-23.0,-23.0,-5.71875,-5.71875,17.28125
Bingeys,-23.125,-23.125,-5.84375,-5.84375,17.28125
Wreakers,-23.125,-23.125,-5.84375,-5.84375,17.28125
Obispo,-23.375,-23.375,-6.09375,-6.09375,17.28125
Sigmodont,-23.0,-23.0,-5.71875,-5.71875,17.28125
Parabema,-23.125,-23.125,-5.84375,-5.84375,17.28125
Icemen,-23.0,-23.0,-5.71875,-5.71875,17.28125
Elohimic,-23.25,-23.25,-5.96875,-5.96875,17.28125
Quickwater,-23.0,-23.0,-5.71875,-5.71875,17.28125
Angiospermal,-23.125,-23.125,-5.84375,-5.84375,17.28125
Dealates,-22.875,-22.875,-5.59375,-5.59375,17.28125
Fibrinose,-23.125,-23.125,-5.84375,-5.84375,17.28125
Padishah,-23.375,-23.375,-6.09375,-6.09375,17.28125
Monodonta,-22.75,-22.75,-5.46875,-5.46875,17.28125
Ropedancer,-22.75,-22.75,-5.46875,-5.46875,17.28125
Radioisotopic,-23.0,-23.0,-5.71875,-5.71875,17.28125
Sharper,-23.25,-23.25,-5.96875,-5.96875,17.28125
Ophthalmite,-23.0,-23.0,-5.71875,-5.71875,17.28125
Artamus,-22.875,-22.875,-5.59375,-5.59375,17.28125
Atropia,-23.125,-23.125,-5.84375,-5.84375,17.28125
Shuvra,-23.25,-23.25,-5.96875,-5.96875,17.28125
Moorhen,-23.0,-23.0,-5.71875,-5.71875,17.28125
Stinkpot,-22.875,-22.875,-5.59375,-5.59375,17.28125
Geohydrologic,-23.125,-23.125,-5.84375,-5.84375,17.28125
Cashaws,-22.75,-22.75,-5.46875,-5.46875,17.28125
Hamleteer,-22.875,-22.875,-5.59375,-5.59375,17.28125
Ocreae,-23.125,-23.125,-5.84375,-5.84375,17.28125
Rotundities,-23.25,-23.25,-5.96875,-5.96875,17.28125
Cyclitic,-23.25,-23.25,-5.96875,-5.96875,17.28125
Tympanichord,-22.875,-22.875,-5.59375,-5.59375,17.28125
Thysanouran,-23.125,-23.125,-5.84375,-5.84375,17.28125
Preludio,-23.0,-23.0,-5.71875,-5.71875,17.28125
Distemperance,-23.25,-23.25,-5.96875,-5.96875,17.28125
Metalises,-23.25,-23.25,-5.96875,-5.96875,17.28125
Cratch,-22.875,-22.875,-5.59375,-5.59375,17.28125
Surreys,-23.0,-23.0,-5.71875,-5.71875,17.28125
Schedulate,-23.0,-23.0,-5.71875,-5.71875,17.28125
Fluorescein,-23.125,-23.125,-5.84375,-5.84375,17.28125
Equestrianship,-23.0,-23.0,-5.71875,-5.71875,17.28125
Sparlings,-22.75,-22.75,-5.46875,-5.46875,17.28125
Alamort,-23.0,-23.0,-5.71875,-5.71875,17.28125
Amesaces,-22.875,-22.875,-5.59375,-5.59375,17.28125
Cutlet,-22.875,-22.875,-5.59375,-5.59375,17.28125
Vicennial,-23.125,-23.125,-5.84375,-5.84375,17.28125
Medeola,-23.125,-23.125,-5.84375,-5.84375,17.28125
Autoschediasm,-23.125,-23.125,-5.84375,-5.84375,17.28125
Exfigure,-23.25,-23.25,-5.96875,-5.96875,17.28125
Thesmophoric,-23.0,-23.0,-5.71875,-5.71875,17.28125
Bogglish,-23.0,-23.0,-5.71875,-5.71875,17.28125
Discina,-23.125,-23.125,-5.84375,-5.84375,17.28125
Accessions,-23.125,-23.125,-5.84375,-5.84375,17.28125
Pleinairism,-23.375,-23.375,-6.09375,-6.09375,17.28125
Hypolocrian,-23.125,-23.125,-5.84375,-5.84375,17.28125
Crispate,-23.375,-23.375,-6.09375,-6.09375,17.28125
Nonreciprocity,-23.375,-23.375,-6.09375,-6.09375,17.28125
Salutes,-23.125,-23.125,-5.84375,-5.84375,17.28125
Crescentade,-23.125,-23.125,-5.84375,-5.84375,17.28125
Trolleymen,-22.875,-22.875,-5.59375,-5.59375,17.28125
Samydaceae,-23.125,-23.125,-5.84375,-5.84375,17.28125
Hymeniums,-23.0,-23.0,-5.71875,-5.71875,17.28125
Vaunce,-22.625,-22.625,-5.34375,-5.34375,17.28125
Utriculus,-23.0,-23.0,-5.71875,-5.71875,17.28125
Shingon,-23.125,-23.125,-5.84375,-5.84375,17.28125
Tobacconize,-22.875,-22.875,-5.59375,-5.59375,17.28125
Rupees,-23.125,-23.125,-5.84375,-5.84375,17.28125
Rodger,-22.875,-22.875,-5.59375,-5.59375,17.28125
Julaceous,-23.0,-23.0,-5.71875,-5.71875,17.28125
Matzah,-23.0,-23.0,-5.71875,-5.71875,17.28125
Underspecify,-23.125,-23.125,-5.84375,-5.84375,17.28125
Nonconformity,-23.375,-23.375,-6.09375,-6.09375,17.28125
Bushings,-23.0,-23.0,-5.71875,-5.71875,17.28125
Aurochloride,-23.25,-23.25,-5.96875,-5.96875,17.28125
Finisher,-23.0,-23.0,-5.71875,-5.71875,17.28125
Singeress,-22.875,-22.875,-5.59375,-5.59375,17.28125
Grithbreach,-22.875,-22.875,-5.59375,-5.59375,17.28125
Symptoms,-23.125,-23.125,-5.84375,-5.84375,17.28125
Efficiency,-23.25,-23.25,-5.96875,-5.96875,17.28125
Pediculi,-23.0,-23.0,-5.71875,-5.71875,17.28125
Droiture,-23.375,-23.375,-6.09375,-6.09375,17.28125
Communion,-23.125,-23.125,-5.84375,-5.84375,17.28125
Ruminates,-23.125,-23.125,-5.84375,-5.84375,17.28125
Podarthrum,-23.25,-23.25,-5.96875,-5.96875,17.28125
Syndesmosis,-23.125,-23.125,-5.84375,-5.84375,17.28125
Overgratitude,-23.0,-23.0,-5.71875,-5.71875,17.28125
Damageous,-22.875,-22.875,-5.59375,-5.59375,17.28125
Lymphadenosis,-23.375,-23.375,-6.09375,-6.09375,17.28125
Skinflints,-23.0,-23.0,-5.71875,-5.71875,17.28125
Tedeschi,-23.125,-23.125,-5.84375,-5.84375,17.28125
Vowelless,-22.5,-22.5,-5.21875,-5.21875,17.28125
Vizirates,-23.125,-23.125,-5.84375,-5.84375,17.28125
Serumal,-23.125,-23.125,-5.84375,-5.84375,17.28125
Grammy,-23.0,-23.0,-5.71875,-5.71875,17.28125
Potleg,-23.25,-23.25,-5.96875,-5.96875,17.28125
Ischialgia,-23.0,-23.0,-5.71875,-5.71875,17.28125
Siphonostomous,-23.0,-23.0,-5.71875,-5.71875,17.28125
Wasteland,-22.625,-22.625,-5.34375,-5.34375,17.28125
Falcon,-23.125,-23.125,-5.84375,-5.84375,17.28125
Axiomatical,-23.125,-23.125,-5.84375,-5.84375,17.28125
Sphaerolitic,-23.0,-23.0,-5.71875,-5.71875,17.28125
Antifungin,-23.125,-23.125,-5.84375,-5.84375,17.28125
Ideolect,-23.125,-23.125,-5.84375,-5.84375,17.28125
Pupillage,-23.25,-23.25,-5.96875,-5.96875,17.28125
Toryistic,-22.875,-22.875,-5.59375,-5.59375,17.28125
Prisms,-23.125,-23.125,-5.84375,-5.84375,17.28125
Elaborators,-23.25,-23.25,-5.96875,-5.96875,17.28125
Decompensate,-23.375,-23.375,-6.09375,-6.09375,17.28125
Banderillero,-23.25,-23.25,-5.96875,-5.96875,17.28125
Optimates,-23.375,-23.375,-6.09375,-6.09375,17.28125
Analities,-23.25,-23.25,-5.96875,-5.96875,17.28125
Amurca,-23.125,-23.125,-5.84375,-5.84375,17.28125
Orchiectomy,-23.0,-23.0,-5.71875,-5.71875,17.28125
Threepenny,-22.75,-22.75,-5.46875,-5.46875,17.28125
Rawnie,-23.0,-23.0,-5.71875,-5.71875,17.28125
Barysphere,-23.125,-23.125,-5.84375,-5.84375,17.28125
Sleepier,-22.75,-22.75,-5.46875,-5.46875,17.28125
Ampelopsin,-23.25,-23.25,-5.96875,-5.96875,17.28125
Balaustre,-23.0,-23.0,-5.71875,-5.71875,17.28125
Moutlers,-23.25,-23.25,-5.96875,-5.96875,17.28125
Explorate,-23.125,-23.125,-5.84375,-5.84375,17.28125
Wowwows,-22.75,-22.75,-5.46875,-5.46875,17.28125
Epionychia,-23.0,-23.0,-5.71875,-5.71875,17.28125
Pseudobulbar,-23.25,-23.25,-5.96875,-5.96875,17.28125
Laconisms,-23.375,-23.375,-6.09375,-6.09375,17.28125
Recurve,-23.0,-23.0,-5.71875,-5.71875,17.28125
Guereba,-23.375,-23.375,-6.09375,-6.09375,17.28125
Diffusionism,-23.25,-23.25,-5.96875,-5.96875,17.28125
Ectorhinal,-23.0,-23.0,-5.71875,-5.71875,17.28125
Oxalite,-23.0,-23.0,-5.71875,-5.71875,17.28125
Graphium,-23.125,-23.125,-5.84375,-5.84375,17.28125
Doorlike,-23.25,-23.25,-5.96875,-5.96875,17.28125
Santalol,-23.25,-23.25,-5.96875,-5.96875,17.28125
Succories,-23.125,-23.125,-5.84375,-5.84375,17.28125
Sabellan,-23.25,-23.25,-5.96875,-5.96875,17.28125
Skinneries,-22.875,-22.875,-5.59375,-5.59375,17.28125
Tetragonia,-23.0,-23.0,-5.71875,-5.71875,17.28125
Belard,-23.125,-23.125,-5.84375,-5.84375,17.28125
Becuiba,-23.125,-23.125,-5.84375,-5.84375,17.28125
Proponents,-23.5,-23.5,-6.21875,-6.21875,17.28125
Antityphoid,-23.25,-23.25,-5.96875,-5.96875,17.28125
Cobridgehead,-23.0,-23.0,-5.71875,-5.71875,17.28125
Baffies,-23.375,-23.375,-6.09375,-6.09375,17.28125
Laurite,-23.25,-23.25,-5.96875,-5.96875,17.28125
Todidae,-23.25,-23.25,-5.96875,-5.96875,17.28125
Mythography,-23.25,-23.25,-5.96875,-5.96875,17.28125
Opalinidae,-23.5,-23.5,-6.21875,-6.21875,17.28125
Cogglety,-22.875,-22.875,-5.59375,-5.59375,17.28125
Sordines,-23.25,-23.25,-5.96875,-5.96875,17.28125
Centifolious,-23.125,-23.125,-5.84375,-5.84375,17.28125
Republica,-23.25,-23.25,-5.96875,-5.96875,17.28125
Stomatoda,-23.125,-23.125,-5.84375,-5.84375,17.28125
Antefurcae,-23.25,-23.25,-5.96875,-5.96875,17.28125
Drifts,-22.875,-22.875,-5.59375,-5.59375,17.28125
Clangour,-23.0,-23.0,-5.71875,-5.71875,17.28125
Ceratium,-22.75,-22.75,-5.46875,-5.46875,17.28125
Rougeot,-23.125,-23.125,-5.84375,-5.84375,17.28125
Mestizoes,-23.5,-23.5,-6.21875,-6.21875,17.28125
Scapegoater,-23.125,-23.125,-5.84375,-5.84375,17.28125
Deanship,-23.5,-23.5,-6.21875,-6.21875,17.28125
Gynaecoid,-23.125,-23.125,-5.84375,-5.84375,17.28125
Decalogue,-23.125,-23.125,-5.84375,-5.84375,17.28125
Miaplacidus,-23.25,-23.25,-5.96875,-5.96875,17.28125
Jackanapes,-22.875,-22.875,-5.59375,-5.59375,17.28125
Endogenies,-23.375,-23.375,-6.09375,-6.09375,17.28125
Voetsek,-23.625,-23.625,-6.34375,-6.34375,17.28125
Phantasmagoria,-23.0,-23.0,-5.71875,-5.71875,17.28125
Arthrometer,-22.875,-22.875,-5.59375,-5.59375,17.28125
Shaula,-23.0,-23.0,-5.71875,-5.71875,17.28125
Chloropia,-23.125,-23.125,-5.84375,-5.84375,17.28125
Thrinter,-23.0,-23.0,-5.71875,-5.71875,17.28125
Greengill,-22.875,-22.875,-5.59375,-5.59375,17.28125
Terfezia,-23.125,-23.125,-5.84375,-5.84375,17.28125
Dedimus,-23.25,-23.25,-5.96875,-5.96875,17.28125
Mormorando,-23.0,-23.0,-5.71875,-5.71875,17.28125
Bemist,-23.375,-23.375,-6.09375,-6.09375,17.28125
Hemoproctia,-23.125,-23.125,-5.84375,-5.84375,17.28125
Outkept,-23.0,-23.0,-5.71875,-5.71875,17.28125
Parceners,-23.125,-23.125,-5.84375,-5.84375,17.28125
Handistroke,-23.375,-23.375,-6.09375,-6.09375,17.28125
Mahori,-23.125,-23.125,-5.84375,-5.84375,17.28125
Jambonneau,-23.25,-23.25,-5.96875,-5.96875,17.28125
Nocumentum,-23.125,-23.125,-5.84375,-5.84375,17.28125
Clericality,-23.375,-23.375,-6.09375,-6.09375,17.28125
Steersmate,-23.125,-23.125,-5.84375,-5.84375,17.28125
Plounce,-23.0,-23.0,-5.71875,-5.71875,17.28125
Revince,-23.125,-23.125,-5.84375,-5.84375,17.28125
Rattier,-23.25,-23.25,-5.96875,-5.96875,17.28125
Subtrigonal,-23.125,-23.125,-5.84375,-5.84375,17.28125
Hellene,-23.375,-23.375,-6.09375,-6.09375,17.28125
Reavoidance,-23.25,-23.25,-5.96875,-5.96875,17.28125
Alabandite,-23.25,-23.25,-5.96875,-5.96875,17.28125
Wingman,-23.125,-23.125,-5.84375,-5.84375,17.28125
Farthingless,-23.0,-23.0,-5.71875,-5.71875,17.28125
Scorser,-22.875,-22.875,-5.59375,-5.59375,17.28125
Preaffiliate,-23.25,-23.25,-5.96875,-5.96875,17.28125
Millefiori,-23.25,-23.25,-5.96875,-5.96875,17.28125
Nephele,-23.0,-23.0,-5.71875,-5.71875,17.28125
Suburbias,-23.25,-23.25,-5.96875,-5.96875,17.28125
Clauster,-22.875,-22.875,-5.59375,-5.59375,17.28125
Morphographer,-23.125,-23.125,-5.84375,-5.84375,17.28125
Cycloidean,-23.125,-23.125,-5.84375,-5.84375,17.28125
Valliscaulian,-22.875,-22.875,-5.59375,-5.59375,17.28125
Collyr,-23.0,-23.0,-5.71875,-5.71875,17.28125
Pneumonography,-23.0,-23.0,-5.71875,-5.71875,17.28125
Lorate,-23.25,-23.25,-5.96875,-5.96875,17.28125
Whirlpools,-23.0,-23.0,-5.71875,-5.71875,17.28125
Perioptic,-22.875,-22.875,-5.59375,-5.59375,17.28125
Footlicker,-23.25,-23.25,-5.96875,-5.96875,17.28125
Metadromous,-23.0,-23.0,-5.71875,-5.71875,17.28125
Vagabondish,-23.0,-23.0,-5.71875,-5.71875,17.28125
Flummox,-22.625,-22.625,-5.34375,-5.34375,17.28125
Eisodic,-23.125,-23.125,-5.84375,-5.84375,17.28125
Ookinetic,-23.375,-23.375,-6.09375,-6.09375,17.28125
Retinene,-23.0,-23.0,-5.71875,-5.71875,17.28125
Rhythmicize,-23.375,-23.375,-6.09375,-6.09375,17.28125
Roostership,-23.5,-23.5,-6.21875,-6.21875,17.28125
Squeezy,-23.0,-23.0,-5.71875,-5.71875,17.28125
Serenaders,-23.125,-23.125,-5.84375,-5.84375,17.28125
Perigastritis,-23.25,-23.25,-5.96875,-5.96875,17.28125
Neroic,-23.0,-23.0,-5.71875,-5.71875,17.28125
Roughdries,-23.125,-23.125,-5.84375,-5.84375,17.28125
Gastful,-23.0,-23.0,-5.71875,-5.71875,17.28125
Thicketful,-23.0,-23.0,-5.71875,-5.71875,17.28125
Adenyls,-23.125,-23.125,-5.84375,-5.84375,17.28125
Touchers,-23.0,-23.0,-5.71875,-5.71875,17.28125
Battleful,-23.25,-23.25,-5.96875,-5.96875,17.28125
Shamateurism,-23.5,-23.5,-6.21875,-6.21875,17.28125
Gonadial,-23.0,-23.0,-5.71875,-5.71875,17.28125
Governors,-23.375,-23.375,-6.09375,-6.09375,17.28125
Converser,-23.0,-23.0,-5.71875,-5.71875,17.28125
Sewerless,-23.0,-23.0,-5.71875,-5.71875,17.28125
Clunker,-23.0,-23.0,-5.71875,-5.71875,17.28125
Bassorin,-23.25,-23.25,-5.96875,-5.96875,17.28125
Cinchotine,-23.125,-23.125,-5.84375,-5.84375,17.28125
Chunderous,-23.0,-23.0,-5.71875,-5.71875,17.28125
Worble,-22.875,-22.875,-5.59375,-5.59375,17.28125
Wayhouse,-22.75,-22.75,-5.46875,-5.46875,17.28125
Discourses,-23.25,-23.25,-5.96875,-5.96875,17.28125
Bourdis,-23.25,-23.25,-5.96875,-5.96875,17.28125
Compaa,-23.375,-23.375,-6.09375,-6.09375,17.28125
Erythron,-22.875,-22.875,-5.59375,-5.59375,17.28125
Octagonal,-23.375,-23.375,-6.09375,-6.09375,17.28125
Tectosages,-23.25,-23.25,-5.96875,-5.96875,17.28125
Schute,-22.75,-22.75,-5.46875,-5.46875,17.28125
Acroconidium,-23.0,-23.0,-5.71875,-5.71875,17.28125
Brevier,-23.0,-23.0,-5.71875,-5.71875,17.28125
Interurban,-23.125,-23.125,-5.84375,-5.84375,17.28125
Poortiths,-23.25,-23.25,-5.96875,-5.96875,17.28125
Cementmaker,-23.125,-23.125,-5.84375,-5.84375,17.28125
Nonsubsidiary,-23.0,-23.0,-5.71875,-5.71875,17.28125
Vulpeculid,-23.0,-23.0,-5.71875,-5.71875,17.28125
Circulate,-23.375,-23.375,-6.09375,-6.09375,17.28125
Fogram,-23.375,-23.375,-6.09375,-6.09375,17.28125
Entohyal,-23.125,-23.125,-5.84375,-5.84375,17.28125
Periergy,-23.125,-23.125,-5.84375,-5.84375,17.28125
Plastogene,-23.25,-23.25,-5.96875,-5.96875,17.28125
Varicosity,-23.0,-23.0,-5.71875,-5.71875,17.28125
Ascriptitii,-23.125,-23.125,-5.84375,-5.84375,17.28125
Clientelage,-23.125,-23.125,-5.84375,-5.84375,17.28125
Vanilline,-23.125,-23.125,-5.84375,-5.84375,17.28125
Sangers,-23.125,-23.125,-5.84375,-5.84375,17.28125
Ostlers,-23.25,-23.25,-5.96875,-5.96875,17.28125
Manifestos,-23.375,-23.375,-6.09375,-6.09375,17.28125
Whikerby,-22.875,-22.875,-5.59375,-5.59375,17.28125
Megass,-23.125,-23.125,-5.84375,-5.84375,17.28125
Onehow,-23.0,-23.0,-5.71875,-5.71875,17.28125
Organoleptic,-23.25,-23.25,-5.96875,-5.96875,17.28125
Kurilian,-22.875,-22.875,-5.59375,-5.59375,17.28125
Protasis,-23.125,-23.125,-5.84375,-5.84375,17.28125
Ancora,-23.5,-23.5,-6.21875,-6.21875,17.28125
Asperser,-23.125,-23.125,-5.84375,-5.84375,17.28125
Disappearances,-23.25,-23.25,-5.96875,-5.96875,17.28125
Omphalotomy,-23.125,-23.125,-5.84375,-5.84375,17.28125
Blindeyes,-23.25,-23.25,-5.96875,-5.96875,17.28125
Parricidal,-23.0,-23.0,-5.71875,-5.71875,17.28125
Broncholith,-23.0,-23.0,-5.71875,-5.71875,17.28125
Gingerbready,-22.875,-22.875,-5.59375,-5.59375,17.28125
Cyclostome,-22.875,-22.875,-5.59375,-5.59375,17.28125
Hydrargyrism,-22.875,-22.875,-5.59375,-5.59375,17.28125
Selfism,-23.5,-23.5,-6.21875,-6.21875,17.28125
Intime,-23.25,-23.25,-5.96875,-5.96875,17.28125
Flaneries,-23.0,-23.0,-5.71875,-5.71875,17.28125
Plasmodesmus,-23.0,-23.0,-5.71875,-5.71875,17.28125
Renvoy,-23.375,-23.375,-6.09375,-6.09375,17.28125
Iminazole,-23.125,-23.125,-5.84375,-5.84375,17.28125
Dramamine,-23.0,-23.0,-5.71875,-5.71875,17.28125
Gametophytic,-23.125,-23.125,-5.84375,-5.84375,17.28125
Misdoubts,-23.25,-23.25,-5.96875,-5.96875,17.28125
Anisometric,-23.375,-23.375,-6.09375,-6.09375,17.28125
Anarthrous,-23.125,-23.125,-5.84375,-5.84375,17.28125
Corregidores,-23.25,-23.25,-5.96875,-5.96875,17.28125
Unstraight,-23.25,-23.25,-5.96875,-5.96875,17.28125
Jumpoffs,-23.0,-23.0,-5.71875,-5.71875,17.28125
Temerarious,-23.25,-23.25,-5.96875,-5.96875,17.28125
Arsenobismite,-23.25,-23.25,-5.96875,-5.96875,17.28125
Anneslia,-23.25,-23.25,-5.96875,-5.96875,17.28125
Majorettes,-23.0,-23.0,-5.71875,-5.71875,17.28125
Epistolize,-23.25,-23.25,-5.96875,-5.96875,17.28125
Transplanters,-23.25,-23.25,-5.96875,-5.96875,17.28125
Chondritic,-23.0,-23.0,-5.71875,-5.71875,17.28125
Commercialise,-23.25,-23.25,-5.96875,-5.96875,17.28125
Beshriek,-23.0,-23.0,-5.71875,-5.71875,17.28125
Reticuli,-23.0,-23.0,-5.71875,-5.71875,17.28125
Subedit,-23.125,-23.125,-5.84375,-5.84375,17.28125
Palatic,-23.25,-23.25,-5.96875,-5.96875,17.28125
Kanone,-23.25,-23.25,-5.96875,-5.96875,17.28125
Mispoints,-23.125,-23.125,-5.84375,-5.84375,17.28125
Ollenite,-23.25,-23.25,-5.96875,-5.96875,17.28125
Ayuntamiento,-23.25,-23.25,-5.96875,-5.96875,17.28125
Balisier,-22.875,-22.875,-5.59375,-5.59375,17.28125
Heavity,-23.125,-23.125,-5.84375,-5.84375,17.28125
Ahypnia,-23.125,-23.125,-5.84375,-5.84375,17.28125
Forebye,-23.25,-23.25,-5.96875,-5.96875,17.28125
Catalonian,-22.75,-22.75,-5.46875,-5.46875,17.28125
Blonde,-22.875,-22.875,-5.59375,-5.59375,17.28125
Malefactor,-23.0,-23.0,-5.71875,-5.71875,17.28125
Bridgetin,-23.0,-23.0,-5.71875,-5.71875,17.28125
Exomphalos,-22.75,-22.75,-5.46875,-5.46875,17.28125
Oklahoman,-22.75,-22.75,-5.46875,-5.46875,17.28125
Formanilide,-23.125,-23.125,-5.84375,-5.84375,17.28125
Mobiliary,-23.25,-23.25,-5.96875,-5.96875,17.28125
Interspace,-23.25,-23.25,-5.96875,-5.96875,17.28125
Aerodynamics,-23.125,-23.125,-5.84375,-5.84375,17.28125
Creosotic,-23.0,-23.0,-5.71875,-5.71875,17.28125
Stalingrad,-23.125,-23.125,-5.84375,-5.84375,17.28125
Interzooecial,-23.0,-23.0,-5.71875,-5.71875,17.28125
Cycloidei,-23.125,-23.125,-5.84375,-5.84375,17.28125
Pectinogen,-23.125,-23.125,-5.84375,-5.84375,17.28125
Outwove,-23.125,-23.125,-5.84375,-5.84375,17.28125
Cinques,-23.25,-23.25,-5.96875,-5.96875,17.28125
Nonconversancy,-23.0,-23.0,-5.71875,-5.71875,17.28125
Arabianize,-23.5,-23.5,-6.21875,-6.21875,17.28125
Passacaglia,-23.0,-23.0,-5.71875,-5.71875,17.28125
Stromateoid,-23.25,-23.25,-5.96875,-5.96875,17.28125
Evilest,-23.25,-23.25,-5.96875,-5.96875,17.28125
Quirts,-23.125,-23.125,-5.84375,-5.84375,17.28125
Raconteur,-23.0,-23.0,-5.71875,-5.71875,17.28125
Trepidity,-23.0,-23.0,-5.71875,-5.71875,17.28125
Sunblind,-23.0,-23.0,-5.71875,-5.71875,17.28125
Congos,-22.75,-22.75,-5.46875,-5.46875,17.28125
Skelic,-23.0,-23.0,-5.71875,-5.71875,17.28125
Brittler,-23.125,-23.125,-5.84375,-5.84375,17.28125
Fireshine,-23.25,-23.25,-5.96875,-5.96875,17.28125
Clitoromania,-23.375,-23.375,-6.09375,-6.09375,17.28125
Unpaintability,-23.125,-23.125,-5.84375,-5.84375,17.28125
Dialkylic,-23.0,-23.0,-5.71875,-5.71875,17.28125
Mattboard,-23.0,-23.0,-5.71875,-5.71875,17.28125
Agglutinogenic,-23.0,-23.0,-5.71875,-5.71875,17.28125
Cotoro,-23.375,-23.375,-6.09375,-6.09375,17.28125
Frigoric,-23.0,-23.0,-5.71875,-5.71875,17.28125
Terracer,-23.0,-23.0,-5.71875,-5.71875,17.28125
Corticotrophin,-22.875,-22.875,-5.59375,-5.59375,17.28125
Intrathyroid,-23.125,-23.125,-5.84375,-5.84375,17.28125
Tenches,-22.875,-22.875,-5.59375,-5.59375,17.28125
Tropaeolaceous,-23.0,-23.0,-5.71875,-5.71875,17.28125
Foreassurance,-23.125,-23.125,-5.84375,-5.84375,17.28125
Khanjee,-23.125,-23.125,-5.84375,-5.84375,17.28125
Antipasch,-23.25,-23.25,-5.96875,-5.96875,17.28125
Rhabdosome,-23.0,-23.0,-5.71875,-5.71875,17.28125
Bullionism,-23.5,-23.5,-6.21875,-6.21875,17.28125
Sphygmophonic,-23.0,-23.0,-5.71875,-5.71875,17.28125
Wattlework,-22.875,-22.875,-5.59375,-5.59375,17.28125
Pantaphobia,-23.25,-23.25,-5.96875,-5.96875,17.28125
Klippe,-23.0,-23.0,-5.71875,-5.71875,17.28125
Cosharer,-23.125,-23.125,-5.84375,-5.84375,17.28125
Cercospora,-23.0,-23.0,-5.71875,-5.71875,17.28125
Quizzers,-23.5,-23.5,-6.21875,-6.21875,17.28125
Spunks,-22.75,-22.75,-5.46875,-5.46875,17.28125
Volutidae,-23.25,-23.25,-5.96875,-5.96875,17.28125
Octuple,-23.5,-23.5,-6.21875,-6.21875,17.28125
Humpty,-22.875,-22.875,-5.59375,-5.59375,17.28125
Osphyalgic,-23.375,-23.375,-6.09375,-6.09375,17.28125
Gynaecia,-23.0,-23.0,-5.71875,-5.71875,17.28125
Neocolonial,-23.125,-23.125,-5.84375,-5.84375,17.28125
Understuff,-23.0,-23.0,-5.71875,-5.71875,17.28125
Chirimoya,-23.125,-23.125,-5.84375,-5.84375,17.28125
Intentionalism,-23.375,-23.375,-6.09375,-6.09375,17.28125
Whoosises,-23.0,-23.0,-5.71875,-5.71875,17.28125
Venatorial,-23.25,-23.25,-5.96875,-5.96875,17.28125
Membrana,-23.25,-23.25,-5.96875,-5.96875,17.28125
Tongers,-23.375,-23.375,-6.09375,-6.09375,17.28125
Slipcoach,-23.25,-23.25,-5.96875,-5.96875,17.28125
Paracme,-23.375,-23.375,-6.09375,-6.09375,17.28125
Nitrobenzol,-23.0,-23.0,-5.71875,-5.71875,17.28125
Hyoglossi,-23.0,-23.0,-5.71875,-5.71875,17.28125
Launchers,-23.25,-23.25,-5.96875,-5.96875,17.28125
Triduan,-23.0,-23.0,-5.71875,-5.71875,17.28125
Daguerreotype,-22.875,-22.875,-5.59375,-5.59375,17.28125
Womanizer,-22.875,-22.875,-5.59375,-5.59375,17.28125
Superficialize,-23.0,-23.0,-5.71875,-5.71875,17.28125
Promisee,-23.0,-23.0,-5.71875,-5.71875,17.28125
Fairway,-23.125,-23.125,-5.84375,-5.84375,17.28125
Anisol,-23.375,-23.375,-6.09375,-6.09375,17.28125
Ambient,-23.0,-23.0,-5.71875,-5.71875,17.28125
Archesporia,-22.875,-22.875,-5.59375,-5.59375,17.28125
Saccomyian,-22.875,-22.875,-5.59375,-5.59375,17.28125
Catheterise,-23.125,-23.125,-5.84375,-5.84375,17.28125
Rachianectes,-23.0,-23.0,-5.71875,-5.71875,17.28125
Dancalite,-23.0,-23.0,-5.71875,-5.71875,17.28125
Harpagon,-22.875,-22.875,-5.59375,-5.59375,17.28125
Pommee,-23.125,-23.125,-5.84375,-5.84375,17.28125
Gandoura,-23.25,-23.25,-5.96875,-5.96875,17.28125
Bigwigs,-23.25,-23.25,-5.96875,-5.96875,17.28125
Ophthalmology,-23.5,-23.5,-6.21875,-6.21875,17.28125
Hemimyaria,-23.25,-23.25,-5.96875,-5.96875,17.28125
Daglocks,-22.875,-22.875,-5.59375,-5.59375,17.28125
Juices,-22.875,-22.875,-5.59375,-5.59375,17.28125
Hyperplastic,-23.25,-23.25,-5.96875,-5.96875,17.28125
Bugger,-22.875,-22.875,-5.59375,-5.59375,17.28125
Soboles,-23.5,-23.5,-6.21875,-6.21875,17.28125
Unstiff,-23.0,-23.0,-5.71875,-5.71875,17.28125
Cushaws,-22.75,-22.75,-5.46875,-5.46875,17.28125
Epistolise,-23.125,-23.125,-5.84375,-5.84375,17.28125
Palilalia,-23.125,-23.125,-5.84375,-5.84375,17.28125
Martello,-23.0,-23.0,-5.71875,-5.71875,17.28125
Organises,-23.25,-23.25,-5.96875,-5.96875,17.28125
Plenarty,-23.125,-23.125,-5.84375,-5.84375,17.28125
Cochal,-23.25,-23.25,-5.96875,-5.96875,17.28125
Monaul,-22.75,-22.75,-5.46875,-5.46875,17.28125
Thanatoid,-22.875,-22.875,-5.59375,-5.59375,17.28125
Iridoparalysis,-22.875,-22.875,-5.59375,-5.59375,17.28125
Hebrewdom,-23.375,-23.375,-6.09375,-6.09375,17.28125
Supercanonical,-23.125,-23.125,-5.84375,-5.84375,17.28125
Outtinkle,-22.875,-22.875,-5.59375,-5.59375,17.28125
Gallivant,-23.0,-23.0,-5.71875,-5.71875,17.28125
Skreegh,-22.75,-22.75,-5.46875,-5.46875,17.28125
Octaeterid,-23.375,-23.375,-6.09375,-6.09375,17.28125
Overlove,-23.125,-23.125,-5.84375,-5.84375,17.28125
Gasifier,-23.125,-23.125,-5.84375,-5.84375,17.28125
Owleries,-22.5,-22.5,-5.21875,-5.21875,17.28125
Autochthon,-23.0,-23.0,-5.71875,-5.71875,17.28125
Barboy,-23.0,-23.0,-5.71875,-5.71875,17.28125
Exoascus,-22.875,-22.875,-5.59375,-5.59375,17.28125
Cingulectomy,-23.375,-23.375,-6.09375,-6.09375,17.28125
Perididymis,-23.0,-23.0,-5.71875,-5.71875,17.28125
Wricht,-22.875,-22.875,-5.59375,-5.59375,17.28125
Bienvenue,-23.0,-23.0,-5.71875,-5.71875,17.28125
Nonsectarian,-23.125,-23.125,-5.84375,-5.84375,17.28125
Pseudosematic,-23.125,-23.125,-5.84375,-5.84375,17.28125
Leporide,-23.25,-23.25,-5.96875,-5.96875,17.28125
Avarice,-23.25,-23.25,-5.96875,-5.96875,17.28125
Larrup,-23.125,-23.125,-5.84375,-5.84375,17.28125
Lemnad,-23.0,-23.0,-5.71875,-5.71875,17.28125
Loudmouths,-23.25,-23.25,-5.96875,-5.96875,17.28125
Responsibles,-23.5,-23.5,-6.21875,-6.21875,17.28125
Ambosexual,-23.25,-23.25,-5.96875,-5.96875,17.28125
Proselytes,-23.375,-23.375,-6.09375,-6.09375,17.28125
Algefacient,-23.0,-23.0,-5.71875,-5.71875,17.28125
Sameks,-23.125,-23.125,-5.84375,-5.84375,17.28125
Setulae,-23.125,-23.125,-5.84375,-5.84375,17.28125
Diocese,-22.75,-22.75,-5.5,-5.5,17.25
Eductions,-23.125,-23.125,-5.875,-5.875,17.25
Glowbird,-22.875,-22.875,-5.625,-5.625,17.25
Frusta,-22.875,-22.875,-5.625,-5.625,17.25
Jaygees,-22.875,-22.875,-5.625,-5.625,17.25
Kataphoresis,-23.125,-23.125,-5.875,-5.875,17.25
Tiburon,-23.0,-23.0,-5.75,-5.75,17.25
Archhost,-23.0,-23.0,-5.75,-5.75,17.25
Microfaunal,-22.875,-22.875,-5.625,-5.625,17.25
Patridge,-22.5,-22.5,-5.25,-5.25,17.25
Holloware,-22.875,-22.875,-5.625,-5.625,17.25
Halbert,-22.875,-22.875,-5.625,-5.625,17.25
Busheller,-23.25,-23.25,-6.0,-6.0,17.25
Pinfeathers,-22.875,-22.875,-5.625,-5.625,17.25
Pensils,-22.625,-22.625,-5.375,-5.375,17.25
Crayonist,-22.875,-22.875,-5.625,-5.625,17.25
Pelvis,-22.75,-22.75,-5.5,-5.5,17.25
Fruticetum,-22.75,-22.75,-5.5,-5.5,17.25
Epizooties,-23.125,-23.125,-5.875,-5.875,17.25
Vitreodentine,-23.0,-23.0,-5.75,-5.75,17.25
Shameful,-22.75,-22.75,-5.5,-5.5,17.25
Sexlike,-22.875,-22.875,-5.625,-5.625,17.25
Archfriend,-22.875,-22.875,-5.625,-5.625,17.25
Centrev,-23.0,-23.0,-5.75,-5.75,17.25
Rambarre,-22.875,-22.875,-5.625,-5.625,17.25
Embraciveg,-22.875,-22.875,-5.625,-5.625,17.25
Thrangity,-22.875,-22.875,-5.625,-5.625,17.25
Brigandish,-23.0,-23.0,-5.75,-5.75,17.25
Bulletin,-22.75,-22.75,-5.5,-5.5,17.25
Archicerebra,-22.625,-22.625,-5.375,-5.375,17.25
Pinholes,-23.0,-23.0,-5.75,-5.75,17.25
Hematocryal,-22.875,-22.875,-5.625,-5.625,17.25
Zootheistic,-23.0,-23.0,-5.75,-5.75,17.25
Nonfinite,-22.875,-22.875,-5.625,-5.625,17.25
Electroosmosis,-23.375,-23.375,-6.125,-6.125,17.25
Pelycosaur,-22.75,-22.75,-5.5,-5.5,17.25
Fishwoman,-22.875,-22.875,-5.625,-5.625,17.25
Shawnee,-22.5,-22.5,-5.25,-5.25,17.25
Myelopoietic,-23.0,-23.0,-5.75,-5.75,17.25
Glomerulose,-23.0,-23.0,-5.75,-5.75,17.25
Reclean,-22.875,-22.875,-5.625,-5.625,17.25
Hydrocorisae,-22.875,-22.875,-5.625,-5.625,17.25
Nummulitidae,-23.0,-23.0,-5.75,-5.75,17.25
Bassoon,-22.875,-22.875,-5.625,-5.625,17.25
Griffinesque,-23.0,-23.0,-5.75,-5.75,17.25
Analgen,-22.875,-22.875,-5.625,-5.625,17.25
Imaumbarah,-23.0,-23.0,-5.75,-5.75,17.25
Graveship,-22.75,-22.75,-5.5,-5.5,17.25
Icterical,-22.75,-22.75,-5.5,-5.5,17.25
Biomagnetism,-23.25,-23.25,-6.0,-6.0,17.25
Entotrophi,-23.0,-23.0,-5.75,-5.75,17.25
Beansetter,-22.875,-22.875,-5.625,-5.625,17.25
Acetylurea,-23.0,-23.0,-5.75,-5.75,17.25
Trickproof,-23.0,-23.0,-5.75,-5.75,17.25
Laundryman,-22.75,-22.75,-5.5,-5.5,17.25
Quinquelocular,-22.75,-22.75,-5.5,-5.5,17.25
Lycanthropist,-22.875,-22.875,-5.625,-5.625,17.25
Skitterier,-22.625,-22.625,-5.375,-5.375,17.25
Motifs,-22.75,-22.75,-5.5,-5.5,17.25
Cardiograph,-22.875,-22.875,-5.625,-5.625,17.25
Trichiurid,-22.875,-22.875,-5.625,-5.625,17.25
Diachylum,-23.0,-23.0,-5.75,-5.75,17.25
Intoxicant,-22.75,-22.75,-5.5,-5.5,17.25
Curvital,-23.125,-23.125,-5.875,-5.875,17.25
Leaseholders,-23.0,-23.0,-5.75,-5.75,17.25
Communitywide,-23.0,-23.0,-5.75,-5.75,17.25
Caryatid,-22.625,-22.625,-5.375,-5.375,17.25
Epidemiography,-23.375,-23.375,-6.125,-6.125,17.25
Belletristic,-22.875,-22.875,-5.625,-5.625,17.25
Sniggle,-22.625,-22.625,-5.375,-5.375,17.25
Psammotherapy,-23.25,-23.25,-6.0,-6.0,17.25
Whirlbat,-22.625,-22.625,-5.375,-5.375,17.25
Heroess,-23.0,-23.0,-5.75,-5.75,17.25
Pewter,-22.5,-22.5,-5.25,-5.25,17.25
Psalterian,-23.0,-23.0,-5.75,-5.75,17.25
Macacus,-23.0,-23.0,-5.75,-5.75,17.25
Dunelike,-22.75,-22.75,-5.5,-5.5,17.25
Nontronite,-22.875,-22.875,-5.625,-5.625,17.25
Slacks,-22.625,-22.625,-5.375,-5.375,17.25
Interlisp,-22.75,-22.75,-5.5,-5.5,17.25
Trowelful,-22.75,-22.75,-5.5,-5.5,17.25
Prestant,-23.25,-23.25,-6.0625,-6.0625,17.1875
Ashake,-22.875,-22.875,-5.6875,-5.6875,17.1875
Obturate,-23.0,-23.0,-5.8125,-5.8125,17.1875
Devota,-22.875,-22.875,-5.6875,-5.6875,17.1875
Otterhound,-23.0,-23.0,-5.8125,-5.8125,17.1875
Overcare,-23.125,-23.125,-5.9375,-5.9375,17.1875
Pickage,-23.0,-23.0,-5.8125,-5.8125,17.1875
Ankerhold,-23.125,-23.125,-5.9375,-5.9375,17.1875
Traviss,-22.875,-22.875,-5.6875,-5.6875,17.1875
Basque,-23.375,-23.375,-6.1875,-6.1875,17.1875
Parviflorous,-23.0,-23.0,-5.8125,-5.8125,17.1875
Resiancy,-23.125,-23.125,-5.9375,-5.9375,17.1875
Shebar,-23.0,-23.0,-5.8125,-5.8125,17.1875
Sarcostosis,-23.125,-23.125,-5.9375,-5.9375,17.1875
Lipobranchia,-23.125,-23.125,-5.9375,-5.9375,17.1875
Cardiant,-23.0,-23.0,-5.8125,-5.8125,17.1875
Semicentenary,-23.5,-23.5,-6.3125,-6.3125,17.1875
Alictisal,-23.0,-23.0,-5.8125,-5.8125,17.1875
Tipful,-23.0,-23.0,-5.8125,-5.8125,17.1875
Carpals,-23.0,-23.0,-5.8125,-5.8125,17.1875
Esthematology,-23.0,-23.0,-5.8125,-5.8125,17.1875
Americanistic,-23.0,-23.0,-5.8125,-5.8125,17.1875
Euthyneural,-23.0,-23.0,-5.8125,-5.8125,17.1875
Pourboires,-23.0,-23.0,-5.8125,-5.8125,17.1875
Magnesias,-23.0,-23.0,-5.8125,-5.8125,17.1875
Nicodemus,-23.0,-23.0,-5.8125,-5.8125,17.1875
Recordance,-23.125,-23.125,-5.9375,-5.9375,17.1875
Knockless,-23.125,-23.125,-5.9375,-5.9375,17.1875
Magrim,-22.75,-22.75,-5.5625,-5.5625,17.1875
Keyster,-22.875,-22.875,-5.6875,-5.6875,17.1875
Isanomal,-23.0,-23.0,-5.8125,-5.8125,17.1875
Tabletops,-22.875,-22.875,-5.6875,-5.6875,17.1875
Keratolysis,-23.25,-23.25,-6.0625,-6.0625,17.1875
Basidiosporous,-23.125,-23.125,-5.9375,-5.9375,17.1875
Intimal,-23.0,-23.0,-5.8125,-5.8125,17.1875
Marlena,-22.75,-22.75,-5.5625,-5.5625,17.1875
Macrocornea,-23.375,-23.375,-6.1875,-6.1875,17.1875
Silverizer,-22.875,-22.875,-5.6875,-5.6875,17.1875
Viscose,-23.0,-23.0,-5.8125,-5.8125,17.1875
Mazeful,-23.25,-23.25,-6.0625,-6.0625,17.1875
Dunderheads,-23.125,-23.125,-5.9375,-5.9375,17.1875
Metantimonite,-23.0,-23.0,-5.8125,-5.8125,17.1875
Sphaeroma,-23.0,-23.0,-5.8125,-5.8125,17.1875
Pleurotoma,-23.0,-23.0,-5.8125,-5.8125,17.1875
Brushbird,-23.0,-23.0,-5.8125,-5.8125,17.1875
Methylol,-23.125,-23.125,-5.9375,-5.9375,17.1875
Restiffen,-23.0,-23.0,-5.8125,-5.8125,17.1875
Naseberry,-23.0,-23.0,-5.8125,-5.8125,17.1875
Stageworthy,-23.0,-23.0,-5.8125,-5.8125,17.1875
Farand,-23.125,-23.125,-5.9375,-5.9375,17.1875
Stormproof,-23.125,-23.125,-5.9375,-5.9375,17.1875
Pagehood,-23.125,-23.125,-5.9375,-5.9375,17.1875
Pitchstone,-23.0,-23.0,-5.8125,-5.8125,17.1875
Consultative,-23.25,-23.25,-6.0625,-6.0625,17.1875
Leucoxene,-22.875,-22.875,-5.6875,-5.6875,17.1875
Reverseless,-23.125,-23.125,-5.9375,-5.9375,17.1875
Cockshot,-23.125,-23.125,-5.9375,-5.9375,17.1875
Hektometer,-23.0,-23.0,-5.8125,-5.8125,17.1875
Exuberant,-23.0,-23.0,-5.8125,-5.8125,17.1875
Girths,-22.875,-22.875,-5.6875,-5.6875,17.1875
Martinist,-23.125,-23.125,-5.9375,-5.9375,17.1875
Tidier,-23.0,-23.0,-5.8125,-5.8125,17.1875
Hemelyttra,-22.875,-22.875,-5.6875,-5.6875,17.1875
Propagulum,-23.375,-23.375,-6.1875,-6.1875,17.1875
Wangoni,-23.25,-23.25,-6.0625,-6.0625,17.1875
Cephalom,-23.0,-23.0,-5.8125,-5.8125,17.1875
Tonograph,-23.0,-23.0,-5.8125,-5.8125,17.1875
Vialful,-23.0,-23.0,-5.8125,-5.8125,17.1875
Locksmithery,-23.125,-23.125,-5.9375,-5.9375,17.1875
Corrivals,-22.875,-22.875,-5.6875,-5.6875,17.1875
Acaridan,-23.0,-23.0,-5.8125,-5.8125,17.1875
Associatory,-23.25,-23.25,-6.0625,-6.0625,17.1875
Machinery,-23.125,-23.125,-5.9375,-5.9375,17.1875
Clinkant,-22.875,-22.875,-5.6875,-5.6875,17.1875
Soleplate,-23.0,-23.0,-5.8125,-5.8125,17.1875
Furnacer,-23.0,-23.0,-5.8125,-5.8125,17.1875
Ungesticular,-22.875,-22.875,-5.6875,-5.6875,17.1875
Gashful,-23.125,-23.125,-5.9375,-5.9375,17.1875
Dermohemal,-23.125,-23.125,-5.9375,-5.9375,17.1875
Sanctify,-23.5,-23.5,-6.3125,-6.3125,17.1875
Humankind,-23.5,-23.5,-6.3125,-6.3125,17.1875
Hackamatak,-23.125,-23.125,-5.9375,-5.9375,17.1875
Thrawartlike,-23.25,-23.25,-6.0625,-6.0625,17.1875
Coalholes,-22.875,-22.875,-5.6875,-5.6875,17.1875
Cabasa,-23.0,-23.0,-5.8125,-5.8125,17.1875
Credere,-23.375,-23.375,-6.1875,-6.1875,17.1875
Uniguttulate,-23.125,-23.125,-5.9375,-5.9375,17.1875
Maximal,-23.25,-23.25,-6.0625,-6.0625,17.1875
Leucoethiop,-23.0,-23.0,-5.8125,-5.8125,17.1875
Cobblestones,-23.0,-23.0,-5.8125,-5.8125,17.1875
Popian,-23.125,-23.125,-5.9375,-5.9375,17.1875
Subsacral,-23.375,-23.375,-6.1875,-6.1875,17.1875
Munity,-23.375,-23.375,-6.1875,-6.1875,17.1875
Deceptive,-23.125,-23.125,-5.9375,-5.9375,17.1875
Plateman,-23.125,-23.125,-5.9375,-5.9375,17.1875
Terebinthina,-22.875,-22.875,-5.6875,-5.6875,17.1875
Hotcakes,-23.125,-23.125,-5.9375,-5.9375,17.1875
Meteoritics,-23.0,-23.0,-5.8125,-5.8125,17.1875
Sclerophyll,-23.0,-23.0,-5.8125,-5.8125,17.1875
Busier,-23.0,-23.0,-5.8125,-5.8125,17.1875
Isoindole,-23.125,-23.125,-5.9375,-5.9375,17.1875
Ecospecific,-23.25,-23.25,-6.0625,-6.0625,17.1875
Bilabiate,-23.0,-23.0,-5.8125,-5.8125,17.1875
Ordinaire,-23.125,-23.125,-5.9375,-5.9375,17.1875
Camphanic,-23.0,-23.0,-5.8125,-5.8125,17.1875
Ceraceous,-22.75,-22.75,-5.5625,-5.5625,17.1875
Bayamo,-23.0,-23.0,-5.8125,-5.8125,17.1875
Larget,-23.125,-23.125,-5.9375,-5.9375,17.1875
Underaldermen,-23.0,-23.0,-5.8125,-5.8125,17.1875
Stillier,-23.125,-23.125,-5.9375,-5.9375,17.1875
Decompound,-23.25,-23.25,-6.0625,-6.0625,17.1875
Prosacral,-23.125,-23.125,-5.9375,-5.9375,17.1875
Corporacy,-23.25,-23.25,-6.0625,-6.0625,17.1875
Lucinda,-22.875,-22.875,-5.6875,-5.6875,17.1875
Schneiderian,-23.0,-23.0,-5.8125,-5.8125,17.1875
Niceish,-23.125,-23.125,-5.9375,-5.9375,17.1875
Amphibalus,-22.875,-22.875,-5.6875,-5.6875,17.1875
Rhizomelic,-23.125,-23.125,-5.9375,-5.9375,17.1875
Postsphenoidal,-23.0,-23.0,-5.8125,-5.8125,17.1875
Clapholt,-23.0,-23.0,-5.8125,-5.8125,17.1875
Browless,-23.0,-23.0,-5.8125,-5.8125,17.1875
Glabellum,-23.125,-23.125,-5.9375,-5.9375,17.1875
Citrous,-22.875,-22.875,-5.6875,-5.6875,17.1875
Clofibrate,-22.875,-22.875,-5.6875,-5.6875,17.1875
Possibilities,-23.125,-23.125,-5.9375,-5.9375,17.1875
Grapes,-23.0,-23.0,-5.8125,-5.8125,17.1875
Esculents,-22.875,-22.875,-5.6875,-5.6875,17.1875
Stannel,-23.0,-23.0,-5.8125,-5.8125,17.1875
Ectocuniform,-23.0,-23.0,-5.8125,-5.8125,17.1875
Kindredless,-22.875,-22.875,-5.6875,-5.6875,17.1875
Sandboxes,-23.125,-23.125,-5.9375,-5.9375,17.1875
Castellany,-23.125,-23.125,-5.9375,-5.9375,17.1875
Fitchee,-23.25,-23.25,-6.0625,-6.0625,17.1875
Heavenward,-23.25,-23.25,-6.0625,-6.0625,17.1875
Refacilitate,-23.375,-23.375,-6.1875,-6.1875,17.1875
Ghetti,-23.0,-23.0,-5.8125,-5.8125,17.1875
Reeden,-23.125,-23.125,-5.9375,-5.9375,17.1875
Remedium,-23.125,-23.125,-5.9375,-5.9375,17.1875
Reinstruct,-23.25,-23.25,-6.0625,-6.0625,17.1875
Endarteritis,-23.625,-23.625,-6.4375,-6.4375,17.1875
Mobilises,-23.25,-23.25,-6.0625,-6.0625,17.1875
Isochors,-23.125,-23.125,-5.9375,-5.9375,17.1875
Couture,-22.875,-22.875,-5.6875,-5.6875,17.1875
Screar,-22.875,-22.875,-5.6875,-5.6875,17.1875
Rackful,-23.125,-23.125,-5.9375,-5.9375,17.1875
Linters,-23.0,-23.0,-5.8125,-5.8125,17.1875
Sulfurea,-23.0,-23.0,-5.8125,-5.8125,17.1875
Stelae,-23.0,-23.0,-5.8125,-5.8125,17.1875
Cnidocyst,-22.875,-22.875,-5.6875,-5.6875,17.1875
Tambreet,-23.125,-23.125,-5.9375,-5.9375,17.1875
Internuclear,-23.125,-23.125,-5.9375,-5.9375,17.1875
Flouncy,-23.125,-23.125,-5.9375,-5.9375,17.1875
Providore,-23.25,-23.25,-6.0625,-6.0625,17.1875
Agalena,-23.0,-23.0,-5.8125,-5.8125,17.1875
Prosorus,-23.0,-23.0,-5.8125,-5.8125,17.1875
Bigotries,-23.25,-23.25,-6.0625,-6.0625,17.1875
Silver,-23.125,-23.125,-5.9375,-5.9375,17.1875
Castlet,-23.0,-23.0,-5.8125,-5.8125,17.1875
Earthlight,-23.0,-23.0,-5.8125,-5.8125,17.1875
Whiteacre,-23.0,-23.0,-5.8125,-5.8125,17.1875
Galcha,-23.0,-23.0,-5.8125,-5.8125,17.1875
Endopleural,-23.125,-23.125,-5.9375,-5.9375,17.1875
Methylal,-23.0,-23.0,-5.8125,-5.8125,17.1875
Trailbreaker,-23.0,-23.0,-5.8125,-5.8125,17.1875
Newlyweds,-23.5,-23.5,-6.3125,-6.3125,17.1875
Nondiastatic,-22.875,-22.875,-5.6875,-5.6875,17.1875
Werewolfish,-22.875,-22.875,-5.6875,-5.6875,17.1875
Jargonic,-23.0,-23.0,-5.8125,-5.8125,17.1875
Transborder,-23.25,-23.25,-6.0625,-6.0625,17.1875
Sasswood,-23.0,-23.0,-5.8125,-5.8125,17.1875
Tostamente,-23.125,-23.125,-5.9375,-5.9375,17.1875
Margaritomancy,-23.125,-23.125,-5.9375,-5.9375,17.1875
Vivaries,-23.0,-23.0,-5.8125,-5.8125,17.1875
Waveforms,-23.25,-23.25,-6.0625,-6.0625,17.1875
Handsewn,-23.125,-23.125,-5.9375,-5.9375,17.1875
Linelet,-23.25,-23.25,-6.0625,-6.0625,17.1875
Freith,-22.875,-22.875,-5.6875,-5.6875,17.1875
Nesiote,-23.0,-23.0,-5.8125,-5.8125,17.1875
Nitrils,-23.0,-23.0,-5.8125,-5.8125,17.1875
Gagster,-23.0,-23.0,-5.8125,-5.8125,17.1875
Clumsier,-22.875,-22.875,-5.6875,-5.6875,17.1875
Loricata,-23.0,-23.0,-5.8125,-5.8125,17.1875
Isothermobath,-23.125,-23.125,-5.9375,-5.9375,17.1875
Sproutage,-23.25,-23.25,-6.0625,-6.0625,17.1875
Algorithms,-23.25,-23.25,-6.0625,-6.0625,17.1875
Atrophic,-23.0,-23.0,-5.8125,-5.8125,17.1875
Kinglike,-23.25,-23.25,-6.0625,-6.0625,17.1875
Tapayaxin,-23.0,-23.0,-5.8125,-5.8125,17.1875
Effects,-23.0,-23.0,-5.8125,-5.8125,17.1875
Drawgate,-23.125,-23.125,-5.9375,-5.9375,17.1875
Ducato,-23.125,-23.125,-5.9375,-5.9375,17.1875
Flocculate,-23.375,-23.375,-6.1875,-6.1875,17.1875
Descendant,-22.875,-22.875,-5.6875,-5.6875,17.1875
Pronghorns,-23.125,-23.125,-5.9375,-5.9375,17.1875
Thalassal,-23.0,-23.0,-5.8125,-5.8125,17.1875
Algoid,-23.375,-23.375,-6.1875,-6.1875,17.1875
Hemadrometry,-23.125,-23.125,-5.9375,-5.9375,17.1875
Agaphite,-23.0,-23.0,-5.8125,-5.8125,17.1875
Spheradian,-23.125,-23.125,-5.9375,-5.9375,17.1875
Ehuawa,-23.125,-23.125,-5.9375,-5.9375,17.1875
Spuriae,-23.125,-23.125,-5.9375,-5.9375,17.1875
Affronte,-23.125,-23.125,-5.9375,-5.9375,17.1875
Hemiteratic,-23.0,-23.0,-5.8125,-5.8125,17.1875
Secess,-23.125,-23.125,-5.9375,-5.9375,17.1875
Airposts,-23.25,-23.25,-6.0625,-6.0625,17.1875
Spitten,-23.0,-23.0,-5.8125,-5.8125,17.1875
Bigamic,-23.125,-23.125,-5.9375,-5.9375,17.1875
Borele,-23.25,-23.25,-6.0625,-6.0625,17.1875
Cepaceous,-22.875,-22.875,-5.6875,-5.6875,17.1875
Tetrastylous,-22.875,-22.875,-5.6875,-5.6875,17.1875
Continuate,-23.25,-23.25,-6.0625,-6.0625,17.1875
Brushiest,-22.875,-22.875,-5.6875,-5.6875,17.1875
Galvanography,-23.25,-23.25,-6.0625,-6.0625,17.1875
Stream,-23.25,-23.25,-6.0625,-6.0625,17.1875
Platformish,-23.25,-23.25,-6.0625,-6.0625,17.1875
Crescendo,-22.875,-22.875,-5.6875,-5.6875,17.1875
Denotes,-23.0,-23.0,-5.8125,-5.8125,17.1875
Tokologies,-23.375,-23.375,-6.1875,-6.1875,17.1875
Bindings,-23.25,-23.25,-6.0625,-6.0625,17.1875
Akhissar,-23.125,-23.125,-5.9375,-5.9375,17.1875
Ambers,-22.875,-22.875,-5.6875,-5.6875,17.1875
Gliadines,-23.0,-23.0,-5.8125,-5.8125,17.1875
Porule,-23.125,-23.125,-5.9375,-5.9375,17.1875
Caroteel,-22.875,-22.875,-5.6875,-5.6875,17.1875
Frettier,-23.0,-23.0,-5.8125,-5.8125,17.1875
Mataeologue,-23.125,-23.125,-5.9375,-5.9375,17.1875
Splitfruit,-23.0,-23.0,-5.8125,-5.8125,17.1875
Shorer,-23.0,-23.0,-5.8125,-5.8125,17.1875
Hyperper,-23.25,-23.25,-6.0625,-6.0625,17.1875
Whalehead,-22.875,-22.875,-5.6875,-5.6875,17.1875
Annattos,-23.125,-23.125,-5.9375,-5.9375,17.1875
Germanium,-22.875,-22.875,-5.6875,-5.6875,17.1875
Nordicize,-23.75,-23.75,-6.5625,-6.5625,17.1875
Hemiamb,-23.125,-23.125,-5.9375,-5.9375,17.1875
Flasket,-23.125,-23.125,-5.9375,-5.9375,17.1875
Bendways,-22.875,-22.875,-5.6875,-5.6875,17.1875
Gotham,-22.875,-22.875,-5.6875,-5.6875,17.1875
Anopsy,-23.125,-23.125,-5.9375,-5.9375,17.1875
Hypophyseal,-23.125,-23.125,-5.9375,-5.9375,17.1875
Florentinism,-23.625,-23.625,-6.4375,-6.4375,17.1875
Coquetoon,-23.0,-23.0,-5.8125,-5.8125,17.1875
Dorsomesal,-23.0,-23.0,-5.8125,-5.8125,17.1875
Glucemia,-22.875,-22.875,-5.6875,-5.6875,17.1875
Sovkhose,-23.0,-23.0,-5.8125,-5.8125,17.1875
Girandole,-22.875,-22.875,-5.6875,-5.6875,17.1875
Bottler,-23.0,-23.0,-5.8125,-5.8125,17.1875
Suitcases,-22.875,-22.875,-5.6875,-5.6875,17.1875
Rhamnal,-23.125,-23.125,-5.9375,-5.9375,17.1875
Airbrushes,-23.0,-23.0,-5.8125,-5.8125,17.1875
Hematopoiesis,-23.375,-23.375,-6.1875,-6.1875,17.1875
Apophylactic,-22.875,-22.875,-5.6875,-5.6875,17.1875
Cardiomotility,-23.125,-23.125,-5.9375,-5.9375,17.1875
Demythify,-23.375,-23.375,-6.1875,-6.1875,17.1875
Retinophoral,-22.875,-22.875,-5.6875,-5.6875,17.1875
Heptite,-23.125,-23.125,-5.9375,-5.9375,17.1875
Creeshy,-22.875,-22.875,-5.6875,-5.6875,17.1875
Rhopalium,-22.75,-22.75,-5.5625,-5.5625,17.1875
Enchest,-23.125,-23.125,-5.9375,-5.9375,17.1875
Broken,-23.0,-23.0,-5.8125,-5.8125,17.1875
Ammodyte,-22.875,-22.875,-5.6875,-5.6875,17.1875
Epicedia,-23.25,-23.25,-6.0625,-6.0625,17.1875
Handwritten,-23.125,-23.125,-5.9375,-5.9375,17.1875
Sunderer,-22.875,-22.875,-5.6875,-5.6875,17.1875
Barrio,-23.0,-23.0,-5.8125,-5.8125,17.1875
Solfeggiare,-23.125,-23.125,-5.9375,-5.9375,17.1875
Foggage,-23.125,-23.125,-5.9375,-5.9375,17.1875
Enhances,-23.0,-23.0,-5.8125,-5.8125,17.1875
Spinal,-22.75,-22.75,-5.5625,-5.5625,17.1875
Spryest,-23.125,-23.125,-5.9375,-5.9375,17.1875
Nesosilicate,-23.0,-23.0,-5.8125,-5.8125,17.1875
Conyger,-23.0,-23.0,-5.8125,-5.8125,17.1875
Otogenous,-23.25,-23.25,-6.0625,-6.0625,17.1875
Carbonite,-22.875,-22.875,-5.6875,-5.6875,17.1875
Farandoles,-23.125,-23.125,-5.9375,-5.9375,17.1875
Balant,-22.875,-22.875,-5.6875,-5.6875,17.1875
Dendrologic,-23.125,-23.125,-5.9375,-5.9375,17.1875
Forestful,-23.125,-23.125,-5.9375,-5.9375,17.1875
Inferobranch,-23.0,-23.0,-5.8125,-5.8125,17.1875
Bouldery,-23.0,-23.0,-5.8125,-5.8125,17.1875
Figurative,-23.375,-23.375,-6.1875,-6.1875,17.1875
Sonatas,-23.125,-23.125,-5.9375,-5.9375,17.1875
Columba,-22.875,-22.875,-5.6875,-5.6875,17.1875
Hoyman,-23.125,-23.125,-5.9375,-5.9375,17.1875
Cytokinetic,-22.875,-22.875,-5.6875,-5.6875,17.1875
Approvers,-23.5,-23.5,-6.3125,-6.3125,17.1875
Marplot,-23.125,-23.125,-5.9375,-5.9375,17.1875
Zirconate,-23.125,-23.125,-5.9375,-5.9375,17.1875
Creatinuria,-23.125,-23.125,-5.9375,-5.9375,17.1875
Reconfigures,-23.0,-23.0,-5.8125,-5.8125,17.1875
Titanous,-23.125,-23.125,-5.9375,-5.9375,17.1875
Hummel,-22.875,-22.875,-5.6875,-5.6875,17.1875
Freightliner,-22.875,-22.875,-5.6875,-5.6875,17.1875
Benzalaniline,-23.125,-23.125,-5.9375,-5.9375,17.1875
Weeper,-23.0,-23.0,-5.8125,-5.8125,17.1875
Brownout,-22.875,-22.875,-5.6875,-5.6875,17.1875
Baccharoid,-23.0,-23.0,-5.8125,-5.8125,17.1875
Systemoid,-23.375,-23.375,-6.1875,-6.1875,17.1875
Chorous,-23.0,-23.0,-5.8125,-5.8125,17.1875
Uralium,-22.875,-22.875,-5.71875,-5.71875,17.15625
Minerals,-23.0,-23.0,-5.84375,-5.84375,17.15625
Meteoroscopy,-23.125,-23.125,-5.96875,-5.96875,17.15625
Hierogrammatic,-23.125,-23.125,-5.96875,-5.96875,17.15625
Outhammer,-22.875,-22.875,-5.71875,-5.71875,17.15625
Abnegates,-22.875,-22.875,-5.71875,-5.71875,17.15625
Ripsaws,-22.5,-22.5,-5.34375,-5.34375,17.15625
Bootlaces,-23.0,-23.0,-5.84375,-5.84375,17.15625
Sightless,-22.875,-22.875,-5.71875,-5.71875,17.15625
Angioasthenia,-23.25,-23.25,-6.09375,-6.09375,17.15625
Hysteromania,-23.5,-23.5,-6.34375,-6.34375,17.15625
Usufructuary,-23.125,-23.125,-5.96875,-5.96875,17.15625
Alviducous,-23.125,-23.125,-5.96875,-5.96875,17.15625
Stationery,-23.0,-23.0,-5.84375,-5.84375,17.15625
Nonhearer,-22.875,-22.875,-5.71875,-5.71875,17.15625
Microgranitoid,-23.0,-23.0,-5.84375,-5.84375,17.15625
Cyclonite,-22.75,-22.75,-5.59375,-5.59375,17.15625
Municipalism,-23.375,-23.375,-6.21875,-6.21875,17.15625
Amphibichnite,-23.0,-23.0,-5.84375,-5.84375,17.15625
Teakettle,-22.75,-22.75,-5.59375,-5.59375,17.15625
Ctenoplana,-22.75,-22.75,-5.59375,-5.59375,17.15625
Geneserin,-23.0,-23.0,-5.84375,-5.84375,17.15625
Services,-23.25,-23.25,-6.09375,-6.09375,17.15625
Octaploidic,-23.125,-23.125,-5.96875,-5.96875,17.15625
Backlists,-23.25,-23.25,-6.09375,-6.09375,17.15625
Dithyrambs,-23.125,-23.125,-5.96875,-5.96875,17.15625
Bardiest,-22.75,-22.75,-5.59375,-5.59375,17.15625
Multipurpose,-23.0,-23.0,-5.84375,-5.84375,17.15625
Apokatastasis,-23.125,-23.125,-5.96875,-5.96875,17.15625
Hygrostomia,-23.125,-23.125,-5.96875,-5.96875,17.15625
Alexia,-22.875,-22.875,-5.71875,-5.71875,17.15625
Woolshears,-23.0,-23.0,-5.84375,-5.84375,17.15625
Lushiest,-22.75,-22.75,-5.59375,-5.59375,17.15625
Marmor,-23.375,-23.375,-6.21875,-6.21875,17.15625
Parosteal,-23.125,-23.125,-5.96875,-5.96875,17.15625
Shrinelet,-23.125,-23.125,-5.96875,-5.96875,17.15625
Sickroom,-22.875,-22.875,-5.71875,-5.71875,17.15625
Wiglet,-22.75,-22.75,-5.59375,-5.59375,17.15625
Allonges,-23.125,-23.125,-5.96875,-5.96875,17.15625
Mezentism,-23.25,-23.25,-6.09375,-6.09375,17.15625
Equisurface,-23.25,-23.25,-6.09375,-6.09375,17.15625
Sciosophy,-23.25,-23.25,-6.09375,-6.09375,17.15625
Duotriacontane,-22.875,-22.875,-5.71875,-5.71875,17.15625
Delicts,-23.0,-23.0,-5.84375,-5.84375,17.15625
Waterbuck,-23.125,-23.125,-5.96875,-5.96875,17.15625
Ludwigite,-23.0,-23.0,-5.84375,-5.84375,17.15625
Cohanim,-23.0,-23.0,-5.84375,-5.84375,17.15625
Enduro,-22.875,-22.875,-5.71875,-5.71875,17.15625
Monastic,-22.75,-22.75,-5.59375,-5.59375,17.15625
Saccos,-23.0,-23.0,-5.84375,-5.84375,17.15625
Urostea,-23.0,-23.0,-5.84375,-5.84375,17.15625
Paucifolious,-22.75,-22.75,-5.59375,-5.59375,17.15625
Sultanates,-23.375,-23.375,-6.21875,-6.21875,17.15625
Undiabetic,-22.875,-22.875,-5.71875,-5.71875,17.15625
Futharcs,-22.875,-22.875,-5.71875,-5.71875,17.15625
Ananthropism,-23.5,-23.5,-6.34375,-6.34375,17.15625
Washman,-22.75,-22.75,-5.59375,-5.59375,17.15625
Drecks,-22.625,-22.625,-5.46875,-5.46875,17.15625
Devadasi,-23.0,-23.0,-5.84375,-5.84375,17.15625
Ergophobia,-23.125,-23.125,-5.96875,-5.96875,17.15625
Sharnbud,-22.875,-22.875,-5.71875,-5.71875,17.15625
Geochemical,-23.0,-23.0,-5.84375,-5.84375,17.15625
Osmograph,-23.25,-23.25,-6.09375,-6.09375,17.15625
Barrel,-23.25,-23.25,-6.09375,-6.09375,17.15625
Europeward,-23.25,-23.25,-6.09375,-6.09375,17.15625
Smokies,-22.75,-22.75,-5.59375,-5.59375,17.15625
Includes,-23.125,-23.125,-5.96875,-5.96875,17.15625
Messinese,-23.125,-23.125,-5.96875,-5.96875,17.15625
Whetters,-23.0,-23.0,-5.84375,-5.84375,17.15625
Thyreoglossal,-23.0,-23.0,-5.84375,-5.84375,17.15625
Fruitist,-23.0,-23.0,-5.84375,-5.84375,17.15625
Hemiasynergia,-23.25,-23.25,-6.09375,-6.09375,17.15625
Laplandic,-23.125,-23.125,-5.96875,-5.96875,17.15625
Nabbuk,-23.25,-23.25,-6.09375,-6.09375,17.15625
Capharnaism,-23.25,-23.25,-6.09375,-6.09375,17.15625
Alatern,-23.0,-23.0,-5.84375,-5.84375,17.15625
Opisthodont,-23.25,-23.25,-6.09375,-6.09375,17.15625
Dohter,-22.75,-22.75,-5.59375,-5.59375,17.15625
Triseriatim,-23.0,-23.0,-5.84375,-5.84375,17.15625
Blinkards,-23.125,-23.125,-5.96875,-5.96875,17.15625
Oughtlins,-22.875,-22.875,-5.71875,-5.71875,17.15625
Androphyll,-23.0,-23.0,-5.84375,-5.84375,17.15625
Epigone,-22.75,-22.75,-5.59375,-5.59375,17.15625
Moonfish,-23.125,-23.125,-5.96875,-5.96875,17.15625
Brickliner,-22.875,-22.875,-5.71875,-5.71875,17.15625
Gynaecea,-22.75,-22.75,-5.59375,-5.59375,17.15625
Enablers,-23.5,-23.5,-6.34375,-6.34375,17.15625
Banknote,-23.0,-23.0,-5.84375,-5.84375,17.15625
Topworks,-23.25,-23.25,-6.09375,-6.09375,17.15625
Glyconic,-23.0,-23.0,-5.84375,-5.84375,17.15625
Solarize,-23.25,-23.25,-6.09375,-6.09375,17.15625
Unipulse,-23.25,-23.25,-6.09375,-6.09375,17.15625
Biosatellites,-23.0,-23.0,-5.84375,-5.84375,17.15625
Cantatory,-23.0,-23.0,-5.84375,-5.84375,17.15625
Mesophil,-23.125,-23.125,-5.96875,-5.96875,17.15625
Tesseraic,-22.875,-22.875,-5.71875,-5.71875,17.15625
Fisheries,-23.25,-23.25,-6.09375,-6.09375,17.15625
Strophotaxis,-22.875,-22.875,-5.71875,-5.71875,17.15625
Footback,-23.25,-23.25,-6.09375,-6.09375,17.15625
Snailery,-23.125,-23.125,-5.96875,-5.96875,17.15625
Outsides,-22.75,-22.75,-5.59375,-5.59375,17.15625
Ontography,-23.25,-23.25,-6.09375,-6.09375,17.15625
Tessaraphthong,-22.75,-22.75,-5.59375,-5.59375,17.15625
Gederathite,-22.875,-22.875,-5.71875,-5.71875,17.15625
Lacunule,-22.875,-22.875,-5.71875,-5.71875,17.15625
Masonries,-23.0,-23.0,-5.84375,-5.84375,17.15625
Gabfests,-23.125,-23.125,-5.96875,-5.96875,17.15625
Rectotomy,-23.0,-23.0,-5.84375,-5.84375,17.15625
Coenaculum,-23.0,-23.0,-5.84375,-5.84375,17.15625
Highchair,-22.625,-22.625,-5.46875,-5.46875,17.15625
Chrysophilite,-23.125,-23.125,-5.96875,-5.96875,17.15625
Pythonical,-22.75,-22.75,-5.59375,-5.59375,17.15625
Clubster,-22.875,-22.875,-5.71875,-5.71875,17.15625
Handspec,-23.125,-23.125,-5.96875,-5.96875,17.15625
Victuals,-23.0,-23.0,-5.84375,-5.84375,17.15625
Stygiophobia,-23.0,-23.0,-5.84375,-5.84375,17.15625
Fosterite,-22.875,-22.875,-5.71875,-5.71875,17.15625
Corvine,-23.125,-23.125,-5.96875,-5.96875,17.15625
Holism,-23.375,-23.375,-6.21875,-6.21875,17.15625
Dextrotropous,-22.875,-22.875,-5.71875,-5.71875,17.15625
Murrha,-23.125,-23.125,-5.96875,-5.96875,17.15625
Belgrade,-23.5,-23.5,-6.34375,-6.34375,17.15625
Percarbonate,-22.875,-22.875,-5.71875,-5.71875,17.15625
Meroplanktonic,-22.875,-22.875,-5.71875,-5.71875,17.15625
Sapbush,-23.125,-23.125,-5.96875,-5.96875,17.15625
Pharmacologia,-23.0,-23.0,-5.84375,-5.84375,17.15625
Anagogic,-23.125,-23.125,-5.96875,-5.96875,17.15625
Nearliest,-23.125,-23.125,-5.96875,-5.96875,17.15625
Grotesco,-22.875,-22.875,-5.71875,-5.71875,17.15625
Tinkerers,-23.0,-23.0,-5.84375,-5.84375,17.15625
Jackfishes,-22.875,-22.875,-5.71875,-5.71875,17.15625
Brassbound,-22.875,-22.875,-5.71875,-5.71875,17.15625
Polycentral,-23.125,-23.125,-5.96875,-5.96875,17.15625
Unpack,-23.125,-23.125,-5.96875,-5.96875,17.15625
Ferrums,-22.875,-22.875,-5.71875,-5.71875,17.15625
Fumarases,-22.875,-22.875,-5.71875,-5.71875,17.15625
Genevas,-22.875,-22.875,-5.71875,-5.71875,17.15625
Sponsalia,-23.25,-23.25,-6.09375,-6.09375,17.15625
Bretonian,-22.875,-22.875,-5.71875,-5.71875,17.15625
Deckers,-22.875,-22.875,-5.71875,-5.71875,17.15625
Generalise,-23.375,-23.375,-6.21875,-6.21875,17.15625
Hittitology,-23.0,-23.0,-5.84375,-5.84375,17.15625
Neohipparion,-23.125,-23.125,-5.96875,-5.96875,17.15625
Playtimes,-23.125,-23.125,-5.96875,-5.96875,17.15625
Compliancy,-23.125,-23.125,-5.96875,-5.96875,17.15625
Multispecies,-23.0,-23.0,-5.84375,-5.84375,17.15625
Hauncher,-23.125,-23.125,-5.96875,-5.96875,17.15625
Emendandum,-23.25,-23.25,-6.09375,-6.09375,17.15625
Kielbasy,-22.875,-22.875,-5.71875,-5.71875,17.15625
Zwanziger,-23.0,-23.0,-5.84375,-5.84375,17.15625
Seragli,-22.875,-22.875,-5.71875,-5.71875,17.15625
Paragraphia,-23.0,-23.0,-5.84375,-5.84375,17.15625
Auteur,-23.0,-23.0,-5.84375,-5.84375,17.15625
Persianize,-23.625,-23.625,-6.46875,-6.46875,17.15625
Communicate,-23.125,-23.125,-5.96875,-5.96875,17.15625
Ravison,-22.875,-22.875,-5.71875,-5.71875,17.15625
Splenectopia,-23.0,-23.0,-5.84375,-5.84375,17.15625
Periodontum,-22.875,-22.875,-5.71875,-5.71875,17.15625
Gascoigny,-23.125,-23.125,-5.96875,-5.96875,17.15625
Flippance,-23.0,-23.0,-5.84375,-5.84375,17.15625
Organzine,-23.25,-23.25,-6.09375,-6.09375,17.15625
Mijnheers,-23.25,-23.25,-6.09375,-6.09375,17.15625
Mesocoelian,-22.875,-22.875,-5.71875,-5.71875,17.15625
Tonnland,-23.25,-23.25,-6.09375,-6.09375,17.15625
Restyles,-22.875,-22.875,-5.71875,-5.71875,17.15625
Seldseen,-22.75,-22.75,-5.59375,-5.59375,17.15625
Onomatophobia,-23.375,-23.375,-6.21875,-6.21875,17.15625
Peritoneoscopy,-23.375,-23.375,-6.21875,-6.21875,17.15625
Maorilander,-23.25,-23.25,-6.09375,-6.09375,17.15625
Enfeeblements,-23.25,-23.25,-6.09375,-6.09375,17.15625
Bouffante,-22.875,-22.875,-5.71875,-5.71875,17.15625
Rackway,-22.75,-22.75,-5.59375,-5.59375,17.15625
Holochordate,-22.875,-22.875,-5.71875,-5.71875,17.15625
Aplomb,-23.25,-23.25,-6.09375,-6.09375,17.15625
Tankka,-23.25,-23.25,-6.09375,-6.09375,17.15625
Truckle,-23.0,-23.0,-5.84375,-5.84375,17.15625
Mediosilicic,-23.125,-23.125,-5.96875,-5.96875,17.15625
Networks,-23.375,-23.375,-6.21875,-6.21875,17.15625
Ampullula,-22.875,-22.875,-5.71875,-5.71875,17.15625
Wedges,-22.875,-22.875,-5.71875,-5.71875,17.15625
Pladaroma,-23.25,-23.25,-6.09375,-6.09375,17.15625
Congridae,-23.125,-23.125,-5.96875,-5.96875,17.15625
Llareta,-22.875,-22.875,-5.71875,-5.71875,17.15625
Conductances,-23.25,-23.25,-6.09375,-6.09375,17.15625
Dalasis,-23.0,-23.0,-5.84375,-5.84375,17.15625
Ulotrichi,-23.125,-23.125,-5.96875,-5.96875,17.15625
Disconnective,-23.25,-23.25,-6.09375,-6.09375,17.15625
Polypoid,-22.875,-22.875,-5.71875,-5.71875,17.15625
Vandas,-23.125,-23.125,-5.96875,-5.96875,17.15625
Oroanal,-23.25,-23.25,-6.09375,-6.09375,17.15625
Gynecotelic,-22.875,-22.875,-5.71875,-5.71875,17.15625
Lintless,-23.25,-23.25,-6.09375,-6.09375,17.15625
Sphagnales,-22.875,-22.875,-5.71875,-5.71875,17.15625
Medievalism,-23.125,-23.125,-5.96875,-5.96875,17.15625
Chrysomyia,-23.0,-23.0,-5.84375,-5.84375,17.15625
Gramophonic,-23.0,-23.0,-5.84375,-5.84375,17.15625
Rochelime,-23.0,-23.0,-5.84375,-5.84375,17.15625
Esteriferous,-23.0,-23.0,-5.84375,-5.84375,17.15625
Ultrasevere,-23.0,-23.0,-5.84375,-5.84375,17.15625
Funambulist,-22.875,-22.875,-5.71875,-5.71875,17.15625
Nickers,-22.875,-22.875,-5.71875,-5.71875,17.15625
Shoalier,-23.0,-23.0,-5.84375,-5.84375,17.15625
Ashamnu,-23.125,-23.125,-5.96875,-5.96875,17.15625
Kalumpang,-23.125,-23.125,-5.96875,-5.96875,17.15625
Trappings,-22.625,-22.625,-5.46875,-5.46875,17.15625
Stomatic,-23.125,-23.125,-5.96875,-5.96875,17.15625
Gesellschaften,-23.125,-23.125,-5.96875,-5.96875,17.15625
Limpkin,-23.0,-23.0,-5.84375,-5.84375,17.15625
Thallus,-22.875,-22.875,-5.71875,-5.71875,17.15625
Braehead,-23.0,-23.0,-5.84375,-5.84375,17.15625
Physeterinae,-23.0,-23.0,-5.84375,-5.84375,17.15625
Bodings,-22.75,-22.75,-5.59375,-5.59375,17.15625
Heterochronic,-23.125,-23.125,-5.96875,-5.96875,17.15625
Entocalcaneal,-22.875,-22.875,-5.71875,-5.71875,17.15625
Dornock,-23.0,-23.0,-5.84375,-5.84375,17.15625
Lacerta,-22.75,-22.75,-5.59375,-5.59375,17.15625
Piciform,-23.0,-23.0,-5.84375,-5.84375,17.15625
Cartman,-22.625,-22.625,-5.46875,-5.46875,17.15625
Quirinca,-22.875,-22.875,-5.71875,-5.71875,17.15625
Propinquitatis,-23.375,-23.375,-6.21875,-6.21875,17.15625
Hyalite,-22.625,-22.625,-5.46875,-5.46875,17.15625
Ostraca,-22.875,-22.875,-5.71875,-5.71875,17.15625
Chalybeous,-22.75,-22.75,-5.59375,-5.59375,17.15625
Steepers,-22.875,-22.875,-5.71875,-5.71875,17.15625
Disports,-23.0,-23.0,-5.84375,-5.84375,17.15625
Stabilities,-23.25,-23.25,-6.09375,-6.09375,17.15625
Finicality,-23.25,-23.25,-6.09375,-6.09375,17.15625
Atlantes,-22.75,-22.75,-5.59375,-5.59375,17.15625
Anattos,-23.25,-23.25,-6.09375,-6.09375,17.15625
Traumata,-23.125,-23.125,-5.96875,-5.96875,17.15625
Teameo,-23.125,-23.125,-5.96875,-5.96875,17.15625
Chrysopoeia,-22.875,-22.875,-5.71875,-5.71875,17.15625
Incubations,-23.0,-23.0,-5.84375,-5.84375,17.15625
Paedomorphosis,-23.0,-23.0,-5.84375,-5.84375,17.15625
Angelocracy,-23.25,-23.25,-6.09375,-6.09375,17.15625
Noonlit,-23.25,-23.25,-6.09375,-6.09375,17.15625
Sonarmen,-23.125,-23.125,-5.96875,-5.96875,17.15625
Hatracks,-23.125,-23.125,-5.96875,-5.96875,17.15625
Trapezohedra,-23.0,-23.0,-5.84375,-5.84375,17.15625
Saraband,-23.125,-23.125,-5.96875,-5.96875,17.15625
Hypochrosis,-23.0,-23.0,-5.84375,-5.84375,17.15625
Proelectric,-23.25,-23.25,-6.09375,-6.09375,17.15625
Hashabi,-23.125,-23.125,-5.96875,-5.96875,17.15625
Podometry,-23.25,-23.25,-6.09375,-6.09375,17.15625
Headlight,-22.75,-22.75,-5.59375,-5.59375,17.15625
Counterhaft,-23.0,-23.0,-5.84375,-5.84375,17.15625
Lawson,-23.0,-23.0,-5.84375,-5.84375,17.15625
Sheiks,-22.875,-22.875,-5.71875,-5.71875,17.15625
Thankyou,-23.125,-23.125,-5.96875,-5.96875,17.15625
Ahorse,-23.25,-23.25,-6.09375,-6.09375,17.15625
Platie,-23.125,-23.125,-5.96875,-5.96875,17.15625
Scimitar,-23.0,-23.0,-5.84375,-5.84375,17.15625
Emydian,-22.875,-22.875,-5.71875,-5.71875,17.15625
Kenafs,-23.0,-23.0,-5.84375,-5.84375,17.15625
Typiest,-23.0,-23.0,-5.84375,-5.84375,17.15625
Leathermaker,-22.875,-22.875,-5.71875,-5.71875,17.15625
Eastlander,-23.25,-23.25,-6.09375,-6.09375,17.15625
Rewinds,-22.875,-22.875,-5.71875,-5.71875,17.15625
Battier,-23.25,-23.25,-6.09375,-6.09375,17.15625
Misanthropic,-23.0,-23.0,-5.84375,-5.84375,17.15625
Anisomyodous,-23.125,-23.125,-5.96875,-5.96875,17.15625
Sablefish,-23.125,-23.125,-5.96875,-5.96875,17.15625
Zapodinae,-23.125,-23.125,-5.96875,-5.96875,17.15625
Leaderette,-23.375,-23.375,-6.21875,-6.21875,17.15625
Podomeres,-23.125,-23.125,-5.96875,-5.96875,17.15625
Skeezix,-22.875,-22.875,-5.71875,-5.71875,17.15625
Mayflies,-22.875,-22.875,-5.71875,-5.71875,17.15625
Otuquian,-23.0,-23.0,-5.84375,-5.84375,17.15625
Matabele,-23.25,-23.25,-6.09375,-6.09375,17.15625
Toadess,-22.875,-22.875,-5.71875,-5.71875,17.15625
Vamoses,-23.125,-23.125,-5.96875,-5.96875,17.15625
Penlights,-23.0,-23.0,-5.84375,-5.84375,17.15625
Planeload,-22.75,-22.75,-5.59375,-5.59375,17.15625
Millingtonia,-23.125,-23.125,-5.96875,-5.96875,17.15625
Steatite,-22.75,-22.75,-5.59375,-5.59375,17.15625
Stromateidae,-23.125,-23.125,-5.96875,-5.96875,17.15625
Forefield,-22.875,-22.875,-5.71875,-5.71875,17.15625
Hygienists,-22.875,-22.875,-5.71875,-5.71875,17.15625
Juramenta,-22.875,-22.875,-5.71875,-5.71875,17.15625
Nonuse,-23.125,-23.125,-5.96875,-5.96875,17.15625
Beggardom,-23.375,-23.375,-6.21875,-6.21875,17.15625
Apiculture,-22.875,-22.875,-5.71875,-5.71875,17.15625
Birlers,-23.125,-23.125,-5.96875,-5.96875,17.15625
Trilophodont,-22.75,-22.75,-5.59375,-5.59375,17.15625
Surroyals,-23.125,-23.125,-5.96875,-5.96875,17.15625
Kilograin,-22.875,-22.875,-5.71875,-5.71875,17.15625
Cillosis,-22.75,-22.75,-5.59375,-5.59375,17.15625
Checkpoints,-23.125,-23.125,-5.96875,-5.96875,17.15625
Concelebrates,-23.0,-23.0,-5.84375,-5.84375,17.15625
Grande,-23.25,-23.25,-6.09375,-6.09375,17.15625
Pratincolous,-22.875,-22.875,-5.71875,-5.71875,17.15625
Stasiphobia,-23.5,-23.5,-6.34375,-6.34375,17.15625
Loutrophoros,-22.875,-22.875,-5.71875,-5.71875,17.15625
Icacorea,-23.125,-23.125,-5.96875,-5.96875,17.15625
Democratical,-23.125,-23.125,-5.96875,-5.96875,17.15625
Widthless,-22.875,-22.875,-5.71875,-5.71875,17.15625
Nyctalopia,-23.0,-23.0,-5.84375,-5.84375,17.15625
Factful,-23.25,-23.25,-6.09375,-6.09375,17.15625
Archpriesthood,-23.125,-23.125,-5.96875,-5.96875,17.15625
Hoggin,-22.875,-22.875,-5.71875,-5.71875,17.15625
Palegold,-23.0,-23.0,-5.84375,-5.84375,17.15625
Offside,-23.125,-23.125,-5.96875,-5.96875,17.15625
Typhomalaria,-23.0,-23.0,-5.84375,-5.84375,17.15625
Parentality,-23.0,-23.0,-5.84375,-5.84375,17.15625
Mammeys,-22.75,-22.75,-5.59375,-5.59375,17.15625
Stomium,-23.125,-23.125,-5.96875,-5.96875,17.15625
Zamboorak,-22.75,-22.75,-5.59375,-5.59375,17.15625
Linksmen,-23.25,-23.25,-6.09375,-6.09375,17.15625
Dowsabel,-22.875,-22.875,-5.71875,-5.71875,17.15625
Ochnaceae,-23.25,-23.25,-6.09375,-6.09375,17.15625
Gouvernantes,-23.25,-23.25,-6.09375,-6.09375,17.15625
Lacertilian,-22.875,-22.875,-5.71875,-5.71875,17.15625
Clauber,-22.625,-22.625,-5.46875,-5.46875,17.15625
Mokihi,-23.125,-23.125,-5.96875,-5.96875,17.15625
Lithology,-23.25,-23.25,-6.09375,-6.09375,17.15625
Trumeaux,-22.875,-22.875,-5.71875,-5.71875,17.15625
Foolify,-23.125,-23.125,-5.96875,-5.96875,17.15625
Soldierwood,-23.0,-23.0,-5.84375,-5.84375,17.15625
Coccolite,-23.125,-23.125,-5.96875,-5.96875,17.15625
Lampions,-23.0,-23.0,-5.84375,-5.84375,17.15625
Mamilius,-22.875,-22.875,-5.71875,-5.71875,17.15625
Carbarns,-22.875,-22.875,-5.71875,-5.71875,17.15625
Tammies,-22.875,-22.875,-5.71875,-5.71875,17.15625
Octaechos,-23.0,-23.0,-5.84375,-5.84375,17.15625
Kinderhook,-22.875,-22.875,-5.71875,-5.71875,17.15625
Rewager,-22.875,-22.875,-5.71875,-5.71875,17.15625
Ergotamine,-23.0,-23.0,-5.84375,-5.84375,17.15625
Merluccius,-22.75,-22.75,-5.59375,-5.59375,17.15625
Palmatipartite,-23.25,-23.25,-6.09375,-6.09375,17.15625
Xanthophose,-22.875,-22.875,-5.71875,-5.71875,17.15625
Treeful,-23.0,-23.0,-5.84375,-5.84375,17.15625
Terminology,-23.125,-23.125,-5.96875,-5.96875,17.15625
Vesuvianite,-22.5,-22.5,-5.34375,-5.34375,17.15625
Mittle,-23.125,-23.125,-5.96875,-5.96875,17.15625
Oculli,-22.875,-22.875,-5.71875,-5.71875,17.15625
Bandoleers,-23.25,-23.25,-6.09375,-6.09375,17.15625
Shovegroat,-22.75,-22.75,-5.59375,-5.59375,17.15625
Typology,-23.125,-23.125,-5.96875,-5.96875,17.15625
Prissies,-23.125,-23.125,-5.96875,-5.96875,17.15625
Varsovian,-23.0,-23.0,-5.84375,-5.84375,17.15625
Achaemenidae,-23.375,-23.375,-6.21875,-6.21875,17.15625
Browbound,-23.25,-23.25,-6.09375,-6.09375,17.15625
Unapparent,-23.0,-23.0,-5.84375,-5.84375,17.15625
Trillachan,-22.875,-22.875,-5.71875,-5.71875,17.15625
Bittern,-23.0,-23.0,-5.84375,-5.84375,17.15625
Arseniopleite,-23.0,-23.0,-5.84375,-5.84375,17.15625
Ozonides,-23.375,-23.375,-6.21875,-6.21875,17.15625
Offcast,-23.375,-23.375,-6.21875,-6.21875,17.15625
Rentals,-23.0,-23.0,-5.84375,-5.84375,17.15625
Grusian,-23.0,-23.0,-5.84375,-5.84375,17.15625
Trophoneurotic,-22.875,-22.875,-5.71875,-5.71875,17.15625
Glucosin,-22.875,-22.875,-5.71875,-5.71875,17.15625
Corrections,-23.25,-23.25,-6.09375,-6.09375,17.15625
Interpolater,-22.875,-22.875,-5.71875,-5.71875,17.15625
Donsie,-23.0,-23.0,-5.84375,-5.84375,17.15625
Planiscopic,-22.875,-22.875,-5.71875,-5.71875,17.15625
Monoenergetic,-23.25,-23.25,-6.09375,-6.09375,17.15625
Twinighters,-23.125,-23.125,-5.96875,-5.96875,17.15625
Aecidial,-22.875,-22.875,-5.71875,-5.71875,17.15625
Folderols,-22.625,-22.625,-5.46875,-5.46875,17.15625
Odontogeny,-23.25,-23.25,-6.09375,-6.09375,17.15625
Sarcopsylla,-22.75,-22.75,-5.59375,-5.59375,17.15625
Ampelography,-23.125,-23.125,-5.96875,-5.96875,17.15625
Maternity,-23.0,-23.0,-5.84375,-5.84375,17.15625
Nitratine,-22.875,-22.875,-5.71875,-5.71875,17.15625
Arthrocele,-22.875,-22.875,-5.71875,-5.71875,17.15625
Orthron,-23.125,-23.125,-5.96875,-5.96875,17.15625
Mostra,-23.375,-23.375,-6.21875,-6.21875,17.15625
Sextan,-23.0,-23.0,-5.84375,-5.84375,17.15625
Pereia,-22.875,-22.875,-5.71875,-5.71875,17.15625
Pulpatoon,-23.0,-23.0,-5.84375,-5.84375,17.15625
Palatia,-22.875,-22.875,-5.71875,-5.71875,17.15625
Coussinet,-23.125,-23.125,-5.96875,-5.96875,17.15625
Emblazers,-22.875,-22.875,-5.71875,-5.71875,17.15625
Paratonnerre,-23.0,-23.0,-5.84375,-5.84375,17.15625
Chayma,-23.25,-23.25,-6.09375,-6.09375,17.15625
Wafers,-23.125,-23.125,-5.96875,-5.96875,17.15625
Lechery,-23.125,-23.125,-5.96875,-5.96875,17.15625
Doggoner,-23.25,-23.25,-6.09375,-6.09375,17.15625
Miniskirts,-23.125,-23.125,-5.96875,-5.96875,17.15625
Pearceite,-22.625,-22.625,-5.46875,-5.46875,17.15625
Extraprostatic,-23.125,-23.125,-5.96875,-5.96875,17.15625
Organless,-23.125,-23.125,-5.96875,-5.96875,17.15625
Chagrin,-22.875,-22.875,-5.71875,-5.71875,17.15625
Agrogeological,-22.875,-22.875,-5.71875,-5.71875,17.15625
Laconic,-23.25,-23.25,-6.09375,-6.09375,17.15625
Apadana,-23.25,-23.25,-6.09375,-6.09375,17.15625
Windowlight,-23.0,-23.0,-5.84375,-5.84375,17.15625
Alkylogen,-22.875,-22.875,-5.71875,-5.71875,17.15625
Herein,-22.75,-22.75,-5.59375,-5.59375,17.15625
Mesaxonic,-23.0,-23.0,-5.84375,-5.84375,17.15625
Dermatodynia,-23.0,-23.0,-5.84375,-5.84375,17.15625
Hemostat,-22.75,-22.75,-5.59375,-5.59375,17.15625
Orrisroot,-22.75,-22.75,-5.59375,-5.59375,17.15625
Myrialitre,-23.125,-23.125,-5.96875,-5.96875,17.15625
Palladian,-22.875,-22.875,-5.71875,-5.71875,17.15625
Equivocators,-23.5,-23.5,-6.34375,-6.34375,17.15625
Molestie,-23.375,-23.375,-6.21875,-6.21875,17.15625
Aefaldy,-23.125,-23.125,-5.96875,-5.96875,17.15625
Funguses,-22.625,-22.625,-5.46875,-5.46875,17.15625
Alleluiah,-23.125,-23.125,-5.96875,-5.96875,17.15625
Praelabrum,-23.0,-23.0,-5.84375,-5.84375,17.15625
Aldehol,-23.0,-23.0,-5.84375,-5.84375,17.15625
Belemnoid,-22.75,-22.75,-5.59375,-5.59375,17.15625
Acronycta,-22.75,-22.75,-5.59375,-5.59375,17.15625
Osmunda,-23.0,-23.0,-5.84375,-5.84375,17.15625
Savorier,-23.0,-23.0,-5.84375,-5.84375,17.15625
Surrein,-23.0,-23.0,-5.84375,-5.84375,17.15625
Allolalia,-23.125,-23.125,-5.96875,-5.96875,17.15625
Cardigans,-22.875,-22.875,-5.71875,-5.71875,17.15625
Brides,-22.75,-22.75,-5.59375,-5.59375,17.15625
Wisdoms,-23.25,-23.25,-6.09375,-6.09375,17.15625
Surfacy,-22.875,-22.875,-5.71875,-5.71875,17.15625
Knotlike,-23.125,-23.125,-5.96875,-5.96875,17.15625
Alkoranic,-23.25,-23.25,-6.09375,-6.09375,17.15625
Weilang,-23.25,-23.25,-6.09375,-6.09375,17.15625
Carfloat,-22.875,-22.875,-5.71875,-5.71875,17.15625
Embrowns,-22.625,-22.625,-5.46875,-5.46875,17.15625
Paleentomology,-22.875,-22.875,-5.71875,-5.71875,17.15625
Nonescape,-22.75,-22.75,-5.59375,-5.59375,17.15625
Graphitoid,-23.125,-23.125,-5.96875,-5.96875,17.15625
Azophenol,-23.0,-23.0,-5.84375,-5.84375,17.15625
Altarpieces,-23.125,-23.125,-5.96875,-5.96875,17.15625
Parrels,-22.875,-22.875,-5.71875,-5.71875,17.15625
Subnets,-23.0,-23.0,-5.84375,-5.84375,17.15625
Countersigns,-23.5,-23.5,-6.34375,-6.34375,17.15625
Splashproof,-22.875,-22.875,-5.71875,-5.71875,17.15625
Imbarn,-23.0,-23.0,-5.84375,-5.84375,17.15625
Equivocator,-23.25,-23.25,-6.09375,-6.09375,17.15625
Hyposphene,-23.0,-23.0,-5.84375,-5.84375,17.15625
Polychresty,-23.25,-23.25,-6.09375,-6.09375,17.15625
Workouts,-23.0,-23.0,-5.84375,-5.84375,17.15625
Roggle,-22.625,-22.625,-5.46875,-5.46875,17.15625
Riggings,-22.75,-22.75,-5.59375,-5.59375,17.15625
Woolward,-22.875,-22.875,-5.71875,-5.71875,17.15625
Lyreflower,-22.625,-22.625,-5.46875,-5.46875,17.15625
Glarier,-22.75,-22.75,-5.59375,-5.59375,17.15625
Isodynamia,-23.125,-23.125,-5.96875,-5.96875,17.15625
Sonoran,-22.875,-22.875,-5.71875,-5.71875,17.15625
Resultants,-23.125,-23.125,-5.96875,-5.96875,17.15625
Doradidae,-23.0,-23.0,-5.84375,-5.84375,17.15625
Iberia,-23.125,-23.125,-5.96875,-5.96875,17.15625
Connaraceous,-23.0,-23.0,-5.84375,-5.84375,17.15625
Auxotonic,-23.125,-23.125,-5.96875,-5.96875,17.15625
Sprucy,-23.125,-23.125,-5.96875,-5.96875,17.15625
Majordomos,-23.0,-23.0,-5.84375,-5.84375,17.15625
Vermetid,-23.0,-23.0,-5.84375,-5.84375,17.15625
Administratrix,-22.875,-22.875,-5.71875,-5.71875,17.15625
Phanerogamia,-23.0,-23.0,-5.84375,-5.84375,17.15625
Perish,-22.75,-22.75,-5.59375,-5.59375,17.15625
Copaiva,-22.875,-22.875,-5.71875,-5.71875,17.15625
Savagisms,-23.625,-23.625,-6.46875,-6.46875,17.15625
Greenhew,-22.875,-22.875,-5.71875,-5.71875,17.15625
Stadholdership,-23.25,-23.25,-6.09375,-6.09375,17.15625
Almain,-23.0,-23.0,-5.84375,-5.84375,17.15625
Polysemia,-23.375,-23.375,-6.21875,-6.21875,17.15625
Bandboxes,-22.875,-22.875,-5.71875,-5.71875,17.15625
Millimicra,-23.0,-23.0,-5.84375,-5.84375,17.15625
Tunland,-23.125,-23.125,-5.96875,-5.96875,17.15625
Lowlier,-22.75,-22.75,-5.59375,-5.59375,17.15625
Bronchus,-22.75,-22.75,-5.59375,-5.59375,17.15625
Bonity,-23.125,-23.125,-5.96875,-5.96875,17.15625
Odalisk,-23.0,-23.0,-5.84375,-5.84375,17.15625
Flames,-23.125,-23.125,-5.96875,-5.96875,17.15625
Equipostile,-23.25,-23.25,-6.09375,-6.09375,17.15625
Clonos,-23.0,-23.0,-5.84375,-5.84375,17.15625
Plumps,-22.75,-22.75,-5.59375,-5.59375,17.15625
Glaciological,-22.75,-22.75,-5.59375,-5.59375,17.15625
Acediamine,-23.125,-23.125,-5.96875,-5.96875,17.15625
Perdrigon,-22.875,-22.875,-5.71875,-5.71875,17.15625
Champacs,-23.25,-23.25,-6.09375,-6.09375,17.15625
Nondyspeptical,-22.875,-22.875,-5.71875,-5.71875,17.15625
Amuyon,-23.375,-23.375,-6.21875,-6.21875,17.15625
Encomia,-23.375,-23.375,-6.21875,-6.21875,17.15625
Dibhole,-23.0,-23.0,-5.84375,-5.84375,17.15625
Monkeyflower,-22.75,-22.75,-5.59375,-5.59375,17.15625
Lalang,-23.125,-23.125,-5.96875,-5.96875,17.15625
Sullan,-23.0,-23.0,-5.84375,-5.84375,17.15625
Cydippida,-22.875,-22.875,-5.71875,-5.71875,17.15625
Ammonias,-22.875,-22.875,-5.71875,-5.71875,17.15625
Lentamente,-23.125,-23.125,-5.96875,-5.96875,17.15625
Administrators,-22.875,-22.875,-5.71875,-5.71875,17.15625
Cheechaco,-22.75,-22.75,-5.59375,-5.59375,17.15625
Enneagons,-23.25,-23.25,-6.09375,-6.09375,17.15625
Multiplexor,-23.125,-23.125,-5.96875,-5.96875,17.15625
Anallagmatis,-23.125,-23.125,-5.96875,-5.96875,17.15625
Bukidnon,-23.25,-23.25,-6.09375,-6.09375,17.15625
Ontogenic,-23.0,-23.0,-5.84375,-5.84375,17.15625
Cystoptosis,-22.875,-22.875,-5.71875,-5.71875,17.15625
Hindmost,-23.125,-23.125,-5.96875,-5.96875,17.15625
Conacaste,-22.875,-22.875,-5.71875,-5.71875,17.15625
Gueridons,-23.0,-23.0,-5.84375,-5.84375,17.15625
Subhypotheses,-23.125,-23.125,-5.96875,-5.96875,17.15625
Blacklegs,-23.0,-23.0,-5.84375,-5.84375,17.15625
Trygon,-22.75,-22.75,-5.59375,-5.59375,17.15625
Betorcinol,-23.125,-23.125,-5.96875,-5.96875,17.15625
Cryophile,-23.0,-23.0,-5.84375,-5.84375,17.15625
Channelbill,-22.875,-22.875,-5.71875,-5.71875,17.15625
Topodeme,-23.25,-23.25,-6.09375,-6.09375,17.15625
Lathwork,-23.0,-23.0,-5.84375,-5.84375,17.15625
Itemise,-23.25,-23.25,-6.09375,-6.09375,17.15625
Gipsyesque,-22.875,-22.875,-5.71875,-5.71875,17.15625
Featherweights,-23.25,-23.25,-6.09375,-6.09375,17.15625
Gelsemic,-23.125,-23.125,-5.96875,-5.96875,17.15625
Tenons,-22.75,-22.75,-5.59375,-5.59375,17.15625
Clerodendron,-22.875,-22.875,-5.71875,-5.71875,17.15625
Biolysis,-23.0,-23.0,-5.84375,-5.84375,17.15625
Tortoni,-23.125,-23.125,-5.96875,-5.96875,17.15625
Bleats,-22.625,-22.625,-5.46875,-5.46875,17.15625
Singlings,-23.125,-23.125,-5.96875,-5.96875,17.15625
Tutler,-22.875,-22.875,-5.71875,-5.71875,17.15625
Dinghies,-23.125,-23.125,-5.96875,-5.96875,17.15625
Higginsite,-23.0,-23.0,-5.84375,-5.84375,17.15625
Rehandicap,-23.125,-23.125,-5.96875,-5.96875,17.15625
Pantonal,-23.125,-23.125,-5.96875,-5.96875,17.15625
Vergiform,-22.875,-22.875,-5.71875,-5.71875,17.15625
Guardfish,-23.0,-23.0,-5.84375,-5.84375,17.15625
Lechayims,-22.875,-22.875,-5.71875,-5.71875,17.15625
Beamless,-23.0,-23.0,-5.84375,-5.84375,17.15625
Thiosulfuric,-22.75,-22.75,-5.59375,-5.59375,17.15625
Galeidae,-23.25,-23.25,-6.09375,-6.09375,17.15625
Binoxalate,-23.0,-23.0,-5.84375,-5.84375,17.15625
Dorsoventral,-22.875,-22.875,-5.71875,-5.71875,17.15625
Miosis,-23.125,-23.125,-5.96875,-5.96875,17.15625
Flummydiddle,-22.75,-22.75,-5.59375,-5.59375,17.15625
Essency,-23.125,-23.125,-5.96875,-5.96875,17.15625
Thalesian,-23.0,-23.0,-5.84375,-5.84375,17.15625
Carvestrene,-23.0,-23.0,-5.84375,-5.84375,17.15625
Gammers,-22.75,-22.75,-5.59375,-5.59375,17.15625
Swattle,-22.875,-22.875,-5.71875,-5.71875,17.15625
Peristyles,-22.75,-22.75,-5.59375,-5.59375,17.15625
Denarinarii,-23.125,-23.125,-5.96875,-5.96875,17.15625
Yuzluk,-23.0,-23.0,-5.84375,-5.84375,17.15625
Unfreeze,-23.25,-23.25,-6.09375,-6.09375,17.15625
Mangos,-22.875,-22.875,-5.71875,-5.71875,17.15625
Troytown,-22.625,-22.625,-5.46875,-5.46875,17.15625
Fountaineer,-22.75,-22.75,-5.59375,-5.59375,17.15625
Affiliate,-22.75,-22.75,-5.59375,-5.59375,17.15625
Iberic,-23.0,-23.0,-5.84375,-5.84375,17.15625
Bagpod,-23.125,-23.125,-5.96875,-5.96875,17.15625
Ninnyship,-23.25,-23.25,-6.09375,-6.09375,17.15625
Nectarin,-23.125,-23.125,-5.96875,-5.96875,17.15625
Fifteenth,-23.25,-23.25,-6.09375,-6.09375,17.15625
Palaeoecologic,-22.875,-22.875,-5.71875,-5.71875,17.15625
Petrolize,-23.25,-23.25,-6.09375,-6.09375,17.15625
Scrimps,-22.625,-22.625,-5.46875,-5.46875,17.15625
Tetrameters,-22.875,-22.875,-5.71875,-5.71875,17.15625
Slobber,-22.625,-22.625,-5.46875,-5.46875,17.15625
Tokonomas,-23.0,-23.0,-5.84375,-5.84375,17.15625
Antimallein,-23.125,-23.125,-5.96875,-5.96875,17.15625
Veneti,-23.125,-23.125,-5.96875,-5.96875,17.15625
Osteogenetic,-23.125,-23.125,-5.96875,-5.96875,17.15625
Cusconin,-22.875,-22.875,-5.71875,-5.71875,17.15625
Flechette,-22.875,-22.875,-5.71875,-5.71875,17.15625
Cardioschisis,-23.0,-23.0,-5.84375,-5.84375,17.15625
Reediest,-22.625,-22.625,-5.46875,-5.46875,17.15625
Joyances,-23.125,-23.125,-5.96875,-5.96875,17.15625
Tetragons,-22.75,-22.75,-5.59375,-5.59375,17.15625
Purgings,-23.0,-23.0,-5.84375,-5.84375,17.15625
Papagay,-23.0,-23.0,-5.84375,-5.84375,17.15625
Aletris,-22.75,-22.75,-5.59375,-5.59375,17.15625
Flacks,-23.125,-23.125,-5.96875,-5.96875,17.15625
Mercurean,-23.0,-23.0,-5.84375,-5.84375,17.15625
Dryope,-22.75,-22.75,-5.59375,-5.59375,17.15625
Curettes,-23.0,-23.0,-5.84375,-5.84375,17.15625
Brummer,-23.125,-23.125,-5.96875,-5.96875,17.15625
Ephahs,-22.75,-22.75,-5.59375,-5.59375,17.15625
Venomize,-23.125,-23.125,-5.96875,-5.96875,17.15625
Ithyphallic,-22.625,-22.625,-5.46875,-5.46875,17.15625
Roaches,-23.0,-23.0,-5.84375,-5.84375,17.15625
Flexuosity,-23.125,-23.125,-5.96875,-5.96875,17.15625
Graphologic,-23.25,-23.25,-6.09375,-6.09375,17.15625
Catdom,-23.25,-23.25,-6.09375,-6.09375,17.15625
Gavial,-22.875,-22.875,-5.71875,-5.71875,17.15625
Jiggliest,-22.75,-22.75,-5.59375,-5.59375,17.15625
Nitrosulphate,-23.0,-23.0,-5.84375,-5.84375,17.15625
Capacious,-23.0,-23.0,-5.84375,-5.84375,17.15625
Defassa,-23.0,-23.0,-5.84375,-5.84375,17.15625
Michelia,-22.875,-22.875,-5.71875,-5.71875,17.15625
Fascines,-22.875,-22.875,-5.71875,-5.71875,17.15625
Footrace,-23.125,-23.125,-5.96875,-5.96875,17.15625
Perithelia,-22.875,-22.875,-5.71875,-5.71875,17.15625
Flounder,-22.75,-22.75,-5.59375,-5.59375,17.15625
Townfolks,-23.0,-23.0,-5.84375,-5.84375,17.15625
Cheveril,-22.875,-22.875,-5.71875,-5.71875,17.15625
Pepsine,-22.875,-22.875,-5.71875,-5.71875,17.15625
Lophophore,-22.875,-22.875,-5.71875,-5.71875,17.15625
Cagayans,-23.375,-23.375,-6.21875,-6.21875,17.15625
Becomes,-22.875,-22.875,-5.71875,-5.71875,17.15625
Oariocele,-23.125,-23.125,-5.96875,-5.96875,17.15625
Foemanship,-23.125,-23.125,-5.96875,-5.96875,17.15625
Galvanizers,-23.0,-23.0,-5.84375,-5.84375,17.15625
Pinecone,-22.875,-22.875,-5.71875,-5.71875,17.15625
Amatols,-23.0,-23.0,-5.84375,-5.84375,17.15625
Pleasaunce,-22.625,-22.625,-5.46875,-5.46875,17.15625
Gyrinidae,-23.125,-23.125,-5.96875,-5.96875,17.15625
Essenian,-22.875,-22.875,-5.71875,-5.71875,17.15625
Stammelcolor,-23.0,-23.0,-5.84375,-5.84375,17.15625
Swinish,-22.875,-22.875,-5.71875,-5.71875,17.15625
Wettest,-23.0,-23.0,-5.84375,-5.84375,17.15625
Quomodo,-23.125,-23.125,-5.96875,-5.96875,17.15625
Rusticator,-23.125,-23.125,-5.96875,-5.96875,17.15625
Julolidin,-23.25,-23.25,-6.09375,-6.09375,17.15625
Vomeropalatine,-23.125,-23.125,-5.96875,-5.96875,17.15625
Adenines,-22.75,-22.75,-5.59375,-5.59375,17.15625
Bespeaks,-22.875,-22.875,-5.71875,-5.71875,17.15625
Thermophil,-23.125,-23.125,-5.96875,-5.96875,17.15625
Dadoxylon,-22.875,-22.875,-5.71875,-5.71875,17.15625
Incanton,-22.875,-22.875,-5.71875,-5.71875,17.15625
Germanyl,-23.125,-23.125,-5.96875,-5.96875,17.15625
Onkilonite,-22.875,-22.875,-5.71875,-5.71875,17.15625
Thoracotomy,-23.125,-23.125,-5.96875,-5.96875,17.15625
Icekhanas,-23.25,-23.25,-6.09375,-6.09375,17.15625
Antaios,-23.125,-23.125,-5.96875,-5.96875,17.15625
Bothie,-23.0,-23.0,-5.84375,-5.84375,17.15625
Acanthaceae,-23.0,-23.0,-5.84375,-5.84375,17.15625
Toadflaxes,-22.75,-22.75,-5.59375,-5.59375,17.15625
Fumigates,-23.25,-23.25,-6.09375,-6.09375,17.15625
Cetonian,-22.875,-22.875,-5.71875,-5.71875,17.15625
Barytophyllite,-22.875,-22.875,-5.71875,-5.71875,17.15625
Headwear,-22.75,-22.75,-5.59375,-5.59375,17.15625
Physostomous,-22.75,-22.75,-5.59375,-5.59375,17.15625
Sassywood,-22.75,-22.75,-5.59375,-5.59375,17.15625
Embowers,-23.0,-23.0,-5.84375,-5.84375,17.15625
Rotational,-23.375,-23.375,-6.21875,-6.21875,17.15625
Speciality,-22.875,-22.875,-5.71875,-5.71875,17.15625
Antileukemic,-23.25,-23.25,-6.09375,-6.09375,17.15625
Reemish,-23.125,-23.125,-5.96875,-5.96875,17.15625
Galacaceae,-23.25,-23.25,-6.09375,-6.09375,17.15625
Cupules,-23.125,-23.125,-5.96875,-5.96875,17.15625
Cynosures,-22.75,-22.75,-5.59375,-5.59375,17.15625
Symbionts,-23.0,-23.0,-5.84375,-5.84375,17.15625
Grattage,-23.25,-23.25,-6.09375,-6.09375,17.15625
Piaffe,-22.875,-22.875,-5.71875,-5.71875,17.15625
Holochoanites,-23.25,-23.25,-6.09375,-6.09375,17.15625
Onmarch,-23.375,-23.375,-6.21875,-6.21875,17.15625
Boghole,-22.75,-22.75,-5.59375,-5.59375,17.15625
Nature,-22.75,-22.75,-5.59375,-5.59375,17.15625
Arvicolinae,-22.875,-22.875,-5.71875,-5.71875,17.15625
Echoize,-23.125,-23.125,-5.96875,-5.96875,17.15625
Chapah,-23.0,-23.0,-5.84375,-5.84375,17.15625
Hydrochlorid,-23.0,-23.0,-5.84375,-5.84375,17.15625
Propranolol,-23.5,-23.5,-6.34375,-6.34375,17.15625
Ptyxis,-22.875,-22.875,-5.71875,-5.71875,17.15625
Overcharity,-23.375,-23.375,-6.21875,-6.21875,17.15625
Canistel,-22.75,-22.75,-5.59375,-5.59375,17.15625
Polyrhizal,-23.125,-23.125,-5.96875,-5.96875,17.15625
Emptional,-22.75,-22.75,-5.59375,-5.59375,17.15625
Natricine,-23.0,-23.0,-5.84375,-5.84375,17.15625
Gormandism,-23.375,-23.375,-6.21875,-6.21875,17.15625
Gnathobdellida,-22.875,-22.875,-5.71875,-5.71875,17.15625
Vaccinias,-22.625,-22.625,-5.46875,-5.46875,17.15625
Stomatoplasty,-23.25,-23.25,-6.09375,-6.09375,17.15625
Vainglory,-22.75,-22.75,-5.59375,-5.59375,17.15625
Acinaciform,-23.25,-23.25,-6.09375,-6.09375,17.15625
Trucha,-22.875,-22.875,-5.71875,-5.71875,17.15625
Universitylike,-23.375,-23.375,-6.21875,-6.21875,17.15625
Adenotyphoid,-23.125,-23.125,-5.96875,-5.96875,17.15625
Saccomyidae,-23.25,-23.25,-6.09375,-6.09375,17.15625
Zincify,-23.0,-23.0,-5.84375,-5.84375,17.15625
Serais,-23.125,-23.125,-5.96875,-5.96875,17.15625
Incidentless,-22.875,-22.875,-5.71875,-5.71875,17.15625
Aerotechnics,-23.25,-23.25,-6.09375,-6.09375,17.15625
Physcomitrium,-23.0,-23.0,-5.84375,-5.84375,17.15625
Vintagers,-23.375,-23.375,-6.21875,-6.21875,17.15625
Agrotechny,-23.125,-23.125,-5.96875,-5.96875,17.15625
Siriometer,-22.875,-22.875,-5.71875,-5.71875,17.15625
Pteridosperm,-22.75,-22.75,-5.59375,-5.59375,17.15625
Rhodosperm,-22.75,-22.75,-5.59375,-5.59375,17.15625
Overcame,-23.125,-23.125,-5.96875,-5.96875,17.15625
Carpellum,-23.125,-23.125,-5.96875,-5.96875,17.15625
Tribes,-23.25,-23.25,-6.09375,-6.09375,17.15625
Orbiculoidea,-23.0,-23.0,-5.84375,-5.84375,17.15625
Footropes,-23.0,-23.0,-5.84375,-5.84375,17.15625
Sparklet,-22.875,-22.875,-5.71875,-5.71875,17.15625
Conventicles,-23.0,-23.0,-5.84375,-5.84375,17.15625
Maxima,-23.0,-23.0,-5.84375,-5.84375,17.15625
Leotards,-23.0,-23.0,-5.84375,-5.84375,17.15625
Hitchier,-22.875,-22.875,-5.71875,-5.71875,17.15625
Teaish,-22.875,-22.875,-5.71875,-5.71875,17.15625
Alphatoluic,-22.875,-22.875,-5.71875,-5.71875,17.15625
Falsehoods,-23.0,-23.0,-5.84375,-5.84375,17.15625
Aughtlins,-22.875,-22.875,-5.71875,-5.71875,17.15625
Moguntine,-22.875,-22.875,-5.71875,-5.71875,17.15625
Drostden,-22.625,-22.625,-5.46875,-5.46875,17.15625
Sodamides,-22.75,-22.75,-5.59375,-5.59375,17.15625
Cochlospermum,-22.75,-22.75,-5.59375,-5.59375,17.15625
Oesophagism,-23.375,-23.375,-6.21875,-6.21875,17.15625
Guaranin,-23.375,-23.375,-6.21875,-6.21875,17.15625
Walkways,-23.0,-23.0,-5.84375,-5.84375,17.15625
Biplicate,-23.125,-23.125,-5.96875,-5.96875,17.15625
Skewers,-22.5,-22.5,-5.34375,-5.34375,17.15625
Stanzas,-23.25,-23.25,-6.09375,-6.09375,17.15625
Equerry,-23.375,-23.375,-6.21875,-6.21875,17.15625
Aworth,-23.0,-23.0,-5.84375,-5.84375,17.15625
Sparidae,-22.875,-22.875,-5.71875,-5.71875,17.15625
Meconioid,-22.875,-22.875,-5.71875,-5.71875,17.15625
Topinish,-23.0,-23.0,-5.84375,-5.84375,17.15625
Landowners,-23.25,-23.25,-6.09375,-6.09375,17.15625
Parabemata,-23.25,-23.25,-6.09375,-6.09375,17.15625
Videnda,-22.875,-22.875,-5.71875,-5.71875,17.15625
Podites,-23.25,-23.25,-6.09375,-6.09375,17.15625
Dragstaff,-22.75,-22.75,-5.59375,-5.59375,17.15625
Unthinkability,-23.125,-23.125,-5.96875,-5.96875,17.15625
Hyaloandesite,-23.0,-23.0,-5.84375,-5.84375,17.15625
Schnapper,-22.75,-22.75,-5.59375,-5.59375,17.15625
Europium,-22.875,-22.875,-5.71875,-5.71875,17.15625
Ologists,-22.875,-22.875,-5.71875,-5.71875,17.15625
Allabuta,-23.125,-23.125,-5.96875,-5.96875,17.15625
Adventitia,-23.0,-23.0,-5.84375,-5.84375,17.15625
Scalesman,-22.75,-22.75,-5.59375,-5.59375,17.15625
Prevalescent,-23.125,-23.125,-5.96875,-5.96875,17.15625
Mediatize,-23.5,-23.5,-6.34375,-6.34375,17.15625
Septomaxillary,-23.0,-23.0,-5.84375,-5.84375,17.15625
Guayabera,-23.375,-23.375,-6.21875,-6.21875,17.15625
Kilneye,-22.875,-22.875,-5.71875,-5.71875,17.15625
Refusenik,-22.875,-22.875,-5.71875,-5.71875,17.15625
Keratosropy,-22.875,-22.875,-5.71875,-5.71875,17.15625
Tirrit,-22.875,-22.875,-5.71875,-5.71875,17.15625
Hoopmen,-23.25,-23.25,-6.09375,-6.09375,17.15625
Cambouis,-23.25,-23.25,-6.09375,-6.09375,17.15625
Bottlenest,-23.0,-23.0,-5.84375,-5.84375,17.15625
Charkha,-23.25,-23.25,-6.09375,-6.09375,17.15625
Sessions,-23.25,-23.25,-6.09375,-6.09375,17.15625
Svetambara,-23.125,-23.125,-5.96875,-5.96875,17.15625
Warnings,-22.75,-22.75,-5.59375,-5.59375,17.15625
Mushrooms,-23.125,-23.125,-5.96875,-5.96875,17.15625
Chorgi,-23.25,-23.25,-6.09375,-6.09375,17.15625
Antiquity,-23.375,-23.375,-6.21875,-6.21875,17.15625
Universology,-23.125,-23.125,-5.96875,-5.96875,17.15625
Socinian,-23.125,-23.125,-5.96875,-5.96875,17.15625
Slibbersauce,-22.875,-22.875,-5.71875,-5.71875,17.15625
Buddles,-23.0,-23.0,-5.84375,-5.84375,17.15625
Beetler,-22.625,-22.625,-5.46875,-5.46875,17.15625
Regalia,-23.0,-23.0,-5.84375,-5.84375,17.15625
Gemlike,-23.125,-23.125,-5.96875,-5.96875,17.15625
Devilhood,-23.125,-23.125,-5.96875,-5.96875,17.15625
Ratheripe,-22.75,-22.75,-5.59375,-5.59375,17.15625
Stretchers,-23.0,-23.0,-5.84375,-5.84375,17.15625
Luteolous,-23.0,-23.0,-5.84375,-5.84375,17.15625
Surmullets,-23.125,-23.125,-5.96875,-5.96875,17.15625
Grottesco,-22.875,-22.875,-5.71875,-5.71875,17.15625
Generationism,-23.375,-23.375,-6.21875,-6.21875,17.15625
Carbides,-22.875,-22.875,-5.71875,-5.71875,17.15625
Supraorbitar,-23.0,-23.0,-5.84375,-5.84375,17.15625
Tzaddik,-23.125,-23.125,-5.96875,-5.96875,17.15625
Concoctions,-23.125,-23.125,-5.96875,-5.96875,17.15625
Chloranthy,-22.875,-22.875,-5.71875,-5.71875,17.15625
Metasomasis,-23.25,-23.25,-6.09375,-6.09375,17.15625
Somewhence,-23.125,-23.125,-5.96875,-5.96875,17.15625
Bangkoks,-23.25,-23.25,-6.09375,-6.09375,17.15625
Insidious,-22.75,-22.75,-5.59375,-5.59375,17.15625
Standish,-22.75,-22.75,-5.59375,-5.59375,17.15625
Matriarchate,-23.125,-23.125,-5.96875,-5.96875,17.15625
Robands,-22.75,-22.75,-5.59375,-5.59375,17.15625
Clambake,-22.75,-22.75,-5.59375,-5.59375,17.15625
Swashers,-22.75,-22.75,-5.59375,-5.59375,17.15625
Pitheciinae,-23.125,-23.125,-5.96875,-5.96875,17.15625
Preevade,-22.75,-22.75,-5.59375,-5.59375,17.15625
Hendecyl,-23.0,-23.0,-5.84375,-5.84375,17.15625
Tragedians,-23.125,-23.125,-5.96875,-5.96875,17.15625
Boccia,-23.125,-23.125,-5.96875,-5.96875,17.15625
Grissens,-23.25,-23.25,-6.09375,-6.09375,17.15625
Sextulary,-23.125,-23.125,-5.96875,-5.96875,17.15625
Commercia,-23.125,-23.125,-5.96875,-5.96875,17.15625
Lycine,-22.875,-22.875,-5.71875,-5.71875,17.15625
Chorizontes,-23.25,-23.25,-6.09375,-6.09375,17.15625
Dahlsten,-22.875,-22.875,-5.71875,-5.71875,17.15625
Chalcophanite,-23.0,-23.0,-5.84375,-5.84375,17.15625
Evenlong,-23.0,-23.0,-5.84375,-5.84375,17.15625
Outrig,-22.75,-22.75,-5.59375,-5.59375,17.15625
Symbolography,-23.25,-23.25,-6.09375,-6.09375,17.15625
Calligrapha,-22.875,-22.875,-5.71875,-5.71875,17.15625
Annualize,-23.125,-23.125,-5.96875,-5.96875,17.15625
Spondylioid,-23.0,-23.0,-5.84375,-5.84375,17.15625
Deices,-23.0,-23.0,-5.84375,-5.84375,17.15625
Chondrolipoma,-23.125,-23.125,-5.96875,-5.96875,17.15625
Foochow,-23.0,-23.0,-5.84375,-5.84375,17.15625
Ceennacuelum,-23.0,-23.0,-5.84375,-5.84375,17.15625
Stuggy,-23.125,-23.125,-5.96875,-5.96875,17.15625
Forces,-23.25,-23.25,-6.09375,-6.09375,17.15625
Hairlike,-23.0,-23.0,-5.84375,-5.84375,17.15625
Piccolo,-22.75,-22.75,-5.59375,-5.59375,17.15625
Oxhouse,-23.125,-23.125,-5.96875,-5.96875,17.15625
Epochal,-23.25,-23.25,-6.09375,-6.09375,17.15625
Keelages,-23.0,-23.0,-5.84375,-5.84375,17.15625
Unakite,-22.75,-22.75,-5.59375,-5.59375,17.15625
Organobismuth,-23.25,-23.25,-6.09375,-6.09375,17.15625
Beryline,-22.75,-22.75,-5.59375,-5.59375,17.15625
Degassers,-23.125,-23.125,-5.96875,-5.96875,17.15625
Jiveass,-22.875,-22.875,-5.71875,-5.71875,17.15625
Hypocalcemia,-23.25,-23.25,-6.09375,-6.09375,17.15625
Thingut,-23.0,-23.0,-5.84375,-5.84375,17.15625
Vivipary,-22.875,-22.875,-5.71875,-5.71875,17.15625
Puckerers,-23.0,-23.0,-5.84375,-5.84375,17.15625
Flappier,-22.875,-22.875,-5.71875,-5.71875,17.15625
Repins,-23.25,-23.25,-6.09375,-6.09375,17.15625
Bignonias,-22.75,-22.75,-5.59375,-5.59375,17.15625
Clerkless,-23.125,-23.125,-5.96875,-5.96875,17.15625
Chancemen,-23.125,-23.125,-5.96875,-5.96875,17.15625
Cyanoacetic,-22.875,-22.875,-5.71875,-5.71875,17.15625
Chaology,-23.5,-23.5,-6.34375,-6.34375,17.15625
Oustiti,-23.125,-23.125,-5.96875,-5.96875,17.15625
Lactotoxin,-23.125,-23.125,-5.96875,-5.96875,17.15625
Ejidos,-23.25,-23.25,-6.09375,-6.09375,17.15625
Managership,-23.5,-23.5,-6.34375,-6.34375,17.15625
Boggle,-22.625,-22.625,-5.46875,-5.46875,17.15625
Granulosis,-23.25,-23.25,-6.09375,-6.09375,17.15625
Salometry,-23.25,-23.25,-6.09375,-6.09375,17.15625
Mentary,-23.25,-23.25,-6.09375,-6.09375,17.15625
Scissorsbird,-22.75,-22.75,-5.59375,-5.59375,17.15625
Crystallose,-22.875,-22.875,-5.71875,-5.71875,17.15625
Paroxazine,-23.25,-23.25,-6.09375,-6.09375,17.15625
Outrib,-23.125,-23.125,-5.96875,-5.96875,17.15625
Foliates,-22.875,-22.875,-5.71875,-5.71875,17.15625
Pinprick,-22.625,-22.625,-5.46875,-5.46875,17.15625
Bauhinias,-23.125,-23.125,-5.96875,-5.96875,17.15625
Multiracial,-23.125,-23.125,-5.96875,-5.96875,17.15625
Sententia,-23.125,-23.125,-5.96875,-5.96875,17.15625
Plataleinae,-23.0,-23.0,-5.84375,-5.84375,17.15625
Driftbolt,-22.5,-22.5,-5.34375,-5.34375,17.15625
Deterministic,-23.0,-23.0,-5.84375,-5.84375,17.15625
Quinaldyl,-22.75,-22.75,-5.59375,-5.59375,17.15625
Ephorates,-23.125,-23.125,-5.96875,-5.96875,17.15625
Necrologies,-23.0,-23.0,-5.84375,-5.84375,17.15625
Allosaur,-22.625,-22.625,-5.46875,-5.46875,17.15625
Sesquinonal,-22.875,-22.875,-5.71875,-5.71875,17.15625
Dealfish,-23.25,-23.25,-6.09375,-6.09375,17.15625
Tetartocone,-22.875,-22.875,-5.71875,-5.71875,17.15625
Chavibetol,-23.125,-23.125,-5.96875,-5.96875,17.15625
Xenolith,-22.75,-22.75,-5.59375,-5.59375,17.15625
Ionospheric,-23.25,-23.25,-6.09375,-6.09375,17.15625
Opisometer,-23.375,-23.375,-6.21875,-6.21875,17.15625
Marcels,-23.0,-23.0,-5.84375,-5.84375,17.15625
Noontime,-23.25,-23.25,-6.09375,-6.09375,17.15625
Outsaid,-22.875,-22.875,-5.71875,-5.71875,17.15625
Triphibian,-22.75,-22.75,-5.59375,-5.59375,17.15625
Tassets,-23.0,-23.0,-5.84375,-5.84375,17.15625
Rotunda,-23.0,-23.0,-5.84375,-5.84375,17.15625
Fahlunitte,-23.125,-23.125,-5.96875,-5.96875,17.15625
Saeculum,-23.25,-23.25,-6.09375,-6.09375,17.15625
Pelecoid,-22.875,-22.875,-5.71875,-5.71875,17.15625
Peripancreatic,-23.0,-23.0,-5.84375,-5.84375,17.15625
Pataca,-23.25,-23.25,-6.09375,-6.09375,17.15625
Laurionite,-23.0,-23.0,-5.84375,-5.84375,17.15625
Ramsey,-23.0,-23.0,-5.84375,-5.84375,17.15625
Erasers,-22.75,-22.75,-5.59375,-5.59375,17.15625
Paroch,-23.0,-23.0,-5.84375,-5.84375,17.15625
Jibbooms,-22.875,-22.875,-5.71875,-5.71875,17.15625
Looney,-23.0,-23.0,-5.84375,-5.84375,17.15625
Tessera,-22.75,-22.75,-5.625,-5.625,17.125
Polypterid,-22.75,-22.75,-5.625,-5.625,17.125
Nonequestrian,-22.75,-22.75,-5.625,-5.625,17.125
Mycetozoan,-22.625,-22.625,-5.5,-5.5,17.125
Considerance,-22.75,-22.75,-5.625,-5.625,17.125
Precisionism,-23.125,-23.125,-6.0,-6.0,17.125
Capriole,-22.75,-22.75,-5.625,-5.625,17.125
Prechildhood,-22.75,-22.75,-5.625,-5.625,17.125
Batoid,-22.75,-22.75,-5.625,-5.625,17.125
Whalers,-22.625,-22.625,-5.5,-5.5,17.125
Washwomen,-22.625,-22.625,-5.5,-5.5,17.125
Disposit,-22.875,-22.875,-5.75,-5.75,17.125
Phloeoterma,-22.5,-22.5,-5.375,-5.375,17.125
Greggriffin,-22.75,-22.75,-5.625,-5.625,17.125
Bishopbird,-22.75,-22.75,-5.625,-5.625,17.125
Laundryowner,-22.5,-22.5,-5.375,-5.375,17.125
Pinatas,-23.0,-23.0,-5.875,-5.875,17.125
Graphomaniacal,-22.75,-22.75,-5.625,-5.625,17.125
Mosquittoey,-22.75,-22.75,-5.625,-5.625,17.125
Pensionat,-22.625,-22.625,-5.5,-5.5,17.125
Whitestone,-22.625,-22.625,-5.5,-5.5,17.125
Plexiglas,-22.625,-22.625,-5.5,-5.5,17.125
Whaleroad,-22.625,-22.625,-5.5,-5.5,17.125
Pharmacists,-23.125,-23.125,-6.0,-6.0,17.125
Manometries,-22.875,-22.875,-5.75,-5.75,17.125
Weeknight,-22.5,-22.5,-5.375,-5.375,17.125
Encapsulates,-23.0,-23.0,-5.875,-5.875,17.125
Extraocular,-22.625,-22.625,-5.5,-5.5,17.125
Acroceraunian,-22.625,-22.625,-5.5,-5.5,17.125
Litholapaxy,-23.0,-23.0,-5.875,-5.875,17.125
Pseudelminth,-22.75,-22.75,-5.625,-5.625,17.125
Townsman,-23.0,-23.0,-5.875,-5.875,17.125
Wellchosen,-22.75,-22.75,-5.625,-5.625,17.125
Brazen,-22.625,-22.625,-5.5,-5.5,17.125
Illusory,-22.75,-22.75,-5.625,-5.625,17.125
Entomophaga,-22.625,-22.625,-5.5,-5.5,17.125
Licareol,-22.875,-22.875,-5.75,-5.75,17.125
Arcifinious,-22.75,-22.75,-5.625,-5.625,17.125
Essayistic,-22.75,-22.75,-5.625,-5.625,17.125
Steekkannen,-22.625,-22.625,-5.5,-5.5,17.125
Museum,-22.875,-22.875,-5.75,-5.75,17.125
Cryptovalency,-23.125,-23.125,-6.0,-6.0,17.125
Prediabetic,-22.625,-22.625,-5.5,-5.5,17.125
Pulmotracheal,-22.625,-22.625,-5.5,-5.5,17.125
Phleboplasty,-23.125,-23.125,-6.0,-6.0,17.125
Baywoods,-22.625,-22.625,-5.5,-5.5,17.125
Tooths,-22.75,-22.75,-5.625,-5.625,17.125
Funeral,-22.875,-22.875,-5.8125,-5.8125,17.0625
Camisia,-23.125,-23.125,-6.0625,-6.0625,17.0625
Vanillinic,-22.875,-22.875,-5.8125,-5.8125,17.0625
Hitchiest,-22.75,-22.75,-5.6875,-5.6875,17.0625
Taramembe,-23.125,-23.125,-6.0625,-6.0625,17.0625
Tusche,-22.75,-22.75,-5.6875,-5.6875,17.0625
Mythify,-23.125,-23.125,-6.0625,-6.0625,17.0625
Oleomargarin,-22.75,-22.75,-5.6875,-5.6875,17.0625
Metafluidal,-23.125,-23.125,-6.0625,-6.0625,17.0625
Benzazine,-22.875,-22.875,-5.8125,-5.8125,17.0625
Funiform,-23.0,-23.0,-5.9375,-5.9375,17.0625
Alexin,-22.875,-22.875,-5.8125,-5.8125,17.0625
Canephor,-23.0,-23.0,-5.9375,-5.9375,17.0625
Tarweeds,-22.875,-22.875,-5.8125,-5.8125,17.0625
Arthrobranch,-22.875,-22.875,-5.8125,-5.8125,17.0625
Stockist,-23.0,-23.0,-5.9375,-5.9375,17.0625
Shashlik,-23.0,-23.0,-5.9375,-5.9375,17.0625
Infrabuccal,-22.875,-22.875,-5.8125,-5.8125,17.0625
Galactolysis,-23.25,-23.25,-6.1875,-6.1875,17.0625
Overrose,-22.75,-22.75,-5.6875,-5.6875,17.0625
Lefsen,-23.0,-23.0,-5.9375,-5.9375,17.0625
Barbasco,-22.875,-22.875,-5.8125,-5.8125,17.0625
Standpoints,-23.375,-23.375,-6.3125,-6.3125,17.0625
Breenge,-23.0,-23.0,-5.9375,-5.9375,17.0625
Vivandiere,-22.75,-22.75,-5.6875,-5.6875,17.0625
Otopyosis,-23.125,-23.125,-6.0625,-6.0625,17.0625
Quatres,-22.875,-22.875,-5.8125,-5.8125,17.0625
Magnifications,-23.25,-23.25,-6.1875,-6.1875,17.0625
Enstar,-23.0,-23.0,-5.9375,-5.9375,17.0625
Ascesis,-23.125,-23.125,-6.0625,-6.0625,17.0625
Caleches,-23.0,-23.0,-5.9375,-5.9375,17.0625
Floruit,-23.0,-23.0,-5.9375,-5.9375,17.0625
Grillroom,-22.875,-22.875,-5.8125,-5.8125,17.0625
Rattles,-22.875,-22.875,-5.8125,-5.8125,17.0625
Belfry,-22.75,-22.75,-5.6875,-5.6875,17.0625
Rhubarb,-22.75,-22.75,-5.6875,-5.6875,17.0625
Metempirical,-23.125,-23.125,-6.0625,-6.0625,17.0625
Trestlewise,-22.875,-22.875,-5.8125,-5.8125,17.0625
Amylamine,-23.0,-23.0,-5.9375,-5.9375,17.0625
Centrobaric,-23.0,-23.0,-5.9375,-5.9375,17.0625
Xenophobes,-23.5,-23.5,-6.4375,-6.4375,17.0625
Chionanthus,-23.0,-23.0,-5.9375,-5.9375,17.0625
Allose,-22.875,-22.875,-5.8125,-5.8125,17.0625
Barrulee,-22.875,-22.875,-5.8125,-5.8125,17.0625
Markab,-22.875,-22.875,-5.8125,-5.8125,17.0625
Loomfixer,-22.875,-22.875,-5.8125,-5.8125,17.0625
Austroriparian,-23.0,-23.0,-5.9375,-5.9375,17.0625
Camases,-23.0,-23.0,-5.9375,-5.9375,17.0625
Sandwich,-22.875,-22.875,-5.8125,-5.8125,17.0625
Endoconidia,-23.125,-23.125,-6.0625,-6.0625,17.0625
Habitus,-23.25,-23.25,-6.1875,-6.1875,17.0625
Cichorium,-22.875,-22.875,-5.8125,-5.8125,17.0625
Scalpeen,-22.875,-22.875,-5.8125,-5.8125,17.0625
Hyperbranchial,-23.0,-23.0,-5.9375,-5.9375,17.0625
Basigamy,-23.25,-23.25,-6.1875,-6.1875,17.0625
Sleepward,-22.875,-22.875,-5.8125,-5.8125,17.0625
Cobnuts,-22.875,-22.875,-5.8125,-5.8125,17.0625
Spadewise,-23.0,-23.0,-5.9375,-5.9375,17.0625
Agings,-23.0,-23.0,-5.9375,-5.9375,17.0625
Stellas,-22.875,-22.875,-5.8125,-5.8125,17.0625
Ammonolitic,-23.0,-23.0,-5.9375,-5.9375,17.0625
Phyllobranchia,-22.75,-22.75,-5.6875,-5.6875,17.0625
Mudirieh,-23.125,-23.125,-6.0625,-6.0625,17.0625
Tesvino,-22.75,-22.75,-5.6875,-5.6875,17.0625
Bristles,-23.0,-23.0,-5.9375,-5.9375,17.0625
Camacan,-23.0,-23.0,-5.9375,-5.9375,17.0625
Binapthyl,-23.0,-23.0,-5.9375,-5.9375,17.0625
Maquisard,-23.375,-23.375,-6.3125,-6.3125,17.0625
Anglian,-22.875,-22.875,-5.8125,-5.8125,17.0625
Lamellicornes,-22.875,-22.875,-5.8125,-5.8125,17.0625
Woodlands,-22.875,-22.875,-5.8125,-5.8125,17.0625
Isochron,-23.0,-23.0,-5.9375,-5.9375,17.0625
Determinacy,-23.0,-23.0,-5.9375,-5.9375,17.0625
Iconoplast,-23.125,-23.125,-6.0625,-6.0625,17.0625
Gender,-23.25,-23.25,-6.1875,-6.1875,17.0625
Floramour,-23.125,-23.125,-6.0625,-6.0625,17.0625
Charterage,-23.125,-23.125,-6.0625,-6.0625,17.0625
Nonsalability,-23.125,-23.125,-6.0625,-6.0625,17.0625
Mannitol,-23.0,-23.0,-5.9375,-5.9375,17.0625
Equestrienne,-22.75,-22.75,-5.6875,-5.6875,17.0625
Wolverines,-22.875,-22.875,-5.8125,-5.8125,17.0625
Chaprasi,-22.875,-22.875,-5.8125,-5.8125,17.0625
Hyperkinetic,-22.75,-22.75,-5.6875,-5.6875,17.0625
Paleophytic,-22.875,-22.875,-5.8125,-5.8125,17.0625
Kvases,-22.875,-22.875,-5.8125,-5.8125,17.0625
Counterpace,-23.25,-23.25,-6.1875,-6.1875,17.0625
Rhymes,-22.75,-22.75,-5.6875,-5.6875,17.0625
Nanosomia,-23.125,-23.125,-6.0625,-6.0625,17.0625
Tachyglossate,-22.875,-22.875,-5.8125,-5.8125,17.0625
Maquahuitl,-23.0,-23.0,-5.9375,-5.9375,17.0625
Basiglandular,-23.25,-23.25,-6.1875,-6.1875,17.0625
Cunarder,-22.625,-22.625,-5.5625,-5.5625,17.0625
Cabrilla,-22.75,-22.75,-5.6875,-5.6875,17.0625
Violaters,-23.25,-23.25,-6.1875,-6.1875,17.0625
Hydrometric,-23.0,-23.0,-5.9375,-5.9375,17.0625
Densest,-23.0,-23.0,-5.9375,-5.9375,17.0625
Practitional,-23.125,-23.125,-6.0625,-6.0625,17.0625
Begoud,-22.875,-22.875,-5.8125,-5.8125,17.0625
Cidarid,-22.875,-22.875,-5.8125,-5.8125,17.0625
Ampelidae,-23.375,-23.375,-6.3125,-6.3125,17.0625
Loaferish,-23.0,-23.0,-5.9375,-5.9375,17.0625
Placentomata,-22.875,-22.875,-5.8125,-5.8125,17.0625
Modulo,-23.0,-23.0,-5.9375,-5.9375,17.0625
Endocarpic,-23.125,-23.125,-6.0625,-6.0625,17.0625
Alfaki,-23.25,-23.25,-6.1875,-6.1875,17.0625
Lathee,-22.75,-22.75,-5.6875,-5.6875,17.0625
Leadings,-23.0,-23.0,-5.9375,-5.9375,17.0625
Mumblebee,-22.75,-22.75,-5.6875,-5.6875,17.0625
Gypsyish,-23.0,-23.0,-5.9375,-5.9375,17.0625
Splitmouth,-22.75,-22.75,-5.6875,-5.6875,17.0625
Abhiseka,-22.875,-22.875,-5.8125,-5.8125,17.0625
Helldog,-23.0,-23.0,-5.9375,-5.9375,17.0625
Keratoscopy,-22.875,-22.875,-5.8125,-5.8125,17.0625
Basecourt,-23.125,-23.125,-6.0625,-6.0625,17.0625
Carstone,-22.875,-22.875,-5.8125,-5.8125,17.0625
Cassioberry,-23.125,-23.125,-6.0625,-6.0625,17.0625
Bedstead,-22.75,-22.75,-5.6875,-5.6875,17.0625
Bromidrosis,-22.875,-22.875,-5.8125,-5.8125,17.0625
Hexanaphthene,-22.875,-22.875,-5.8125,-5.8125,17.0625
Hammada,-23.0,-23.0,-5.9375,-5.9375,17.0625
Vendees,-23.0,-23.0,-5.9375,-5.9375,17.0625
Supermaxillary,-22.75,-22.75,-5.6875,-5.6875,17.0625
Gharry,-23.0,-23.0,-5.9375,-5.9375,17.0625
Lestobiosis,-23.25,-23.25,-6.1875,-6.1875,17.0625
Hotter,-23.0,-23.0,-5.9375,-5.9375,17.0625
Inwrap,-22.875,-22.875,-5.8125,-5.8125,17.0625
Ungenerative,-22.875,-22.875,-5.8125,-5.8125,17.0625
Grillades,-22.875,-22.875,-5.8125,-5.8125,17.0625
Flunker,-22.875,-22.875,-5.8125,-5.8125,17.0625
Fascis,-23.0,-23.0,-5.9375,-5.9375,17.0625
Berean,-22.875,-22.875,-5.8125,-5.8125,17.0625
Sarmentaceous,-22.875,-22.875,-5.8125,-5.8125,17.0625
Ileitides,-23.5,-23.5,-6.4375,-6.4375,17.0625
Prepigmental,-22.75,-22.75,-5.6875,-5.6875,17.0625
Myoxus,-23.0,-23.0,-5.9375,-5.9375,17.0625
Cargadores,-23.125,-23.125,-6.0625,-6.0625,17.0625
Chough,-22.875,-22.875,-5.8125,-5.8125,17.0625
Mydriatic,-23.125,-23.125,-6.0625,-6.0625,17.0625
Basiradial,-23.25,-23.25,-6.1875,-6.1875,17.0625
Plbroch,-22.875,-22.875,-5.8125,-5.8125,17.0625
Dapperest,-23.0,-23.0,-5.9375,-5.9375,17.0625
Camlets,-23.0,-23.0,-5.9375,-5.9375,17.0625
Scalare,-23.25,-23.25,-6.1875,-6.1875,17.0625
Cocoach,-23.125,-23.125,-6.0625,-6.0625,17.0625
Buckbush,-22.75,-22.75,-5.6875,-5.6875,17.0625
Amitie,-23.0,-23.0,-5.9375,-5.9375,17.0625
Stickball,-22.75,-22.75,-5.6875,-5.6875,17.0625
Understand,-23.0,-23.0,-5.9375,-5.9375,17.0625
Anklet,-22.75,-22.75,-5.6875,-5.6875,17.0625
Toorie,-22.875,-22.875,-5.8125,-5.8125,17.0625
Ascidioida,-23.0,-23.0,-5.9375,-5.9375,17.0625
Sloganize,-23.375,-23.375,-6.3125,-6.3125,17.0625
Watercart,-23.0,-23.0,-5.9375,-5.9375,17.0625
Lintel,-22.75,-22.75,-5.6875,-5.6875,17.0625
Castellate,-23.0,-23.0,-5.9375,-5.9375,17.0625
Zeuglodont,-22.75,-22.75,-5.6875,-5.6875,17.0625
Urocerid,-22.75,-22.75,-5.6875,-5.6875,17.0625
Lithoclasty,-23.25,-23.25,-6.1875,-6.1875,17.0625
Methylsulfanol,-23.0,-23.0,-5.9375,-5.9375,17.0625
Suberins,-23.0,-23.0,-5.9375,-5.9375,17.0625
Fluminous,-23.0,-23.0,-5.9375,-5.9375,17.0625
Lobber,-22.75,-22.75,-5.6875,-5.6875,17.0625
Kaleidescope,-23.0,-23.0,-5.9375,-5.9375,17.0625
Reforest,-22.75,-22.75,-5.6875,-5.6875,17.0625
Fascial,-23.125,-23.125,-6.0625,-6.0625,17.0625
Jigaboos,-23.25,-23.25,-6.1875,-6.1875,17.0625
Discounters,-23.375,-23.375,-6.3125,-6.3125,17.0625
Jetter,-23.125,-23.125,-6.0625,-6.0625,17.0625
Boobyalla,-23.375,-23.375,-6.3125,-6.3125,17.0625
Salvor,-22.875,-22.875,-5.8125,-5.8125,17.0625
Garnetwork,-23.0,-23.0,-5.9375,-5.9375,17.0625
Subdepots,-23.0,-23.0,-5.9375,-5.9375,17.0625
Parados,-23.375,-23.375,-6.3125,-6.3125,17.0625
Riggald,-22.875,-22.875,-5.8125,-5.8125,17.0625
Tonify,-23.0,-23.0,-5.9375,-5.9375,17.0625
Meekest,-23.0,-23.0,-5.9375,-5.9375,17.0625
Apophysitis,-23.25,-23.25,-6.1875,-6.1875,17.0625
Apagoge,-23.0,-23.0,-5.9375,-5.9375,17.0625
Intertraffic,-23.0,-23.0,-5.9375,-5.9375,17.0625
Nandina,-23.125,-23.125,-6.0625,-6.0625,17.0625
Shiatsu,-23.375,-23.375,-6.3125,-6.3125,17.0625
Temperability,-23.0,-23.0,-5.9375,-5.9375,17.0625
Cymbid,-22.875,-22.875,-5.8125,-5.8125,17.0625
Mixible,-23.0,-23.0,-5.9375,-5.9375,17.0625
Otarioid,-23.0,-23.0,-5.9375,-5.9375,17.0625
Omniformal,-23.25,-23.25,-6.1875,-6.1875,17.0625
Ladlefuls,-23.25,-23.25,-6.1875,-6.1875,17.0625
Hyperpyretic,-23.0,-23.0,-5.9375,-5.9375,17.0625
Edgeless,-23.125,-23.125,-6.0625,-6.0625,17.0625
Affeir,-23.125,-23.125,-6.0625,-6.0625,17.0625
Languid,-23.0,-23.0,-5.9375,-5.9375,17.0625
Annalia,-22.75,-22.75,-5.6875,-5.6875,17.0625
Haliotoid,-22.875,-22.875,-5.8125,-5.8125,17.0625
Ravelin,-23.0,-23.0,-5.9375,-5.9375,17.0625
Edgebone,-23.0,-23.0,-5.9375,-5.9375,17.0625
Bedrift,-22.875,-22.875,-5.8125,-5.8125,17.0625
Sleepful,-23.0,-23.0,-5.9375,-5.9375,17.0625
Siddurim,-23.25,-23.25,-6.1875,-6.1875,17.0625
Sciatherical,-23.0,-23.0,-5.9375,-5.9375,17.0625
Combative,-22.875,-22.875,-5.8125,-5.8125,17.0625
Entrelac,-22.75,-22.75,-5.6875,-5.6875,17.0625
Suggestionism,-23.25,-23.25,-6.1875,-6.1875,17.0625
Girosol,-23.125,-23.125,-6.0625,-6.0625,17.0625
Fenestellae,-22.875,-22.875,-5.8125,-5.8125,17.0625
Hyperlithuria,-23.25,-23.25,-6.1875,-6.1875,17.0625
Galoshe,-22.875,-22.875,-5.8125,-5.8125,17.0625
Cantando,-23.0,-23.0,-5.9375,-5.9375,17.0625
Finfishes,-23.25,-23.25,-6.1875,-6.1875,17.0625
Barbate,-22.875,-22.875,-5.8125,-5.8125,17.0625
Filenames,-22.75,-22.75,-5.6875,-5.6875,17.0625
Clastics,-22.875,-22.875,-5.8125,-5.8125,17.0625
Derust,-23.25,-23.25,-6.1875,-6.1875,17.0625
Kronur,-23.0,-23.0,-5.9375,-5.9375,17.0625
Flauto,-23.0,-23.0,-5.9375,-5.9375,17.0625
Hectogramme,-22.875,-22.875,-5.8125,-5.8125,17.0625
Refloor,-22.875,-22.875,-5.8125,-5.8125,17.0625
Adversus,-23.0,-23.0,-5.9375,-5.9375,17.0625
Chessel,-22.875,-22.875,-5.8125,-5.8125,17.0625
Kaskaskia,-22.875,-22.875,-5.8125,-5.8125,17.0625
Tarcel,-23.0,-23.0,-5.9375,-5.9375,17.0625
Spense,-22.875,-22.875,-5.8125,-5.8125,17.0625
Distichlis,-22.75,-22.75,-5.6875,-5.6875,17.0625
Steelware,-22.875,-22.875,-5.8125,-5.8125,17.0625
Kernish,-23.0,-23.0,-5.9375,-5.9375,17.0625
Heartaches,-22.75,-22.75,-5.71875,-5.71875,17.03125
Aerophysics,-22.875,-22.875,-5.84375,-5.84375,17.03125
Chopin,-23.25,-23.25,-6.21875,-6.21875,17.03125
Dimities,-23.125,-23.125,-6.09375,-6.09375,17.03125
Margarins,-23.0,-23.0,-5.96875,-5.96875,17.03125
Isophotes,-23.0,-23.0,-5.96875,-5.96875,17.03125
Niblicks,-22.625,-22.625,-5.59375,-5.59375,17.03125
Unmetaphorical,-23.0,-23.0,-5.96875,-5.96875,17.03125
Peterkin,-22.75,-22.75,-5.71875,-5.71875,17.03125
Tumulose,-22.875,-22.875,-5.84375,-5.84375,17.03125
Dehumidifies,-22.875,-22.875,-5.84375,-5.84375,17.03125
Stenocardia,-22.875,-22.875,-5.84375,-5.84375,17.03125
Conquians,-23.125,-23.125,-6.09375,-6.09375,17.03125
Debunks,-22.875,-22.875,-5.84375,-5.84375,17.03125
Zanies,-23.0,-23.0,-5.96875,-5.96875,17.03125
Brulzie,-23.0,-23.0,-5.96875,-5.96875,17.03125
Pseudosuchia,-22.875,-22.875,-5.84375,-5.84375,17.03125
Tenaim,-23.0,-23.0,-5.96875,-5.96875,17.03125
Hakenkreuzler,-23.125,-23.125,-6.09375,-6.09375,17.03125
Polycladine,-23.0,-23.0,-5.96875,-5.96875,17.03125
Scatologies,-22.875,-22.875,-5.84375,-5.84375,17.03125
Pinkoes,-23.0,-23.0,-5.96875,-5.96875,17.03125
Concertinas,-22.875,-22.875,-5.84375,-5.84375,17.03125
Castile,-23.125,-23.125,-6.09375,-6.09375,17.03125
Sambuca,-23.125,-23.125,-6.09375,-6.09375,17.03125
Palliums,-23.0,-23.0,-5.96875,-5.96875,17.03125
Galliass,-22.875,-22.875,-5.84375,-5.84375,17.03125
Ultravirus,-22.875,-22.875,-5.84375,-5.84375,17.03125
Forsar,-22.625,-22.625,-5.59375,-5.59375,17.03125
Riffraff,-22.875,-22.875,-5.84375,-5.84375,17.03125
Leatherworker,-22.75,-22.75,-5.71875,-5.71875,17.03125
Charlatanism,-23.5,-23.5,-6.46875,-6.46875,17.03125
Afterstate,-22.75,-22.75,-5.71875,-5.71875,17.03125
Swordsmen,-23.125,-23.125,-6.09375,-6.09375,17.03125
Rubles,-22.75,-22.75,-5.71875,-5.71875,17.03125
Schoolkeeper,-22.75,-22.75,-5.71875,-5.71875,17.03125
Havenet,-22.875,-22.875,-5.84375,-5.84375,17.03125
Episporangium,-22.75,-22.75,-5.71875,-5.71875,17.03125
Ceratocystis,-22.625,-22.625,-5.59375,-5.59375,17.03125
Lounges,-23.0,-23.0,-5.96875,-5.96875,17.03125
Hemocytozoon,-22.625,-22.625,-5.59375,-5.59375,17.03125
Sandflies,-22.75,-22.75,-5.71875,-5.71875,17.03125
Adiaphoresis,-23.25,-23.25,-6.21875,-6.21875,17.03125
Cyprinus,-22.875,-22.875,-5.84375,-5.84375,17.03125
Quirkiest,-22.625,-22.625,-5.59375,-5.59375,17.03125
Dextrogyre,-22.5,-22.5,-5.46875,-5.46875,17.03125
Dolomites,-23.0,-23.0,-5.96875,-5.96875,17.03125
Alidades,-23.0,-23.0,-5.96875,-5.96875,17.03125
Grangerize,-22.75,-22.75,-5.71875,-5.71875,17.03125
Thawers,-23.0,-23.0,-5.96875,-5.96875,17.03125
Bullets,-22.75,-22.75,-5.71875,-5.71875,17.03125
Moonbeams,-23.125,-23.125,-6.09375,-6.09375,17.03125
Sectionize,-23.125,-23.125,-6.09375,-6.09375,17.03125
Sirenoidea,-22.75,-22.75,-5.71875,-5.71875,17.03125
Picrodendron,-22.75,-22.75,-5.71875,-5.71875,17.03125
Pullorum,-22.75,-22.75,-5.71875,-5.71875,17.03125
Speedboat,-22.625,-22.625,-5.59375,-5.59375,17.03125
Interrailway,-23.0,-23.0,-5.96875,-5.96875,17.03125
Relights,-23.0,-23.0,-5.96875,-5.96875,17.03125
Pilaus,-22.875,-22.875,-5.84375,-5.84375,17.03125
Thyrocarditis,-23.0,-23.0,-5.96875,-5.96875,17.03125
Sabbitha,-22.875,-22.875,-5.84375,-5.84375,17.03125
Lieutenant,-22.5,-22.5,-5.46875,-5.46875,17.03125
Sesuvium,-22.625,-22.625,-5.59375,-5.59375,17.03125
Thugdom,-23.375,-23.375,-6.34375,-6.34375,17.03125
Bashaw,-22.75,-22.75,-5.71875,-5.71875,17.03125
Veracities,-22.875,-22.875,-5.84375,-5.84375,17.03125
Chilostoma,-23.0,-23.0,-5.96875,-5.96875,17.03125
Curiae,-22.875,-22.875,-5.84375,-5.84375,17.03125
Montross,-22.75,-22.75,-5.71875,-5.71875,17.03125
Alsinaceae,-23.0,-23.0,-5.96875,-5.96875,17.03125
Messiahs,-22.875,-22.875,-5.84375,-5.84375,17.03125
Gravid,-22.625,-22.625,-5.59375,-5.59375,17.03125
Plainish,-22.875,-22.875,-5.84375,-5.84375,17.03125
Listers,-23.125,-23.125,-6.09375,-6.09375,17.03125
Venisonlike,-23.125,-23.125,-6.09375,-6.09375,17.03125
Overemphasize,-22.875,-22.875,-5.84375,-5.84375,17.03125
Felaheen,-22.875,-22.875,-5.84375,-5.84375,17.03125
Notalgia,-23.0,-23.0,-5.96875,-5.96875,17.03125
Septuncial,-23.125,-23.125,-6.09375,-6.09375,17.03125
Gropers,-23.375,-23.375,-6.34375,-6.34375,17.03125
Setaria,-23.0,-23.0,-5.96875,-5.96875,17.03125
Immane,-23.0,-23.0,-5.96875,-5.96875,17.03125
Eptatretus,-22.875,-22.875,-5.84375,-5.84375,17.03125
Rhizopuses,-22.75,-22.75,-5.71875,-5.71875,17.03125
Santour,-23.25,-23.25,-6.21875,-6.21875,17.03125
Granduncles,-23.125,-23.125,-6.09375,-6.09375,17.03125
Barramundies,-23.0,-23.0,-5.96875,-5.96875,17.03125
Bryonies,-22.625,-22.625,-5.59375,-5.59375,17.03125
Finochios,-23.125,-23.125,-6.09375,-6.09375,17.03125
Guptavidya,-23.125,-23.125,-6.09375,-6.09375,17.03125
Chlorambucil,-22.875,-22.875,-5.84375,-5.84375,17.03125
Naphthionate,-22.75,-22.75,-5.71875,-5.71875,17.03125
Visibility,-22.875,-22.875,-5.84375,-5.84375,17.03125
Monadnock,-22.625,-22.625,-5.59375,-5.59375,17.03125
Algedi,-22.625,-22.625,-5.59375,-5.59375,17.03125
Tyrants,-22.75,-22.75,-5.71875,-5.71875,17.03125
Simaroubaceae,-22.75,-22.75,-5.71875,-5.71875,17.03125
Yohimbinize,-23.0,-23.0,-5.96875,-5.96875,17.03125
Averish,-22.75,-22.75,-5.71875,-5.71875,17.03125
Gonyoncus,-22.875,-22.875,-5.84375,-5.84375,17.03125
Brinkmanship,-22.875,-22.875,-5.84375,-5.84375,17.03125
Rampions,-22.5,-22.5,-5.46875,-5.46875,17.03125
Bedeen,-22.75,-22.75,-5.71875,-5.71875,17.03125
Toadflax,-22.5,-22.5,-5.46875,-5.46875,17.03125
Zooglea,-22.875,-22.875,-5.84375,-5.84375,17.03125
Ceratitoid,-22.625,-22.625,-5.59375,-5.59375,17.03125
Humanoid,-22.75,-22.75,-5.71875,-5.71875,17.03125
Lemons,-22.75,-22.75,-5.71875,-5.71875,17.03125
Xiraxara,-23.0,-23.0,-5.96875,-5.96875,17.03125
Hypopituitary,-23.25,-23.25,-6.21875,-6.21875,17.03125
Timberline,-22.625,-22.625,-5.59375,-5.59375,17.03125
Lumbosacral,-23.125,-23.125,-6.09375,-6.09375,17.03125
Chalkboards,-22.75,-22.75,-5.71875,-5.71875,17.03125
Bivalence,-23.125,-23.125,-6.09375,-6.09375,17.03125
Sciotheric,-22.875,-22.875,-5.84375,-5.84375,17.03125
Scylliorhinoid,-22.875,-22.875,-5.84375,-5.84375,17.03125
Tigers,-22.75,-22.75,-5.71875,-5.71875,17.03125
Accentors,-22.875,-22.875,-5.84375,-5.84375,17.03125
Armorican,-22.875,-22.875,-5.84375,-5.84375,17.03125
Coiffes,-23.125,-23.125,-6.09375,-6.09375,17.03125
Flacourtia,-22.75,-22.75,-5.71875,-5.71875,17.03125
Daleman,-22.75,-22.75,-5.71875,-5.71875,17.03125
Allocaffeine,-22.75,-22.75,-5.71875,-5.71875,17.03125
Paramyelin,-23.125,-23.125,-6.09375,-6.09375,17.03125
Moondrop,-23.25,-23.25,-6.21875,-6.21875,17.03125
Aircrafts,-23.0,-23.0,-5.96875,-5.96875,17.03125
Attentional,-23.0,-23.0,-5.96875,-5.96875,17.03125
Popeless,-22.75,-22.75,-5.71875,-5.71875,17.03125
Cardiorrhexis,-22.75,-22.75,-5.71875,-5.71875,17.03125
Trichinas,-22.875,-22.875,-5.84375,-5.84375,17.03125
Barleybird,-22.75,-22.75,-5.71875,-5.71875,17.03125
Improvisers,-23.0,-23.0,-5.96875,-5.96875,17.03125
Facultate,-23.25,-23.25,-6.21875,-6.21875,17.03125
Cirsium,-22.625,-22.625,-5.59375,-5.59375,17.03125
Presences,-22.875,-22.875,-5.84375,-5.84375,17.03125
Vintage,-23.125,-23.125,-6.09375,-6.09375,17.03125
Chiropody,-22.875,-22.875,-5.84375,-5.84375,17.03125
Tabatiere,-22.75,-22.75,-5.71875,-5.71875,17.03125
Crowers,-22.875,-22.875,-5.84375,-5.84375,17.03125
Intaria,-22.875,-22.875,-5.84375,-5.84375,17.03125
Contemplance,-23.125,-23.125,-6.09375,-6.09375,17.03125
Zaurak,-22.875,-22.875,-5.84375,-5.84375,17.03125
Surreal,-22.75,-22.75,-5.71875,-5.71875,17.03125
Bloodbeat,-22.875,-22.875,-5.84375,-5.84375,17.03125
Atriocoelomic,-22.875,-22.875,-5.84375,-5.84375,17.03125
Voicelet,-23.125,-23.125,-6.09375,-6.09375,17.03125
Saxicole,-23.0,-23.0,-5.96875,-5.96875,17.03125
Larchen,-22.875,-22.875,-5.84375,-5.84375,17.03125
Prevost,-22.875,-22.875,-5.84375,-5.84375,17.03125
Circaea,-22.75,-22.75,-5.71875,-5.71875,17.03125
Geophysics,-23.25,-23.25,-6.21875,-6.21875,17.03125
Reichsmark,-22.625,-22.625,-5.59375,-5.59375,17.03125
Vesicocervical,-22.75,-22.75,-5.71875,-5.71875,17.03125
Swellheads,-23.125,-23.125,-6.09375,-6.09375,17.03125
Ashlars,-22.625,-22.625,-5.59375,-5.59375,17.03125
Catocala,-23.0,-23.0,-5.96875,-5.96875,17.03125
Kaffirs,-22.875,-22.875,-5.84375,-5.84375,17.03125
Progrede,-23.125,-23.125,-6.09375,-6.09375,17.03125
Verticality,-23.0,-23.0,-5.96875,-5.96875,17.03125
Stemless,-22.875,-22.875,-5.84375,-5.84375,17.03125
Sociables,-22.875,-22.875,-5.84375,-5.84375,17.03125
Comeddle,-22.875,-22.875,-5.84375,-5.84375,17.03125
Godfrey,-22.625,-22.625,-5.59375,-5.59375,17.03125
Broadband,-23.0,-23.0,-5.96875,-5.96875,17.03125
Bromite,-22.75,-22.75,-5.71875,-5.71875,17.03125
Hepatize,-22.75,-22.75,-5.71875,-5.71875,17.03125
Thronedom,-23.375,-23.375,-6.34375,-6.34375,17.03125
Machinations,-22.875,-22.875,-5.84375,-5.84375,17.03125
Vocalises,-23.0,-23.0,-5.96875,-5.96875,17.03125
Statements,-23.125,-23.125,-6.09375,-6.09375,17.03125
Gynoecium,-22.75,-22.75,-5.71875,-5.71875,17.03125
Kentuckians,-23.0,-23.0,-5.96875,-5.96875,17.03125
Unilobar,-23.25,-23.25,-6.21875,-6.21875,17.03125
Ballpark,-22.75,-22.75,-5.71875,-5.71875,17.03125
Sulfoxylate,-23.0,-23.0,-5.96875,-5.96875,17.03125
Sierozems,-23.0,-23.0,-5.96875,-5.96875,17.03125
Nyphomania,-23.125,-23.125,-6.09375,-6.09375,17.03125
Leiger,-22.875,-22.875,-5.84375,-5.84375,17.03125
Alternativo,-23.125,-23.125,-6.09375,-6.09375,17.03125
Superioress,-22.625,-22.625,-5.59375,-5.59375,17.03125
Rrhiza,-22.75,-22.75,-5.71875,-5.71875,17.03125
Misinformants,-23.5,-23.5,-6.46875,-6.46875,17.03125
Devoirs,-23.125,-23.125,-6.09375,-6.09375,17.03125
Cardiamorphia,-22.75,-22.75,-5.71875,-5.71875,17.03125
Springful,-23.0,-23.0,-5.96875,-5.96875,17.03125
Parridae,-23.125,-23.125,-6.09375,-6.09375,17.03125
Connarite,-23.0,-23.0,-5.96875,-5.96875,17.03125
Staatsraad,-23.0,-23.0,-5.96875,-5.96875,17.03125
Noshers,-23.125,-23.125,-6.09375,-6.09375,17.03125
Talpify,-23.0,-23.0,-5.96875,-5.96875,17.03125
Battute,-23.0,-23.0,-5.96875,-5.96875,17.03125
Lithophyll,-22.75,-22.75,-5.71875,-5.71875,17.03125
Drawnwork,-22.75,-22.75,-5.71875,-5.71875,17.03125
Xenelasy,-22.875,-22.875,-5.84375,-5.84375,17.03125
Valkyries,-22.875,-22.875,-5.84375,-5.84375,17.03125
Minimifidian,-23.0,-23.0,-5.96875,-5.96875,17.03125
Floral,-23.25,-23.25,-6.21875,-6.21875,17.03125
Physiform,-23.0,-23.0,-5.96875,-5.96875,17.03125
Fellon,-22.75,-22.75,-5.71875,-5.71875,17.03125
Ventin,-23.0,-23.0,-5.96875,-5.96875,17.03125
Sarcoseptum,-22.875,-22.875,-5.84375,-5.84375,17.03125
Pedalo,-22.875,-22.875,-5.84375,-5.84375,17.03125
Oldsters,-23.0,-23.0,-5.96875,-5.96875,17.03125
Baronetize,-23.125,-23.125,-6.09375,-6.09375,17.03125
Octoradial,-22.875,-22.875,-5.84375,-5.84375,17.03125
Cellite,-22.875,-22.875,-5.84375,-5.84375,17.03125
Endogonidium,-23.125,-23.125,-6.09375,-6.09375,17.03125
Gynaecology,-23.125,-23.125,-6.09375,-6.09375,17.03125
Streetless,-23.125,-23.125,-6.09375,-6.09375,17.03125
Quintillionths,-22.625,-22.625,-5.59375,-5.59375,17.03125
Goglets,-23.0,-23.0,-5.96875,-5.96875,17.03125
Hydrocellulose,-22.75,-22.75,-5.71875,-5.71875,17.03125
Cyclecars,-22.875,-22.875,-5.84375,-5.84375,17.03125
Apargia,-22.875,-22.875,-5.84375,-5.84375,17.03125
Bradykinetic,-23.0,-23.0,-5.96875,-5.96875,17.03125
Plumbosolvent,-22.75,-22.75,-5.71875,-5.71875,17.03125
Noctilucan,-22.875,-22.875,-5.84375,-5.84375,17.03125
Cacochroia,-22.75,-22.75,-5.71875,-5.71875,17.03125
Schungite,-22.75,-22.75,-5.71875,-5.71875,17.03125
Hemocoelic,-22.75,-22.75,-5.71875,-5.71875,17.03125
Lithuanian,-23.125,-23.125,-6.09375,-6.09375,17.03125
Ooporphyrin,-22.875,-22.875,-5.84375,-5.84375,17.03125
Atmosphere,-23.25,-23.25,-6.21875,-6.21875,17.03125
Bowwort,-22.5,-22.5,-5.46875,-5.46875,17.03125
Benches,-22.875,-22.875,-5.84375,-5.84375,17.03125
Pietic,-23.0,-23.0,-5.96875,-5.96875,17.03125
Robinet,-22.75,-22.75,-5.71875,-5.71875,17.03125
Hypoplanktonic,-22.875,-22.875,-5.84375,-5.84375,17.03125
Routier,-22.875,-22.875,-5.84375,-5.84375,17.03125
Breadthriders,-22.875,-22.875,-5.84375,-5.84375,17.03125
Underqueen,-22.5,-22.5,-5.46875,-5.46875,17.03125
Infanticides,-23.375,-23.375,-6.34375,-6.34375,17.03125
Mahatma,-22.75,-22.75,-5.71875,-5.71875,17.03125
Chameleons,-23.125,-23.125,-6.09375,-6.09375,17.03125
Hemoleucocytic,-22.75,-22.75,-5.71875,-5.71875,17.03125
Leptilon,-23.125,-23.125,-6.09375,-6.09375,17.03125
Mirexes,-23.0,-23.0,-5.96875,-5.96875,17.03125
Paraphyllium,-23.0,-23.0,-5.96875,-5.96875,17.03125
Company,-22.875,-22.875,-5.84375,-5.84375,17.03125
Catnache,-22.875,-22.875,-5.84375,-5.84375,17.03125
Vampirize,-23.125,-23.125,-6.09375,-6.09375,17.03125
Helmsmen,-23.0,-23.0,-5.96875,-5.96875,17.03125
Meathook,-22.75,-22.75,-5.71875,-5.71875,17.03125
Assistors,-23.125,-23.125,-6.09375,-6.09375,17.03125
Neckar,-23.125,-23.125,-6.09375,-6.09375,17.03125
Bassnesses,-23.0,-23.0,-5.96875,-5.96875,17.03125
Mesophyllic,-23.0,-23.0,-5.96875,-5.96875,17.03125
Counterriposte,-23.375,-23.375,-6.34375,-6.34375,17.03125
Areometric,-23.0,-23.0,-5.96875,-5.96875,17.03125
Couchette,-22.75,-22.75,-5.71875,-5.71875,17.03125
Bearcats,-22.75,-22.75,-5.71875,-5.71875,17.03125
Devilism,-23.25,-23.25,-6.21875,-6.21875,17.03125
Gibbergunyah,-22.75,-22.75,-5.71875,-5.71875,17.03125
Boathouse,-23.0,-23.0,-5.96875,-5.96875,17.03125
Telenomus,-22.75,-22.75,-5.71875,-5.71875,17.03125
Refusals,-23.125,-23.125,-6.09375,-6.09375,17.03125
Qualmy,-22.875,-22.875,-5.84375,-5.84375,17.03125
Officeholder,-23.25,-23.25,-6.21875,-6.21875,17.03125
Ensoul,-23.0,-23.0,-5.96875,-5.96875,17.03125
Seralbumin,-23.0,-23.0,-5.96875,-5.96875,17.03125
Ischiopubis,-23.0,-23.0,-5.96875,-5.96875,17.03125
Guarders,-22.75,-22.75,-5.71875,-5.71875,17.03125
Janeiro,-23.25,-23.25,-6.21875,-6.21875,17.03125
Nephelinitic,-23.125,-23.125,-6.09375,-6.09375,17.03125
Cavayard,-22.875,-22.875,-5.84375,-5.84375,17.03125
Goniatitid,-22.75,-22.75,-5.71875,-5.71875,17.03125
Staccatos,-23.0,-23.0,-5.96875,-5.96875,17.03125
Shoesmith,-22.875,-22.875,-5.84375,-5.84375,17.03125
Rigaudons,-23.125,-23.125,-6.09375,-6.09375,17.03125
Interrena,-23.0,-23.0,-5.96875,-5.96875,17.03125
Connubiate,-23.125,-23.125,-6.09375,-6.09375,17.03125
Excipula,-22.75,-22.75,-5.71875,-5.71875,17.03125
Aerospace,-23.0,-23.0,-5.96875,-5.96875,17.03125
Stanes,-22.875,-22.875,-5.84375,-5.84375,17.03125
Otoconia,-23.0,-23.0,-5.96875,-5.96875,17.03125
Puffers,-22.875,-22.875,-5.84375,-5.84375,17.03125
Biggies,-23.125,-23.125,-6.09375,-6.09375,17.03125
Xanthogenic,-23.0,-23.0,-5.96875,-5.96875,17.03125
Brawlers,-22.75,-22.75,-5.71875,-5.71875,17.03125
Hyaenodontoid,-22.75,-22.75,-5.71875,-5.71875,17.03125
Hypochloruria,-23.25,-23.25,-6.21875,-6.21875,17.03125
Vavassors,-23.25,-23.25,-6.21875,-6.21875,17.03125
Llanberisslate,-22.875,-22.875,-5.84375,-5.84375,17.03125
Giusto,-23.0,-23.0,-5.96875,-5.96875,17.03125
Bentinck,-23.0,-23.0,-5.96875,-5.96875,17.03125
Tuggers,-22.75,-22.75,-5.71875,-5.71875,17.03125
Outborn,-23.125,-23.125,-6.09375,-6.09375,17.03125
Arachnitis,-22.75,-22.75,-5.71875,-5.71875,17.03125
Feasances,-23.0,-23.0,-5.96875,-5.96875,17.03125
Redisembark,-23.0,-23.0,-5.96875,-5.96875,17.03125
Undercumstand,-23.0,-23.0,-5.96875,-5.96875,17.03125
Erythrism,-22.75,-22.75,-5.71875,-5.71875,17.03125
Simplexes,-23.25,-23.25,-6.21875,-6.21875,17.03125
Mementos,-23.0,-23.0,-5.96875,-5.96875,17.03125
Oatcake,-22.875,-22.875,-5.84375,-5.84375,17.03125
Hearses,-22.875,-22.875,-5.84375,-5.84375,17.03125
Skepful,-22.875,-22.875,-5.84375,-5.84375,17.03125
Azoparaffin,-22.875,-22.875,-5.84375,-5.84375,17.03125
Scrogie,-22.875,-22.875,-5.84375,-5.84375,17.03125
Immunoreactive,-22.875,-22.875,-5.84375,-5.84375,17.03125
Bonzes,-23.125,-23.125,-6.09375,-6.09375,17.03125
Goujons,-22.875,-22.875,-5.84375,-5.84375,17.03125
Relational,-23.125,-23.125,-6.09375,-6.09375,17.03125
Chondromucoid,-23.0,-23.0,-5.96875,-5.96875,17.03125
Leukons,-22.875,-22.875,-5.84375,-5.84375,17.03125
Cogences,-23.0,-23.0,-5.96875,-5.96875,17.03125
Withtee,-22.875,-22.875,-5.84375,-5.84375,17.03125
Export,-23.25,-23.25,-6.21875,-6.21875,17.03125
Ilioischiatic,-22.875,-22.875,-5.84375,-5.84375,17.03125
Muzzlers,-23.0,-23.0,-5.96875,-5.96875,17.03125
Maryknoll,-22.875,-22.875,-5.84375,-5.84375,17.03125
Octocorallan,-22.875,-22.875,-5.84375,-5.84375,17.03125
Freewheelers,-23.375,-23.375,-6.34375,-6.34375,17.03125
Washeryman,-22.875,-22.875,-5.84375,-5.84375,17.03125
Medications,-22.875,-22.875,-5.84375,-5.84375,17.03125
Dorsoapical,-22.75,-22.75,-5.71875,-5.71875,17.03125
Khediviate,-23.0,-23.0,-5.96875,-5.96875,17.03125
Exairesis,-23.125,-23.125,-6.09375,-6.09375,17.03125
Goorals,-23.0,-23.0,-5.96875,-5.96875,17.03125
Ceroid,-22.625,-22.625,-5.59375,-5.59375,17.03125
Hyperoodon,-23.125,-23.125,-6.09375,-6.09375,17.03125
Staroobriadtsi,-23.0,-23.0,-5.96875,-5.96875,17.03125
Paralaurionite,-22.875,-22.875,-5.84375,-5.84375,17.03125
Egalites,-23.125,-23.125,-6.09375,-6.09375,17.03125
Hoopoes,-22.875,-22.875,-5.84375,-5.84375,17.03125
Branchellion,-22.75,-22.75,-5.71875,-5.71875,17.03125
Tideways,-23.0,-23.0,-5.96875,-5.96875,17.03125
Figwort,-22.75,-22.75,-5.71875,-5.71875,17.03125
Infula,-23.0,-23.0,-5.96875,-5.96875,17.03125
Bouchette,-23.0,-23.0,-5.96875,-5.96875,17.03125
Coccogoneae,-22.875,-22.875,-5.84375,-5.84375,17.03125
Felinities,-22.75,-22.75,-5.71875,-5.71875,17.03125
Sagamen,-22.75,-22.75,-5.71875,-5.71875,17.03125
Cricoidectomy,-22.875,-22.875,-5.84375,-5.84375,17.03125
Overlands,-23.0,-23.0,-5.96875,-5.96875,17.03125
Nervine,-22.75,-22.75,-5.71875,-5.71875,17.03125
Chippendale,-22.75,-22.75,-5.71875,-5.71875,17.03125
Summitry,-22.75,-22.75,-5.71875,-5.71875,17.03125
Truepenny,-22.875,-22.875,-5.84375,-5.84375,17.03125
Fotmal,-23.0,-23.0,-5.96875,-5.96875,17.03125
Plasticity,-22.875,-22.875,-5.84375,-5.84375,17.03125
Lampflower,-22.75,-22.75,-5.71875,-5.71875,17.03125
Tabardillo,-22.875,-22.875,-5.84375,-5.84375,17.03125
Sternoglossal,-22.875,-22.875,-5.84375,-5.84375,17.03125
Restricts,-22.75,-22.75,-5.71875,-5.71875,17.03125
Modelings,-22.875,-22.875,-5.84375,-5.84375,17.03125
Kauravas,-23.0,-23.0,-5.96875,-5.96875,17.03125
Pernis,-23.0,-23.0,-5.96875,-5.96875,17.03125
Nazerini,-23.0,-23.0,-5.96875,-5.96875,17.03125
Palilia,-23.125,-23.125,-6.09375,-6.09375,17.03125
Rehydrate,-22.75,-22.75,-5.71875,-5.71875,17.03125
Doughs,-22.75,-22.75,-5.71875,-5.71875,17.03125
Obdiplostemony,-22.75,-22.75,-5.71875,-5.71875,17.03125
Evertebrate,-23.125,-23.125,-6.09375,-6.09375,17.03125
Washbrew,-22.75,-22.75,-5.71875,-5.71875,17.03125
Septical,-22.75,-22.75,-5.71875,-5.71875,17.03125
Stanley,-23.0,-23.0,-5.96875,-5.96875,17.03125
Palaverer,-23.125,-23.125,-6.09375,-6.09375,17.03125
Bizonia,-23.5,-23.5,-6.46875,-6.46875,17.03125
Mediatrice,-23.0,-23.0,-5.96875,-5.96875,17.03125
Zoophile,-23.0,-23.0,-5.96875,-5.96875,17.03125
Cantharides,-22.75,-22.75,-5.71875,-5.71875,17.03125
Hemimeridae,-23.125,-23.125,-6.09375,-6.09375,17.03125
Beamlet,-22.875,-22.875,-5.84375,-5.84375,17.03125
Sweeties,-22.875,-22.875,-5.84375,-5.84375,17.03125
Salariego,-23.0,-23.0,-5.96875,-5.96875,17.03125
Responsories,-23.125,-23.125,-6.09375,-6.09375,17.03125
Cyclas,-22.875,-22.875,-5.84375,-5.84375,17.03125
Bignou,-22.875,-22.875,-5.84375,-5.84375,17.03125
Bobtails,-22.875,-22.875,-5.84375,-5.84375,17.03125
Outranges,-22.875,-22.875,-5.84375,-5.84375,17.03125
Cholonan,-23.25,-23.25,-6.21875,-6.21875,17.03125
Glucosidase,-22.875,-22.875,-5.84375,-5.84375,17.03125
Hypoparia,-23.25,-23.25,-6.21875,-6.21875,17.03125
Catamount,-22.875,-22.875,-5.84375,-5.84375,17.03125
Aquacades,-23.0,-23.0,-5.96875,-5.96875,17.03125
Costars,-23.0,-23.0,-5.96875,-5.96875,17.03125
Metathorax,-22.875,-22.875,-5.84375,-5.84375,17.03125
Unspar,-22.75,-22.75,-5.71875,-5.71875,17.03125
Agapemone,-23.0,-23.0,-5.96875,-5.96875,17.03125
Eyeflap,-22.625,-22.625,-5.59375,-5.59375,17.03125
Teretiscapular,-22.75,-22.75,-5.71875,-5.71875,17.03125
Metatarsale,-22.75,-22.75,-5.71875,-5.71875,17.03125
Planosol,-23.0,-23.0,-5.96875,-5.96875,17.03125
Annexes,-23.125,-23.125,-6.09375,-6.09375,17.03125
Terminus,-22.75,-22.75,-5.71875,-5.71875,17.03125
Glenlivet,-22.875,-22.875,-5.84375,-5.84375,17.03125
Watercress,-22.875,-22.875,-5.84375,-5.84375,17.03125
Raclettes,-22.75,-22.75,-5.71875,-5.71875,17.03125
Kitmudgar,-23.125,-23.125,-6.09375,-6.09375,17.03125
Joyfullest,-23.125,-23.125,-6.09375,-6.09375,17.03125
Javelina,-23.0,-23.0,-5.96875,-5.96875,17.03125
Amebas,-23.125,-23.125,-6.09375,-6.09375,17.03125
Adenoses,-22.875,-22.875,-5.84375,-5.84375,17.03125
Eluders,-23.0,-23.0,-5.96875,-5.96875,17.03125
Almoravid,-22.875,-22.875,-5.84375,-5.84375,17.03125
Tabellion,-23.0,-23.0,-5.96875,-5.96875,17.03125
Lutraria,-23.0,-23.0,-5.96875,-5.96875,17.03125
Myodiastasis,-23.25,-23.25,-6.21875,-6.21875,17.03125
Trastevere,-22.875,-22.875,-5.84375,-5.84375,17.03125
Sabbathaian,-22.75,-22.75,-5.71875,-5.71875,17.03125
Mastotomy,-22.875,-22.875,-5.84375,-5.84375,17.03125
Hypnosporic,-22.875,-22.875,-5.84375,-5.84375,17.03125
Sanhedrin,-23.125,-23.125,-6.09375,-6.09375,17.03125
Wattles,-22.5,-22.5,-5.46875,-5.46875,17.03125
Sissonne,-23.0,-23.0,-5.96875,-5.96875,17.03125
Anteportico,-23.125,-23.125,-6.09375,-6.09375,17.03125
Chalcomenite,-23.0,-23.0,-5.96875,-5.96875,17.03125
Ophidian,-22.875,-22.875,-5.84375,-5.84375,17.03125
Chikara,-23.0,-23.0,-5.96875,-5.96875,17.03125
Ascorbate,-23.125,-23.125,-6.09375,-6.09375,17.03125
Uranolite,-22.75,-22.75,-5.71875,-5.71875,17.03125
Neuroanatomy,-23.0,-23.0,-5.96875,-5.96875,17.03125
Rachiform,-22.875,-22.875,-5.84375,-5.84375,17.03125
Dispensations,-23.125,-23.125,-6.09375,-6.09375,17.03125
Axifera,-23.0,-23.0,-5.96875,-5.96875,17.03125
Bawdric,-23.0,-23.0,-5.96875,-5.96875,17.03125
Metastoma,-22.875,-22.875,-5.84375,-5.84375,17.03125
Otaria,-23.0,-23.0,-5.96875,-5.96875,17.03125
Appoggiaturas,-23.125,-23.125,-6.09375,-6.09375,17.03125
Nowise,-22.75,-22.75,-5.71875,-5.71875,17.03125
Bewearies,-22.625,-22.625,-5.59375,-5.59375,17.03125
Dipsacaceae,-22.875,-22.875,-5.84375,-5.84375,17.03125
Pelomyxa,-22.75,-22.75,-5.71875,-5.71875,17.03125
Maccoboys,-23.125,-23.125,-6.09375,-6.09375,17.03125
Showboat,-22.5,-22.5,-5.46875,-5.46875,17.03125
Solenite,-23.125,-23.125,-6.09375,-6.09375,17.03125
Mucorrhoea,-23.0,-23.0,-5.96875,-5.96875,17.03125
Dialister,-22.75,-22.75,-5.71875,-5.71875,17.03125
Bushes,-22.875,-22.875,-5.84375,-5.84375,17.03125
Rowlet,-22.375,-22.375,-5.34375,-5.34375,17.03125
Basidia,-23.125,-23.125,-6.09375,-6.09375,17.03125
Dorsonasal,-22.875,-22.875,-5.84375,-5.84375,17.03125
Althaea,-22.625,-22.625,-5.59375,-5.59375,17.03125
Johannean,-23.0,-23.0,-5.96875,-5.96875,17.03125
Sclerogeni,-23.0,-23.0,-5.96875,-5.96875,17.03125
Ventrosity,-22.75,-22.75,-5.71875,-5.71875,17.03125
Trackhound,-22.875,-22.875,-5.84375,-5.84375,17.03125
Kurdish,-23.125,-23.125,-6.09375,-6.09375,17.03125
Avirulent,-22.875,-22.875,-5.84375,-5.84375,17.03125
Shriver,-22.75,-22.75,-5.71875,-5.71875,17.03125
Arette,-22.75,-22.75,-5.71875,-5.71875,17.03125
Sawyer,-22.625,-22.625,-5.59375,-5.59375,17.03125
Untoxic,-22.875,-22.875,-5.84375,-5.84375,17.03125
Stuber,-22.875,-22.875,-5.84375,-5.84375,17.03125
Neothalamus,-23.0,-23.0,-5.96875,-5.96875,17.03125
Echinomys,-22.875,-22.875,-5.84375,-5.84375,17.03125
Nuttalliasis,-22.875,-22.875,-5.84375,-5.84375,17.03125
Pearlike,-22.875,-22.875,-5.84375,-5.84375,17.03125
Swingles,-22.875,-22.875,-5.84375,-5.84375,17.03125
Cigarless,-22.875,-22.875,-5.84375,-5.84375,17.03125
Loggiest,-22.75,-22.75,-5.71875,-5.71875,17.03125
Nodosarian,-22.875,-22.875,-5.84375,-5.84375,17.03125
Cocaine,-23.0,-23.0,-5.96875,-5.96875,17.03125
Dextrotartaric,-22.625,-22.625,-5.59375,-5.59375,17.03125
Petites,-22.875,-22.875,-5.84375,-5.84375,17.03125
Tablecloths,-23.0,-23.0,-5.96875,-5.96875,17.03125
Straths,-22.875,-22.875,-5.84375,-5.84375,17.03125
Zapara,-22.875,-22.875,-5.84375,-5.84375,17.03125
Suprailiac,-23.0,-23.0,-5.96875,-5.96875,17.03125
Leptochroa,-22.75,-22.75,-5.71875,-5.71875,17.03125
Azotorrhoea,-23.0,-23.0,-5.96875,-5.96875,17.03125
Foresentence,-23.25,-23.25,-6.21875,-6.21875,17.03125
Activities,-23.125,-23.125,-6.09375,-6.09375,17.03125
Mentionless,-23.0,-23.0,-5.96875,-5.96875,17.03125
Recurvaria,-23.0,-23.0,-5.96875,-5.96875,17.03125
Demesgne,-23.0,-23.0,-5.96875,-5.96875,17.03125
Fruitier,-22.75,-22.75,-5.71875,-5.71875,17.03125
Tricerion,-22.875,-22.875,-5.84375,-5.84375,17.03125
Carver,-22.875,-22.875,-5.84375,-5.84375,17.03125
Chummies,-23.0,-23.0,-5.96875,-5.96875,17.03125
Inninmorite,-22.5,-22.5,-5.46875,-5.46875,17.03125
French,-23.0,-23.0,-5.96875,-5.96875,17.03125
Aichmophobia,-23.0,-23.0,-5.96875,-5.96875,17.03125
Moineau,-23.0,-23.0,-5.96875,-5.96875,17.03125
Horologes,-23.25,-23.25,-6.21875,-6.21875,17.03125
Kompeni,-23.0,-23.0,-5.96875,-5.96875,17.03125
Incomplicate,-22.875,-22.875,-5.84375,-5.84375,17.03125
Eurygaea,-23.0,-23.0,-5.96875,-5.96875,17.03125
Postpharyngal,-23.0,-23.0,-5.96875,-5.96875,17.03125
Sutorian,-23.0,-23.0,-5.96875,-5.96875,17.03125
Myomalacia,-23.125,-23.125,-6.09375,-6.09375,17.03125
Disroof,-22.875,-22.875,-5.84375,-5.84375,17.03125
Swandown,-22.875,-22.875,-5.84375,-5.84375,17.03125
Heptarchs,-23.125,-23.125,-6.09375,-6.09375,17.03125
Scabwort,-22.625,-22.625,-5.59375,-5.59375,17.03125
Unmuddle,-22.875,-22.875,-5.84375,-5.84375,17.03125
Sixteenfold,-22.875,-22.875,-5.84375,-5.84375,17.03125
Halberdsman,-22.625,-22.625,-5.59375,-5.59375,17.03125
Mythogreen,-23.0,-23.0,-5.96875,-5.96875,17.03125
Armillaria,-22.75,-22.75,-5.71875,-5.71875,17.03125
Peregrin,-22.375,-22.375,-5.34375,-5.34375,17.03125
Geobotanical,-22.875,-22.875,-5.84375,-5.84375,17.03125
Dialysability,-23.125,-23.125,-6.09375,-6.09375,17.03125
Billycans,-22.875,-22.875,-5.84375,-5.84375,17.03125
Offset,-23.375,-23.375,-6.34375,-6.34375,17.03125
Hippuritic,-22.75,-22.75,-5.71875,-5.71875,17.03125
Indicates,-23.25,-23.25,-6.21875,-6.21875,17.03125
Protectress,-22.625,-22.625,-5.59375,-5.59375,17.03125
Sharns,-22.625,-22.625,-5.59375,-5.59375,17.03125
Prayerful,-22.75,-22.75,-5.71875,-5.71875,17.03125
Phanariote,-22.75,-22.75,-5.71875,-5.71875,17.03125
Trifoliosis,-23.0,-23.0,-5.96875,-5.96875,17.03125
Tugriks,-23.0,-23.0,-5.96875,-5.96875,17.03125
Protargin,-22.75,-22.75,-5.71875,-5.71875,17.03125
Devisees,-22.875,-22.875,-5.84375,-5.84375,17.03125
Isoteniscope,-22.875,-22.875,-5.84375,-5.84375,17.03125
Cholesterin,-23.0,-23.0,-5.96875,-5.96875,17.03125
Merton,-23.0,-23.0,-5.96875,-5.96875,17.03125
Seventeen,-22.875,-22.875,-5.84375,-5.84375,17.03125
Inhauls,-23.125,-23.125,-6.09375,-6.09375,17.03125
Inebriacy,-23.125,-23.125,-6.09375,-6.09375,17.03125
Katagelophobia,-23.125,-23.125,-6.09375,-6.09375,17.03125
Swipple,-22.75,-22.75,-5.71875,-5.71875,17.03125
Sawneys,-22.5,-22.5,-5.46875,-5.46875,17.03125
Honduran,-22.625,-22.625,-5.59375,-5.59375,17.03125
Aurorian,-22.75,-22.75,-5.71875,-5.71875,17.03125
Sawneb,-22.75,-22.75,-5.71875,-5.71875,17.03125
Mycogastritis,-23.0,-23.0,-5.96875,-5.96875,17.03125
Octene,-23.125,-23.125,-6.09375,-6.09375,17.03125
Benthopelagic,-22.875,-22.875,-5.84375,-5.84375,17.03125
Valkyria,-22.625,-22.625,-5.59375,-5.59375,17.03125
Suffer,-22.75,-22.75,-5.71875,-5.71875,17.03125
Esophagospasm,-23.0,-23.0,-5.96875,-5.96875,17.03125
Atmospherical,-23.0,-23.0,-5.96875,-5.96875,17.03125
Sorrowproof,-23.0,-23.0,-5.96875,-5.96875,17.03125
Parentless,-22.75,-22.75,-5.71875,-5.71875,17.03125
Parisianism,-23.625,-23.625,-6.59375,-6.59375,17.03125
Cousins,-23.125,-23.125,-6.09375,-6.09375,17.03125
Dhurna,-22.875,-22.875,-5.84375,-5.84375,17.03125
Lymnaean,-22.75,-22.75,-5.71875,-5.71875,17.03125
Colosseum,-23.0,-23.0,-5.96875,-5.96875,17.03125
Camletine,-22.625,-22.625,-5.59375,-5.59375,17.03125
Discoideae,-22.875,-22.875,-5.84375,-5.84375,17.03125
Octangular,-23.25,-23.25,-6.21875,-6.21875,17.03125
Environage,-23.0,-23.0,-5.96875,-5.96875,17.03125
Balladwise,-23.125,-23.125,-6.09375,-6.09375,17.03125
Periphlebitis,-23.125,-23.125,-6.09375,-6.09375,17.03125
Gypsywise,-22.875,-22.875,-5.84375,-5.84375,17.03125
Cymenes,-22.875,-22.875,-5.84375,-5.84375,17.03125
Corvorant,-22.75,-22.75,-5.71875,-5.71875,17.03125
Onless,-22.625,-22.625,-5.59375,-5.59375,17.03125
Pectinidae,-23.0,-23.0,-5.96875,-5.96875,17.03125
Colpenchyma,-22.875,-22.875,-5.84375,-5.84375,17.03125
Dicranaceae,-23.0,-23.0,-5.96875,-5.96875,17.03125
Tirthankara,-22.875,-22.875,-5.84375,-5.84375,17.03125
Cholehematin,-23.0,-23.0,-5.96875,-5.96875,17.03125
Coaltitude,-23.25,-23.25,-6.21875,-6.21875,17.03125
Gerontal,-23.125,-23.125,-6.09375,-6.09375,17.03125
Thielaviopsis,-23.0,-23.0,-5.96875,-5.96875,17.03125
Hellenic,-23.25,-23.25,-6.21875,-6.21875,17.03125
Topazolite,-23.0,-23.0,-5.96875,-5.96875,17.03125
Ulidia,-22.875,-22.875,-5.84375,-5.84375,17.03125
Vertebrata,-23.0,-23.0,-5.96875,-5.96875,17.03125
Delphinus,-23.0,-23.0,-5.96875,-5.96875,17.03125
Orbitary,-23.25,-23.25,-6.21875,-6.21875,17.03125
Univorous,-22.625,-22.625,-5.59375,-5.59375,17.03125
Toolless,-23.0,-23.0,-5.96875,-5.96875,17.03125
Maskegon,-22.625,-22.625,-5.59375,-5.59375,17.03125
Proboscises,-22.625,-22.625,-5.59375,-5.59375,17.03125
Chalazoidite,-22.875,-22.875,-5.84375,-5.84375,17.03125
Dibranchia,-22.75,-22.75,-5.71875,-5.71875,17.03125
Confide,-23.125,-23.125,-6.09375,-6.09375,17.03125
Hematocele,-22.875,-22.875,-5.84375,-5.84375,17.03125
Boraces,-22.875,-22.875,-5.84375,-5.84375,17.03125
Swerve,-22.875,-22.875,-5.84375,-5.84375,17.03125
Diaconia,-23.5,-23.5,-6.46875,-6.46875,17.03125
Filename,-23.25,-23.25,-6.21875,-6.21875,17.03125
Priapulidae,-22.875,-22.875,-5.84375,-5.84375,17.03125
Brachycephalic,-22.625,-22.625,-5.59375,-5.59375,17.03125
Gynaecocracy,-22.875,-22.875,-5.84375,-5.84375,17.03125
Petrific,-22.625,-22.625,-5.59375,-5.59375,17.03125
Hooliganize,-23.375,-23.375,-6.34375,-6.34375,17.03125
Brachials,-22.625,-22.625,-5.59375,-5.59375,17.03125
Ameiuridae,-22.875,-22.875,-5.84375,-5.84375,17.03125
Bereft,-22.625,-22.625,-5.59375,-5.59375,17.03125
Wellnigh,-22.625,-22.625,-5.59375,-5.59375,17.03125
Kwartje,-23.0,-23.0,-5.96875,-5.96875,17.03125
Strapwork,-23.0,-23.0,-5.96875,-5.96875,17.03125
Spulyie,-22.875,-22.875,-5.84375,-5.84375,17.03125
Impetigo,-23.0,-23.0,-5.96875,-5.96875,17.03125
Vacherin,-23.125,-23.125,-6.09375,-6.09375,17.03125
Augustine,-22.75,-22.75,-5.71875,-5.71875,17.03125
Palladium,-23.125,-23.125,-6.09375,-6.09375,17.03125
Reinclusion,-23.25,-23.25,-6.21875,-6.21875,17.03125
Reinspire,-23.125,-23.125,-6.09375,-6.09375,17.03125
Cooperates,-22.75,-22.75,-5.71875,-5.71875,17.03125
Occipitoatloid,-23.0,-23.0,-5.96875,-5.96875,17.03125
Tortricidae,-23.125,-23.125,-6.09375,-6.09375,17.03125
Phosphates,-22.75,-22.75,-5.75,-5.75,17.0
Arborise,-22.625,-22.625,-5.625,-5.625,17.0
Foxhound,-22.625,-22.625,-5.625,-5.625,17.0
Actinophrys,-22.5,-22.5,-5.5,-5.5,17.0
Cutwater,-22.375,-22.375,-5.375,-5.375,17.0
Picottah,-22.625,-22.625,-5.625,-5.625,17.0
Commandrie,-22.75,-22.75,-5.75,-5.75,17.0
Glashan,-22.75,-22.75,-5.75,-5.75,17.0
Iridophore,-22.625,-22.625,-5.625,-5.625,17.0
Pygobranchiate,-22.875,-22.875,-5.875,-5.875,17.0
Eurypterid,-22.5,-22.5,-5.5,-5.5,17.0
Plethora,-22.625,-22.625,-5.625,-5.625,17.0
Doorkeep,-22.625,-22.625,-5.625,-5.625,17.0
Indicatorinae,-23.125,-23.125,-6.125,-6.125,17.0
Glykopexic,-22.625,-22.625,-5.625,-5.625,17.0
Nonfat,-22.5,-22.5,-5.5,-5.5,17.0
Bathysophic,-22.625,-22.625,-5.625,-5.625,17.0
Saxophone,-22.625,-22.625,-5.625,-5.625,17.0
Roughleg,-22.625,-22.625,-5.625,-5.625,17.0
Nonsequential,-22.625,-22.625,-5.625,-5.625,17.0
Sternest,-22.75,-22.75,-5.75,-5.75,17.0
Refrig,-22.625,-22.625,-5.625,-5.625,17.0
Mechitzah,-22.875,-22.875,-5.875,-5.875,17.0
Calvinistical,-22.75,-22.75,-5.75,-5.75,17.0
Bayous,-22.625,-22.625,-5.625,-5.625,17.0
Validations,-22.875,-22.875,-5.875,-5.875,17.0
Terranean,-22.625,-22.625,-5.625,-5.625,17.0
Beworry,-22.625,-22.625,-5.625,-5.625,17.0
Benzoyls,-22.625,-22.625,-5.625,-5.625,17.0
Amphore,-22.875,-22.875,-5.9375,-5.9375,16.9375
Stratocratic,-23.125,-23.125,-6.1875,-6.1875,16.9375
Metabole,-22.875,-22.875,-5.9375,-5.9375,16.9375
Rachipagus,-22.75,-22.75,-5.8125,-5.8125,16.9375
Daguilla,-22.75,-22.75,-5.8125,-5.8125,16.9375
Kalewife,-22.75,-22.75,-5.8125,-5.8125,16.9375
Amplexuses,-22.75,-22.75,-5.8125,-5.8125,16.9375
Scalpture,-22.875,-22.875,-5.9375,-5.9375,16.9375
Rediminish,-22.875,-22.875,-5.9375,-5.9375,16.9375
Peabush,-22.75,-22.75,-5.8125,-5.8125,16.9375
Holomastigote,-22.875,-22.875,-5.9375,-5.9375,16.9375
Smitham,-22.75,-22.75,-5.8125,-5.8125,16.9375
Fasnacht,-23.0,-23.0,-6.0625,-6.0625,16.9375
Anallantoic,-22.75,-22.75,-5.8125,-5.8125,16.9375
Gruine,-22.75,-22.75,-5.8125,-5.8125,16.9375
Vanjarrah,-22.625,-22.625,-5.6875,-5.6875,16.9375
Botargo,-23.125,-23.125,-6.1875,-6.1875,16.9375
Hemiform,-22.875,-22.875,-5.9375,-5.9375,16.9375
Nurselet,-22.75,-22.75,-5.8125,-5.8125,16.9375
Pathways,-23.125,-23.125,-6.1875,-6.1875,16.9375
Ibidem,-22.75,-22.75,-5.8125,-5.8125,16.9375
Sciuropterus,-22.875,-22.875,-5.9375,-5.9375,16.9375
Cajeputole,-22.875,-22.875,-5.9375,-5.9375,16.9375
Flapcake,-22.75,-22.75,-5.8125,-5.8125,16.9375
Stinkberries,-22.625,-22.625,-5.6875,-5.6875,16.9375
Clerum,-22.875,-22.875,-5.9375,-5.9375,16.9375
Camphoronic,-23.0,-23.0,-6.0625,-6.0625,16.9375
Stellenbosch,-22.875,-22.875,-5.9375,-5.9375,16.9375
Portent,-22.5,-22.5,-5.5625,-5.5625,16.9375
Flatcars,-22.875,-22.875,-5.9375,-5.9375,16.9375
Mikania,-22.875,-22.875,-5.9375,-5.9375,16.9375
Marion,-23.0,-23.0,-6.0625,-6.0625,16.9375
Snapshooter,-22.875,-22.875,-5.9375,-5.9375,16.9375
Uskara,-23.0,-23.0,-6.0625,-6.0625,16.9375
Settees,-23.0,-23.0,-6.0625,-6.0625,16.9375
Gemuti,-22.875,-22.875,-5.9375,-5.9375,16.9375
Sporangiolum,-22.625,-22.625,-5.6875,-5.6875,16.9375
Autopticity,-23.125,-23.125,-6.1875,-6.1875,16.9375
Diaskeuasis,-23.125,-23.125,-6.1875,-6.1875,16.9375
Mowrah,-22.75,-22.75,-5.8125,-5.8125,16.9375
Bullionless,-23.0,-23.0,-6.0625,-6.0625,16.9375
Allozooid,-22.75,-22.75,-5.8125,-5.8125,16.9375
Diceplay,-23.125,-23.125,-6.1875,-6.1875,16.9375
Neurosal,-22.875,-22.875,-5.9375,-5.9375,16.9375
Groats,-22.875,-22.875,-5.9375,-5.9375,16.9375
Predictions,-22.75,-22.75,-5.8125,-5.8125,16.9375
Cucurbits,-22.75,-22.75,-5.8125,-5.8125,16.9375
Bigotry,-23.125,-23.125,-6.1875,-6.1875,16.9375
Tapirine,-22.875,-22.875,-5.9375,-5.9375,16.9375
Timetables,-22.875,-22.875,-5.9375,-5.9375,16.9375
Heterocercal,-22.75,-22.75,-5.8125,-5.8125,16.9375
Mentis,-23.0,-23.0,-6.0625,-6.0625,16.9375
Staniel,-22.75,-22.75,-5.8125,-5.8125,16.9375
Globins,-23.0,-23.0,-6.0625,-6.0625,16.9375
Stonegale,-22.875,-22.875,-5.9375,-5.9375,16.9375
Garretmaster,-22.625,-22.625,-5.6875,-5.6875,16.9375
Enshawl,-22.75,-22.75,-5.8125,-5.8125,16.9375
Sprucier,-23.0,-23.0,-6.0625,-6.0625,16.9375
Mongrels,-23.25,-23.25,-6.3125,-6.3125,16.9375
Albuminometer,-23.0,-23.0,-6.0625,-6.0625,16.9375
Trails,-22.75,-22.75,-5.8125,-5.8125,16.9375
Basaree,-23.25,-23.25,-6.3125,-6.3125,16.9375
Manywhere,-23.0,-23.0,-6.0625,-6.0625,16.9375
Flisky,-23.0,-23.0,-6.0625,-6.0625,16.9375
Cambridge,-23.0,-23.0,-6.0625,-6.0625,16.9375
Downplays,-22.875,-22.875,-5.9375,-5.9375,16.9375
Barbel,-22.875,-22.875,-5.9375,-5.9375,16.9375
Mazame,-22.75,-22.75,-5.8125,-5.8125,16.9375
Bothridiums,-22.875,-22.875,-5.9375,-5.9375,16.9375
Tragasol,-22.875,-22.875,-5.9375,-5.9375,16.9375
Inwritten,-22.75,-22.75,-5.8125,-5.8125,16.9375
Hovercar,-22.625,-22.625,-5.6875,-5.6875,16.9375
Mossful,-23.0,-23.0,-6.0625,-6.0625,16.9375
Resize,-22.875,-22.875,-5.9375,-5.9375,16.9375
Vendibilities,-22.875,-22.875,-5.9375,-5.9375,16.9375
Spirous,-22.625,-22.625,-5.6875,-5.6875,16.9375
Aglaonema,-22.625,-22.625,-5.6875,-5.6875,16.9375
Vermonters,-22.75,-22.75,-5.8125,-5.8125,16.9375
Halenia,-22.75,-22.75,-5.8125,-5.8125,16.9375
Ijolite,-23.0,-23.0,-6.0625,-6.0625,16.9375
Whaleman,-22.625,-22.625,-5.6875,-5.6875,16.9375
Passaggi,-22.75,-22.75,-5.8125,-5.8125,16.9375
Moorburn,-22.875,-22.875,-5.9375,-5.9375,16.9375
Raiiform,-22.75,-22.75,-5.8125,-5.8125,16.9375
Petals,-22.625,-22.625,-5.6875,-5.6875,16.9375
Ophthalmolith,-22.875,-22.875,-5.9375,-5.9375,16.9375
Whalelike,-22.875,-22.875,-5.9375,-5.9375,16.9375
Nidicolous,-22.75,-22.75,-5.8125,-5.8125,16.9375
Glossolabial,-22.875,-22.875,-5.9375,-5.9375,16.9375
Amphithurthura,-22.75,-22.75,-5.8125,-5.8125,16.9375
Kamavachara,-23.0,-23.0,-6.0625,-6.0625,16.9375
Cobbier,-22.875,-22.875,-5.9375,-5.9375,16.9375
Nazarean,-22.75,-22.75,-5.8125,-5.8125,16.9375
Ecclesiastical,-22.875,-22.875,-5.9375,-5.9375,16.9375
Tenderfoot,-22.625,-22.625,-5.6875,-5.6875,16.9375
Apophthegmatic,-22.625,-22.625,-5.6875,-5.6875,16.9375
Coralligenous,-22.625,-22.625,-5.6875,-5.6875,16.9375
Pastilles,-22.75,-22.75,-5.8125,-5.8125,16.9375
Turnipwood,-22.75,-22.75,-5.8125,-5.8125,16.9375
Anakinetomer,-23.0,-23.0,-6.0625,-6.0625,16.9375
Arachnids,-22.625,-22.625,-5.6875,-5.6875,16.9375
Clistocarp,-22.75,-22.75,-5.8125,-5.8125,16.9375
Sapiences,-23.125,-23.125,-6.1875,-6.1875,16.9375
Alsweill,-22.625,-22.625,-5.6875,-5.6875,16.9375
Sweven,-23.0,-23.0,-6.0625,-6.0625,16.9375
Exuberance,-22.875,-22.875,-5.9375,-5.9375,16.9375
Satrapy,-23.0,-23.0,-6.0625,-6.0625,16.9375
Tradeswoman,-22.75,-22.75,-5.8125,-5.8125,16.9375
Grisons,-23.375,-23.375,-6.4375,-6.4375,16.9375
Costless,-23.0,-23.0,-6.0625,-6.0625,16.9375
Marshs,-22.875,-22.875,-5.9375,-5.9375,16.9375
Anamniotic,-22.875,-22.875,-5.9375,-5.9375,16.9375
Beworries,-22.625,-22.625,-5.6875,-5.6875,16.9375
Mabuti,-22.75,-22.75,-5.8125,-5.8125,16.9375
Marheshvan,-22.875,-22.875,-5.9375,-5.9375,16.9375
Reacts,-23.125,-23.125,-6.1875,-6.1875,16.9375
Whoosh,-22.75,-22.75,-5.8125,-5.8125,16.9375
Quinolinic,-22.75,-22.75,-5.8125,-5.8125,16.9375
Receptaculitid,-22.625,-22.625,-5.6875,-5.6875,16.9375
Glutamate,-22.625,-22.625,-5.6875,-5.6875,16.9375
Camogie,-22.875,-22.875,-5.9375,-5.9375,16.9375
Lenticularis,-22.875,-22.875,-5.9375,-5.9375,16.9375
Latrines,-22.875,-22.875,-5.9375,-5.9375,16.9375
Cervicolabial,-23.0,-23.0,-6.0625,-6.0625,16.9375
Teaspoonsful,-22.625,-22.625,-5.6875,-5.6875,16.9375
Vindaloo,-22.875,-22.875,-5.9375,-5.9375,16.9375
Cerotic,-22.75,-22.75,-5.8125,-5.8125,16.9375
Brujas,-22.875,-22.875,-5.9375,-5.9375,16.9375
Albescent,-22.75,-22.75,-5.8125,-5.8125,16.9375
Grivois,-23.25,-23.25,-6.3125,-6.3125,16.9375
Tamanowus,-22.75,-22.75,-5.8125,-5.8125,16.9375
Alfiona,-22.875,-22.875,-5.9375,-5.9375,16.9375
Itcheoglan,-22.75,-22.75,-5.8125,-5.8125,16.9375
Anisopleural,-22.875,-22.875,-5.9375,-5.9375,16.9375
Wingspan,-22.875,-22.875,-5.9375,-5.9375,16.9375
Gasmen,-22.875,-22.875,-5.9375,-5.9375,16.9375
Microrhopias,-22.875,-22.875,-5.9375,-5.9375,16.9375
Glossopteris,-22.625,-22.625,-5.6875,-5.6875,16.9375
Alexines,-22.75,-22.75,-5.8125,-5.8125,16.9375
Delayers,-23.125,-23.125,-6.1875,-6.1875,16.9375
Peacefullest,-23.125,-23.125,-6.1875,-6.1875,16.9375
Typhosepsis,-22.875,-22.875,-5.9375,-5.9375,16.9375
Toxoglossa,-22.625,-22.625,-5.6875,-5.6875,16.9375
Loessal,-23.0,-23.0,-6.0625,-6.0625,16.9375
Cresamine,-22.75,-22.75,-5.8125,-5.8125,16.9375
Estadel,-23.0,-23.0,-6.0625,-6.0625,16.9375
Hutzpahs,-23.125,-23.125,-6.1875,-6.1875,16.9375
Beflour,-22.75,-22.75,-5.8125,-5.8125,16.9375
Reactivates,-23.0,-23.0,-6.0625,-6.0625,16.9375
Forget,-22.875,-22.875,-5.9375,-5.9375,16.9375
Pterygomalar,-22.875,-22.875,-5.9375,-5.9375,16.9375
Dermatographia,-22.75,-22.75,-5.8125,-5.8125,16.9375
Earthworks,-23.0,-23.0,-6.0625,-6.0625,16.9375
Appels,-23.125,-23.125,-6.1875,-6.1875,16.9375
Preallies,-22.875,-22.875,-5.9375,-5.9375,16.9375
Thalassography,-23.0,-23.0,-6.0625,-6.0625,16.9375
Groovers,-22.75,-22.75,-5.8125,-5.8125,16.9375
Hydroclimate,-23.0,-23.0,-6.0625,-6.0625,16.9375
Tinctures,-22.875,-22.875,-5.9375,-5.9375,16.9375
Platitudinous,-22.75,-22.75,-5.8125,-5.8125,16.9375
Echinochloa,-22.625,-22.625,-5.6875,-5.6875,16.9375
Plastogamy,-23.0,-23.0,-6.0625,-6.0625,16.9375
Kirmesses,-23.25,-23.25,-6.3125,-6.3125,16.9375
Fishskin,-23.0,-23.0,-6.0625,-6.0625,16.9375
Improvability,-23.125,-23.125,-6.1875,-6.1875,16.9375
Philatelic,-22.75,-22.75,-5.8125,-5.8125,16.9375
Hayings,-22.625,-22.625,-5.6875,-5.6875,16.9375
Pauldrons,-22.75,-22.75,-5.8125,-5.8125,16.9375
Mitannish,-23.0,-23.0,-6.0625,-6.0625,16.9375
Jangler,-23.0,-23.0,-6.0625,-6.0625,16.9375
Formalazine,-23.0,-23.0,-6.0625,-6.0625,16.9375
Effleurage,-23.25,-23.25,-6.3125,-6.3125,16.9375
Eurygnathic,-22.75,-22.75,-5.8125,-5.8125,16.9375
Earlier,-22.875,-22.875,-5.9375,-5.9375,16.9375
Aikido,-23.375,-23.375,-6.4375,-6.4375,16.9375
Biopotential,-22.875,-22.875,-5.9375,-5.9375,16.9375
Hiddels,-22.875,-22.875,-5.9375,-5.9375,16.9375
Alveolae,-22.875,-22.875,-5.96875,-5.96875,16.90625
Circus,-22.75,-22.75,-5.84375,-5.84375,16.90625
Dacrydium,-22.75,-22.75,-5.84375,-5.84375,16.90625
Fromage,-22.375,-22.375,-5.46875,-5.46875,16.90625
Lodestars,-22.75,-22.75,-5.84375,-5.84375,16.90625
Goatherd,-22.875,-22.875,-5.96875,-5.96875,16.90625
Justers,-22.75,-22.75,-5.84375,-5.84375,16.90625
Monogenea,-22.75,-22.75,-5.84375,-5.84375,16.90625
Acromelalgia,-22.875,-22.875,-5.96875,-5.96875,16.90625
Tapissery,-22.75,-22.75,-5.84375,-5.84375,16.90625
Gutturotetany,-23.0,-23.0,-6.09375,-6.09375,16.90625
Tamarind,-22.75,-22.75,-5.84375,-5.84375,16.90625
Thoracostei,-22.75,-22.75,-5.84375,-5.84375,16.90625
Kopophobia,-23.0,-23.0,-6.09375,-6.09375,16.90625
Convallamarin,-22.75,-22.75,-5.84375,-5.84375,16.90625
Noonwards,-23.0,-23.0,-6.09375,-6.09375,16.90625
Pawnbrokerage,-23.125,-23.125,-6.21875,-6.21875,16.90625
Aftercare,-22.625,-22.625,-5.71875,-5.71875,16.90625
Charlatans,-23.25,-23.25,-6.34375,-6.34375,16.90625
Gnocchetti,-22.875,-22.875,-5.96875,-5.96875,16.90625
Zoophagus,-22.625,-22.625,-5.71875,-5.71875,16.90625
Aspersers,-23.0,-23.0,-6.09375,-6.09375,16.90625
Chondroplast,-22.875,-22.875,-5.96875,-5.96875,16.90625
Myophysics,-23.0,-23.0,-6.09375,-6.09375,16.90625
Epicoracoid,-22.75,-22.75,-5.84375,-5.84375,16.90625
Ventoy,-22.875,-22.875,-5.96875,-5.96875,16.90625
Stromata,-23.0,-23.0,-6.09375,-6.09375,16.90625
Jaburan,-22.875,-22.875,-5.96875,-5.96875,16.90625
Gnawings,-22.625,-22.625,-5.71875,-5.71875,16.90625
Floriken,-22.875,-22.875,-5.96875,-5.96875,16.90625
Alpenglow,-23.0,-23.0,-6.09375,-6.09375,16.90625
Grocery,-22.375,-22.375,-5.46875,-5.46875,16.90625
Oxbows,-22.875,-22.875,-5.96875,-5.96875,16.90625
Icefalls,-22.75,-22.75,-5.84375,-5.84375,16.90625
Glossorrhaphy,-22.875,-22.875,-5.96875,-5.96875,16.90625
Rosety,-22.75,-22.75,-5.84375,-5.84375,16.90625
Ichthyophile,-22.75,-22.75,-5.84375,-5.84375,16.90625
Schistosomus,-22.5,-22.5,-5.59375,-5.59375,16.90625
Darters,-22.625,-22.625,-5.71875,-5.71875,16.90625
Belgas,-22.75,-22.75,-5.84375,-5.84375,16.90625
Tympanosis,-22.75,-22.75,-5.84375,-5.84375,16.90625
Cibarian,-22.5,-22.5,-5.59375,-5.59375,16.90625
Potterers,-22.875,-22.875,-5.96875,-5.96875,16.90625
Kashruths,-22.875,-22.875,-5.96875,-5.96875,16.90625
Stompers,-23.125,-23.125,-6.21875,-6.21875,16.90625
Pilikia,-23.0,-23.0,-6.09375,-6.09375,16.90625
Duelli,-23.0,-23.0,-6.09375,-6.09375,16.90625
Tucker,-22.625,-22.625,-5.71875,-5.71875,16.90625
Chompers,-22.75,-22.75,-5.84375,-5.84375,16.90625
Overteem,-23.0,-23.0,-6.09375,-6.09375,16.90625
Posies,-22.75,-22.75,-5.84375,-5.84375,16.90625
Misbiasses,-23.0,-23.0,-6.09375,-6.09375,16.90625
Mediatorial,-22.875,-22.875,-5.96875,-5.96875,16.90625
Vitiligo,-23.0,-23.0,-6.09375,-6.09375,16.90625
Fluoridise,-23.125,-23.125,-6.21875,-6.21875,16.90625
Browns,-22.5,-22.5,-5.59375,-5.59375,16.90625
Documentize,-23.0,-23.0,-6.09375,-6.09375,16.90625
Redissect,-22.875,-22.875,-5.96875,-5.96875,16.90625
Xerophthalmia,-23.125,-23.125,-6.21875,-6.21875,16.90625
Bobbie,-22.875,-22.875,-5.96875,-5.96875,16.90625
Routeways,-22.75,-22.75,-5.84375,-5.84375,16.90625
Brasilin,-23.0,-23.0,-6.09375,-6.09375,16.90625
Outcaught,-22.75,-22.75,-5.84375,-5.84375,16.90625
Defers,-22.875,-22.875,-5.96875,-5.96875,16.90625
Adelina,-22.75,-22.75,-5.84375,-5.84375,16.90625
Osteopathic,-22.75,-22.75,-5.84375,-5.84375,16.90625
Valenciennes,-23.375,-23.375,-6.46875,-6.46875,16.90625
Rosolio,-22.75,-22.75,-5.84375,-5.84375,16.90625
Barstools,-22.5,-22.5,-5.59375,-5.59375,16.90625
Redimensions,-22.875,-22.875,-5.96875,-5.96875,16.90625
Braggle,-22.5,-22.5,-5.59375,-5.59375,16.90625
Auxocardia,-23.0,-23.0,-6.09375,-6.09375,16.90625
Kantele,-22.875,-22.875,-5.96875,-5.96875,16.90625
Elevenses,-22.875,-22.875,-5.96875,-5.96875,16.90625
Beddings,-22.75,-22.75,-5.84375,-5.84375,16.90625
Lymphopoiesis,-23.125,-23.125,-6.21875,-6.21875,16.90625
Xylophagid,-22.75,-22.75,-5.84375,-5.84375,16.90625
Epionynychia,-22.875,-22.875,-5.96875,-5.96875,16.90625
Augers,-22.75,-22.75,-5.84375,-5.84375,16.90625
Batsman,-22.875,-22.875,-5.96875,-5.96875,16.90625
Plastidule,-22.75,-22.75,-5.84375,-5.84375,16.90625
Salele,-22.875,-22.875,-5.96875,-5.96875,16.90625
Choufleur,-22.875,-22.875,-5.96875,-5.96875,16.90625
Alleviations,-22.875,-22.875,-5.96875,-5.96875,16.90625
Spitish,-22.625,-22.625,-5.71875,-5.71875,16.90625
Histotherapy,-22.75,-22.75,-5.84375,-5.84375,16.90625
Cosmic,-23.0,-23.0,-6.09375,-6.09375,16.90625
Zaddickim,-23.0,-23.0,-6.09375,-6.09375,16.90625
Anaphroditous,-22.875,-22.875,-5.96875,-5.96875,16.90625
Proreptilia,-22.75,-22.75,-5.84375,-5.84375,16.90625
Sweeps,-22.75,-22.75,-5.84375,-5.84375,16.90625
Popcorns,-22.875,-22.875,-5.96875,-5.96875,16.90625
Esperance,-22.75,-22.75,-5.84375,-5.84375,16.90625
Chimley,-22.75,-22.75,-5.84375,-5.84375,16.90625
Alarbus,-22.75,-22.75,-5.84375,-5.84375,16.90625
Sociomedical,-23.0,-23.0,-6.09375,-6.09375,16.90625
Instrumental,-22.875,-22.875,-5.96875,-5.96875,16.90625
Firestone,-22.875,-22.875,-5.96875,-5.96875,16.90625
Leudes,-22.875,-22.875,-5.96875,-5.96875,16.90625
Signalities,-23.0,-23.0,-6.09375,-6.09375,16.90625
Trulls,-22.5,-22.5,-5.59375,-5.59375,16.90625
Meningitic,-22.875,-22.875,-5.96875,-5.96875,16.90625
Merwoman,-22.5,-22.5,-5.59375,-5.59375,16.90625
Splenauxe,-22.75,-22.75,-5.84375,-5.84375,16.90625
Brimmer,-22.625,-22.625,-5.71875,-5.71875,16.90625
Schraubthaler,-22.625,-22.625,-5.71875,-5.71875,16.90625
Nephrolithosis,-23.0,-23.0,-6.09375,-6.09375,16.90625
Emajagua,-22.75,-22.75,-5.84375,-5.84375,16.90625
Arzrunite,-23.0,-23.0,-6.09375,-6.09375,16.90625
Incapacities,-22.875,-22.875,-5.96875,-5.96875,16.90625
Palulus,-23.0,-23.0,-6.09375,-6.09375,16.90625
Ureases,-22.625,-22.625,-5.71875,-5.71875,16.90625
Griffinhood,-22.75,-22.75,-5.84375,-5.84375,16.90625
Dikephobia,-23.125,-23.125,-6.21875,-6.21875,16.90625
Dogshore,-23.0,-23.0,-6.09375,-6.09375,16.90625
Chickasaw,-22.625,-22.625,-5.71875,-5.71875,16.90625
Elytropolypus,-22.625,-22.625,-5.71875,-5.71875,16.90625
Baniwa,-22.75,-22.75,-5.84375,-5.84375,16.90625
Limpsey,-22.875,-22.875,-5.96875,-5.96875,16.90625
Flindersia,-23.125,-23.125,-6.21875,-6.21875,16.90625
Monovalence,-23.0,-23.0,-6.09375,-6.09375,16.90625
Deterrence,-23.125,-23.125,-6.21875,-6.21875,16.90625
Asepsis,-22.75,-22.75,-5.84375,-5.84375,16.90625
Candelilla,-23.0,-23.0,-6.09375,-6.09375,16.90625
Erythrean,-22.375,-22.375,-5.46875,-5.46875,16.90625
Marlings,-22.875,-22.875,-5.96875,-5.96875,16.90625
Molmutian,-22.875,-22.875,-5.96875,-5.96875,16.90625
Buckoes,-22.75,-22.75,-5.84375,-5.84375,16.90625
Roughie,-22.625,-22.625,-5.71875,-5.71875,16.90625
Layovers,-23.0,-23.0,-6.09375,-6.09375,16.90625
Glossiest,-22.75,-22.75,-5.84375,-5.84375,16.90625
Saguerus,-22.75,-22.75,-5.84375,-5.84375,16.90625
Grudgeons,-22.875,-22.875,-5.96875,-5.96875,16.90625
Anaheim,-22.75,-22.75,-5.84375,-5.84375,16.90625
Rowley,-22.625,-22.625,-5.71875,-5.71875,16.90625
Flytiers,-22.875,-22.875,-5.96875,-5.96875,16.90625
Pittosporaceae,-22.625,-22.625,-5.71875,-5.71875,16.90625
Sulides,-22.875,-22.875,-5.96875,-5.96875,16.90625
Dancettee,-22.625,-22.625,-5.71875,-5.71875,16.90625
Weimaraner,-22.75,-22.75,-5.84375,-5.84375,16.90625
Jinricksha,-23.0,-23.0,-6.09375,-6.09375,16.90625
Alismal,-23.125,-23.125,-6.21875,-6.21875,16.90625
Wollomai,-22.75,-22.75,-5.84375,-5.84375,16.90625
Cycadeoidea,-22.75,-22.75,-5.84375,-5.84375,16.90625
Oikoplast,-23.125,-23.125,-6.21875,-6.21875,16.90625
Othertimes,-23.0,-23.0,-6.09375,-6.09375,16.90625
Myrmecophytic,-22.75,-22.75,-5.84375,-5.84375,16.90625
Nervules,-23.0,-23.0,-6.09375,-6.09375,16.90625
Fearnaught,-22.375,-22.375,-5.46875,-5.46875,16.90625
Miggles,-22.875,-22.875,-5.96875,-5.96875,16.90625
Minimism,-23.0,-23.0,-6.09375,-6.09375,16.90625
Thyreoitis,-23.125,-23.125,-6.21875,-6.21875,16.90625
Cluppe,-22.875,-22.875,-5.96875,-5.96875,16.90625
Threaders,-23.0,-23.0,-6.09375,-6.09375,16.90625
Birdwise,-23.125,-23.125,-6.21875,-6.21875,16.90625
Swaddles,-22.625,-22.625,-5.71875,-5.71875,16.90625
Touchmark,-22.625,-22.625,-5.71875,-5.71875,16.90625
Dialytic,-22.75,-22.75,-5.84375,-5.84375,16.90625
Stegosaurs,-22.5,-22.5,-5.59375,-5.59375,16.90625
Topminnow,-22.75,-22.75,-5.84375,-5.84375,16.90625
Twitcher,-22.625,-22.625,-5.71875,-5.71875,16.90625
Plattdeutsch,-23.0,-23.0,-6.09375,-6.09375,16.90625
Blastoidea,-22.75,-22.75,-5.84375,-5.84375,16.90625
Uirina,-22.75,-22.75,-5.84375,-5.84375,16.90625
Cynosurus,-22.75,-22.75,-5.84375,-5.84375,16.90625
Brethren,-22.875,-22.875,-5.96875,-5.96875,16.90625
Pedosphere,-23.0,-23.0,-6.09375,-6.09375,16.90625
Megalesian,-22.875,-22.875,-5.96875,-5.96875,16.90625
Ariole,-22.75,-22.75,-5.84375,-5.84375,16.90625
Tableity,-23.0,-23.0,-6.09375,-6.09375,16.90625
Pertinentia,-22.75,-22.75,-5.84375,-5.84375,16.90625
Myzostomida,-22.875,-22.875,-5.96875,-5.96875,16.90625
Meiosis,-22.75,-22.75,-5.84375,-5.84375,16.90625
Peglet,-22.875,-22.875,-5.96875,-5.96875,16.90625
Sergeantcy,-22.875,-22.875,-5.96875,-5.96875,16.90625
Sceptrosophy,-23.0,-23.0,-6.09375,-6.09375,16.90625
Maharanees,-22.75,-22.75,-5.84375,-5.84375,16.90625
Stylohyoid,-22.75,-22.75,-5.84375,-5.84375,16.90625
Blastomyces,-22.625,-22.625,-5.71875,-5.71875,16.90625
Arcticology,-22.875,-22.875,-5.96875,-5.96875,16.90625
Telugu,-22.75,-22.75,-5.84375,-5.84375,16.90625
Rhodocystis,-22.625,-22.625,-5.71875,-5.71875,16.90625
Chausseemeile,-22.875,-22.875,-5.96875,-5.96875,16.90625
Classroom,-23.0,-23.0,-6.09375,-6.09375,16.90625
Berrigan,-22.25,-22.25,-5.34375,-5.34375,16.90625
Gambia,-22.875,-22.875,-5.96875,-5.96875,16.90625
Centrodesmose,-23.125,-23.125,-6.21875,-6.21875,16.90625
Figary,-23.0,-23.0,-6.09375,-6.09375,16.90625
Canzonetta,-22.875,-22.875,-5.96875,-5.96875,16.90625
Hexagonal,-22.875,-22.875,-5.96875,-5.96875,16.90625
Accordion,-22.875,-22.875,-5.96875,-5.96875,16.90625
Daystars,-22.625,-22.625,-5.71875,-5.71875,16.90625
Geratologic,-22.5,-22.5,-5.59375,-5.59375,16.90625
Snazzy,-22.5,-22.5,-5.59375,-5.59375,16.90625
Sundays,-23.25,-23.25,-6.34375,-6.34375,16.90625
Herbal,-22.5,-22.5,-5.59375,-5.59375,16.90625
Omentorrhaphy,-22.75,-22.75,-5.84375,-5.84375,16.90625
Epikeia,-22.875,-22.875,-5.96875,-5.96875,16.90625
Hesitaters,-23.125,-23.125,-6.21875,-6.21875,16.90625
Priestesses,-22.625,-22.625,-5.71875,-5.71875,16.90625
Stockton,-22.875,-22.875,-5.96875,-5.96875,16.90625
Weighbauk,-23.0,-23.0,-6.09375,-6.09375,16.90625
Lacers,-22.625,-22.625,-5.71875,-5.71875,16.90625
Trichoglossia,-22.625,-22.625,-5.71875,-5.71875,16.90625
Refires,-22.75,-22.75,-5.84375,-5.84375,16.90625
Iridine,-22.625,-22.625,-5.71875,-5.71875,16.90625
Carposporangia,-22.75,-22.75,-5.84375,-5.84375,16.90625
Planetesimals,-22.75,-22.75,-5.84375,-5.84375,16.90625
Warners,-22.875,-22.875,-5.96875,-5.96875,16.90625
Metroscirrhus,-22.625,-22.625,-5.71875,-5.71875,16.90625
Warren,-23.25,-23.25,-6.34375,-6.34375,16.90625
Gnotobiotics,-22.75,-22.75,-5.84375,-5.84375,16.90625
Cartilaginei,-22.875,-22.875,-5.96875,-5.96875,16.90625
Whoopla,-22.5,-22.5,-5.59375,-5.59375,16.90625
Evilnesses,-22.5,-22.5,-5.59375,-5.59375,16.90625
Farreate,-23.0,-23.0,-6.09375,-6.09375,16.90625
Senlac,-23.0,-23.0,-6.09375,-6.09375,16.90625
Zootherapy,-22.875,-22.875,-5.96875,-5.96875,16.90625
Mammons,-22.625,-22.625,-5.71875,-5.71875,16.90625
Holoquinonoid,-22.875,-22.875,-5.96875,-5.96875,16.90625
Torpitude,-23.25,-23.25,-6.34375,-6.34375,16.90625
Prionopinae,-23.0,-23.0,-6.09375,-6.09375,16.90625
Footle,-22.625,-22.625,-5.71875,-5.71875,16.90625
Fullterm,-23.0,-23.0,-6.09375,-6.09375,16.90625
Bathrobes,-22.625,-22.625,-5.71875,-5.71875,16.90625
Langurs,-23.0,-23.0,-6.09375,-6.09375,16.90625
Taskmasters,-23.0,-23.0,-6.09375,-6.09375,16.90625
Ossiculotomy,-23.0,-23.0,-6.09375,-6.09375,16.90625
Alabastrums,-22.625,-22.625,-5.71875,-5.71875,16.90625
Shoelaces,-22.75,-22.75,-5.84375,-5.84375,16.90625
Magnetomotor,-23.0,-23.0,-6.09375,-6.09375,16.90625
Mommies,-23.0,-23.0,-6.09375,-6.09375,16.90625
Stadial,-22.875,-22.875,-5.96875,-5.96875,16.90625
Bawdries,-22.75,-22.75,-5.84375,-5.84375,16.90625
Aryballoi,-22.75,-22.75,-5.84375,-5.84375,16.90625
Tzardom,-23.125,-23.125,-6.21875,-6.21875,16.90625
Shikarees,-23.0,-23.0,-6.09375,-6.09375,16.90625
Sphaerocarpus,-22.625,-22.625,-5.71875,-5.71875,16.90625
Tableclothwise,-22.75,-22.75,-5.84375,-5.84375,16.90625
Gasolines,-23.0,-23.0,-6.09375,-6.09375,16.90625
Newsgirls,-22.75,-22.75,-5.84375,-5.84375,16.90625
Mendacious,-22.625,-22.625,-5.71875,-5.71875,16.90625
Energiatye,-22.875,-22.875,-5.96875,-5.96875,16.90625
Complexus,-23.0,-23.0,-6.09375,-6.09375,16.90625
Parton,-22.625,-22.625,-5.71875,-5.71875,16.90625
Reflectoscope,-22.75,-22.75,-5.84375,-5.84375,16.90625
Jabberwocky,-22.375,-22.375,-5.46875,-5.46875,16.90625
Czardases,-22.875,-22.875,-5.96875,-5.96875,16.90625
Shenanigans,-22.875,-22.875,-5.96875,-5.96875,16.90625
Plaguers,-23.0,-23.0,-6.09375,-6.09375,16.90625
Arbuscles,-22.625,-22.625,-5.71875,-5.71875,16.90625
Mephitine,-23.0,-23.0,-6.09375,-6.09375,16.90625
Stratopause,-22.75,-22.75,-5.84375,-5.84375,16.90625
Tommyrot,-22.875,-22.875,-5.96875,-5.96875,16.90625
Grundlov,-22.75,-22.75,-5.84375,-5.84375,16.90625
Loudest,-22.75,-22.75,-5.84375,-5.84375,16.90625
Varnpliktige,-22.875,-22.875,-5.96875,-5.96875,16.90625
Carfax,-22.5,-22.5,-5.59375,-5.59375,16.90625
Ampelotherapy,-23.0,-23.0,-6.09375,-6.09375,16.90625
Wizardship,-22.875,-22.875,-5.96875,-5.96875,16.90625
Juliott,-22.75,-22.75,-5.84375,-5.84375,16.90625
Houseball,-23.125,-23.125,-6.21875,-6.21875,16.90625
Andoke,-22.75,-22.75,-5.84375,-5.84375,16.90625
Zapotec,-22.625,-22.625,-5.71875,-5.71875,16.90625
Quillaias,-22.5,-22.5,-5.59375,-5.59375,16.90625
Quellers,-23.0,-23.0,-6.09375,-6.09375,16.90625
Hahnemannian,-23.125,-23.125,-6.21875,-6.21875,16.90625
Tumblerful,-22.625,-22.625,-5.71875,-5.71875,16.90625
Momser,-22.875,-22.875,-5.96875,-5.96875,16.90625
Avelonge,-22.875,-22.875,-5.96875,-5.96875,16.90625
Valerate,-22.875,-22.875,-5.96875,-5.96875,16.90625
Briolettes,-22.875,-22.875,-5.96875,-5.96875,16.90625
Psephurus,-22.75,-22.75,-5.84375,-5.84375,16.90625
Zapatero,-23.0,-23.0,-6.09375,-6.09375,16.90625
Twillings,-22.625,-22.625,-5.71875,-5.71875,16.90625
Peaceful,-23.0,-23.0,-6.09375,-6.09375,16.90625
Rickettsias,-22.75,-22.75,-5.84375,-5.84375,16.90625
Prepainful,-22.625,-22.625,-5.71875,-5.71875,16.90625
Hexact,-22.875,-22.875,-5.96875,-5.96875,16.90625
Jacunda,-22.625,-22.625,-5.71875,-5.71875,16.90625
Frankincense,-22.625,-22.625,-5.71875,-5.71875,16.90625
Erythrodextrin,-22.75,-22.75,-5.84375,-5.84375,16.90625
Ethanamide,-22.625,-22.625,-5.71875,-5.71875,16.90625
Ciconiiform,-22.875,-22.875,-5.96875,-5.96875,16.90625
Umpirages,-22.875,-22.875,-5.96875,-5.96875,16.90625
Valgoid,-23.125,-23.125,-6.21875,-6.21875,16.90625
Vulturism,-23.25,-23.25,-6.34375,-6.34375,16.90625
Axiologies,-22.875,-22.875,-5.96875,-5.96875,16.90625
Hypothermy,-22.625,-22.625,-5.71875,-5.71875,16.90625
Cliffside,-22.5,-22.5,-5.59375,-5.59375,16.90625
Sodiums,-22.625,-22.625,-5.71875,-5.71875,16.90625
Jiggles,-22.625,-22.625,-5.71875,-5.71875,16.90625
Lymnaeid,-22.5,-22.5,-5.59375,-5.59375,16.90625
Teepee,-22.5,-22.5,-5.59375,-5.59375,16.90625
Modular,-23.125,-23.125,-6.21875,-6.21875,16.90625
Elephas,-22.5,-22.5,-5.59375,-5.59375,16.90625
Polydactylism,-23.0,-23.0,-6.09375,-6.09375,16.90625
Spiropentane,-22.875,-22.875,-5.96875,-5.96875,16.90625
Dialystelic,-22.625,-22.625,-5.71875,-5.71875,16.90625
Fontanges,-23.25,-23.25,-6.34375,-6.34375,16.90625
Oospheres,-22.875,-22.875,-5.96875,-5.96875,16.90625
Ocotillo,-22.75,-22.75,-5.84375,-5.84375,16.90625
Celadonite,-22.75,-22.75,-5.84375,-5.84375,16.90625
Soorawn,-22.75,-22.75,-5.84375,-5.84375,16.90625
Groans,-22.5,-22.5,-5.59375,-5.59375,16.90625
Teaches,-22.75,-22.75,-5.84375,-5.84375,16.90625
Paloma,-22.625,-22.625,-5.71875,-5.71875,16.90625
Annotates,-22.875,-22.875,-5.96875,-5.96875,16.90625
Chevaline,-23.0,-23.0,-6.09375,-6.09375,16.90625
Achlorhydric,-22.5,-22.5,-5.59375,-5.59375,16.90625
Lesses,-22.625,-22.625,-5.71875,-5.71875,16.90625
Aizoon,-23.125,-23.125,-6.21875,-6.21875,16.90625
Middenstead,-22.5,-22.5,-5.59375,-5.59375,16.90625
Missteers,-22.875,-22.875,-5.96875,-5.96875,16.90625
Champers,-23.0,-23.0,-6.09375,-6.09375,16.90625
Munchausenize,-23.25,-23.25,-6.34375,-6.34375,16.90625
Plasmapheresis,-23.0,-23.0,-6.09375,-6.09375,16.90625
Fascinations,-22.875,-22.875,-5.96875,-5.96875,16.90625
Lessen,-22.625,-22.625,-5.71875,-5.71875,16.90625
Hemicentrum,-23.0,-23.0,-6.09375,-6.09375,16.90625
Abbotships,-22.875,-22.875,-5.96875,-5.96875,16.90625
Dewdrop,-22.625,-22.625,-5.71875,-5.71875,16.90625
Whillaloo,-22.625,-22.625,-5.71875,-5.71875,16.90625
Caldaria,-22.875,-22.875,-5.96875,-5.96875,16.90625
Laryngoscopist,-22.875,-22.875,-5.96875,-5.96875,16.90625
Openbill,-23.125,-23.125,-6.21875,-6.21875,16.90625
Solenium,-23.125,-23.125,-6.21875,-6.21875,16.90625
Collarette,-22.75,-22.75,-5.84375,-5.84375,16.90625
Apiphobia,-23.125,-23.125,-6.21875,-6.21875,16.90625
Leapfrogger,-22.75,-22.75,-5.84375,-5.84375,16.90625
Contemplators,-23.25,-23.25,-6.34375,-6.34375,16.90625
Grapsus,-22.875,-22.875,-5.96875,-5.96875,16.90625
Purpuriparous,-23.0,-23.0,-6.09375,-6.09375,16.90625
Bonilass,-23.0,-23.0,-6.09375,-6.09375,16.90625
Vetture,-22.75,-22.75,-5.84375,-5.84375,16.90625
Mandan,-22.875,-22.875,-5.96875,-5.96875,16.90625
Willowworm,-22.75,-22.75,-5.84375,-5.84375,16.90625
Surfboards,-22.375,-22.375,-5.46875,-5.46875,16.90625
Cedarn,-22.875,-22.875,-5.96875,-5.96875,16.90625
Myriad,-22.875,-22.875,-5.96875,-5.96875,16.90625
Pinochles,-22.5,-22.5,-5.59375,-5.59375,16.90625
Cutlash,-22.625,-22.625,-5.71875,-5.71875,16.90625
Anchistopoda,-23.0,-23.0,-6.09375,-6.09375,16.90625
Keywords,-23.375,-23.375,-6.46875,-6.46875,16.90625
Rishis,-23.0,-23.0,-6.09375,-6.09375,16.90625
Ambrosiaceae,-22.5,-22.5,-5.59375,-5.59375,16.90625
Beatitude,-22.875,-22.875,-5.96875,-5.96875,16.90625
Nonappendence,-23.0,-23.0,-6.09375,-6.09375,16.90625
Trimucronatus,-22.75,-22.75,-5.84375,-5.84375,16.90625
Fleabags,-22.625,-22.625,-5.71875,-5.71875,16.90625
Robalos,-22.75,-22.75,-5.84375,-5.84375,16.90625
Calopogon,-22.25,-22.25,-5.375,-5.375,16.875
Daneflower,-22.5,-22.5,-5.625,-5.625,16.875
Desserts,-22.375,-22.375,-5.5,-5.5,16.875
Hotelless,-22.625,-22.625,-5.75,-5.75,16.875
Gridiron,-22.625,-22.625,-5.75,-5.75,16.875
Hydrotherapies,-22.875,-22.875,-6.0,-6.0,16.875
Glycyrrhiza,-22.25,-22.25,-5.375,-5.375,16.875
Araucarioxylon,-22.5,-22.5,-5.625,-5.625,16.875
Subspecies,-22.5,-22.5,-5.625,-5.625,16.875
Washcloth,-22.25,-22.25,-5.375,-5.375,16.875
Archencephala,-22.625,-22.625,-5.75,-5.75,16.875
Aphrizite,-22.75,-22.75,-5.875,-5.875,16.875
Tremellales,-22.75,-22.75,-5.875,-5.875,16.875
Bewrought,-22.5,-22.5,-5.625,-5.625,16.875
Peyotes,-22.375,-22.375,-5.5,-5.5,16.875
Herbman,-22.625,-22.625,-5.75,-5.75,16.875
Bathysphere,-22.125,-22.125,-5.25,-5.25,16.875
Myctophum,-22.625,-22.625,-5.75,-5.75,16.875
Decorability,-23.125,-23.125,-6.3125,-6.3125,16.8125
Aspergillum,-22.75,-22.75,-5.9375,-5.9375,16.8125
Cephalofacial,-22.75,-22.75,-5.9375,-5.9375,16.8125
Vitalise,-22.875,-22.875,-6.0625,-6.0625,16.8125
Speiskobalt,-22.75,-22.75,-5.9375,-5.9375,16.8125
Mazdur,-22.75,-22.75,-5.9375,-5.9375,16.8125
Alnitak,-22.625,-22.625,-5.8125,-5.8125,16.8125
Trichechus,-22.625,-22.625,-5.8125,-5.8125,16.8125
Outfitters,-22.5,-22.5,-5.6875,-5.6875,16.8125
Kthibh,-22.625,-22.625,-5.8125,-5.8125,16.8125
Wordle,-22.625,-22.625,-5.8125,-5.8125,16.8125
Noviciate,-23.125,-23.125,-6.3125,-6.3125,16.8125
Creaturize,-23.0,-23.0,-6.1875,-6.1875,16.8125
Grogshops,-22.75,-22.75,-5.9375,-5.9375,16.8125
Roncho,-22.625,-22.625,-5.8125,-5.8125,16.8125
Coalifies,-23.0,-23.0,-6.1875,-6.1875,16.8125
Maritime,-23.0,-23.0,-6.1875,-6.1875,16.8125
Monoaminergic,-23.0,-23.0,-6.1875,-6.1875,16.8125
Metaloscopy,-22.875,-22.875,-6.0625,-6.0625,16.8125
Caneware,-22.625,-22.625,-5.8125,-5.8125,16.8125
Khansama,-23.0,-23.0,-6.1875,-6.1875,16.8125
Ammocoetid,-22.5,-22.5,-5.6875,-5.6875,16.8125
Falculate,-22.875,-22.875,-6.0625,-6.0625,16.8125
Onside,-23.125,-23.125,-6.3125,-6.3125,16.8125
Parlance,-22.875,-22.875,-6.0625,-6.0625,16.8125
Mental,-22.875,-22.875,-6.0625,-6.0625,16.8125
Estafette,-22.75,-22.75,-5.9375,-5.9375,16.8125
Frigid,-22.5,-22.5,-5.6875,-5.6875,16.8125
Misopedia,-23.375,-23.375,-6.5625,-6.5625,16.8125
Gladiatorship,-23.0,-23.0,-6.1875,-6.1875,16.8125
Dumbbells,-23.0,-23.0,-6.1875,-6.1875,16.8125
Netchilik,-22.875,-22.875,-6.0625,-6.0625,16.8125
Enterobiasis,-23.0,-23.0,-6.1875,-6.1875,16.8125
Acetylglycine,-22.75,-22.75,-5.9375,-5.9375,16.8125
Midwife,-22.625,-22.625,-5.8125,-5.8125,16.8125
Canarine,-22.5,-22.5,-5.6875,-5.6875,16.8125
Moderns,-23.25,-23.25,-6.4375,-6.4375,16.8125
Stawsome,-22.5,-22.5,-5.6875,-5.6875,16.8125
Mayhems,-23.125,-23.125,-6.3125,-6.3125,16.8125
Humdingers,-23.0,-23.0,-6.1875,-6.1875,16.8125
Wonners,-23.0,-23.0,-6.1875,-6.1875,16.8125
Noblewomen,-22.75,-22.75,-5.9375,-5.9375,16.8125
Astrogeology,-22.75,-22.75,-5.9375,-5.9375,16.8125
Apozem,-22.625,-22.625,-5.8125,-5.8125,16.8125
Weightiest,-22.625,-22.625,-5.8125,-5.8125,16.8125
Samgarnebo,-22.75,-22.75,-5.9375,-5.9375,16.8125
Gifblaar,-22.75,-22.75,-5.9375,-5.9375,16.8125
Sparser,-22.875,-22.875,-6.0625,-6.0625,16.8125
Overindulge,-23.125,-23.125,-6.3125,-6.3125,16.8125
Knifeless,-22.875,-22.875,-6.0625,-6.0625,16.8125
Hydrospheres,-22.75,-22.75,-5.9375,-5.9375,16.8125
Bijouterie,-22.75,-22.75,-5.9375,-5.9375,16.8125
Alnagership,-22.75,-22.75,-5.9375,-5.9375,16.8125
Pepperers,-22.875,-22.875,-6.0625,-6.0625,16.8125
Freddy,-22.625,-22.625,-5.8125,-5.8125,16.8125
Groenendael,-23.0,-23.0,-6.1875,-6.1875,16.8125
Bubblebow,-23.0,-23.0,-6.1875,-6.1875,16.8125
Tartufish,-22.5,-22.5,-5.6875,-5.6875,16.8125
Appledrane,-22.625,-22.625,-5.8125,-5.8125,16.8125
Matilda,-22.625,-22.625,-5.8125,-5.8125,16.8125
Spinaches,-22.625,-22.625,-5.8125,-5.8125,16.8125
Galactose,-22.625,-22.625,-5.8125,-5.8125,16.8125
Peacockier,-22.625,-22.625,-5.8125,-5.8125,16.8125
Avisos,-23.125,-23.125,-6.3125,-6.3125,16.8125
Laurie,-22.625,-22.625,-5.8125,-5.8125,16.8125
Lakeland,-22.75,-22.75,-5.9375,-5.9375,16.8125
Months,-23.0,-23.0,-6.1875,-6.1875,16.8125
Hawkey,-22.5,-22.5,-5.6875,-5.6875,16.8125
Paraph,-22.875,-22.875,-6.0625,-6.0625,16.8125
Combite,-22.75,-22.75,-5.9375,-5.9375,16.8125
Carats,-22.75,-22.75,-5.9375,-5.9375,16.8125
Douanes,-23.125,-23.125,-6.3125,-6.3125,16.8125
Horseboy,-22.75,-22.75,-5.9375,-5.9375,16.8125
Nettlefire,-22.75,-22.75,-5.9375,-5.9375,16.8125
Metroscopy,-23.125,-23.125,-6.3125,-6.3125,16.8125
Telfairia,-22.5,-22.5,-5.6875,-5.6875,16.8125
Munandi,-22.875,-22.875,-6.0625,-6.0625,16.8125
Botryoid,-23.0,-23.0,-6.1875,-6.1875,16.8125
Rectococcygeus,-22.75,-22.75,-5.9375,-5.9375,16.8125
Chicago,-22.75,-22.75,-5.9375,-5.9375,16.8125
Grograms,-22.75,-22.75,-5.9375,-5.9375,16.8125
Routes,-23.0,-23.0,-6.1875,-6.1875,16.8125
Prizewinners,-23.125,-23.125,-6.3125,-6.3125,16.8125
Distaves,-22.625,-22.625,-5.8125,-5.8125,16.8125
Toilet,-22.625,-22.625,-5.8125,-5.8125,16.8125
Coelacanthine,-22.625,-22.625,-5.8125,-5.8125,16.8125
Wintrify,-22.875,-22.875,-6.0625,-6.0625,16.8125
Epsilon,-22.75,-22.75,-5.9375,-5.9375,16.8125
Baleen,-22.625,-22.625,-5.8125,-5.8125,16.8125
Novitial,-23.0,-23.0,-6.1875,-6.1875,16.8125
Bedeaf,-22.625,-22.625,-5.8125,-5.8125,16.8125
Shakeproof,-22.625,-22.625,-5.8125,-5.8125,16.8125
Enamine,-23.0,-23.0,-6.1875,-6.1875,16.8125
Lancashire,-22.875,-22.875,-6.0625,-6.0625,16.8125
Sloopman,-22.625,-22.625,-5.8125,-5.8125,16.8125
Counterbalance,-23.125,-23.125,-6.3125,-6.3125,16.8125
Margay,-22.75,-22.75,-5.9375,-5.9375,16.8125
Woodshedde,-22.625,-22.625,-5.8125,-5.8125,16.8125
Caboche,-22.5,-22.5,-5.6875,-5.6875,16.8125
Jigsaws,-22.75,-22.75,-5.9375,-5.9375,16.8125
Wobegonish,-22.625,-22.625,-5.8125,-5.8125,16.8125
Hexiology,-23.0,-23.0,-6.1875,-6.1875,16.8125
Penang,-23.0,-23.0,-6.1875,-6.1875,16.8125
Seenil,-22.75,-22.75,-5.9375,-5.9375,16.8125
Clairseach,-22.625,-22.625,-5.8125,-5.8125,16.8125
Triglochin,-22.625,-22.625,-5.8125,-5.8125,16.8125
Galibi,-23.125,-23.125,-6.3125,-6.3125,16.8125
Girnie,-22.5,-22.5,-5.6875,-5.6875,16.8125
Endear,-22.875,-22.875,-6.0625,-6.0625,16.8125
Boltant,-22.75,-22.75,-5.9375,-5.9375,16.8125
Ianthina,-22.625,-22.625,-5.84375,-5.84375,16.78125
Aminomyelin,-22.875,-22.875,-6.09375,-6.09375,16.78125
Aftersong,-22.625,-22.625,-5.84375,-5.84375,16.78125
Coorie,-22.625,-22.625,-5.84375,-5.84375,16.78125
Roadblocks,-22.75,-22.75,-5.96875,-5.96875,16.78125
Nunneries,-22.75,-22.75,-5.96875,-5.96875,16.78125
Mylohyoid,-22.875,-22.875,-6.09375,-6.09375,16.78125
Horologies,-22.875,-22.875,-6.09375,-6.09375,16.78125
Baronry,-22.75,-22.75,-5.96875,-5.96875,16.78125
Psittacidae,-22.5,-22.5,-5.71875,-5.71875,16.78125
Ramosity,-22.875,-22.875,-6.09375,-6.09375,16.78125
Pokies,-22.25,-22.25,-5.46875,-5.46875,16.78125
Clubwomen,-22.625,-22.625,-5.84375,-5.84375,16.78125
Chumpy,-22.75,-22.75,-5.96875,-5.96875,16.78125
Thrombectomies,-23.125,-23.125,-6.34375,-6.34375,16.78125
Clavicytheria,-22.5,-22.5,-5.71875,-5.71875,16.78125
Parilia,-22.875,-22.875,-6.09375,-6.09375,16.78125
Fenestellidae,-22.75,-22.75,-5.96875,-5.96875,16.78125
Teeswater,-22.625,-22.625,-5.84375,-5.84375,16.78125
Dendraspis,-22.375,-22.375,-5.59375,-5.59375,16.78125
Tenrecs,-22.375,-22.375,-5.59375,-5.59375,16.78125
Dasewe,-22.75,-22.75,-5.96875,-5.96875,16.78125
Oolachans,-22.75,-22.75,-5.96875,-5.96875,16.78125
Deporte,-22.875,-22.875,-6.09375,-6.09375,16.78125
Australorp,-22.625,-22.625,-5.84375,-5.84375,16.78125
Cystofibroma,-22.75,-22.75,-5.96875,-5.96875,16.78125
Cystopus,-22.5,-22.5,-5.71875,-5.71875,16.78125
Cheirosophy,-23.25,-23.25,-6.46875,-6.46875,16.78125
Osphresiometry,-22.875,-22.875,-6.09375,-6.09375,16.78125
Heteropodal,-22.75,-22.75,-5.96875,-5.96875,16.78125
Shakoes,-22.625,-22.625,-5.84375,-5.84375,16.78125
Eelcatcher,-22.5,-22.5,-5.71875,-5.71875,16.78125
Fjords,-22.75,-22.75,-5.96875,-5.96875,16.78125
Cresoline,-22.5,-22.5,-5.71875,-5.71875,16.78125
Probationers,-23.25,-23.25,-6.46875,-6.46875,16.78125
Hairballs,-22.375,-22.375,-5.59375,-5.59375,16.78125
Clapcake,-22.375,-22.375,-5.59375,-5.59375,16.78125
Colibacillosis,-22.875,-22.875,-6.09375,-6.09375,16.78125
Tenochtitlan,-22.625,-22.625,-5.84375,-5.84375,16.78125
Hoorahs,-22.875,-22.875,-6.09375,-6.09375,16.78125
Catwise,-22.75,-22.75,-5.96875,-5.96875,16.78125
Pitcherfuls,-22.75,-22.75,-5.96875,-5.96875,16.78125
Triunities,-22.875,-22.875,-6.09375,-6.09375,16.78125
Footfalls,-22.625,-22.625,-5.84375,-5.84375,16.78125
Docents,-22.875,-22.875,-6.09375,-6.09375,16.78125
Beelzebubian,-22.625,-22.625,-5.84375,-5.84375,16.78125
Buttwood,-22.25,-22.25,-5.46875,-5.46875,16.78125
Garnitures,-22.5,-22.5,-5.71875,-5.71875,16.78125
Mesonephritic,-22.75,-22.75,-5.96875,-5.96875,16.78125
Keuper,-22.75,-22.75,-5.96875,-5.96875,16.78125
Vasomotory,-23.0,-23.0,-6.21875,-6.21875,16.78125
Caudotibialis,-22.875,-22.875,-6.09375,-6.09375,16.78125
Gordon,-22.625,-22.625,-5.84375,-5.84375,16.78125
Belostomidae,-22.5,-22.5,-5.71875,-5.71875,16.78125
Bellehood,-22.625,-22.625,-5.84375,-5.84375,16.78125
Girlies,-23.125,-23.125,-6.34375,-6.34375,16.78125
Colonoscopy,-22.625,-22.625,-5.84375,-5.84375,16.78125
Solaces,-22.875,-22.875,-6.09375,-6.09375,16.78125
Thistles,-22.625,-22.625,-5.84375,-5.84375,16.78125
Batrachoplasty,-23.0,-23.0,-6.21875,-6.21875,16.78125
Xanthodont,-22.625,-22.625,-5.84375,-5.84375,16.78125
Sneezewort,-22.125,-22.125,-5.34375,-5.34375,16.78125
Alginuresis,-22.625,-22.625,-5.84375,-5.84375,16.78125
Jigaboo,-23.125,-23.125,-6.34375,-6.34375,16.78125
Fibrinogen,-22.875,-22.875,-6.09375,-6.09375,16.78125
Spellcraft,-22.375,-22.375,-5.59375,-5.59375,16.78125
Dribbet,-22.5,-22.5,-5.71875,-5.71875,16.78125
Shawlless,-22.5,-22.5,-5.71875,-5.71875,16.78125
Kialee,-22.5,-22.5,-5.71875,-5.71875,16.78125
Scalados,-23.0,-23.0,-6.21875,-6.21875,16.78125
Endovasculitis,-23.125,-23.125,-6.34375,-6.34375,16.78125
Humates,-22.875,-22.875,-6.09375,-6.09375,16.78125
Beaverlike,-22.75,-22.75,-5.96875,-5.96875,16.78125
Bostryx,-22.875,-22.875,-6.09375,-6.09375,16.78125
Aparaphysate,-22.625,-22.625,-5.84375,-5.84375,16.78125
Susquehanna,-22.625,-22.625,-5.84375,-5.84375,16.78125
Somnify,-23.0,-23.0,-6.21875,-6.21875,16.78125
Dauerschlaf,-22.375,-22.375,-5.59375,-5.59375,16.78125
Colonoscope,-22.5,-22.5,-5.71875,-5.71875,16.78125
Psorosis,-22.875,-22.875,-6.09375,-6.09375,16.78125
Orobanchaceae,-22.875,-22.875,-6.09375,-6.09375,16.78125
Subloreal,-22.875,-22.875,-6.09375,-6.09375,16.78125
Bradyacousia,-22.5,-22.5,-5.71875,-5.71875,16.78125
Depicts,-22.625,-22.625,-5.84375,-5.84375,16.78125
Jessica,-22.625,-22.625,-5.84375,-5.84375,16.78125
Rooftrees,-22.5,-22.5,-5.71875,-5.71875,16.78125
Fairways,-22.875,-22.875,-6.09375,-6.09375,16.78125
Chileanize,-23.25,-23.25,-6.46875,-6.46875,16.78125
Stefan,-23.0,-23.0,-6.21875,-6.21875,16.78125
Menisci,-22.75,-22.75,-5.96875,-5.96875,16.78125
Neoneds,-23.125,-23.125,-6.34375,-6.34375,16.78125
Couchers,-22.625,-22.625,-5.84375,-5.84375,16.78125
Cataplexy,-22.625,-22.625,-5.84375,-5.84375,16.78125
Wagonettes,-22.75,-22.75,-5.96875,-5.96875,16.78125
Astrospectral,-22.75,-22.75,-5.96875,-5.96875,16.78125
Kuvasz,-22.5,-22.5,-5.71875,-5.71875,16.78125
Wanderers,-22.5,-22.5,-5.71875,-5.71875,16.78125
Cotylopubic,-22.875,-22.875,-6.09375,-6.09375,16.78125
Chatelains,-22.875,-22.875,-6.09375,-6.09375,16.78125
Choirs,-22.75,-22.75,-5.96875,-5.96875,16.78125
Horticultural,-22.5,-22.5,-5.71875,-5.71875,16.78125
Angelophany,-23.0,-23.0,-6.21875,-6.21875,16.78125
Euplectella,-22.5,-22.5,-5.71875,-5.71875,16.78125
Mayberry,-22.25,-22.25,-5.46875,-5.46875,16.78125
Tenonectomy,-22.625,-22.625,-5.84375,-5.84375,16.78125
Hemostats,-22.625,-22.625,-5.84375,-5.84375,16.78125
Hemule,-22.75,-22.75,-5.96875,-5.96875,16.78125
Chandlers,-22.625,-22.625,-5.84375,-5.84375,16.78125
Sonder,-22.875,-22.875,-6.09375,-6.09375,16.78125
Babies,-22.5,-22.5,-5.71875,-5.71875,16.78125
Mandibles,-22.5,-22.5,-5.71875,-5.71875,16.78125
Pyodermatosis,-22.75,-22.75,-5.96875,-5.96875,16.78125
Wartflower,-22.5,-22.5,-5.71875,-5.71875,16.78125
Aquariia,-22.625,-22.625,-5.84375,-5.84375,16.78125
Ossiculectomy,-23.0,-23.0,-6.21875,-6.21875,16.78125
Catechumens,-23.125,-23.125,-6.34375,-6.34375,16.78125
Erodium,-22.625,-22.625,-5.84375,-5.84375,16.78125
Lycopodiaceae,-22.75,-22.75,-5.96875,-5.96875,16.78125
Meadwort,-22.5,-22.5,-5.71875,-5.71875,16.78125
Zoochores,-22.625,-22.625,-5.84375,-5.84375,16.78125
Arthrorrhagia,-23.0,-23.0,-6.21875,-6.21875,16.78125
Clasmatosis,-22.875,-22.875,-6.09375,-6.09375,16.78125
Caryopteris,-22.25,-22.25,-5.46875,-5.46875,16.78125
Mesiolabial,-22.875,-22.875,-6.09375,-6.09375,16.78125
Bodhisattwa,-23.0,-23.0,-6.21875,-6.21875,16.78125
Wampums,-22.75,-22.75,-5.96875,-5.96875,16.78125
Alibis,-23.25,-23.25,-6.46875,-6.46875,16.78125
Uterocele,-22.625,-22.625,-5.84375,-5.84375,16.78125
Storms,-22.875,-22.875,-6.09375,-6.09375,16.78125
Foederatus,-23.0,-23.0,-6.21875,-6.21875,16.78125
Plexus,-22.625,-22.625,-5.84375,-5.84375,16.78125
Farfetch,-22.75,-22.75,-5.96875,-5.96875,16.78125
Alleviant,-22.75,-22.75,-5.96875,-5.96875,16.78125
Taradiddle,-22.5,-22.5,-5.71875,-5.71875,16.78125
Floroon,-22.875,-22.875,-6.09375,-6.09375,16.78125
Schadenfreude,-22.5,-22.5,-5.71875,-5.71875,16.78125
Beadwork,-22.875,-22.875,-6.09375,-6.09375,16.78125
Thorite,-22.75,-22.75,-5.96875,-5.96875,16.78125
Plumrock,-22.75,-22.75,-5.96875,-5.96875,16.78125
Beglerbeg,-22.5,-22.5,-5.71875,-5.71875,16.78125
Elemis,-22.625,-22.625,-5.84375,-5.84375,16.78125
Fishlike,-23.0,-23.0,-6.21875,-6.21875,16.78125
Bullion,-22.75,-22.75,-5.96875,-5.96875,16.78125
Gastrocnemii,-22.75,-22.75,-5.96875,-5.96875,16.78125
Lazarets,-22.75,-22.75,-5.96875,-5.96875,16.78125
Fleuronee,-22.75,-22.75,-5.96875,-5.96875,16.78125
Onlook,-22.875,-22.875,-6.09375,-6.09375,16.78125
Ichors,-22.625,-22.625,-5.84375,-5.84375,16.78125
Microsporiasis,-22.625,-22.625,-5.84375,-5.84375,16.78125
Lathreeve,-22.375,-22.375,-5.59375,-5.59375,16.78125
Obongo,-23.0,-23.0,-6.21875,-6.21875,16.78125
Glockenspiels,-22.625,-22.625,-5.84375,-5.84375,16.78125
Somnipathy,-23.0,-23.0,-6.21875,-6.21875,16.78125
Nouvelles,-22.75,-22.75,-5.96875,-5.96875,16.78125
Heartier,-22.75,-22.75,-5.96875,-5.96875,16.78125
Cheezit,-22.375,-22.375,-5.59375,-5.59375,16.78125
Knysna,-22.625,-22.625,-5.84375,-5.84375,16.78125
Etheostominae,-22.875,-22.875,-6.09375,-6.09375,16.78125
Catcalls,-22.875,-22.875,-6.09375,-6.09375,16.78125
Zoopathologies,-22.875,-22.875,-6.09375,-6.09375,16.78125
Penneeck,-22.75,-22.75,-5.96875,-5.96875,16.78125
Boarts,-23.0,-23.0,-6.21875,-6.21875,16.78125
Tearproof,-22.75,-22.75,-5.96875,-5.96875,16.78125
Eavesdrops,-22.875,-22.875,-6.09375,-6.09375,16.78125
Psilophytales,-22.75,-22.75,-5.96875,-5.96875,16.78125
Benzyl,-22.625,-22.625,-5.84375,-5.84375,16.78125
Seership,-22.875,-22.875,-6.09375,-6.09375,16.78125
Albocinereous,-22.375,-22.375,-5.59375,-5.59375,16.78125
Afrite,-22.75,-22.75,-5.96875,-5.96875,16.78125
Tonitrophobia,-23.125,-23.125,-6.34375,-6.34375,16.78125
Chansonette,-22.75,-22.75,-5.96875,-5.96875,16.78125
Avitaminoses,-22.75,-22.75,-5.96875,-5.96875,16.78125
Colonnette,-22.5,-22.5,-5.71875,-5.71875,16.78125
Nounal,-22.625,-22.625,-5.84375,-5.84375,16.78125
Cunnilinctus,-22.875,-22.875,-6.09375,-6.09375,16.78125
Tympanohyal,-22.625,-22.625,-5.84375,-5.84375,16.78125
Laryngotomies,-23.125,-23.125,-6.34375,-6.34375,16.78125
Raioid,-22.625,-22.625,-5.84375,-5.84375,16.78125
Stewart,-22.625,-22.625,-5.84375,-5.84375,16.78125
Azoxytoluidine,-23.0,-23.0,-6.21875,-6.21875,16.78125
Quaker,-22.625,-22.625,-5.84375,-5.84375,16.78125
Howker,-22.625,-22.625,-5.84375,-5.84375,16.78125
Troutlike,-22.75,-22.75,-5.96875,-5.96875,16.78125
Chrysididae,-22.75,-22.75,-5.96875,-5.96875,16.78125
Chelicere,-22.75,-22.75,-5.96875,-5.96875,16.78125
Patrolwoman,-22.625,-22.625,-5.84375,-5.84375,16.78125
Oxycholesterol,-22.875,-22.875,-6.09375,-6.09375,16.78125
Kermanshah,-23.0,-23.0,-6.21875,-6.21875,16.78125
Inters,-22.5,-22.5,-5.71875,-5.71875,16.78125
Nowhere,-22.375,-22.375,-5.625,-5.625,16.75
Elsewhen,-22.625,-22.625,-5.875,-5.875,16.75
Goldie,-22.5,-22.5,-5.75,-5.75,16.75
Phyllopteryx,-22.375,-22.375,-5.625,-5.625,16.75
Nitrosomonas,-22.375,-22.375,-5.6875,-5.6875,16.6875
Nebulosus,-22.625,-22.625,-5.9375,-5.9375,16.6875
Turboelectric,-22.875,-22.875,-6.1875,-6.1875,16.6875
Almehs,-22.75,-22.75,-6.0625,-6.0625,16.6875
Galactic,-22.5,-22.5,-5.8125,-5.8125,16.6875
Canadol,-22.625,-22.625,-5.9375,-5.9375,16.6875
Hematomas,-23.125,-23.125,-6.4375,-6.4375,16.6875
Sweetheart,-22.625,-22.625,-5.9375,-5.9375,16.6875
Forestaves,-22.875,-22.875,-6.1875,-6.1875,16.6875
Witwall,-22.625,-22.625,-5.9375,-5.9375,16.6875
Moshav,-22.5,-22.5,-5.8125,-5.8125,16.6875
Havana,-23.0,-23.0,-6.3125,-6.3125,16.6875
Sculptures,-22.625,-22.625,-5.9375,-5.9375,16.6875
Foraramina,-22.75,-22.75,-6.0625,-6.0625,16.6875
Macrozamia,-22.875,-22.875,-6.1875,-6.1875,16.6875
Kansans,-23.125,-23.125,-6.4375,-6.4375,16.6875
Anglic,-22.625,-22.625,-5.9375,-5.9375,16.6875
Kuehneola,-22.625,-22.625,-5.9375,-5.9375,16.6875
Oilless,-22.875,-22.875,-6.1875,-6.1875,16.6875
Ichthyological,-22.625,-22.625,-5.9375,-5.9375,16.6875
Tableware,-22.625,-22.625,-5.9375,-5.9375,16.6875
Isoetales,-22.875,-22.875,-6.1875,-6.1875,16.6875
Hematocystis,-22.5,-22.5,-5.8125,-5.8125,16.6875
Tarakihi,-22.75,-22.75,-6.0625,-6.0625,16.6875
Mostic,-22.75,-22.75,-6.0625,-6.0625,16.6875
Hilltops,-22.875,-22.875,-6.1875,-6.1875,16.6875
Tambours,-22.75,-22.75,-6.0625,-6.0625,16.6875
Rhinocele,-22.375,-22.375,-5.6875,-5.6875,16.6875
Dewbeam,-22.5,-22.5,-5.8125,-5.8125,16.6875
Nonchurchgoer,-22.875,-22.875,-6.1875,-6.1875,16.6875
Fluoaluminic,-22.75,-22.75,-6.0625,-6.0625,16.6875
Fuffit,-22.875,-22.875,-6.1875,-6.1875,16.6875
Arriviste,-22.375,-22.375,-5.6875,-5.6875,16.6875
Boerhavia,-23.0,-23.0,-6.3125,-6.3125,16.6875
Byrewoman,-22.75,-22.75,-6.0625,-6.0625,16.6875
Kamiks,-22.5,-22.5,-5.8125,-5.8125,16.6875
Crestfish,-22.5,-22.5,-5.8125,-5.8125,16.6875
Plentitude,-23.125,-23.125,-6.4375,-6.4375,16.6875
Konjak,-22.625,-22.625,-5.96875,-5.96875,16.65625
Zeuglodontidae,-22.75,-22.75,-6.09375,-6.09375,16.65625
Urethrospasm,-22.75,-22.75,-6.09375,-6.09375,16.65625
Parisology,-22.875,-22.875,-6.21875,-6.21875,16.65625
Lilacs,-22.5,-22.5,-5.84375,-5.84375,16.65625
Myriadfold,-22.75,-22.75,-6.09375,-6.09375,16.65625
Lochiocolpos,-22.625,-22.625,-5.96875,-5.96875,16.65625
Zephyrian,-22.25,-22.25,-5.59375,-5.59375,16.65625
Trimorphs,-22.75,-22.75,-6.09375,-6.09375,16.65625
Stuffs,-22.375,-22.375,-5.71875,-5.71875,16.65625
Scandic,-22.625,-22.625,-5.96875,-5.96875,16.65625
Quinnats,-22.375,-22.375,-5.71875,-5.71875,16.65625
Dorine,-22.375,-22.375,-5.71875,-5.71875,16.65625
Augurship,-22.875,-22.875,-6.21875,-6.21875,16.65625
Zounds,-22.75,-22.75,-6.09375,-6.09375,16.65625
Cirsotomies,-22.625,-22.625,-5.96875,-5.96875,16.65625
Continentals,-22.875,-22.875,-6.21875,-6.21875,16.65625
Ichthyotomi,-22.625,-22.625,-5.96875,-5.96875,16.65625
Plumpy,-22.375,-22.375,-5.71875,-5.71875,16.65625
Jeanie,-22.75,-22.75,-6.09375,-6.09375,16.65625
Hemlines,-22.375,-22.375,-5.71875,-5.71875,16.65625
Heterodactylae,-22.625,-22.625,-5.96875,-5.96875,16.65625
Gordioidea,-22.375,-22.375,-5.71875,-5.71875,16.65625
Aminobenzamide,-22.625,-22.625,-5.96875,-5.96875,16.65625
Beguines,-22.75,-22.75,-6.09375,-6.09375,16.65625
Leipzig,-23.0,-23.0,-6.34375,-6.34375,16.65625
Chamaecistus,-22.5,-22.5,-5.84375,-5.84375,16.65625
Gawkies,-22.75,-22.75,-6.09375,-6.09375,16.65625
Sedjadeh,-23.125,-23.125,-6.46875,-6.46875,16.65625
Rifampicin,-23.0,-23.0,-6.34375,-6.34375,16.65625
Liebfraumilch,-22.25,-22.25,-5.59375,-5.59375,16.65625
Uruguay,-22.875,-22.875,-6.21875,-6.21875,16.65625
Parisia,-22.75,-22.75,-6.09375,-6.09375,16.65625
Parsecs,-22.5,-22.5,-5.84375,-5.84375,16.65625
Thronos,-22.875,-22.875,-6.21875,-6.21875,16.65625
Chandelles,-22.625,-22.625,-5.96875,-5.96875,16.65625
Meanderers,-23.0,-23.0,-6.34375,-6.34375,16.65625
Colubriformes,-22.625,-22.625,-5.96875,-5.96875,16.65625
Trichinise,-22.375,-22.375,-5.71875,-5.71875,16.65625
Sanseis,-22.75,-22.75,-6.09375,-6.09375,16.65625
Burkundaz,-22.5,-22.5,-5.84375,-5.84375,16.65625
Versions,-22.75,-22.75,-6.09375,-6.09375,16.65625
Alations,-22.75,-22.75,-6.09375,-6.09375,16.65625
Perineocele,-22.75,-22.75,-6.09375,-6.09375,16.65625
Endoangiitis,-23.125,-23.125,-6.46875,-6.46875,16.65625
Spirogyra,-22.5,-22.5,-5.84375,-5.84375,16.65625
Currajong,-22.625,-22.625,-5.96875,-5.96875,16.65625
Chenopodiaceae,-22.625,-22.625,-5.96875,-5.96875,16.65625
Algidities,-22.625,-22.625,-5.96875,-5.96875,16.65625
Dominique,-22.875,-22.875,-6.21875,-6.21875,16.65625
Sweetkins,-22.375,-22.375,-5.71875,-5.71875,16.65625
Butterbur,-22.75,-22.75,-6.09375,-6.09375,16.65625
Biolite,-22.375,-22.375,-5.71875,-5.71875,16.65625
Sorners,-22.75,-22.75,-6.09375,-6.09375,16.65625
Mounties,-23.0,-23.0,-6.34375,-6.34375,16.65625
Theolatrous,-22.625,-22.625,-5.96875,-5.96875,16.65625
Vinblastine,-22.375,-22.375,-5.71875,-5.71875,16.65625
Opisthothelae,-22.875,-22.875,-6.21875,-6.21875,16.65625
Canvaslike,-22.75,-22.75,-6.09375,-6.09375,16.65625
Carole,-22.625,-22.625,-5.96875,-5.96875,16.65625
Saumont,-22.75,-22.75,-6.09375,-6.09375,16.65625
Rostral,-23.0,-23.0,-6.34375,-6.34375,16.65625
Illinois,-22.625,-22.625,-5.96875,-5.96875,16.65625
Mollycoddler,-22.875,-22.875,-6.21875,-6.21875,16.65625
Ceratodus,-22.375,-22.375,-5.71875,-5.71875,16.65625
Mesocephalism,-23.0,-23.0,-6.34375,-6.34375,16.65625
Ticklenburgs,-22.75,-22.75,-6.09375,-6.09375,16.65625
Cheirogaleus,-22.625,-22.625,-5.96875,-5.96875,16.65625
Aneurysms,-22.625,-22.625,-5.96875,-5.96875,16.65625
Managerial,-22.5,-22.5,-5.84375,-5.84375,16.65625
Lilliputs,-22.75,-22.75,-6.09375,-6.09375,16.65625
Cerebrosuria,-22.625,-22.625,-5.96875,-5.96875,16.65625
Mehitzoth,-22.5,-22.5,-5.84375,-5.84375,16.65625
Kuvaszok,-22.625,-22.625,-5.96875,-5.96875,16.65625
Validate,-22.875,-22.875,-6.21875,-6.21875,16.65625
Milkwood,-22.75,-22.75,-6.09375,-6.09375,16.65625
Jedburgh,-22.125,-22.125,-5.46875,-5.46875,16.65625
Odontonecrosis,-22.75,-22.75,-6.09375,-6.09375,16.65625
Bradytrophic,-22.375,-22.375,-5.71875,-5.71875,16.65625
Spriggy,-22.625,-22.625,-5.96875,-5.96875,16.65625
Polypodiaceae,-22.5,-22.5,-5.84375,-5.84375,16.65625
Pupfish,-22.375,-22.375,-5.71875,-5.71875,16.65625
Picturecraft,-22.625,-22.625,-5.96875,-5.96875,16.65625
Espadrilles,-22.75,-22.75,-6.09375,-6.09375,16.65625
Leastways,-22.625,-22.625,-6.0,-6.0,16.625
Chemotherapy,-22.5,-22.5,-5.875,-5.875,16.625
Zantedeschia,-22.25,-22.25,-5.6875,-5.6875,16.5625
Marcottage,-22.75,-22.75,-6.1875,-6.1875,16.5625
Richard,-22.375,-22.375,-5.8125,-5.8125,16.5625
Lovelier,-22.625,-22.625,-6.0625,-6.0625,16.5625
Matchmakers,-22.75,-22.75,-6.1875,-6.1875,16.5625
Holotrichida,-22.875,-22.875,-6.3125,-6.3125,16.5625
Albuminofibrin,-22.75,-22.75,-6.1875,-6.1875,16.5625
Cookware,-22.375,-22.375,-5.8125,-5.8125,16.5625
Peromyscus,-22.5,-22.5,-5.9375,-5.9375,16.5625
Pitchfield,-22.375,-22.375,-5.8125,-5.8125,16.5625
Fundraise,-22.625,-22.625,-6.0625,-6.0625,16.5625
Wherein,-22.375,-22.375,-5.8125,-5.8125,16.5625
Sukkahs,-22.75,-22.75,-6.1875,-6.1875,16.5625
Charles,-22.75,-22.75,-6.1875,-6.1875,16.5625
Allows,-22.5,-22.5,-5.9375,-5.9375,16.5625
Fernbird,-22.5,-22.5,-5.9375,-5.9375,16.5625
Saltines,-22.375,-22.375,-5.8125,-5.8125,16.5625
Scalawaggy,-22.5,-22.5,-5.9375,-5.9375,16.5625
Allochetite,-22.75,-22.75,-6.1875,-6.1875,16.5625
Cutlings,-22.25,-22.25,-5.6875,-5.6875,16.5625
Amasser,-22.5,-22.5,-5.9375,-5.9375,16.5625
Helvellaceous,-22.375,-22.375,-5.8125,-5.8125,16.5625
Canities,-22.5,-22.5,-5.9375,-5.9375,16.5625
Propends,-22.625,-22.625,-6.0625,-6.0625,16.5625
Adenologaditis,-22.625,-22.625,-6.0625,-6.0625,16.5625
Knackwursts,-22.5,-22.5,-5.9375,-5.9375,16.5625
Edward,-22.375,-22.375,-5.8125,-5.8125,16.5625
Tubulipora,-22.375,-22.375,-5.8125,-5.8125,16.5625
Hypercatharsis,-22.875,-22.875,-6.3125,-6.3125,16.5625
Trombidiasis,-22.875,-22.875,-6.3125,-6.3125,16.5625
Megasclerum,-22.375,-22.375,-5.84375,-5.84375,16.53125
Bemadams,-22.875,-22.875,-6.34375,-6.34375,16.53125
Miliarenses,-22.625,-22.625,-6.09375,-6.09375,16.53125
Umpqua,-22.25,-22.25,-5.71875,-5.71875,16.53125
Nebuchadnezzar,-22.625,-22.625,-6.09375,-6.09375,16.53125
Buccaneers,-22.375,-22.375,-5.84375,-5.84375,16.53125
Nontuberculous,-22.375,-22.375,-5.84375,-5.84375,16.53125
Hendecahedron,-22.375,-22.375,-5.84375,-5.84375,16.53125
Aladdinize,-22.625,-22.625,-6.09375,-6.09375,16.53125
Baptisms,-22.625,-22.625,-6.09375,-6.09375,16.53125
Aliyah,-22.625,-22.625,-6.09375,-6.09375,16.53125
Sergeanty,-22.375,-22.375,-5.84375,-5.84375,16.53125
Dikamali,-22.625,-22.625,-6.09375,-6.09375,16.53125
Butlerage,-22.375,-22.375,-5.84375,-5.84375,16.53125
Chiplet,-22.875,-22.875,-6.34375,-6.34375,16.53125
Dendrochirota,-22.5,-22.5,-5.96875,-5.96875,16.53125
Emmeleia,-22.75,-22.75,-6.21875,-6.21875,16.53125
Geophagy,-22.375,-22.375,-5.84375,-5.84375,16.53125
Escherichia,-22.5,-22.5,-5.96875,-5.96875,16.53125
Dwarfisms,-22.625,-22.625,-6.09375,-6.09375,16.53125
Glaciers,-22.25,-22.25,-5.71875,-5.71875,16.53125
Dachshunde,-22.375,-22.375,-5.84375,-5.84375,16.53125
Blizzard,-22.375,-22.375,-5.84375,-5.84375,16.53125
Bobbysoxers,-22.25,-22.25,-5.71875,-5.71875,16.53125
Amaryllidaceae,-22.375,-22.375,-5.84375,-5.84375,16.53125
Nawabs,-22.625,-22.625,-6.09375,-6.09375,16.53125
Caledonia,-22.625,-22.625,-6.09375,-6.09375,16.53125
Cavalla,-22.5,-22.5,-5.96875,-5.96875,16.53125
Lymphosarcomas,-22.75,-22.75,-6.21875,-6.21875,16.53125
Ileocolostomy,-22.625,-22.625,-6.09375,-6.09375,16.53125
Procavia,-22.625,-22.625,-6.09375,-6.09375,16.53125
Hernias,-22.375,-22.375,-5.84375,-5.84375,16.53125
Schnauzers,-22.5,-22.5,-5.96875,-5.96875,16.53125
Neutrettos,-22.5,-22.5,-5.96875,-5.96875,16.53125
Siphonophora,-22.25,-22.25,-5.71875,-5.71875,16.53125
Chaumontel,-23.0,-23.0,-6.46875,-6.46875,16.53125
Perisher,-22.5,-22.5,-5.96875,-5.96875,16.53125
Kriophoros,-22.25,-22.25,-5.71875,-5.71875,16.53125
Psychotherapy,-22.75,-22.75,-6.21875,-6.21875,16.53125
Hlithskjalf,-22.125,-22.125,-5.59375,-5.59375,16.53125
Isnardia,-22.375,-22.375,-5.84375,-5.84375,16.53125
Chlamydozoan,-22.375,-22.375,-5.84375,-5.84375,16.53125
Geistlich,-22.375,-22.375,-5.84375,-5.84375,16.53125
Sanders,-22.625,-22.625,-6.09375,-6.09375,16.53125
Hypospadias,-22.5,-22.5,-5.96875,-5.96875,16.53125
Tillamook,-22.125,-22.125,-5.59375,-5.59375,16.53125
Ophiobatrachia,-22.625,-22.625,-6.09375,-6.09375,16.53125
Midinette,-22.625,-22.625,-6.09375,-6.09375,16.53125
Cacothansia,-22.625,-22.625,-6.09375,-6.09375,16.53125
Solonchak,-22.75,-22.75,-6.21875,-6.21875,16.53125
Yelpers,-22.5,-22.5,-5.96875,-5.96875,16.53125
Sacroiliacs,-23.0,-23.0,-6.46875,-6.46875,16.53125
Sithence,-22.25,-22.25,-5.71875,-5.71875,16.53125
Sonships,-22.625,-22.625,-6.09375,-6.09375,16.53125
Ustilaginaceae,-22.625,-22.625,-6.09375,-6.09375,16.53125
Thenages,-22.0,-22.0,-5.5,-5.5,16.5
Limnoplankton,-21.875,-21.875,-5.375,-5.375,16.5
Dewberries,-22.25,-22.25,-5.8125,-5.8125,16.4375
Senegal,-22.875,-22.875,-6.4375,-6.4375,16.4375
Mountaineers,-22.625,-22.625,-6.1875,-6.1875,16.4375
Antarala,-22.625,-22.625,-6.1875,-6.1875,16.4375
Poland,-23.25,-23.25,-6.8125,-6.8125,16.4375
Snuggies,-22.125,-22.125,-5.6875,-5.6875,16.4375
Moosecall,-22.5,-22.5,-6.0625,-6.0625,16.4375
Nettlewort,-22.375,-22.375,-5.9375,-5.9375,16.4375
Christine,-22.25,-22.25,-5.84375,-5.84375,16.40625
Chacun,-22.75,-22.75,-6.34375,-6.34375,16.40625
Alnaschar,-22.375,-22.375,-5.96875,-5.96875,16.40625
Bathyplankton,-22.0,-22.0,-5.59375,-5.59375,16.40625
Anaphrodisia,-22.75,-22.75,-6.34375,-6.34375,16.40625
Parietomastoid,-22.375,-22.375,-5.96875,-5.96875,16.40625
Haliplankton,-22.125,-22.125,-5.71875,-5.71875,16.40625
Meatoscopy,-22.5,-22.5,-6.09375,-6.09375,16.40625
Dacryopyorrhea,-22.5,-22.5,-6.09375,-6.09375,16.40625
Stomatomycosis,-22.625,-22.625,-6.21875,-6.21875,16.40625
Goatbrush,-22.125,-22.125,-5.71875,-5.71875,16.40625
Glazer,-22.125,-22.125,-5.71875,-5.71875,16.40625
Erechtheus,-22.25,-22.25,-5.84375,-5.84375,16.40625
Propithecus,-22.5,-22.5,-6.09375,-6.09375,16.40625
Elfland,-22.125,-22.125,-5.71875,-5.71875,16.40625
Finnmark,-22.625,-22.625,-6.21875,-6.21875,16.40625
Bobbejaan,-22.5,-22.5,-6.09375,-6.09375,16.40625
Etheostomidae,-22.5,-22.5,-6.09375,-6.09375,16.40625
Butles,-22.25,-22.25,-5.84375,-5.84375,16.40625
Malacopterygii,-22.125,-22.125,-5.75,-5.75,16.375
Florence,-22.875,-22.875,-6.53125,-6.53125,16.34375
Stapelia,-22.0,-22.0,-5.6875,-5.6875,16.3125
Walter,-22.125,-22.125,-5.8125,-5.8125,16.3125
Jeanne,-22.5,-22.5,-6.1875,-6.1875,16.3125
Fibrocaseose,-22.5,-22.5,-6.1875,-6.1875,16.3125
Havenward,-22.375,-22.375,-6.0625,-6.0625,16.3125
Markswomen,-22.5,-22.5,-6.1875,-6.1875,16.3125
Spirochaetales,-22.375,-22.375,-6.09375,-6.09375,16.28125
Munchausenism,-23.0,-23.0,-6.71875,-6.71875,16.28125
Buyers,-22.625,-22.625,-6.34375,-6.34375,16.28125
Ovariorrhexis,-22.75,-22.75,-6.46875,-6.46875,16.28125
Yappers,-22.25,-22.25,-5.96875,-5.96875,16.28125
Pajamahs,-22.375,-22.375,-6.09375,-6.09375,16.28125
Benadryl,-22.375,-22.375,-6.09375,-6.09375,16.28125
Welshwomen,-22.375,-22.375,-6.09375,-6.09375,16.28125
Skitters,-21.75,-21.75,-5.46875,-5.46875,16.28125
Anaphylaxis,-22.875,-22.875,-6.59375,-6.59375,16.28125
Benchers,-22.375,-22.375,-6.09375,-6.09375,16.28125
Alloxuremia,-22.375,-22.375,-6.09375,-6.09375,16.28125
Roseolas,-22.125,-22.125,-5.84375,-5.84375,16.28125
Chutzpanik,-22.5,-22.5,-6.21875,-6.21875,16.28125
Spokane,-22.5,-22.5,-6.3125,-6.3125,16.1875
Savile,-22.125,-22.125,-5.96875,-5.96875,16.15625
Montpelier,-22.375,-22.375,-6.21875,-6.21875,16.15625
Brachydactylia,-22.25,-22.25,-6.09375,-6.09375,16.15625
Chimaeroidei,-22.25,-22.25,-6.09375,-6.09375,16.15625
Nematelminthes,-22.375,-22.375,-6.21875,-6.21875,16.15625
Eelgrasses,-21.625,-21.625,-5.46875,-5.46875,16.15625
Fiddlerfishes,-21.875,-21.875,-5.71875,-5.71875,16.15625
Meatoscope,-22.25,-22.25,-6.21875,-6.21875,16.03125
Schoolgirls,-22.125,-22.125,-6.09375,-6.09375,16.03125
Vizcachas,-22.25,-22.25,-6.21875,-6.21875,16.03125
Champerties,-22.25,-22.25,-6.21875,-6.21875,16.03125
Gloeosporiose,-22.5,-22.5,-6.46875,-6.46875,16.03125
Canines,-21.875,-21.875,-5.9375,-5.9375,15.9375
Mississippi,-22.5,-22.5,-6.5625,-6.5625,15.9375
