entity,base_mean_yes_margin,base_stem0
Anisol,-23.375,-23.375
Equestrienne,-22.75,-22.75
Quaker,-22.625,-22.625
Semianarchism,-23.5,-23.5
Celadonite,-22.75,-22.75
Woodshedde,-22.625,-22.625
Lealties,-23.5,-23.5
Harpagon,-22.875,-22.875
Premie,-23.0,-23.0
Quinaldyl,-22.75,-22.75
Smokier,-22.875,-22.875
Bigwigs,-23.25,-23.25
Kraurite,-23.375,-23.375
Packmaker,-23.125,-23.125
Megamere,-23.0,-23.0
Paravent,-23.25,-23.25
Airpost,-23.25,-23.25
Minerals,-23.0,-23.0
Isanomal,-23.0,-23.0
Ophthalmology,-23.5,-23.5
Heartaches,-22.75,-22.75
Periwig,-22.875,-22.875
Teallite,-23.375,-23.375
Wapiti,-23.375,-23.375
Nicotin,-23.5,-23.5
Tricorne,-23.25,-23.25
Sclerotical,-23.125,-23.125
Weightiest,-22.625,-22.625
Isologous,-23.5,-23.5
Hognut,-23.375,-23.375
Cochal,-23.25,-23.25
Armiger,-23.375,-23.375
Tassets,-23.0,-23.0
Bonete,-23.375,-23.375
Stomatal,-23.125,-23.125
Cabrilla,-22.75,-22.75
Hematuresis,-23.25,-23.25
Chelicere,-22.75,-22.75
Bienvenue,-23.0,-23.0
Chrysididae,-22.75,-22.75
Militar,-23.375,-23.375
Sulciform,-23.25,-23.25
Mazdur,-22.75,-22.75
Calmer,-23.25,-23.25
Shameful,-22.75,-22.75
Hynder,-23.0,-23.0
Oxycamphor,-23.25,-23.25
Meteoroscopy,-23.125,-23.125
Embracery,-23.125,-23.125
Ontogenetical,-23.5,-23.5
Colosseum,-23.0,-23.0
Hemoculture,-23.25,-23.25
Assurd,-23.125,-23.125
Apioceridae,-23.375,-23.375
Organobismuth,-23.25,-23.25
Ashake,-22.875,-22.875
Conchinine,-23.25,-23.25
Vitalise,-22.875,-22.875
Ashtoreth,-22.875,-22.875
Superpure,-23.375,-23.375
Cinephone,-23.0,-23.0
Exclaves,-23.125,-23.125
Encourages,-23.25,-23.25
Triphibian,-22.75,-22.75
Baldheads,-23.25,-23.25
Mobiles,-23.625,-23.625
Peripapillary,-23.25,-23.25
Blinkards,-23.125,-23.125
Tenderfoot,-22.625,-22.625
Stanley,-23.0,-23.0
Oughtlins,-22.875,-22.875
Polyborus,-22.875,-22.875
Varicosity,-23.0,-23.0
Plodge,-23.125,-23.125
Procurate,-23.375,-23.375
Ascriptitii,-23.125,-23.125
Bewrought,-22.5,-22.5
Tableity,-23.0,-23.0
Periergy,-23.125,-23.125
Lampflower,-22.75,-22.75
Systaltic,-23.25,-23.25
Plastogene,-23.25,-23.25
Ultrasevere,-23.0,-23.0
Resiancy,-23.125,-23.125
Funambulist,-22.875,-22.875
Fruticetum,-22.75,-22.75
Moosecall,-22.5,-22.5
Poverty,-23.375,-23.375
Radicels,-23.125,-23.125
Jellab,-23.25,-23.25
Circulate,-23.375,-23.375
Caisson,-23.5,-23.5
Tanglefish,-23.125,-23.125
Barchan,-23.5,-23.5
Syllabify,-23.625,-23.625
Fogram,-23.375,-23.375
Apophthegmatic,-22.625,-22.625
Topminnow,-22.75,-22.75
Overfine,-23.625,-23.625
Ekebergite,-23.125,-23.125
Handout,-23.25,-23.25
Revisible,-23.5,-23.5
Conacaste,-22.875,-22.875
Premorse,-23.25,-23.25
Panorpian,-23.25,-23.25
Autoschediasm,-23.125,-23.125
Nonclassical,-23.625,-23.625
Postsphenoidal,-23.0,-23.0
Brashiest,-23.0,-23.0
Exfigure,-23.25,-23.25
Matric,-23.375,-23.375
Umbratical,-23.375,-23.375
Siderurgical,-23.125,-23.125
Revolutionists,-24.125,-24.125
Wifish,-23.125,-23.125
Gueridons,-23.0,-23.0
Regentship,-23.5,-23.5
Isolationists,-23.75,-23.75
Anteriad,-23.5,-23.5
Lyreflower,-22.625,-22.625
Zooglea,-22.875,-22.875
Indicolite,-23.125,-23.125
Palish,-23.125,-23.125
Sheepman,-23.125,-23.125
Batoid,-22.75,-22.75
Gregarinida,-23.0,-23.0
Calcigerous,-23.125,-23.125
Placentomata,-22.875,-22.875
Bedeen,-22.75,-22.75
Toadflax,-22.5,-22.5
Prayerful,-22.75,-22.75
Rhombohedron,-23.0,-23.0
Chequerboard,-23.875,-23.875
Omnivores,-23.625,-23.625
Splenography,-23.125,-23.125
Fenestellidae,-22.75,-22.75
Borize,-23.25,-23.25
Psilosis,-23.375,-23.375
Munchausenize,-23.25,-23.25
Interlisp,-22.75,-22.75
Justicier,-23.0,-23.0
Outrib,-23.125,-23.125
Anilino,-23.375,-23.375
Ceratocystis,-22.625,-22.625
Absolutest,-23.25,-23.25
Boggle,-22.625,-22.625
Uncorrelative,-23.75,-23.75
Slouchiest,-23.0,-23.0
Subfocal,-23.25,-23.25
Cabinetwork,-23.375,-23.375
Caffoy,-23.5,-23.5
Rocketers,-23.75,-23.75
Agings,-23.0,-23.0
Sharns,-22.625,-22.625
Unctuose,-23.625,-23.625
Straightens,-23.125,-23.125
Triangular,-23.375,-23.375
Silicotitanate,-23.375,-23.375
Gashouse,-22.875,-22.875
Brushless,-23.5,-23.5
Rejector,-23.125,-23.125
Mowrah,-22.75,-22.75
Megalomaniac,-23.25,-23.25
Drivepipe,-23.375,-23.375
Vertical,-23.25,-23.25
Scylliorhinoid,-22.875,-22.875
Ramequin,-22.875,-22.875
Lagopus,-23.5,-23.5
Sweven,-23.0,-23.0
Gelsemic,-23.125,-23.125
Tercio,-23.5,-23.5
Webwork,-23.125,-23.125
Higginsite,-23.0,-23.0
Beelzebubian,-22.625,-22.625
Redistrict,-23.375,-23.375
Anaheim,-22.75,-22.75
Bestialize,-23.375,-23.375
Relaxin,-23.5,-23.5
Cremone,-23.125,-23.125
Talpify,-23.0,-23.0
Vermifuges,-22.75,-22.75
Preoperate,-23.875,-23.875
Iconoplast,-23.125,-23.125
Cookware,-22.375,-22.375
Protide,-23.375,-23.375
Venomize,-23.125,-23.125
Ooplasm,-23.25,-23.25
Yarovize,-23.375,-23.375
Ducato,-23.125,-23.125
Overrose,-22.75,-22.75
Outlawries,-23.375,-23.375
Immersion,-23.25,-23.25
Unicellate,-23.25,-23.25
Sourer,-23.25,-23.25
Freemanship,-23.5,-23.5
Hoopoes,-22.875,-22.875
Giveaway,-23.25,-23.25
Approvers,-23.5,-23.5
Compulsitor,-23.375,-23.375
Muzzlers,-23.0,-23.0
Coenaculum,-23.0,-23.0
Synaphe,-23.25,-23.25
Subdeterminant,-23.875,-23.875
Conducer,-23.375,-23.375
Reacts,-23.125,-23.125
Roughstuff,-23.0,-23.0
Zygophyllaceae,-23.125,-23.125
Appends,-23.25,-23.25
Prefamiliar,-23.375,-23.375
Deuterotype,-23.375,-23.375
Wonderbright,-23.25,-23.25
Extension,-23.5,-23.5
Decorability,-23.125,-23.125
Gynaecology,-23.125,-23.125
Conductances,-23.25,-23.25
Shoreman,-23.125,-23.125
Dalasis,-23.0,-23.0
Hydroconion,-23.25,-23.25
Streetless,-23.125,-23.125
Hyphomycetic,-23.0,-23.0
Delayers,-23.125,-23.125
Ascesis,-23.125,-23.125
Langbanite,-23.375,-23.375
Menstruous,-23.0,-23.0
Ashamnu,-23.125,-23.125
Bigamic,-23.125,-23.125
Alveolae,-22.875,-22.875
Allabuta,-23.125,-23.125
Neurotoxia,-23.125,-23.125
Thalassal,-23.0,-23.0
Pathetical,-23.125,-23.125
Talcomicaceous,-22.875,-22.875
Myctophum,-22.625,-22.625
Trimorphs,-22.75,-22.75
Unlavish,-23.25,-23.25
Mesognathous,-23.25,-23.25
Thalassography,-23.0,-23.0
Metaluminic,-23.375,-23.375
Wellnigh,-22.625,-22.625
Brachials,-22.625,-22.625
Oreillet,-23.0,-23.0
Gynecolatry,-23.5,-23.5
Eatberry,-23.0,-23.0
Debauches,-23.5,-23.5
Camomile,-23.25,-23.25
Kilnrib,-23.125,-23.125
Semilooper,-22.875,-22.875
Hypothermy,-22.625,-22.625
Chevaline,-23.0,-23.0
Disseizor,-23.5,-23.5
Achlorhydric,-22.5,-22.5
Bootlaces,-23.0,-23.0
Quintato,-23.0,-23.0
Debark,-23.125,-23.125
Cabresta,-23.0,-23.0
Nusakan,-23.25,-23.25
Periclean,-23.25,-23.25
Indoctrinates,-23.375,-23.375
Counteraddress,-23.875,-23.875
Hemiteratic,-23.0,-23.0
Intermew,-23.375,-23.375
Bodings,-22.75,-22.75
Affeir,-23.125,-23.125
Concite,-23.25,-23.25
Hemicentrum,-23.0,-23.0
Broadsheet,-23.375,-23.375
Frigorific,-23.375,-23.375
Firefighter,-23.25,-23.25
Dumbbells,-23.0,-23.0
Naivite,-23.375,-23.375
Caprice,-23.125,-23.125
Neatest,-23.25,-23.25
Ooporphyrin,-22.875,-22.875
Charles,-22.75,-22.75
Pulverin,-23.5,-23.5
Diplopia,-23.0,-23.0
Costful,-23.125,-23.125
Diarrhoetic,-23.375,-23.375
Antierosive,-23.125,-23.125
Benzyl,-22.625,-22.625
Elacolite,-23.0,-23.0
Lovepot,-23.125,-23.125
Quintillionths,-22.625,-22.625
Verbesina,-23.125,-23.125
Emphasize,-23.125,-23.125
Superb,-23.0,-23.0
Platycoelous,-23.0,-23.0
Snobbers,-23.25,-23.25
Babuism,-24.0,-24.0
Macchie,-23.5,-23.5
Rampions,-22.5,-22.5
Geyseric,-23.0,-23.0
Catnaper,-23.0,-23.0
Follicle,-22.875,-22.875
Defers,-22.875,-22.875
Adelina,-22.75,-22.75
Rheostat,-23.125,-23.125
Cryophile,-23.0,-23.0
Loaferish,-23.0,-23.0
Pinion,-23.25,-23.25
Channelbill,-22.875,-22.875
Equestrianism,-23.5,-23.5
Octavd,-23.375,-23.375
Predicaments,-23.375,-23.375
Kamavachara,-23.0,-23.0
Explida,-23.375,-23.375
Resawyer,-23.5,-23.5
Lushes,-23.375,-23.375
Kaligenous,-23.0,-23.0
Fernbird,-22.5,-22.5
Unhope,-23.25,-23.25
Zantedeschia,-22.25,-22.25
Sceptrosophy,-23.0,-23.0
Sapiences,-23.125,-23.125
Niobic,-23.5,-23.5
Malgre,-23.0,-23.0
Tachisms,-23.125,-23.125
Nizamat,-23.75,-23.75
Parlance,-22.875,-22.875
Intraimperial,-23.375,-23.375
Resystematize,-23.375,-23.375
Isoetales,-22.875,-22.875
Miserhood,-23.625,-23.625
Stearoptene,-23.125,-23.125
Onsight,-23.375,-23.375
Autostrada,-23.25,-23.25
Currajong,-22.625,-22.625
Patrix,-23.375,-23.375
Vaganti,-23.5,-23.5
Quirkiest,-22.625,-22.625
Pillion,-23.375,-23.375
Retinophoral,-22.875,-22.875
Stithy,-23.125,-23.125
Chenopodiaceae,-22.625,-22.625
Parabolicalism,-23.75,-23.75
Sandflies,-22.75,-22.75
Allonges,-23.125,-23.125
Plankways,-23.25,-23.25
Boomiest,-23.25,-23.25
Soorawn,-22.75,-22.75
Transfrontal,-23.5,-23.5
Piedmontite,-23.125,-23.125
Quitrents,-23.625,-23.625
Beheader,-23.625,-23.625
Underactor,-23.625,-23.625
Sesamoid,-23.125,-23.125
Tubiflorous,-23.125,-23.125
Poephagus,-23.375,-23.375
Deserveless,-23.125,-23.125
Confabulate,-23.375,-23.375
Corodiastasis,-23.375,-23.375
Paroxazine,-23.25,-23.25
Snapshooter,-22.875,-22.875
Rhineura,-22.875,-22.875
Sprucier,-23.0,-23.0
Misaddrest,-23.5,-23.5
Arvicole,-23.375,-23.375
Dovelet,-23.125,-23.125
Clairseach,-22.625,-22.625
Malacanthus,-23.0,-23.0
Lazary,-23.375,-23.375
Inhumers,-23.875,-23.875
Exhortatory,-23.375,-23.375
Astragals,-23.125,-23.125
Geohydrologic,-23.125,-23.125
Langsat,-23.5,-23.5
Jurator,-23.75,-23.75
Purler,-23.125,-23.125
Effusiometer,-23.375,-23.375
Mehitzoth,-22.5,-22.5
Cashaws,-22.75,-22.75
Breenge,-23.0,-23.0
Sphaeroma,-23.0,-23.0
Forcut,-23.25,-23.25
Greggriffin,-22.75,-22.75
Fusula,-23.125,-23.125
Hafgan,-23.375,-23.375
Bizarrerie,-23.125,-23.125
Sinarquista,-23.625,-23.625
Hypercatharsis,-22.875,-22.875
Quiets,-23.125,-23.125
Ketimid,-23.375,-23.375
Francic,-23.5,-23.5
Fibrinose,-23.125,-23.125
Summity,-23.125,-23.125
Sodamides,-22.75,-22.75
Crustosis,-23.625,-23.625
Diastaltic,-23.125,-23.125
Slopers,-23.5,-23.5
Lechery,-23.125,-23.125
Colubriformes,-22.625,-22.625
Heliological,-23.125,-23.125
Exuberance,-22.875,-22.875
Isopropanol,-23.5,-23.5
Dilatator,-23.375,-23.375
Subglenoid,-23.125,-23.125
Overpassionate,-23.125,-23.125
Eurypterid,-22.5,-22.5
Monorganic,-23.375,-23.375
Picrodendron,-22.75,-22.75
Aphrizite,-22.75,-22.75
Wasteland,-22.625,-22.625
Colonoscope,-22.5,-22.5
Falcon,-23.125,-23.125
Trichoglossia,-22.625,-22.625
Canamary,-23.0,-23.0
Skinflints,-23.0,-23.0
Chilostoma,-23.0,-23.0
Curiouser,-23.25,-23.25
Castlet,-23.0,-23.0
Coggie,-23.375,-23.375
Pseudelminth,-22.75,-22.75
Viators,-23.125,-23.125
Piratry,-23.625,-23.625
Outwills,-23.125,-23.125
Metrologist,-23.25,-23.25
Reimbush,-23.5,-23.5
Redeemless,-23.125,-23.125
Underspin,-23.5,-23.5
Connarite,-23.0,-23.0
Dulcian,-23.25,-23.25
Underhole,-23.375,-23.375
Melleous,-23.625,-23.625
Hyperorthodox,-23.375,-23.375
Unipersonal,-23.5,-23.5
Mosquito,-23.0,-23.0
Concentrations,-23.75,-23.75
Doorlike,-23.25,-23.25
Succent,-23.25,-23.25
Transferor,-23.75,-23.75
Boyars,-23.5,-23.5
Surreal,-22.75,-22.75
Santalol,-23.25,-23.25
Myoneure,-23.375,-23.375
Gundeck,-23.25,-23.25
Cappadocian,-23.0,-23.0
Bloodbeat,-22.875,-22.875
Succories,-23.125,-23.125
Itineritious,-23.125,-23.125
Ferroboron,-22.875,-22.875
Menisci,-22.75,-22.75
Screwman,-23.25,-23.25
Dopant,-23.375,-23.375
Bielenite,-23.875,-23.875
Chepster,-23.375,-23.375
Oecist,-23.375,-23.375
Punier,-23.625,-23.625
Misendeavor,-23.375,-23.375
Hitchiest,-22.75,-22.75
Appledrane,-22.625,-22.625
Hemiasynergia,-23.25,-23.25
Oosperm,-23.375,-23.375
Jessica,-22.625,-22.625
Philopornist,-23.5,-23.5
Laplandic,-23.125,-23.125
Nontronite,-22.875,-22.875
Lymphocytotic,-23.125,-23.125
Nemeses,-23.5,-23.5
Plebescite,-23.625,-23.625
Whirlpools,-23.0,-23.0
Bolshie,-23.875,-23.875
Actins,-23.125,-23.125
Pretorium,-23.5,-23.5
Relational,-23.125,-23.125
Malefactor,-23.0,-23.0
Mabuti,-22.75,-22.75
Stigmatist,-23.125,-23.125
Bayous,-22.625,-22.625
Ergophobia,-23.125,-23.125
Boobyalla,-23.375,-23.375
Precisionism,-23.125,-23.125
Reseen,-23.625,-23.625
Creatinuria,-23.125,-23.125
Khediviate,-23.0,-23.0
Quinquefoliate,-23.0,-23.0
Begarnish,-23.25,-23.25
Prolepses,-23.375,-23.375
Pretemporal,-23.25,-23.25
Nephrolithosis,-23.0,-23.0
Interscendent,-23.625,-23.625
Luciferidae,-23.75,-23.75
Ceroid,-22.625,-22.625
Weeknight,-22.5,-22.5
Concentive,-23.375,-23.375
Grillades,-22.875,-22.875
Acolhuan,-23.125,-23.125
Basidia,-23.125,-23.125
Ectocuniform,-23.0,-23.0
Fumaroidal,-23.25,-23.25
Unsomatic,-23.375,-23.375
Anticachectic,-23.375,-23.375
Belabours,-23.25,-23.25
Tropaeolaceous,-23.0,-23.0
Nonimmunities,-23.375,-23.375
Sullan,-23.0,-23.0
Foreassurance,-23.125,-23.125
Complexus,-23.0,-23.0
Algesireceptor,-23.0,-23.0
Phanic,-23.375,-23.375
Grapes,-23.0,-23.0
Craspedota,-23.125,-23.125
Fossage,-23.5,-23.5
Temerarious,-23.25,-23.25
Bushes,-22.875,-22.875
Indeficiency,-23.75,-23.75
Lentamente,-23.125,-23.125
Arsenobismite,-23.25,-23.25
Administrators,-22.875,-22.875
Photochemist,-23.375,-23.375
Quellers,-23.0,-23.0
Bathyplankton,-22.0,-22.0
Deadfalls,-23.125,-23.125
Tumblerful,-22.625,-22.625
Bluesy,-23.125,-23.125
Urgings,-22.875,-22.875
Counterbore,-23.5,-23.5
Patrolwoman,-22.625,-22.625
Cucurbits,-22.75,-22.75
Discoideae,-22.875,-22.875
Antiagglutinin,-23.625,-23.625
Shiatsu,-23.375,-23.375
Homotransplant,-23.5,-23.5
Annotates,-22.875,-22.875
Tucuman,-23.125,-23.125
Bowdlerizer,-22.875,-22.875
Birses,-23.125,-23.125
Farcers,-23.125,-23.125
Alsinaceae,-23.0,-23.0
Axiologies,-22.875,-22.875
Pectinidae,-23.0,-23.0
Toastmastery,-23.25,-23.25
Mercantilism,-23.625,-23.625
Predesirous,-23.375,-23.375
Teakettle,-22.75,-22.75
Spondylioid,-23.0,-23.0
Sonatas,-23.125,-23.125
Polyuria,-23.0,-23.0
Prinks,-23.25,-23.25
Deices,-23.0,-23.0
Droguet,-23.375,-23.375
Enhances,-23.0,-23.0
Hooliganize,-23.375,-23.375
Paranthracene,-23.5,-23.5
Conceptacular,-23.375,-23.375
Sloopman,-22.625,-22.625
Cystopus,-22.5,-22.5
Peroxide,-23.375,-23.375
Rededicatory,-23.375,-23.375
Forbidals,-23.375,-23.375
Margaritomancy,-23.125,-23.125
Sorosilicate,-23.375,-23.375
Ollenite,-23.25,-23.25
Impleads,-23.5,-23.5
Wanshape,-23.5,-23.5
Phacopid,-23.25,-23.25
Rawish,-23.125,-23.125
Tarcel,-23.0,-23.0
Yenite,-23.125,-23.125
Potterers,-22.875,-22.875
Frizzlier,-23.25,-23.25
Larger,-23.25,-23.25
Heathenize,-23.375,-23.375
Overdignify,-23.75,-23.75
Rowlet,-22.375,-22.375
Crackleware,-23.375,-23.375
Jumpoffs,-23.0,-23.0
Jacuaru,-23.25,-23.25
Phulwara,-23.375,-23.375
Subventricular,-23.375,-23.375
Ungenerative,-22.875,-22.875
Mayberry,-22.25,-22.25
Stuber,-22.875,-22.875
Agglutinogenic,-23.0,-23.0
Mockish,-23.5,-23.5
Staters,-23.625,-23.625
Stinkhorn,-22.875,-22.875
Cheung,-23.75,-23.75
Jobmonger,-23.375,-23.375
Amurca,-23.125,-23.125
Uncorrigible,-23.5,-23.5
Orchiectomy,-23.0,-23.0
Cogener,-23.375,-23.375
Sequest,-23.125,-23.125
Threepenny,-22.75,-22.75
Braggle,-22.5,-22.5
Baffies,-23.375,-23.375
Kairotic,-23.5,-23.5
Ballasts,-23.375,-23.375
Laurite,-23.25,-23.25
Boathouse,-23.0,-23.0
Bushmasters,-23.125,-23.125
Alabandite,-23.25,-23.25
Pharmacopedics,-23.125,-23.125
Strawlike,-23.625,-23.625
Divestible,-23.125,-23.125
Puddingwives,-23.25,-23.25
Polymery,-23.375,-23.375
Merostome,-23.125,-23.125
Standpoints,-23.375,-23.375
Monarchy,-24.0,-24.0
Holloware,-22.875,-22.875
Descrier,-23.25,-23.25
Meanderers,-23.0,-23.0
Semiconoidal,-23.375,-23.375
Adytta,-23.5,-23.5
Diotic,-23.0,-23.0
Fishermen,-23.0,-23.0
Halbert,-22.875,-22.875
Bleachground,-23.25,-23.25
Hippiatrics,-23.25,-23.25
Becurl,-23.0,-23.0
Camass,-23.0,-23.0
Adipic,-23.125,-23.125
Unisonant,-23.25,-23.25
Moggan,-23.125,-23.125
Padshahs,-23.625,-23.625
Aworth,-23.0,-23.0
Polyodontal,-23.125,-23.125
Breakpoints,-23.125,-23.125
Tidinesses,-23.25,-23.25
Isazoxy,-23.125,-23.125
Animadvert,-23.25,-23.25
Profichi,-23.125,-23.125
Astound,-23.25,-23.25
Courante,-23.25,-23.25
Romeine,-22.75,-22.75
Polytheistic,-23.25,-23.25
Bliaut,-23.375,-23.375
Nonpainter,-23.375,-23.375
Nonforensic,-23.5,-23.5
Unvital,-23.125,-23.125
Yokelism,-23.125,-23.125
Spuriae,-23.125,-23.125
Microfelsitic,-23.25,-23.25
Algates,-23.125,-23.125
Graveship,-22.75,-22.75
Racemulose,-23.25,-23.25
Tribes,-23.25,-23.25
Orbiculoidea,-23.0,-23.0
Footropes,-23.0,-23.0
Helicogyrate,-23.0,-23.0
Epicele,-23.125,-23.125
Precautionary,-23.5,-23.5
Interoffice,-23.5,-23.5
Neohipparion,-23.125,-23.125
Aliyah,-22.625,-22.625
Javelina,-23.0,-23.0
Reshape,-23.5,-23.5
Ribbandry,-23.375,-23.375
Bejuco,-23.5,-23.5
Amebas,-23.125,-23.125
Pastime,-23.125,-23.125
Adenoses,-22.875,-22.875
Arsedine,-23.375,-23.375
Aladinist,-23.125,-23.125
Intext,-23.25,-23.25
Eluders,-23.0,-23.0
Dodoism,-23.375,-23.375
Tabanuco,-23.25,-23.25
Waferwork,-23.0,-23.0
Naology,-23.625,-23.625
Expectancies,-23.125,-23.125
Almoravid,-22.875,-22.875
Graphanalysis,-23.375,-23.375
Kitmudgar,-23.125,-23.125
Felliducous,-22.875,-22.875
Ampullula,-22.875,-22.875
Cacodaemoniac,-23.375,-23.375
Vigentennial,-23.375,-23.375
Pythagoreans,-23.5,-23.5
Hooker,-23.375,-23.375
Fairyish,-23.5,-23.5
Simplex,-23.375,-23.375
Emanator,-23.125,-23.125
Sciotheric,-22.875,-22.875
Firefight,-23.125,-23.125
Baronetize,-23.125,-23.125
Gonosome,-23.125,-23.125
Antiflash,-23.75,-23.75
Snakelike,-23.125,-23.125
Rupicolinae,-23.25,-23.25
Daystars,-22.625,-22.625
Neighbor,-23.0,-23.0
Buttwood,-22.25,-22.25
Inertia,-23.25,-23.25
Fulfillments,-23.0,-23.0
Grouselike,-23.375,-23.375
Octoradial,-22.875,-22.875
Kiefekil,-23.25,-23.25
Ephahs,-22.75,-22.75
Unstoicize,-23.375,-23.375
Botcher,-23.25,-23.25
Maxillipede,-22.875,-22.875
Gravid,-22.625,-22.625
Mesiolabial,-22.875,-22.875
Wotteth,-23.25,-23.25
Concionary,-23.375,-23.375
Turnipwood,-22.75,-22.75
Bosoms,-23.125,-23.125
Kansans,-23.125,-23.125
Interjoist,-23.25,-23.25
Ismatic,-23.25,-23.25
Loverwise,-23.125,-23.125
Clonos,-23.0,-23.0
Decompound,-23.25,-23.25
Prelapsarian,-23.25,-23.25
Paedomorphic,-23.125,-23.125
Reposure,-23.25,-23.25
Efflagitate,-23.375,-23.375
Dribbet,-22.5,-22.5
Matapan,-22.875,-22.875
Personifies,-23.375,-23.375
Ileitides,-23.5,-23.5
Blastomyces,-22.625,-22.625
Flapcake,-22.75,-22.75
Foolify,-23.125,-23.125
Escars,-23.125,-23.125
Bootery,-22.875,-22.875
Soldierwood,-23.0,-23.0
Werewolfish,-22.875,-22.875
Penang,-23.0,-23.0
Mycogastritis,-23.0,-23.0
Midinette,-22.625,-22.625
Readership,-23.5,-23.5
Janisary,-23.25,-23.25
Schultenite,-23.125,-23.125
Nonchromosomal,-23.375,-23.375
Uncinus,-23.25,-23.25
Maccoboys,-23.125,-23.125
Righter,-23.5,-23.5
Drammocks,-22.875,-22.875
Showboat,-22.5,-22.5
Subrhomboidal,-23.375,-23.375
Postcaval,-23.125,-23.125
Solenite,-23.125,-23.125
Summery,-23.375,-23.375
Hymenic,-23.5,-23.5
Siller,-23.25,-23.25
Hutzpahs,-23.125,-23.125
Tessaraphthong,-22.75,-22.75
Uppish,-23.375,-23.375
Ancora,-23.5,-23.5
Albocinereous,-22.375,-22.375
Philogenitive,-23.625,-23.625
Semitheatrical,-23.125,-23.125
Affectability,-23.375,-23.375
Cytopharynx,-23.5,-23.5
Etheostomidae,-22.5,-22.5
Conquistador,-23.125,-23.125
Sangers,-23.125,-23.125
Glossopteris,-22.625,-22.625
Tesseraic,-22.875,-22.875
Perisarcous,-23.375,-23.375
Plunge,-23.0,-23.0
Follicular,-23.25,-23.25
Chickasaw,-22.625,-22.625
Misdeem,-23.375,-23.375
Paddymelon,-23.125,-23.125
Millefiori,-23.25,-23.25
Jinshang,-23.625,-23.625
Unsaccharic,-23.125,-23.125
Incompliance,-23.25,-23.25
Organoleptic,-23.25,-23.25
Acridines,-22.75,-22.75
Elytropolypus,-22.625,-22.625
Undername,-23.125,-23.125
Phleboplasty,-23.125,-23.125
Distance,-23.125,-23.125
Nonimpact,-23.375,-23.375
Fisheries,-23.25,-23.25
Falsetto,-23.875,-23.875
Pattern,-23.5,-23.5
Respirometer,-23.125,-23.125
Recipiency,-23.625,-23.625
Activities,-23.125,-23.125
Noviciate,-23.125,-23.125
Mentionless,-23.0,-23.0
Tobaccoism,-23.75,-23.75
Clerum,-22.875,-22.875
Ascendible,-23.5,-23.5
Feirie,-23.125,-23.125
Recurvaria,-23.0,-23.0
Tinkerbird,-23.5,-23.5
Camphoronic,-23.0,-23.0
Trombidiasis,-22.875,-22.875
Bukidnon,-23.25,-23.25
Kompeni,-23.0,-23.0
Workbrittle,-23.5,-23.5
Sandspout,-22.875,-22.875
Gangliglia,-23.125,-23.125
Doubleganger,-23.5,-23.5
Cervisia,-22.875,-22.875
Polyclinic,-23.25,-23.25
Depravity,-23.5,-23.5
Ameiuridae,-22.875,-22.875
Promilitarism,-23.875,-23.875
Sopherim,-23.375,-23.375
Bereft,-22.625,-22.625
Eelcatcher,-22.5,-22.5
Eagles,-23.125,-23.125
Cliffside,-22.5,-22.5
Ologists,-22.875,-22.875
Jorist,-23.375,-23.375
Mephitine,-23.0,-23.0
Thymelical,-23.375,-23.375
Antiquity,-23.375,-23.375
Vaward,-23.375,-23.375
Circumarctic,-23.25,-23.25
Beshout,-23.25,-23.25
Heterozygosity,-23.25,-23.25
Expounders,-23.375,-23.375
Nerver,-23.25,-23.25
Rehearings,-23.0,-23.0
Quodlibetz,-23.125,-23.125
Oxyanthracene,-23.25,-23.25
Carbonite,-22.875,-22.875
Monophylite,-23.25,-23.25
Stratopause,-22.75,-22.75
Pinfeathers,-22.875,-22.875
Grocerdom,-23.125,-23.125
Schoolkeeper,-22.75,-22.75
Autoaddress,-23.5,-23.5
Havenet,-22.875,-22.875
Pedalo,-22.875,-22.875
Ketoheptose,-23.0,-23.0
Presphygmic,-23.25,-23.25
Groenendael,-23.0,-23.0
Stonegale,-22.875,-22.875
Barytophyllite,-22.875,-22.875
Prefectorian,-23.75,-23.75
Uptuck,-23.25,-23.25
Lusitanian,-23.125,-23.125
Overfault,-23.5,-23.5
Audiences,-23.625,-23.625
Scramb,-23.25,-23.25
Bothridiums,-22.875,-22.875
Chenevixite,-23.375,-23.375
Calends,-23.0,-23.0
Majorettes,-23.0,-23.0
Indoors,-23.125,-23.125
Epistolize,-23.25,-23.25
Glazings,-23.125,-23.125
Emboil,-23.25,-23.25
Asexuals,-23.5,-23.5
Holographs,-23.5,-23.5
Chankings,-23.375,-23.375
Pertain,-23.625,-23.625
Lampions,-23.0,-23.0
Overroyal,-23.375,-23.375
Quillaias,-22.5,-22.5
Ptyxis,-22.875,-22.875
Overcharity,-23.375,-23.375
Unpaintability,-23.125,-23.125
Sorbite,-23.375,-23.375
Westwork,-23.0,-23.0
Nursetender,-23.125,-23.125
Vandas,-23.125,-23.125
Glenlivet,-22.875,-22.875
Flatulency,-23.375,-23.375
Superdebt,-23.375,-23.375
Ventail,-23.125,-23.125
Queers,-23.0,-23.0
Oroanal,-23.25,-23.25
Ayuntamiento,-23.25,-23.25
Chancellorship,-23.5,-23.5
Stockade,-23.125,-23.125
Disciplelike,-23.625,-23.625
Twitcher,-22.625,-22.625
Commercialise,-23.25,-23.25
Turtleneck,-23.25,-23.25
Plattdeutsch,-23.0,-23.0
Garlandless,-23.625,-23.625
Beshriek,-23.0,-23.0
Reticuli,-23.0,-23.0
Nickers,-22.875,-22.875
Subedit,-23.125,-23.125
Vultur,-23.125,-23.125
Kanone,-23.25,-23.25
Rasure,-23.625,-23.625
Picudo,-23.5,-23.5
Aegean,-23.0,-23.0
Heterotopous,-23.5,-23.5
Galany,-23.5,-23.5
Unsharp,-23.25,-23.25
Excubitorium,-23.25,-23.25
Momser,-22.875,-22.875
Chrysophanic,-23.375,-23.375
Dyothelete,-23.0,-23.0
Corticotrophin,-22.875,-22.875
Intrathyroid,-23.125,-23.125
Nonaltruistic,-23.375,-23.375
Outredden,-23.25,-23.25
Missels,-23.125,-23.125
Hemiform,-22.875,-22.875
Tonguefuls,-23.25,-23.25
Frigoric,-23.0,-23.0
Depark,-23.375,-23.375
Pheasantry,-23.375,-23.375
Dietical,-23.0,-23.0
Foambow,-23.25,-23.25
Derestrict,-23.375,-23.375
Mammeys,-22.75,-22.75
Trinomial,-23.25,-23.25
Battleful,-23.25,-23.25
Ericaceae,-23.125,-23.125
Flummox,-22.625,-22.625
Ventrodorsal,-23.625,-23.625
Brazen,-22.625,-22.625
Tornal,-23.5,-23.5
Machinery,-23.125,-23.125
Qualmy,-22.875,-22.875
Fretize,-23.375,-23.375
Caballeria,-23.25,-23.25
Hemorrhoidal,-23.0,-23.0
Antarala,-22.625,-22.625
Ammodyte,-22.875,-22.875
Espinos,-23.625,-23.625
Freeholder,-23.375,-23.375
Cubatures,-23.625,-23.625
Epicedia,-23.25,-23.25
Adenyls,-23.125,-23.125
Hypomeral,-23.625,-23.625
Ourang,-23.0,-23.0
Teakwood,-23.0,-23.0
Anisopleural,-22.875,-22.875
Sabbatary,-23.0,-23.0
Officeholder,-23.25,-23.25
Flippance,-23.0,-23.0
Uninquisitive,-23.625,-23.625
Telenomus,-22.75,-22.75
Aromatical,-23.25,-23.25
Amphore,-22.875,-22.875
Litterateur,-23.0,-23.0
Horseleach,-23.375,-23.375
Sulphatize,-23.375,-23.375
Caboche,-22.5,-22.5
Dictate,-23.5,-23.5
Pretextuous,-23.625,-23.625
Canines,-21.875,-21.875
Waterbuck,-23.125,-23.125
Arnaut,-23.125,-23.125
Uracil,-23.625,-23.625
Quadrumvir,-23.0,-23.0
Rhopalium,-22.75,-22.75
Semicolumnar,-23.75,-23.75
Octodontidae,-23.5,-23.5
Intertree,-23.0,-23.0
Sporogony,-23.5,-23.5
Glycyrrhiza,-22.25,-22.25
Basanite,-23.125,-23.125
Monoaminergic,-23.0,-23.0
Dispraise,-23.375,-23.375
Budgets,-23.375,-23.375
Soteriologic,-23.25,-23.25
Endnotes,-23.375,-23.375
Spokane,-22.5,-22.5
Ambatch,-23.25,-23.25
Koumyses,-23.0,-23.0
Bignonias,-22.75,-22.75
Singapore,-23.75,-23.75
Demotic,-23.5,-23.5
Frankincense,-22.625,-22.625
Relumine,-23.125,-23.125
Uncity,-23.875,-23.875
Syssel,-23.25,-23.25
Sandworts,-23.0,-23.0
Mahajan,-23.25,-23.25
Periostoma,-23.0,-23.0
Insistent,-23.375,-23.375
Supersubtle,-23.875,-23.875
Nondensity,-23.375,-23.375
Prestidigitate,-23.0,-23.0
Pitpan,-23.125,-23.125
Thyrocarditis,-23.0,-23.0
Stunter,-23.125,-23.125
Gonyoncus,-22.875,-22.875
Polonese,-23.5,-23.5
Hellhound,-23.0,-23.0
Whoremonger,-23.75,-23.75
Wabbliest,-22.875,-22.875
Besigh,-23.25,-23.25
Italians,-23.875,-23.875
Zoopathologies,-22.875,-22.875
Finesser,-23.625,-23.625
Dinner,-23.0,-23.0
Splitfruit,-23.0,-23.0
Undutiful,-23.25,-23.25
Golgotha,-23.25,-23.25
Pastilles,-22.75,-22.75
Inframontane,-23.0,-23.0
Ligamental,-23.25,-23.25
Occasionless,-23.125,-23.125
Trailbreaker,-23.0,-23.0
Begoud,-22.875,-22.875
Scouther,-23.0,-23.0
Surfboards,-22.375,-22.375
Plastogamy,-23.0,-23.0
Parthenian,-23.125,-23.125
Trombone,-22.75,-22.75
Antitypical,-23.5,-23.5
Cryptical,-23.5,-23.5
Beworry,-22.625,-22.625
Hydroclimate,-23.0,-23.0
Europium,-22.875,-22.875
Cornerbind,-23.25,-23.25
Involutions,-23.625,-23.625
Ladybirds,-23.25,-23.25
Spangler,-23.125,-23.125
Southlander,-22.875,-22.875
Cichorium,-22.875,-22.875
Rusticator,-23.125,-23.125
Sulfionide,-23.125,-23.125
Rhizophore,-23.125,-23.125
Oversound,-23.375,-23.375
Mikania,-22.875,-22.875
Semionotidae,-23.25,-23.25
Befist,-23.375,-23.375
Turkeyback,-23.375,-23.375
Gnathobdellida,-22.875,-22.875
Validate,-22.875,-22.875
Sambuca,-23.125,-23.125
Cyclopentane,-23.0,-23.0
Alogism,-23.375,-23.375
Labordom,-23.625,-23.625
Dyophysitic,-23.375,-23.375
Poetastery,-23.25,-23.25
Agennesis,-23.375,-23.375
Nonescape,-22.75,-22.75
Fragmentalize,-23.875,-23.875
Iconographer,-23.375,-23.375
Forthbrought,-23.375,-23.375
Clasmatosis,-22.875,-22.875
Lowlier,-22.75,-22.75
Ineffulgent,-23.5,-23.5
Cockieleekie,-23.375,-23.375
Lycanthropist,-22.875,-22.875
Newlyweds,-23.5,-23.5
Archdeaconship,-23.5,-23.5
Bronchus,-22.75,-22.75
Lacinulose,-23.25,-23.25
Skitterier,-22.625,-22.625
Pittosporaceae,-22.625,-22.625
Sulides,-22.875,-22.875
Antipode,-23.75,-23.75
Incompendious,-23.125,-23.125
Acouasm,-23.625,-23.625
Trichiurid,-22.875,-22.875
Recomplete,-23.375,-23.375
Practitional,-23.125,-23.125
Epeirogenetic,-23.125,-23.125
Nonredemptible,-23.375,-23.375
Scatty,-23.0,-23.0
Piciform,-23.0,-23.0
Rhipidium,-23.375,-23.375
Kantele,-22.875,-22.875
Elevenses,-22.875,-22.875
Cartman,-22.625,-22.625
Spectrometers,-23.125,-23.125
Ultraritualism,-23.5,-23.5
Fuciphagous,-23.625,-23.625
Demobilise,-23.625,-23.625
Dorsers,-23.0,-23.0
Tocher,-23.125,-23.125
Undercurl,-23.375,-23.375
Hydatogenesis,-23.375,-23.375
Rhizomelic,-23.125,-23.125
Nonabstemious,-23.125,-23.125
Throttler,-23.25,-23.25
Peeves,-22.875,-22.875
Opopanax,-23.375,-23.375
Grundlov,-22.75,-22.75
Resultants,-23.125,-23.125
Mosesite,-23.375,-23.375
Tambours,-22.75,-22.75
Paraphrasian,-23.75,-23.75
Hydroponist,-22.875,-22.875
Blacklegs,-23.0,-23.0
Gasolines,-23.0,-23.0
Trygon,-22.75,-22.75
Epitheliolysin,-23.0,-23.0
Vinagron,-23.375,-23.375
Undirect,-23.5,-23.5
Grisons,-23.375,-23.375
Pilotages,-23.125,-23.125
Camptodrome,-23.125,-23.125
Hearses,-22.875,-22.875
Municipalize,-23.625,-23.625
Semifine,-23.125,-23.125
Leastways,-22.625,-22.625
Wettest,-23.0,-23.0
Juices,-22.875,-22.875
Meteograph,-23.125,-23.125
Paloma,-22.625,-22.625
Suffragitis,-23.0,-23.0
Aerophysics,-22.875,-22.875
Nullisomic,-23.25,-23.25
Chopin,-23.25,-23.25
Promisee,-23.0,-23.0
Amasser,-22.5,-22.5
Noncarbon,-23.25,-23.25
Jaburan,-22.875,-22.875
Abominates,-23.25,-23.25
Allochetite,-22.75,-22.75
Obturate,-23.0,-23.0
Fairway,-23.125,-23.125
Unperfect,-23.25,-23.25
Bottlemaker,-23.125,-23.125
Prostrike,-23.5,-23.5
Cyanoacetic,-22.875,-22.875
Myoxus,-23.0,-23.0
Amphitheaters,-23.5,-23.5
Hemimyaria,-23.25,-23.25
Triduan,-23.0,-23.0
Daguerreotype,-22.875,-22.875
Homotaxial,-23.625,-23.625
Ladyfern,-23.25,-23.25
Melophonic,-23.0,-23.0
Womanizer,-22.875,-22.875
Chafferers,-23.625,-23.625
Chaology,-23.5,-23.5
Unhomicidal,-23.5,-23.5
Pentapterous,-23.5,-23.5
Jezebelish,-23.125,-23.125
Molossidae,-23.25,-23.25
Dancettee,-22.625,-22.625
Benzotoluide,-23.375,-23.375
Coccygeal,-23.25,-23.25
Disaffirmance,-23.75,-23.75
Nonpassible,-23.375,-23.375
Drippiest,-22.875,-22.875
Zoochores,-22.625,-22.625
Bellevue,-23.125,-23.125
Weimaraner,-22.75,-22.75
Betrayer,-23.0,-23.0
Coccaceous,-23.625,-23.625
Subengineer,-23.625,-23.625
Unmiter,-23.625,-23.625
Feulamort,-23.0,-23.0
Echowise,-23.25,-23.25
Premix,-23.125,-23.125
Venisonlike,-23.125,-23.125
Mandan,-22.875,-22.875
Fibroblastic,-23.375,-23.375
Miotic,-23.125,-23.125
Adventitia,-23.0,-23.0
Kwartje,-23.0,-23.0
Haruspices,-23.5,-23.5
Anaclastic,-23.375,-23.375
Gnathometer,-23.0,-23.0
Stuffs,-22.375,-22.375
Cacicus,-23.0,-23.0
Abyssinian,-22.875,-22.875
Stargaze,-22.875,-22.875
Exotericism,-23.625,-23.625
Quirinalia,-23.25,-23.25
Beamlet,-22.875,-22.875
Wrainstave,-22.875,-22.875
Publicism,-24.0,-24.0
Outdances,-23.125,-23.125
Demential,-23.25,-23.25
Echinomys,-22.875,-22.875
Osphresiometry,-22.875,-22.875
Agaphite,-23.0,-23.0
Potshots,-23.25,-23.25
Tyrolese,-23.125,-23.125
Ennoic,-23.875,-23.875
Rucksacks,-23.125,-23.125
Incidentless,-22.875,-22.875
Vialful,-23.0,-23.0
Socinian,-23.125,-23.125
Cretonne,-23.0,-23.0
Uncivil,-23.5,-23.5
Ammocoetid,-22.5,-22.5
Burlesquer,-23.375,-23.375
Tucker,-22.625,-22.625
Daintrel,-23.25,-23.25
Gederathite,-22.875,-22.875
Stawsome,-22.5,-22.5
Parados,-23.375,-23.375
Parsecs,-22.5,-22.5
Lacunule,-22.875,-22.875
Coralligenous,-22.625,-22.625
Mitogenicity,-23.75,-23.75
Ecclesiastical,-22.875,-22.875
Subducts,-23.25,-23.25
Gamins,-23.125,-23.125
Antiaesthetic,-23.5,-23.5
Ensisternum,-23.375,-23.375
Barbasco,-22.875,-22.875
Raimannia,-23.125,-23.125
Aldosteronism,-23.5,-23.5
Dispunge,-23.625,-23.625
Spissatus,-22.75,-22.75
Galacaceae,-23.25,-23.25
Paroxytonic,-23.375,-23.375
Cupules,-23.125,-23.125
Endoangiitis,-23.125,-23.125
Homomerous,-23.75,-23.75
Sternothere,-23.25,-23.25
Helmsmen,-23.0,-23.0
Retinian,-23.125,-23.125
Ratafias,-23.125,-23.125
Paraphyllium,-23.0,-23.0
Individuum,-23.5,-23.5
Anagallis,-23.25,-23.25
Thenages,-22.0,-22.0
Fibrillar,-23.375,-23.375
Warren,-23.25,-23.25
Klutzier,-22.875,-22.875
Easels,-23.125,-23.125
Intrusive,-23.5,-23.5
Bronzitite,-23.125,-23.125
Planisphere,-23.0,-23.0
Paralaurionite,-22.875,-22.875
Blueth,-23.25,-23.25
Asperser,-23.125,-23.125
Leitmotiv,-23.5,-23.5
Indabas,-23.375,-23.375
Flexuosity,-23.125,-23.125
Valkyria,-22.625,-22.625
Subchelae,-23.375,-23.375
Corchorus,-23.5,-23.5
Ichthyophile,-22.75,-22.75
Invocatory,-23.625,-23.625
Suffer,-22.75,-22.75
Bullionism,-23.5,-23.5
Overindulge,-23.125,-23.125
Chalcomenite,-23.0,-23.0
Sandhill,-23.0,-23.0
Shakes,-22.625,-22.625
Preassigns,-23.5,-23.5
Predicate,-23.5,-23.5
Synopses,-23.25,-23.25
Nummulitidae,-23.0,-23.0
Rogues,-23.375,-23.375
Ornithologic,-23.375,-23.375
Sphygmophonic,-23.0,-23.0
Hammada,-23.0,-23.0
Hypnotizes,-23.375,-23.375
Ctenoplana,-22.75,-22.75
Coalitions,-23.5,-23.5
Allium,-23.125,-23.125
Destinal,-23.25,-23.25
Baleen,-22.625,-22.625
Steersmen,-23.125,-23.125
Unaccordance,-23.375,-23.375
Broacher,-23.25,-23.25
Heptite,-23.125,-23.125
Semianimal,-23.25,-23.25
Ruthenate,-23.375,-23.375
Apadana,-23.25,-23.25
Overmasterful,-23.25,-23.25
Africanize,-23.75,-23.75
Laminarian,-23.375,-23.375
Rivulariaceous,-23.25,-23.25
Schorlous,-23.75,-23.75
Revenuer,-23.625,-23.625
Windowlight,-23.0,-23.0
Siphonophora,-22.25,-22.25
Unsigmatic,-23.5,-23.5
Hardihood,-23.375,-23.375
Truthless,-23.375,-23.375
Protases,-23.375,-23.375
Catcalls,-22.875,-22.875
Ropeman,-23.125,-23.125
Redenial,-23.625,-23.625
Dermatodynia,-23.0,-23.0
Figeter,-23.25,-23.25
Burners,-23.125,-23.125
Henbill,-23.625,-23.625
Antileukemic,-23.25,-23.25
Fatalism,-23.5,-23.5
Herophilist,-22.875,-22.875
Shirker,-23.125,-23.125
Grizzlier,-22.875,-22.875
Democracy,-23.75,-23.75
Reford,-23.25,-23.25
Suggillate,-23.5,-23.5
Remain,-23.375,-23.375
Plumpy,-22.375,-22.375
Cantonments,-23.625,-23.625
Phytologist,-23.5,-23.5
Encarpa,-23.0,-23.0
Ploughfoot,-23.0,-23.0
Dextrogyre,-22.5,-22.5
Shrinelet,-23.125,-23.125
Leatherworker,-22.75,-22.75
Antisuffrage,-23.875,-23.875
Adjournal,-23.375,-23.375
Empyemata,-23.0,-23.0
Lilliputs,-22.75,-22.75
Bridoon,-22.875,-22.875
Adiaphorist,-23.25,-23.25
Furanoses,-23.25,-23.25
Conyger,-23.0,-23.0
Otogenous,-23.25,-23.25
Predicatory,-23.5,-23.5
Cubitus,-23.125,-23.125
Terrestrials,-23.125,-23.125
Kopophobia,-23.0,-23.0
Flatterer,-23.375,-23.375
Nitroso,-23.375,-23.375
Osteotrophy,-23.375,-23.375
Chorgi,-23.25,-23.25
Mercapto,-23.25,-23.25
Tachyon,-22.875,-22.875
Aircrafts,-23.0,-23.0
Meningitic,-22.875,-22.875
Enzootics,-23.5,-23.5
Recombines,-23.25,-23.25
Merwoman,-22.5,-22.5
Borocitrate,-23.25,-23.25
Mycetozoan,-22.625,-22.625
Hespel,-23.375,-23.375
Rejustify,-23.25,-23.25
Looney,-23.0,-23.0
Fahlunitte,-23.125,-23.125
Paramountship,-23.5,-23.5
Avarice,-23.25,-23.25
Unplant,-23.375,-23.375
Sawneb,-22.75,-22.75
Exonerates,-23.5,-23.5
Statistology,-23.625,-23.625
Capacious,-23.0,-23.0
Defassa,-23.0,-23.0
Tripedal,-23.125,-23.125
Goldie,-22.5,-22.5
Gumhar,-23.5,-23.5
Lumpsucker,-22.875,-22.875
Slipcoach,-23.25,-23.25
Isoteniscope,-22.875,-22.875
Bristles,-23.0,-23.0
Paracme,-23.375,-23.375
Ammonolitic,-23.0,-23.0
Reometer,-23.25,-23.25
Keymove,-23.625,-23.625
Adenotyphoid,-23.125,-23.125
Proctors,-23.0,-23.0
Camases,-23.0,-23.0
Marion,-23.0,-23.0
Jefferisite,-23.375,-23.375
Dryope,-22.75,-22.75
Membrana,-23.25,-23.25
Unitary,-23.375,-23.375
Sandwich,-22.875,-22.875
Goitre,-23.25,-23.25
Scatologies,-22.875,-22.875
Tantamount,-23.25,-23.25
Hydratropic,-23.375,-23.375
Iridoparalysis,-22.875,-22.875
Pinkoes,-23.0,-23.0
Improvability,-23.125,-23.125
Evasive,-23.375,-23.375
Analogues,-23.875,-23.875
Microrhopias,-22.875,-22.875
Malaxator,-23.5,-23.5
Superplus,-23.25,-23.25
Polypeptide,-23.375,-23.375
Rigaudons,-23.125,-23.125
Reptiliform,-23.375,-23.375
Alarbus,-22.75,-22.75
Ostensoria,-23.25,-23.25
Resplice,-23.375,-23.375
Ingrammaticism,-23.75,-23.75
Openbill,-23.125,-23.125
Stationers,-23.375,-23.375
Truckle,-23.0,-23.0
Overbusy,-23.25,-23.25
Areometric,-23.0,-23.0
Birostrate,-23.625,-23.625
Abecedaire,-23.25,-23.25
Clinkant,-22.875,-22.875
Exuberant,-23.0,-23.0
Mediosilicic,-23.125,-23.125
Tubiferous,-23.0,-23.0
Gynaecoid,-23.125,-23.125
Phaethon,-22.875,-22.875
Nonequestrian,-22.75,-22.75
Decalogue,-23.125,-23.125
Cutlash,-22.625,-22.625
Banknote,-23.0,-23.0
Miaplacidus,-23.25,-23.25
Topworks,-23.25,-23.25
Semichannel,-23.5,-23.5
Glyconic,-23.0,-23.0
Flogster,-23.375,-23.375
Townsman,-23.0,-23.0
Baroque,-23.25,-23.25
Promisers,-23.25,-23.25
Overscatter,-23.75,-23.75
Sprucy,-23.125,-23.125
Azotate,-23.25,-23.25
Recreancy,-23.125,-23.125
Ampelidae,-23.375,-23.375
Twizzle,-23.0,-23.0
Chinbone,-23.375,-23.375
Majordomos,-23.0,-23.0
Glabellum,-23.125,-23.125
Hohenzollern,-23.25,-23.25
Cyclohexyl,-22.875,-22.875
Symphenomenal,-23.25,-23.25
Xiraxara,-23.0,-23.0
Monerons,-23.5,-23.5
Protoblast,-23.5,-23.5
Clangour,-23.0,-23.0
Semicircular,-23.375,-23.375
Resenter,-23.5,-23.5
Proponents,-23.5,-23.5
Suberins,-23.0,-23.0
Fluminous,-23.0,-23.0
Superintender,-23.25,-23.25
Alienator,-23.75,-23.75
Antityphoid,-23.25,-23.25
Aefaldy,-23.125,-23.125
Bilious,-23.125,-23.125
Catteries,-23.125,-23.125
Rammiest,-23.375,-23.375
Halochromy,-23.25,-23.25
Nuttiest,-23.25,-23.25
Monokini,-22.875,-22.875
Bassoon,-22.875,-22.875
Scaphite,-23.375,-23.375
Bellehood,-22.625,-22.625
Utriculus,-23.0,-23.0
Vizardmonger,-23.125,-23.125
Superlain,-23.0,-23.0
Enschedule,-23.375,-23.375
Palingenist,-23.5,-23.5
Creator,-23.625,-23.625
Regalia,-23.0,-23.0
Mysidean,-23.375,-23.375
Withindoors,-23.25,-23.25
Surcrue,-23.25,-23.25
Violones,-23.5,-23.5
Conceives,-23.125,-23.125
Perspicuous,-23.625,-23.625
Sunderer,-22.875,-22.875
Quadrifrontal,-23.375,-23.375
Blasphemies,-23.5,-23.5
Superexistent,-23.25,-23.25
Adumbrant,-23.375,-23.375
Thorite,-22.75,-22.75
Orunchun,-23.125,-23.125
Multipinnate,-23.25,-23.25
Interstage,-23.5,-23.5
Octangle,-23.5,-23.5
Coregnant,-23.375,-23.375
Zeuglodontidae,-22.75,-22.75
Subdendroid,-23.5,-23.5
Etheostominae,-22.875,-22.875
Aquincubital,-23.25,-23.25
Gemmeous,-23.25,-23.25
Providore,-23.25,-23.25
Emolumental,-23.125,-23.125
Milliliters,-22.875,-22.875
Autodynes,-23.75,-23.75
Overwisdom,-23.625,-23.625
Insuavity,-23.625,-23.625
Hernias,-22.375,-22.375
Cesspipe,-23.25,-23.25
Acoasma,-23.375,-23.375
Agitato,-23.5,-23.5
Orality,-23.625,-23.625
Topographics,-23.25,-23.25
Sollar,-23.25,-23.25
Bugfish,-23.0,-23.0
Jerrid,-23.125,-23.125
Cyclas,-22.875,-22.875
Outswift,-23.0,-23.0
Bathrobes,-22.625,-22.625
Montpelier,-22.375,-22.375
Apophthegm,-23.0,-23.0
Langurs,-23.0,-23.0
Thallus,-22.875,-22.875
Beneventana,-23.25,-23.25
Pepperers,-22.875,-22.875
Dilantin,-22.75,-22.75
Sonships,-22.625,-22.625
Slapdashes,-23.0,-23.0
Stupefacient,-23.0,-23.0
Braehead,-23.0,-23.0
Aluminizes,-23.125,-23.125
Anitrogenous,-23.5,-23.5
Nyctitropism,-23.375,-23.375
Lyrics,-23.125,-23.125
Chrysomyia,-23.0,-23.0
Arborolater,-23.125,-23.125
Erodium,-22.625,-22.625
Planidorsate,-23.125,-23.125
Colonoscopy,-22.625,-22.625
Faller,-23.25,-23.25
Misfall,-23.25,-23.25
Nicodemus,-23.0,-23.0
Fortypenny,-23.125,-23.125
Cursor,-23.0,-23.0
Beclatter,-23.375,-23.375
Indole,-23.75,-23.75
Sphaerocarpus,-22.625,-22.625
Disnaturalize,-23.625,-23.625
Tableclothwise,-22.75,-22.75
Terminus,-22.75,-22.75
Nyctinasty,-23.0,-23.0
Eyeflap,-22.625,-22.625
Trichosporange,-22.75,-22.75
Sugarhouses,-23.125,-23.125
Munity,-23.375,-23.375
Phototropic,-23.125,-23.125
Churnstaff,-23.0,-23.0
Phaetons,-23.0,-23.0
Splittings,-23.125,-23.125
Praxiology,-23.375,-23.375
Nettlewort,-22.375,-22.375
Dibhole,-23.0,-23.0
Hyaenid,-23.125,-23.125
Hemocytoblast,-23.25,-23.25
Bibracteate,-23.125,-23.125
Sunberries,-23.0,-23.0
Gigartinaceous,-23.25,-23.25
Endocrines,-23.125,-23.125
Liberationist,-23.75,-23.75
Overmalapert,-23.375,-23.375
Dendric,-23.125,-23.125
Horologes,-23.25,-23.25
Endoconidia,-23.125,-23.125
Unloose,-23.375,-23.375
Phyllobranchia,-22.75,-22.75
Hundredths,-23.25,-23.25
Quizzism,-23.625,-23.625
Horsefight,-23.25,-23.25
Vaccinias,-22.625,-22.625
Enfume,-23.5,-23.5
Exorcista,-23.25,-23.25
Billycans,-22.875,-22.875
Boopic,-23.5,-23.5
Caligraphy,-23.125,-23.125
Stomatoplasty,-23.25,-23.25
Lucanidae,-23.25,-23.25
Goodyera,-23.125,-23.125
Antineutral,-23.5,-23.5
Botargo,-23.125,-23.125
Lakeland,-22.75,-22.75
Extraembryonal,-23.25,-23.25
Gigget,-23.125,-23.125
Titleboard,-23.375,-23.375
Anargyros,-23.5,-23.5
Labiovelar,-23.25,-23.25
Outimage,-23.5,-23.5
Susquehanna,-22.625,-22.625
Amphimictical,-23.125,-23.125
Nonstructure,-23.125,-23.125
Neglectful,-23.5,-23.5
Kinetogenic,-23.25,-23.25
Hamlah,-23.25,-23.25
Anaphrodisia,-22.75,-22.75
Fumarases,-22.875,-22.875
Nervine,-22.75,-22.75
Technological,-23.25,-23.25
Genevas,-22.875,-22.875
Confix,-23.25,-23.25
Sponsalia,-23.25,-23.25
Intermontane,-23.0,-23.0
Chippendale,-22.75,-22.75
Mittent,-23.375,-23.375
Erythrean,-22.375,-22.375
Obliquangular,-23.75,-23.75
Scopious,-23.375,-23.375
Polygonometry,-23.5,-23.5
Tortuous,-23.375,-23.375
Multispecies,-23.0,-23.0
Annexes,-23.125,-23.125
Frecklish,-23.0,-23.0
Gynecotelic,-22.875,-22.875
Provocant,-23.5,-23.5
Etiologue,-23.125,-23.125
Ostomatid,-23.375,-23.375
Amidol,-23.125,-23.125
Uranidin,-23.125,-23.125
Correctant,-23.5,-23.5
Ourebi,-23.5,-23.5
Camisia,-23.125,-23.125
Alexines,-22.75,-22.75
Onychophorous,-22.875,-22.875
Uninvertible,-23.125,-23.125
Supersensuous,-23.5,-23.5
Intonations,-23.375,-23.375
Gamasid,-23.25,-23.25
Martinist,-23.125,-23.125
Stomatic,-23.125,-23.125
Polytrichous,-23.0,-23.0
Afrite,-22.75,-22.75
Hydrocellulose,-22.75,-22.75
Belfry,-22.75,-22.75
Tribular,-23.0,-23.0
Cutbank,-22.75,-22.75
Abrogators,-23.75,-23.75
Superline,-23.375,-23.375
Broken,-23.0,-23.0
Paragraphia,-23.0,-23.0
Alcade,-23.375,-23.375
Ashkenazic,-23.375,-23.375
Serapea,-23.25,-23.25
Radiate,-23.625,-23.625
Nonpapal,-23.375,-23.375
Tonitrophobia,-23.125,-23.125
Cyclecars,-22.875,-22.875
Kalumpang,-23.125,-23.125
Abbotships,-22.875,-22.875
Magnelectric,-23.625,-23.625
Innersole,-23.0,-23.0
Trappings,-22.625,-22.625
Verificative,-23.5,-23.5
Contemns,-23.375,-23.375
Alibis,-23.25,-23.25
Enrive,-23.125,-23.125
Overemphasize,-22.875,-22.875
Succulency,-22.875,-22.875
Babbitt,-23.125,-23.125
Dompteuse,-23.125,-23.125
Flyaways,-23.0,-23.0
Seigniory,-23.5,-23.5
Tunland,-23.125,-23.125
Balushai,-23.125,-23.125
Preutilize,-23.75,-23.75
Crabbish,-23.125,-23.125
Anglic,-22.625,-22.625
Jinricksha,-23.0,-23.0
Endocytotic,-23.375,-23.375
Misprise,-23.25,-23.25
Ascidioida,-23.0,-23.0
Erecter,-23.125,-23.125
Praelabrum,-23.0,-23.0
Barramundies,-23.0,-23.0
Eurasiatic,-23.625,-23.625
Beansetter,-22.875,-22.875
Yowley,-22.875,-22.875
Superwrought,-23.25,-23.25
Telepheme,-23.5,-23.5
Externalist,-23.5,-23.5
Foreclosure,-23.125,-23.125
Girders,-23.25,-23.25
Intensive,-23.375,-23.375
Semisucculent,-23.25,-23.25
Cetonian,-22.875,-22.875
Protosalt,-23.125,-23.125
Megathermal,-23.125,-23.125
Kalymmocyte,-22.875,-22.875
Ordinaire,-23.125,-23.125
Disulphid,-23.5,-23.5
Geylies,-23.125,-23.125
Langspiel,-23.25,-23.25
Bementite,-23.375,-23.375
Swingdevil,-23.0,-23.0
Perpendicular,-23.125,-23.125
Parathesis,-23.5,-23.5
October,-23.375,-23.375
Eyeserver,-23.5,-23.5
Camphanic,-23.0,-23.0
Funiform,-23.0,-23.0
Roaches,-23.0,-23.0
Rhamninase,-23.375,-23.375
Elegies,-22.875,-22.875
Unchoke,-23.375,-23.375
Fibulas,-22.875,-22.875
Anallantoic,-22.75,-22.75
Invocant,-23.5,-23.5
Diluendo,-23.625,-23.625
Diapyetic,-23.0,-23.0
Tympanosis,-22.75,-22.75
Nontrader,-23.625,-23.625
Proximate,-23.25,-23.25
Nanoword,-23.5,-23.5
Cenotaph,-23.25,-23.25
Semidodecagon,-23.0,-23.0
Cibarian,-22.5,-22.5
Trendy,-23.125,-23.125
Hemolyze,-23.25,-23.25
Surgiest,-23.0,-23.0
Mannersome,-23.125,-23.125
Upraisal,-23.625,-23.625
Tragedians,-23.125,-23.125
Millclapper,-23.375,-23.375
Foggage,-23.125,-23.125
Biotypic,-23.5,-23.5
Wirephoto,-23.125,-23.125
Soybean,-23.5,-23.5
Improvisor,-22.875,-22.875
Apophylactic,-22.875,-22.875
Brachydactylia,-22.25,-22.25
Boccia,-23.125,-23.125
Factionistism,-23.75,-23.75
Pounces,-23.25,-23.25
Waterfowler,-23.0,-23.0
Querken,-23.375,-23.375
Marcottage,-22.75,-22.75
Spanioli,-23.25,-23.25
Concertinas,-22.875,-22.875
Duotriacontane,-22.875,-22.875
Cacodemonial,-23.125,-23.125
Rubbler,-23.0,-23.0
Ronsardist,-23.5,-23.5
Ketosis,-23.5,-23.5
Incrept,-23.5,-23.5
Aiglet,-23.25,-23.25
Dollmaker,-23.25,-23.25
Rhoecus,-23.125,-23.125
Heelwork,-23.625,-23.625
Portress,-23.25,-23.25
Alemannian,-23.375,-23.375
Hasheeshes,-23.625,-23.625
Jigaboos,-23.25,-23.25
Infract,-23.25,-23.25
Radioisotopic,-23.0,-23.0
Caraipe,-23.375,-23.375
Gyrinidae,-23.125,-23.125
Splice,-23.0,-23.0
Washwomen,-22.625,-22.625
Discounters,-23.375,-23.375
Potmen,-23.25,-23.25
Dadoxylon,-22.875,-22.875
Jetter,-23.125,-23.125
Skepful,-22.875,-22.875
Padishah,-23.375,-23.375
Heteroclite,-23.125,-23.125
Nonspurious,-23.25,-23.25
Peradventure,-23.0,-23.0
Monodonta,-22.75,-22.75
Mixible,-23.0,-23.0
Misoneism,-23.875,-23.875
Matricides,-23.375,-23.375
Imbroccata,-23.0,-23.0
Paulinist,-23.5,-23.5
Drostden,-22.625,-22.625
Madrier,-23.25,-23.25
Fourieristic,-23.375,-23.375
Baldaquin,-23.125,-23.125
Dummerer,-23.625,-23.625
Mesectoderm,-23.125,-23.125
Prosacral,-23.125,-23.125
Munnopsis,-23.625,-23.625
Lucinda,-22.875,-22.875
Agnate,-23.75,-23.75
Truistic,-23.0,-23.0
Absorbency,-23.25,-23.25
Almain,-23.0,-23.0
Fennoman,-24.0,-24.0
Fruitgrower,-23.125,-23.125
Brahmana,-23.25,-23.25
Dermohemal,-23.125,-23.125
Binoxalate,-23.0,-23.0
Nationals,-23.25,-23.25
Julaceous,-23.0,-23.0
Biolysis,-23.0,-23.0
Tortoni,-23.125,-23.125
Endoneurial,-23.25,-23.25
Suasory,-23.5,-23.5
Spectrous,-23.25,-23.25
Matzah,-23.0,-23.0
Dorsimedian,-23.375,-23.375
Sanctify,-23.5,-23.5
Butterbur,-22.75,-22.75
Progrede,-23.125,-23.125
Distaves,-22.625,-22.625
Ruminates,-23.125,-23.125
Cuppen,-23.25,-23.25
Trochozoa,-23.0,-23.0
Lathee,-22.75,-22.75
Hackamatak,-23.125,-23.125
Waterbailage,-23.375,-23.375
Maximal,-23.25,-23.25
Flaminian,-23.125,-23.125
Rodger,-22.875,-22.875
Landwehr,-23.375,-23.375
Santour,-23.25,-23.25
Loincloth,-23.25,-23.25
Subculture,-23.25,-23.25
Arachnids,-22.625,-22.625
Barysphere,-23.125,-23.125
Magnums,-23.25,-23.25
Prissies,-23.125,-23.125
Orchectomy,-23.25,-23.25
Setaria,-23.0,-23.0
Teleologist,-23.375,-23.375
Peromyscus,-22.5,-22.5
Racialistic,-23.5,-23.5
Oxalite,-23.0,-23.0
Imbarn,-23.0,-23.0
Felaheen,-22.875,-22.875
Grandiloquence,-23.5,-23.5
Whiteacre,-23.0,-23.0
Denshare,-23.375,-23.375
Equivocator,-23.25,-23.25
Acrydium,-23.125,-23.125
Septuncial,-23.125,-23.125
Audiviser,-23.125,-23.125
Varsovian,-23.0,-23.0
Autotractor,-23.375,-23.375
Beguines,-22.75,-22.75
Cathedrallike,-23.125,-23.125
Mouthpiece,-23.125,-23.125
Achaemenidae,-23.375,-23.375
Urocerid,-22.75,-22.75
Wowwows,-22.75,-22.75
Lekach,-23.5,-23.5
Tulnic,-23.375,-23.375
Predegree,-23.375,-23.375
Touchers,-23.0,-23.0
Robinet,-22.75,-22.75
Hypoplanktonic,-22.875,-22.875
Antiunionist,-23.5,-23.5
Sulpharsenite,-23.0,-23.0
Panorpidae,-23.375,-23.375
Pomology,-23.25,-23.25
Benzazine,-22.875,-22.875
Mastwood,-23.25,-23.25
Barstools,-22.5,-22.5
Purgatorial,-23.5,-23.5
Ectene,-23.125,-23.125
Uncommones,-23.25,-23.25
Trapezohedra,-23.0,-23.0
Cepaceous,-22.875,-22.875
Semihobos,-23.25,-23.25
Ellipticity,-23.375,-23.375
Catadioptrical,-23.25,-23.25
Farthingless,-23.0,-23.0
Epistasy,-23.5,-23.5
Taramembe,-23.125,-23.125
Gunless,-23.125,-23.125
Scutages,-23.125,-23.125
Deliberator,-23.25,-23.25
Eyepiece,-23.25,-23.25
Funeral,-22.875,-22.875
Proelectric,-23.25,-23.25
Hydroquinoline,-23.0,-23.0
Pilusli,-23.25,-23.25
Signman,-23.25,-23.25
Remaindermen,-23.25,-23.25
Wingman,-23.125,-23.125
Moresques,-23.625,-23.625
Cottagey,-23.125,-23.125
Certosa,-23.375,-23.375
Proletarian,-23.5,-23.5
Nontonic,-23.375,-23.375
Coseism,-23.5,-23.5
Venkata,-23.0,-23.0
Polygordius,-23.125,-23.125
Tammuz,-23.125,-23.125
Cobbier,-22.875,-22.875
Preborn,-23.0,-23.0
Flagstaffs,-23.25,-23.25
Saltpans,-23.0,-23.0
Iminazole,-23.125,-23.125
Frothless,-22.875,-22.875
Silverizer,-22.875,-22.875
Appels,-23.125,-23.125
Amphithurthura,-22.75,-22.75
Pluggy,-23.375,-23.375
Troynovant,-23.25,-23.25
Alatern,-23.0,-23.0
Blonde,-22.875,-22.875
Undersupport,-23.5,-23.5
Kuvasz,-22.5,-22.5
Fosterite,-22.875,-22.875
Spaniolate,-23.25,-23.25
Wanderers,-22.5,-22.5
Corvine,-23.125,-23.125
Whikerby,-22.875,-22.875
Bescratch,-23.5,-23.5
Bandsman,-23.25,-23.25
Redoubles,-23.125,-23.125
Dictyodromous,-23.375,-23.375
Underripe,-23.25,-23.25
Intentional,-23.125,-23.125
Quizzers,-23.5,-23.5
Cosharer,-23.125,-23.125
Macromolecules,-23.5,-23.5
Perichoresis,-23.375,-23.375
Fetichlike,-23.625,-23.625
Tattier,-23.375,-23.375
Partimento,-23.5,-23.5
Shriekery,-22.875,-22.875
Gnatter,-23.125,-23.125
Townfolks,-23.0,-23.0
Cheveril,-22.875,-22.875
Synoecy,-23.75,-23.75
Lymphangitic,-23.125,-23.125
Vacuums,-23.125,-23.125
Nonpreparatory,-23.25,-23.25
Latreutic,-23.125,-23.125
Progressivist,-23.75,-23.75
Pepsine,-22.875,-22.875
Purblind,-23.5,-23.5
Citrullus,-23.125,-23.125
Fluorometer,-23.25,-23.25
Geneserin,-23.0,-23.0
Lodestars,-22.75,-22.75
Outfitters,-22.5,-22.5
Saucerman,-23.5,-23.5
Trombidium,-23.0,-23.0
Unsquire,-23.125,-23.125
Renule,-23.375,-23.375
Spryest,-23.125,-23.125
Metamorphy,-23.375,-23.375
Annualize,-23.125,-23.125
Akinete,-23.25,-23.25
Succincter,-23.375,-23.375
Lachrymous,-23.25,-23.25
Upmountain,-23.25,-23.25
Maskegon,-22.625,-22.625
Unhealthy,-23.5,-23.5
Nonappendence,-23.0,-23.0
Rabblesome,-23.0,-23.0
Nepouite,-23.25,-23.25
Myoclonic,-23.25,-23.25
Lapponese,-23.625,-23.625
Insectaries,-23.375,-23.375
Indent,-23.375,-23.375
Mountaineers,-22.625,-22.625
Sponge,-22.625,-22.625
Flunker,-22.875,-22.875
Trepidity,-23.0,-23.0
Slumps,-23.375,-23.375
Glucosid,-23.25,-23.25
Glaciological,-22.75,-22.75
Trilogist,-23.125,-23.125
Untoxic,-22.875,-22.875
Warrants,-23.5,-23.5
Acediamine,-23.125,-23.125
Respice,-23.125,-23.125
Planograph,-23.125,-23.125
Bloodlike,-23.25,-23.25
Kashruths,-22.875,-22.875
Stemmiest,-23.0,-23.0
Syncoelom,-23.125,-23.125
Tenonectomy,-22.625,-22.625
Laryngoscopic,-23.0,-23.0
Antiblastic,-23.375,-23.375
Raconteur,-23.0,-23.0
Ropedance,-23.125,-23.125
Herbaceous,-22.875,-22.875
Scripturalism,-24.0,-24.0
Arriviste,-22.375,-22.375
Graphitoid,-23.125,-23.125
Dogbush,-23.375,-23.375
Endopod,-23.125,-23.125
Steapsins,-23.25,-23.25
Adminiculary,-23.375,-23.375
Impulsive,-23.5,-23.5
Undervaluer,-23.625,-23.625
Residental,-23.125,-23.125
Guidage,-23.375,-23.375
Retirer,-23.75,-23.75
Semidecay,-23.5,-23.5
Portfolio,-23.375,-23.375
Colloquies,-23.375,-23.375
Columba,-22.875,-22.875
Serenaders,-23.125,-23.125
Discumber,-23.125,-23.125
Epicyclic,-23.625,-23.625
Rooftrees,-22.5,-22.5
Nucleoside,-23.375,-23.375
Sunbeamy,-23.375,-23.375
Dorsoapical,-22.75,-22.75
Kingfish,-23.5,-23.5
Hyperoodon,-23.125,-23.125
Saururan,-23.125,-23.125
Photogram,-23.25,-23.25
Sapium,-23.25,-23.25
Cinchotine,-23.125,-23.125
Scepticism,-23.625,-23.625
Fenestellae,-22.875,-22.875
Tailorhood,-23.375,-23.375
Hyperlithuria,-23.25,-23.25
Overinform,-23.375,-23.375
Hiplike,-23.375,-23.375
Shoalier,-23.0,-23.0
Hypobromite,-23.625,-23.625
Apetalose,-23.25,-23.25
Disconnective,-23.25,-23.25
Transpanamic,-23.375,-23.375
Burkundaz,-22.5,-22.5
Clunker,-23.0,-23.0
Sanctificate,-23.625,-23.625
Months,-23.0,-23.0
Meiosis,-22.75,-22.75
Craniophore,-23.125,-23.125
Spurnpoint,-23.125,-23.125
Archilowe,-23.25,-23.25
Criminal,-23.625,-23.625
Squanderers,-23.5,-23.5
Bassorin,-23.25,-23.25
Phosphokinase,-23.25,-23.25
Alkalimetrical,-23.125,-23.125
Subside,-23.5,-23.5
Zoophytoid,-23.0,-23.0
Sweetkins,-22.375,-22.375
Gashful,-23.125,-23.125
Frontier,-23.375,-23.375
Metempirical,-23.125,-23.125
Emboweller,-23.5,-23.5
Hoorahs,-22.875,-22.875
Cytogenetical,-23.0,-23.0
Dairymen,-23.25,-23.25
Olympieion,-23.5,-23.5
Vergiform,-22.875,-22.875
Selenitical,-23.375,-23.375
Verticality,-23.0,-23.0
Castellany,-23.125,-23.125
Matres,-23.125,-23.125
Varletry,-23.125,-23.125
Nonnant,-23.25,-23.25
Energiatye,-22.875,-22.875
Hypogenesis,-23.75,-23.75
Gallisin,-23.125,-23.125
Schwarz,-23.375,-23.375
Neologic,-23.5,-23.5
Parabema,-23.125,-23.125
Orangier,-23.25,-23.25
Lechayims,-22.875,-22.875
Preinspire,-23.25,-23.25
Beamless,-23.0,-23.0
Plaguers,-23.0,-23.0
Thiosulfuric,-22.75,-22.75
Moanless,-23.375,-23.375
Posteromedian,-23.375,-23.375
Flamethrower,-23.0,-23.0
Rhubarb,-22.75,-22.75
Rumorous,-23.25,-23.25
Microorganism,-23.25,-23.25
Orangiest,-23.125,-23.125
Gruine,-22.75,-22.75
Barrage,-23.625,-23.625
Spoilsport,-23.125,-23.125
Catechistical,-23.0,-23.0
Gunfighter,-23.125,-23.125
Assuager,-23.625,-23.625
Bauhinias,-23.125,-23.125
Prelatial,-23.0,-23.0
Nostoc,-22.875,-22.875
Drupelet,-23.25,-23.25
Rereward,-22.875,-22.875
Spilehole,-23.0,-23.0
Crawdad,-23.125,-23.125
Villegiature,-23.125,-23.125
Monastic,-22.75,-22.75
Unstow,-23.375,-23.375
Harast,-23.0,-23.0
Mountainside,-23.0,-23.0
Episporangium,-22.75,-22.75
Braquemard,-23.125,-23.125
Hendecahedron,-22.375,-22.375
Overcare,-23.125,-23.125
Prescore,-23.125,-23.125
Fruiteress,-23.125,-23.125
Oversupplies,-23.25,-23.25
Curbline,-23.5,-23.5
Pyorrhoeic,-23.5,-23.5
Jacunda,-22.625,-22.625
Antiseptic,-23.25,-23.25
Cooperates,-22.75,-22.75
Flappier,-22.875,-22.875
Pickage,-23.0,-23.0
Hararese,-23.375,-23.375
Oppositive,-23.75,-23.75
Narrowish,-23.25,-23.25
Baffler,-23.0,-23.0
Praesertim,-23.375,-23.375
Godfrey,-22.625,-22.625
Reticularia,-23.25,-23.25
Commodity,-23.375,-23.375
Explementary,-23.5,-23.5
Perisome,-23.0,-23.0
Languid,-23.0,-23.0
Propinquitatis,-23.375,-23.375
Shafii,-23.5,-23.5
Epizoite,-23.125,-23.125
Underguard,-23.375,-23.375
Schoolgirls,-22.125,-22.125
Subconchoidal,-23.25,-23.25
Apocyneous,-23.375,-23.375
Transept,-23.375,-23.375
Cranberries,-23.125,-23.125
Hyalite,-22.625,-22.625
Fluoroborate,-23.375,-23.375
Telembi,-23.125,-23.125
Evasion,-23.75,-23.75
Anginose,-23.25,-23.25
Tetanises,-23.125,-23.125
Pinholes,-23.0,-23.0
Hematocryal,-22.875,-22.875
Tannogallic,-23.125,-23.125
Ostraca,-22.875,-22.875
Coorie,-22.625,-22.625
Conoidical,-23.125,-23.125
Salele,-22.875,-22.875
Scrimmage,-23.0,-23.0
Organless,-23.125,-23.125
Nonsequential,-22.625,-22.625
Brinkmanship,-22.875,-22.875
Mesaxonic,-23.0,-23.0
Rickettsias,-22.75,-22.75
Opulence,-23.625,-23.625
Schrebera,-23.375,-23.375
Lampadist,-23.375,-23.375
Concordial,-23.25,-23.25
Oariocele,-23.125,-23.125
Camacan,-23.0,-23.0
Cassabanana,-22.875,-22.875
Stellenbosch,-22.875,-22.875
Psychorhythm,-23.25,-23.25
Popularizer,-23.875,-23.875
Arvicolinae,-22.875,-22.875
Subtranslucent,-23.375,-23.375
Dysteleology,-23.25,-23.25
Argentinian,-23.125,-23.125
Inebriacy,-23.125,-23.125
Jussiaea,-23.0,-23.0
Bicornate,-23.5,-23.5
Preinstructive,-23.5,-23.5
Endear,-22.875,-22.875
Tomboyism,-23.625,-23.625
Hooligan,-23.625,-23.625
Pseudosuchia,-22.875,-22.875
Aizoon,-23.125,-23.125
Heterotaxy,-23.375,-23.375
Tenderizers,-23.0,-23.0
Springwater,-23.25,-23.25
Delphinus,-23.0,-23.0
Outstood,-23.125,-23.125
Polydactyle,-23.125,-23.125
Scalesman,-22.75,-22.75
Flatcars,-22.875,-22.875
Middenstead,-22.5,-22.5
Meatoscopy,-22.5,-22.5
Gownlet,-23.125,-23.125
Spirous,-22.625,-22.625
Slitless,-23.125,-23.125
Ceraceous,-22.75,-22.75
Trokes,-23.125,-23.125
Nematelminthes,-22.375,-22.375
Company,-22.875,-22.875
Catnache,-22.875,-22.875
Antitrust,-23.75,-23.75
Periost,-23.375,-23.375
Vampirize,-23.125,-23.125
Maulawiyah,-23.75,-23.75
Coudee,-23.5,-23.5
Ontography,-23.25,-23.25
Byrewoman,-22.75,-22.75
Kurilian,-22.875,-22.875
Cartoonist,-23.25,-23.25
Interurban,-23.125,-23.125
Germanium,-22.875,-22.875
Mongeese,-23.125,-23.125
Poortiths,-23.25,-23.25
Poland,-23.25,-23.25
Egoizer,-23.5,-23.5
Preconstructs,-23.0,-23.0
Brunoniaceae,-23.25,-23.25
Troglodytinae,-23.375,-23.375
Phytonomy,-23.375,-23.375
Moustoc,-23.625,-23.625
Remelt,-23.0,-23.0
Tobacconize,-22.875,-22.875
Voicelet,-23.125,-23.125
Calcifugal,-23.125,-23.125
Brevier,-23.0,-23.0
Bourage,-23.375,-23.375
Pensionat,-22.625,-22.625
Aquameter,-23.25,-23.25
Apyretic,-23.375,-23.375
Nonterritorial,-23.625,-23.625
Unthinkability,-23.125,-23.125
Hyaloandesite,-23.0,-23.0
Ultramodernist,-23.75,-23.75
Cynogenealogy,-23.375,-23.375
Cingulectomy,-23.375,-23.375
Schnapper,-22.75,-22.75
Reimport,-23.75,-23.75
Deterministic,-23.0,-23.0
Pituita,-23.375,-23.375
Antirabies,-23.5,-23.5
Civilize,-23.875,-23.875
Aikido,-23.375,-23.375
Unnimble,-23.375,-23.375
Biopotential,-22.875,-22.875
Depositor,-23.375,-23.375
Silvery,-23.375,-23.375
Cocciform,-23.5,-23.5
Comitant,-23.625,-23.625
Beryline,-22.75,-22.75
Degassers,-23.125,-23.125
Loudmouths,-23.25,-23.25
Romanceress,-22.875,-22.875
Tradename,-23.5,-23.5
Jiveass,-22.875,-22.875
Hypocalcemia,-23.25,-23.25
Gypsywise,-22.875,-22.875
Roughleg,-22.625,-22.625
Peterkin,-22.75,-22.75
Haptor,-23.625,-23.625
Sulphurproof,-23.125,-23.125
Viscose,-23.0,-23.0
Unmellow,-23.25,-23.25
Bulletin,-22.75,-22.75
Nondecane,-23.0,-23.0
Palateless,-23.0,-23.0
Coosers,-23.25,-23.25
Integrand,-23.375,-23.375
Tarrish,-23.25,-23.25
Exulceratory,-23.25,-23.25
Centipede,-23.125,-23.125
Aftercare,-22.625,-22.625
Monogenea,-22.75,-22.75
Daftlike,-23.375,-23.375
Reservative,-23.5,-23.5
Kinker,-23.125,-23.125
Musimon,-23.25,-23.25
Quarternight,-23.25,-23.25
Prisms,-23.125,-23.125
Dissonous,-23.375,-23.375
Pillowwork,-23.125,-23.125
Hoopmaker,-23.375,-23.375
Overcry,-23.375,-23.375
Monosomatic,-23.25,-23.25
Cyclopoid,-23.0,-23.0
Hemlines,-22.375,-22.375
Gainings,-23.125,-23.125
Infrabuccal,-22.875,-22.875
Tectosages,-23.25,-23.25
Edgemaker,-23.125,-23.125
Galvanography,-23.25,-23.25
Jumperism,-23.625,-23.625
Schute,-22.75,-22.75
Acroconidium,-23.0,-23.0
Redimensions,-22.875,-22.875
Overgenerous,-23.5,-23.5
Netchilik,-22.875,-22.875
Pseudocentric,-23.25,-23.25
Mental,-22.875,-22.875
Palegold,-23.0,-23.0
Ahorse,-23.25,-23.25
Predismissal,-23.5,-23.5
Unlatches,-23.25,-23.25
Underhatch,-23.375,-23.375
Chunderous,-23.0,-23.0
Physiform,-23.0,-23.0
Saumont,-22.75,-22.75
Indicatorinae,-23.125,-23.125
Whoosh,-22.75,-22.75
Privant,-23.375,-23.375
Penner,-23.125,-23.125
Demihorse,-23.125,-23.125
Highchair,-22.625,-22.625
Projacient,-23.125,-23.125
Maryknoll,-22.875,-22.875
Sanders,-22.625,-22.625
Papabote,-23.5,-23.5
Immensurate,-23.25,-23.25
Fluxion,-23.125,-23.125
Sumage,-23.125,-23.125
Diachylum,-23.0,-23.0
Reattains,-23.375,-23.375
Pupunha,-23.375,-23.375
Sentential,-23.5,-23.5
Methylal,-23.0,-23.0
Redipper,-23.125,-23.125
Lingster,-23.125,-23.125
Flames,-23.125,-23.125
Augers,-22.75,-22.75
Unjocund,-23.375,-23.375
Yengeese,-23.125,-23.125
Lithofellic,-23.0,-23.0
Nonascendance,-23.0,-23.0
Stomatomycosis,-22.625,-22.625
Polydisperse,-23.875,-23.875
Bodhisattwa,-23.0,-23.0
Spreng,-23.375,-23.375
Equipostile,-23.25,-23.25
Tartufish,-22.5,-22.5
Outfind,-23.125,-23.125
Passaggi,-22.75,-22.75
Islamism,-24.25,-24.25
Zootherapy,-22.875,-22.875
Overmagnetic,-23.75,-23.75
Nondialectic,-23.75,-23.75
Vinegar,-22.75,-22.75
Nighest,-23.375,-23.375
Xenophobes,-23.5,-23.5
Largen,-23.375,-23.375
Dolabrate,-23.5,-23.5
Shawlless,-22.5,-22.5
Snazzy,-22.5,-22.5
Tragasol,-22.875,-22.875
Eequinoctium,-23.0,-23.0
Liberality,-23.875,-23.875
Exotica,-23.375,-23.375
Bruchidae,-23.125,-23.125
Warners,-22.875,-22.875
Doublette,-23.75,-23.75
Homotype,-23.75,-23.75
Lurdans,-23.125,-23.125
Gentiana,-23.25,-23.25
Viscoscope,-23.125,-23.125
Trochleariform,-23.125,-23.125
Paralogism,-24.0,-24.0
Convergent,-23.375,-23.375
Filosus,-23.375,-23.375
Extraprostatic,-23.125,-23.125
Atretic,-22.875,-22.875
Paramyelin,-23.125,-23.125
Tabret,-23.0,-23.0
Subeffective,-23.25,-23.25
Biblicism,-24.0,-24.0
Choriambuses,-23.25,-23.25
Plasmology,-23.375,-23.375
Phytase,-23.25,-23.25
Cresamine,-22.75,-22.75
Amiability,-23.25,-23.25
Lilacs,-22.5,-22.5
Chumpy,-22.75,-22.75
Hygienists,-22.875,-22.875
Ostreophagist,-23.0,-23.0
Centrobaric,-23.0,-23.0
Haeres,-23.25,-23.25
Spinuliform,-23.25,-23.25
Subconvolute,-23.375,-23.375
Galeidae,-23.25,-23.25
Stemless,-22.875,-22.875
Vendibilities,-22.875,-22.875
Sericins,-23.375,-23.375
Discommode,-22.875,-22.875
Swordcraft,-23.125,-23.125
Inhumane,-23.25,-23.25
Handclasp,-23.375,-23.375
Sympathizes,-23.375,-23.375
Rhynchophora,-23.0,-23.0
Teutonism,-23.875,-23.875
Binnacle,-23.125,-23.125
Espadrilles,-22.75,-22.75
Anagenesis,-23.625,-23.625
Quartetto,-23.25,-23.25
Echinochloa,-22.625,-22.625
Hematopoiesis,-23.375,-23.375
Externes,-23.5,-23.5
Earthworks,-23.0,-23.0
Notepads,-23.25,-23.25
Hemiglossal,-23.375,-23.375
Sicyonic,-23.75,-23.75
Inglobe,-23.5,-23.5
Capple,-23.125,-23.125
Emulsifies,-23.25,-23.25
Hemoproctia,-23.125,-23.125
Kobellite,-23.125,-23.125
Bephrase,-23.25,-23.25
Dissimilate,-23.625,-23.625
Chloropia,-23.125,-23.125
Horologies,-22.875,-22.875
Embossman,-23.5,-23.5
Lexicologist,-23.5,-23.5
Snuffers,-23.125,-23.125
Epithymetical,-23.125,-23.125
Cremocarp,-23.0,-23.0
Counterriposte,-23.375,-23.375
Networks,-23.375,-23.375
Evilest,-23.25,-23.25
Noncontinuance,-23.5,-23.5
Prosorus,-23.0,-23.0
Quirts,-23.125,-23.125
Concessory,-23.125,-23.125
Cevadine,-23.25,-23.25
Lowland,-23.25,-23.25
Squattest,-23.0,-23.0
Teeswater,-22.625,-22.625
Oxindole,-23.75,-23.75
Vicinages,-23.375,-23.375
Kolobia,-23.0,-23.0
Subsheriff,-23.375,-23.375
Gormandism,-23.375,-23.375
Brickkiln,-23.125,-23.125
Prohibiter,-23.375,-23.375
Outbeggar,-23.625,-23.625
Holochoanites,-23.25,-23.25
Nitrolamine,-23.375,-23.375
Macroanalyst,-23.625,-23.625
Posttetanic,-23.375,-23.375
Bromos,-23.125,-23.125
Osmogene,-23.75,-23.75
Decolonise,-23.625,-23.625
Honduran,-22.625,-22.625
Gypsoplast,-23.375,-23.375
Incrustations,-23.0,-23.0
Tamenesses,-23.5,-23.5
Septomaxillary,-23.0,-23.0
Linters,-23.0,-23.0
Modular,-23.125,-23.125
Landowners,-23.25,-23.25
Hoopoo,-23.375,-23.375
Decoherer,-23.125,-23.125
Phoenix,-23.5,-23.5
Enrage,-23.5,-23.5
Nitrosomonas,-22.375,-22.375
Itcheoglan,-22.75,-22.75
Splenectopia,-23.0,-23.0
Choufleur,-22.875,-22.875
Typhoemia,-23.25,-23.25
Bassnesses,-23.0,-23.0
Endogenies,-23.375,-23.375
Preaffiliate,-23.25,-23.25
Thronos,-22.875,-22.875
Hidalgo,-23.75,-23.75
Chorous,-23.0,-23.0
Ligature,-23.125,-23.125
Cephalofacial,-22.75,-22.75
Perioptic,-22.875,-22.875
Footlicker,-23.25,-23.25
Metadromous,-23.0,-23.0
Limitrophe,-23.5,-23.5
Testificator,-23.25,-23.25
Tarbogan,-23.625,-23.625
Greenstone,-23.25,-23.25
Unintegrative,-23.875,-23.875
Hereditarian,-23.25,-23.25
Quince,-23.125,-23.125
Splenauxe,-22.75,-22.75
Nurser,-23.0,-23.0
Gotham,-22.875,-22.875
Seership,-22.875,-22.875
Bridemaid,-23.125,-23.125
Gasmen,-22.875,-22.875
Erythron,-22.875,-22.875
Goorals,-23.0,-23.0
Coquetoon,-23.0,-23.0
Unerodent,-23.25,-23.25
Saxophone,-22.625,-22.625
Octagonal,-23.375,-23.375
Bawhorse,-23.5,-23.5
Nonconformity,-23.375,-23.375
Laxifoliate,-23.25,-23.25
Daleman,-22.75,-22.75
Brainy,-23.25,-23.25
Threaders,-23.0,-23.0
Alopecic,-23.25,-23.25
Bushings,-23.0,-23.0
Glutamate,-22.625,-22.625
Staatsraad,-23.0,-23.0
Noshers,-23.125,-23.125
Englishmen,-24.0,-24.0
Coveter,-23.5,-23.5
Squashers,-23.125,-23.125
Intendeds,-23.375,-23.375
Lymphosarcomas,-22.75,-22.75
Derepress,-23.5,-23.5
Macros,-23.5,-23.5
Antiphonies,-23.5,-23.5
Brushiest,-22.875,-22.875
Terfezia,-23.125,-23.125
Picrotin,-23.375,-23.375
Loutrophoros,-22.875,-22.875
Xylophagid,-22.75,-22.75
Marxism,-24.125,-24.125
Lawson,-23.0,-23.0
Dedimus,-23.25,-23.25
Mormorando,-23.0,-23.0
Brache,-23.375,-23.375
Sheiks,-22.875,-22.875
Biosynthesis,-23.5,-23.5
Bemist,-23.375,-23.375
Thankyou,-23.125,-23.125
Precess,-23.5,-23.5
Splenoid,-23.375,-23.375
Homework,-22.875,-22.875
Continuate,-23.25,-23.25
Urceolina,-23.125,-23.125
Eurygaea,-23.0,-23.0
Exudate,-23.25,-23.25
Asaphid,-23.125,-23.125
Autopticity,-23.125,-23.125
Colibacillosis,-22.875,-22.875
Beetler,-22.625,-22.625
Scandium,-23.0,-23.0
Berean,-22.875,-22.875
Undazzle,-23.25,-23.25
Beglerbeg,-22.5,-22.5
Gemlike,-23.125,-23.125
Youngun,-23.125,-23.125
Stinter,-23.0,-23.0
Suprailiac,-23.0,-23.0
Hyperwrought,-23.375,-23.375
Documentize,-23.0,-23.0
Flourishy,-23.125,-23.125
Untreacherous,-23.5,-23.5
Unroots,-23.625,-23.625
Keratoscopy,-22.875,-22.875
Orchestrina,-23.375,-23.375
Cresoline,-22.5,-22.5
Wampuses,-23.125,-23.125
Tallowlike,-23.375,-23.375
Wullawins,-23.125,-23.125
Smugglers,-23.125,-23.125
Misspell,-22.75,-22.75
Physcomitrium,-23.0,-23.0
Supergene,-23.375,-23.375
Bushveld,-23.0,-23.0
Agrotechny,-23.125,-23.125
Amidward,-23.25,-23.25
Turcism,-24.25,-24.25
Graphite,-23.125,-23.125
Unlight,-23.625,-23.625
Nestlike,-23.25,-23.25
Perisher,-22.5,-22.5
Fruggin,-22.875,-22.875
Allocaffeine,-22.75,-22.75
Skegger,-23.125,-23.125
Vindaloo,-22.875,-22.875
Enomotarch,-23.625,-23.625
Marrowfat,-23.0,-23.0
Scungili,-23.375,-23.375
Flashguns,-22.875,-22.875
Pentamerous,-23.625,-23.625
Westfalite,-23.125,-23.125
Isothermobath,-23.125,-23.125
Saprophytism,-23.5,-23.5
Neocubism,-23.75,-23.75
Cidarid,-22.875,-22.875
Fearnaught,-22.375,-22.375
Overfurnishes,-23.125,-23.125
Uterocele,-22.625,-22.625
Listers,-23.125,-23.125
Unquotes,-23.5,-23.5
Circuiter,-23.25,-23.25
Curettes,-23.0,-23.0
Lector,-23.5,-23.5
Weasels,-22.875,-22.875
Vizierial,-23.25,-23.25
Vicecomes,-23.25,-23.25
Nurselet,-22.75,-22.75
Synclines,-23.375,-23.375
Mucoids,-23.0,-23.0
Ogdoas,-23.0,-23.0
Enneagons,-23.25,-23.25
Retrocardiac,-23.0,-23.0
Exstrophy,-23.375,-23.375
Stirrer,-23.75,-23.75
Recushion,-23.375,-23.375
Kaleidescope,-23.0,-23.0
Absampere,-23.375,-23.375
Proveditor,-23.75,-23.75
Transvalue,-23.75,-23.75
Source,-23.5,-23.5
Hahnemannian,-23.125,-23.125
Upwound,-23.5,-23.5
Kindredless,-22.875,-22.875
Multiplexor,-23.125,-23.125
Heterography,-23.5,-23.5
Anallagmatis,-23.125,-23.125
Chemisette,-22.875,-22.875
Gifblaar,-22.75,-22.75
Senhorita,-23.0,-23.0
Moodir,-23.375,-23.375
Welsom,-23.625,-23.625
Archeologian,-23.125,-23.125
Murrha,-23.125,-23.125
Excipula,-22.75,-22.75
Supersensitize,-23.75,-23.75
Highhole,-23.125,-23.125
Preappearance,-23.25,-23.25
Aerospace,-23.0,-23.0
Quinolinic,-22.75,-22.75
Incapacities,-22.875,-22.875
Creeshy,-22.875,-22.875
Tofore,-23.0,-23.0
Taetsia,-23.125,-23.125
Rerival,-23.625,-23.625
Unusuality,-23.625,-23.625
Overlands,-23.0,-23.0
Remanufacture,-23.375,-23.375
Myomancy,-23.0,-23.0
Vicomtesse,-22.875,-22.875
Fetters,-23.125,-23.125
Encheer,-23.75,-23.75
Restigmatize,-23.0,-23.0
Unpack,-23.125,-23.125
Backblocks,-23.375,-23.375
Whaleman,-22.625,-22.625
Lamprophony,-23.625,-23.625
Escribe,-23.0,-23.0
Siddurim,-23.25,-23.25
Frottage,-23.375,-23.375
Tongueful,-23.25,-23.25
Caliphal,-23.375,-23.375
Subtertian,-23.625,-23.625
Ferrums,-22.875,-22.875
Quango,-23.5,-23.5
Presages,-22.875,-22.875
Toxophil,-23.0,-23.0
Knifeless,-22.875,-22.875
Khansama,-23.0,-23.0
Isoindole,-23.125,-23.125
Rebulk,-23.25,-23.25
Desserts,-22.375,-22.375
Hanahill,-23.125,-23.125
Pulegol,-23.25,-23.25
Shaglet,-23.125,-23.125
Androphore,-23.25,-23.25
Svetambara,-23.125,-23.125
Abumbrellar,-23.25,-23.25
Warnings,-22.75,-22.75
Auroauric,-23.25,-23.25
Planetal,-23.0,-23.0
Mushrooms,-23.125,-23.125
Communitorium,-23.5,-23.5
Skatol,-23.25,-23.25
Paradoxides,-23.5,-23.5
Tenebrity,-23.25,-23.25
Papergirl,-23.625,-23.625
Overgot,-23.5,-23.5
Hotter,-23.0,-23.0
Haidan,-23.75,-23.75
Panegyricize,-23.75,-23.75
Unmuddle,-22.875,-22.875
Unpenitential,-23.75,-23.75
Metasomasis,-23.25,-23.25
Antipestilence,-23.5,-23.5
Somewhence,-23.125,-23.125
Nornicotine,-23.375,-23.375
Mesorchium,-23.375,-23.375
Discission,-23.375,-23.375
Dearnesses,-23.25,-23.25
Heptarchs,-23.125,-23.125
Noonwards,-23.0,-23.0
Tipful,-23.0,-23.0
Bangkoks,-23.25,-23.25
Opinion,-23.5,-23.5
Possemen,-23.25,-23.25
Turnway,-23.25,-23.25
Knysna,-22.625,-22.625
Phaenomenon,-23.125,-23.125
Stelai,-23.5,-23.5
Nephelinitic,-23.125,-23.125
Precentrix,-23.0,-23.0
Cribber,-23.5,-23.5
Phrasem,-23.125,-23.125
Subservience,-23.375,-23.375
Cavayard,-22.875,-22.875
Retitle,-23.375,-23.375
Gamopetalous,-23.25,-23.25
Uncontributive,-23.625,-23.625
Unnatural,-23.375,-23.375
Sheepless,-23.375,-23.375
Humdingers,-23.0,-23.0
Purportless,-23.375,-23.375
Unhurtful,-23.375,-23.375
Elaborators,-23.25,-23.25
Goniatitid,-22.75,-22.75
Seragli,-22.875,-22.875
Pensils,-22.625,-22.625
Prepectoral,-23.625,-23.625
Unsmote,-23.25,-23.25
Collectivity,-23.5,-23.5
Superstatesman,-23.25,-23.25
Dodecatyl,-23.25,-23.25
Catocathartic,-23.5,-23.5
Antipyretic,-23.25,-23.25
Chorogi,-23.5,-23.5
Couchette,-22.75,-22.75
Frusta,-22.875,-22.875
Hypopiesis,-23.5,-23.5
Physocarpus,-23.0,-23.0
Alictisal,-23.0,-23.0
Trophophorous,-23.25,-23.25
Abactinal,-23.25,-23.25
Sociocentric,-23.5,-23.5
Rachianectes,-23.0,-23.0
Brumous,-23.375,-23.375
Devota,-22.875,-22.875
Plutolatry,-23.375,-23.375
Suppletory,-23.5,-23.5
Alnitak,-22.625,-22.625
Camletine,-22.625,-22.625
Lupercal,-23.0,-23.0
Scrabe,-23.125,-23.125
Resects,-23.375,-23.375
Wobegonish,-22.625,-22.625
Daglocks,-22.875,-22.875
Semipastoral,-23.5,-23.5
Displicency,-23.625,-23.625
Saeculum,-23.25,-23.25
Constructer,-23.625,-23.625
Fissirostrate,-23.5,-23.5
Antilogarithms,-23.625,-23.625
Ponderance,-23.125,-23.125
Superficialize,-23.0,-23.0
Unakite,-22.75,-22.75
Preconceal,-23.25,-23.25
Dicranaceae,-23.0,-23.0
Gnawings,-22.625,-22.625
Jangler,-23.0,-23.0
Reacceptance,-23.5,-23.5
Cheesier,-23.0,-23.0
Chansonette,-22.75,-22.75
Thingut,-23.0,-23.0
Cinques,-23.25,-23.25
Postxiphoid,-23.25,-23.25
Mercurean,-23.0,-23.0
Trolley,-23.125,-23.125
Constancy,-23.625,-23.625
Interzooecial,-23.0,-23.0
Desidiose,-23.0,-23.0
Inqilab,-23.875,-23.875
Mopery,-23.375,-23.375
Antireformer,-23.875,-23.875
Troilism,-23.625,-23.625
Bishopful,-23.25,-23.25
Cycloidei,-23.125,-23.125
Gavial,-22.875,-22.875
Overpert,-23.375,-23.375
Loomfixer,-22.875,-22.875
Latchmen,-23.5,-23.5
Ninevitish,-23.375,-23.375
Demesgne,-23.0,-23.0
Unshutter,-23.375,-23.375
Whitewort,-22.75,-22.75
Pectinogen,-23.125,-23.125
Duckwife,-23.25,-23.25
Horatory,-23.375,-23.375
Tapelike,-23.375,-23.375
Outwove,-23.125,-23.125
Nitrobenzol,-23.0,-23.0
Honoree,-23.0,-23.0
Fruitier,-22.75,-22.75
Inductances,-23.75,-23.75
Stalingrad,-23.125,-23.125
Illuminatist,-23.25,-23.25
Leaseholders,-23.0,-23.0
Subsacral,-23.375,-23.375
Misaccent,-23.25,-23.25
Deceptive,-23.125,-23.125
Blancher,-23.25,-23.25
Huggery,-23.375,-23.375
Nonsubversion,-23.75,-23.75
Tongers,-23.375,-23.375
Picottah,-22.625,-22.625
Iliocostalis,-23.25,-23.25
Nonobscurities,-23.375,-23.375
Putterer,-23.125,-23.125
Tricerion,-22.875,-22.875
Recitativical,-23.25,-23.25
Unintegral,-23.375,-23.375
Nonzoological,-23.375,-23.375
Combite,-22.75,-22.75
Phytology,-23.25,-23.25
Trochoidal,-23.5,-23.5
Fluoresage,-23.5,-23.5
Neocolonial,-23.125,-23.125
Hyoglossi,-23.0,-23.0
Ambers,-22.875,-22.875
Retrograde,-23.125,-23.125
Gliadines,-23.0,-23.0
Dauerschlaf,-22.375,-22.375
Lingual,-23.25,-23.25
Caroteel,-22.875,-22.875
Podomeres,-23.125,-23.125
Uirina,-22.75,-22.75
Terpsichoreal,-23.0,-23.0
Distemperure,-23.125,-23.125
Cardigan,-23.0,-23.0
Cynosurus,-22.75,-22.75
Discongruity,-23.75,-23.75
Octometer,-23.5,-23.5
Maintops,-23.375,-23.375
Colongitude,-23.25,-23.25
Airwaybill,-23.125,-23.125
Disperple,-23.625,-23.625
Inirritative,-23.5,-23.5
Dialister,-22.75,-22.75
Irritate,-23.25,-23.25
Misdoubts,-23.25,-23.25
Subcompany,-23.0,-23.0
Stannery,-23.25,-23.25
Lamenter,-23.25,-23.25
Rachiform,-22.875,-22.875
Marsupium,-23.0,-23.0
Coproite,-23.625,-23.625
Unfictitious,-23.25,-23.25
Lancashire,-22.875,-22.875
Scimitar,-23.0,-23.0
Brethren,-22.875,-22.875
Shimper,-23.125,-23.125
Fruitist,-23.0,-23.0
Mesophil,-23.125,-23.125
Sagamen,-22.75,-22.75
Anecdotist,-23.375,-23.375
Stapelia,-22.0,-22.0
Omphalotomy,-23.125,-23.125
Lungyi,-23.5,-23.5
Anopsy,-23.125,-23.125
Orchidotomy,-23.375,-23.375
Leukons,-22.875,-22.875
Morphographer,-23.125,-23.125
Whetters,-23.0,-23.0
Cycloidean,-23.125,-23.125
Emajagua,-22.75,-22.75
Valliscaulian,-22.875,-22.875
Contempt,-23.25,-23.25
Elaiosome,-23.25,-23.25
Carbinyl,-23.125,-23.125
Provocational,-23.375,-23.375
Frigid,-22.5,-22.5
Clauster,-22.875,-22.875
Arzrunite,-23.0,-23.0
Prefectship,-23.875,-23.875
Stomatocace,-23.25,-23.25
Exclusionism,-23.75,-23.75
Isogamous,-23.375,-23.375
Glykopexic,-22.625,-22.625
Indictors,-24.0,-24.0
Cogences,-23.0,-23.0
Craniums,-23.125,-23.125
Grottoes,-23.25,-23.25
Wherein,-22.375,-22.375
Podtia,-23.375,-23.375
Cudden,-23.375,-23.375
Presuspicious,-23.25,-23.25
Microperthite,-23.375,-23.375
Modelings,-22.875,-22.875
Yippee,-23.25,-23.25
Acetylglycine,-22.75,-22.75
Adhibit,-23.5,-23.5
Sweeps,-22.75,-22.75
Zwanziger,-23.0,-23.0
Torridity,-23.375,-23.375
Sontenna,-23.375,-23.375
Janeiro,-23.25,-23.25
Autotomise,-23.375,-23.375
Pentyne,-23.5,-23.5
Otopyosis,-23.125,-23.125
Flauntier,-23.25,-23.25
Adiaphoretic,-23.0,-23.0
Rescripts,-23.5,-23.5
Grivois,-23.25,-23.25
Metopes,-23.0,-23.0
Detracter,-23.5,-23.5
Cyclometer,-23.5,-23.5
Seldseen,-22.75,-22.75
Cogglety,-22.875,-22.875
Onomatophobia,-23.375,-23.375
Indigo,-23.25,-23.25
Samydaceae,-23.125,-23.125
Backjoint,-23.5,-23.5
Vernalizes,-23.25,-23.25
Fusions,-23.5,-23.5
Chinbeak,-23.625,-23.625
Befire,-23.25,-23.25
Hymeniums,-23.0,-23.0
Classroom,-23.0,-23.0
Detergible,-23.125,-23.125
Marquisette,-23.125,-23.125
Ozonides,-23.375,-23.375
Hermitical,-23.25,-23.25
Hackwork,-23.25,-23.25
Cyanhydrate,-23.125,-23.125
Overblow,-23.25,-23.25
Unvenerability,-23.5,-23.5
Berrigan,-22.25,-22.25
Vaunce,-22.625,-22.625
Gambia,-22.875,-22.875
Grusian,-23.0,-23.0
Mithridatic,-23.125,-23.125
Crispate,-23.375,-23.375
Heirdom,-23.875,-23.875
Tambreet,-23.125,-23.125
Codifiability,-23.5,-23.5
Vintage,-23.125,-23.125
Nonreciprocity,-23.375,-23.375
Loricata,-23.0,-23.0
Folderols,-22.625,-22.625
Subcontinental,-23.25,-23.25
Reconverge,-23.5,-23.5
Odontogeny,-23.25,-23.25
Sarcopsylla,-22.75,-22.75
Chiropody,-22.875,-22.875
Bandoleers,-23.25,-23.25
Hippocratic,-23.0,-23.0
Sidewiper,-23.5,-23.5
Bumbarge,-23.375,-23.375
Oikoplast,-23.125,-23.125
Shovegroat,-22.75,-22.75
Prohibita,-23.25,-23.25
Typology,-23.125,-23.125
Scalados,-23.0,-23.0
Skidpan,-23.125,-23.125
Predominancy,-23.625,-23.625
Moorcock,-23.0,-23.0
Undergrieve,-23.625,-23.625
Retrain,-23.5,-23.5
Crypts,-22.75,-22.75
Spiritous,-23.125,-23.125
Effulgences,-23.25,-23.25
Sandeep,-23.125,-23.125
Plaiters,-23.25,-23.25
Cagester,-23.0,-23.0
Olluck,-23.25,-23.25
Farriery,-23.125,-23.125
Outvaunt,-22.875,-22.875
Nonschematic,-23.375,-23.375
Exhauster,-23.25,-23.25
Peltifolious,-23.25,-23.25
Bayamo,-23.0,-23.0
Palaestric,-23.25,-23.25
Devote,-23.0,-23.0
Trifarious,-23.125,-23.125
Vermetid,-23.0,-23.0
Goofballs,-23.5,-23.5
Phalerate,-23.375,-23.375
Angiosclerosis,-23.375,-23.375
Reticuloramose,-23.25,-23.25
Desaurine,-23.125,-23.125
Prewelcome,-23.875,-23.875
Priestesses,-22.625,-22.625
Fishworker,-23.375,-23.375
Emblazers,-22.875,-22.875
Barrulee,-22.875,-22.875
Polygon,-23.375,-23.375
Ophthalmolith,-22.875,-22.875
Antefurcae,-23.25,-23.25
Paratonnerre,-23.0,-23.0
Chayma,-23.25,-23.25
Yangtze,-23.0,-23.0
Unassiduous,-23.5,-23.5
Freewill,-23.125,-23.125
Coplot,-23.625,-23.625
Positival,-23.125,-23.125
Methylsulfanol,-23.0,-23.0
Drifts,-22.875,-22.875
Needlecord,-23.375,-23.375
Terroristic,-22.875,-22.875
Babies,-22.5,-22.5
Mandibles,-22.5,-22.5
Dinornithes,-23.25,-23.25
Betorcinol,-23.125,-23.125
Eyewort,-23.125,-23.125
Bitumen,-23.375,-23.375
Chorizos,-23.375,-23.375
Rhymes,-22.75,-22.75
Pickwick,-22.625,-22.625
Literal,-23.25,-23.25
Minvend,-23.5,-23.5
Outsmarts,-23.5,-23.5
Roseolas,-22.125,-22.125
Tuguria,-23.5,-23.5
Tractory,-23.5,-23.5
Orobanchaceous,-23.25,-23.25
Leucoxene,-22.875,-22.875
Nonpenitent,-23.25,-23.25
Beheads,-23.5,-23.5
Unmelodic,-23.375,-23.375
Gasogenes,-23.5,-23.5
Wailers,-23.5,-23.5
Electroviscous,-23.375,-23.375
Fluoaluminic,-22.75,-22.75
Arecolin,-23.25,-23.25
Umpirages,-22.875,-22.875
Postabdominal,-23.375,-23.375
Metaphoric,-23.25,-23.25
Swinish,-22.875,-22.875
Adelite,-23.25,-23.25
Valgoid,-23.125,-23.125
Oatcake,-22.875,-22.875
Phyllopteryx,-22.375,-22.375
Whirlbat,-22.625,-22.625
Plumrock,-22.75,-22.75
Bander,-23.375,-23.375
Pagehood,-23.125,-23.125
Lyretail,-23.375,-23.375
Nabcheat,-22.875,-22.875
Pawnbrokerage,-23.125,-23.125
Cruzadoes,-23.25,-23.25
Aurang,-23.0,-23.0
Insidious,-22.75,-22.75
Stretchers,-23.0,-23.0
Seenil,-22.75,-22.75
Paracresol,-23.375,-23.375
Descendant,-22.875,-22.875
Megalornis,-22.875,-22.875
Clapcake,-22.375,-22.375
Washbrew,-22.75,-22.75
Bishopbird,-22.75,-22.75
Fickle,-23.5,-23.5
Poecilitic,-23.875,-23.875
Gnomesque,-23.125,-23.125
Yankeefy,-23.125,-23.125
Underdraw,-23.125,-23.125
Multiracial,-23.125,-23.125
Hydropsy,-23.0,-23.0
Urethroplastic,-23.0,-23.0
Verglases,-23.25,-23.25
Oustiti,-23.125,-23.125
Hookmaker,-23.375,-23.375
Anomaloscope,-23.125,-23.125
Tindery,-23.0,-23.0
Duenesses,-22.875,-22.875
Misfields,-23.25,-23.25
Pimplinae,-23.375,-23.375
Stellas,-22.875,-22.875
Pogonias,-23.375,-23.375
Sulcatorimose,-23.125,-23.125
Rediminish,-22.875,-22.875
Lactotoxin,-23.125,-23.125
Aneurysms,-22.625,-22.625
Redistribute,-23.5,-23.5
Tieless,-23.125,-23.125
Rigoristic,-23.125,-23.125
Woodlands,-22.875,-22.875
Nacionalista,-23.25,-23.25
Saccos,-23.0,-23.0
Parosteal,-23.125,-23.125
Swordsmen,-23.125,-23.125
Jungli,-23.375,-23.375
Accerse,-23.375,-23.375
Counterpotency,-23.625,-23.625
Untack,-23.375,-23.375
Chinaroot,-23.5,-23.5
Junipers,-23.25,-23.25
Muscovites,-23.875,-23.875
Glowbird,-22.875,-22.875
Antiprimer,-23.75,-23.75
Outsmiles,-23.125,-23.125
Javelin,-23.25,-23.25
Diaskeuasis,-23.125,-23.125
Coconucan,-23.25,-23.25
Rubles,-22.75,-22.75
Bullan,-23.25,-23.25
Carpals,-23.0,-23.0
Extortive,-23.75,-23.75
Chikara,-23.0,-23.0
Ascorbate,-23.125,-23.125
Uranolite,-22.75,-22.75
Scroinoch,-22.875,-22.875
Chirimoyer,-23.25,-23.25
Shrimpiest,-23.25,-23.25
Sundays,-23.25,-23.25
Epizooties,-23.125,-23.125
Esthematology,-23.0,-23.0
Potichomanist,-23.375,-23.375
Ophidian,-22.875,-22.875
Uncomic,-23.5,-23.5
Herbal,-22.5,-22.5
Abkary,-23.5,-23.5
Concoctions,-23.125,-23.125
Keelman,-22.875,-22.875
Americanistic,-23.0,-23.0
Novice,-23.0,-23.0
Pseudocoele,-23.125,-23.125
Francophilism,-24.125,-24.125
Chloranthy,-22.875,-22.875
Meconioid,-22.875,-22.875
Papalise,-23.625,-23.625
Multimodal,-23.25,-23.25
Yelpers,-22.5,-22.5
Biopsy,-23.5,-23.5
Ceennacuelum,-23.0,-23.0
Nonperverse,-23.5,-23.5
Limnoplankton,-21.875,-21.875
Punkies,-23.0,-23.0
Scabwort,-22.625,-22.625
Molimen,-23.25,-23.25
Stuggy,-23.125,-23.125
Indaconitin,-23.625,-23.625
Idolise,-23.5,-23.5
Assignor,-23.625,-23.625
Forces,-23.25,-23.25
Conserves,-23.125,-23.125
Valerianate,-23.375,-23.375
Bastinadoes,-23.5,-23.5
Chummies,-23.0,-23.0
Nutbreaker,-23.25,-23.25
Cinchonology,-23.125,-23.125
Mackle,-23.25,-23.25
Touchmark,-22.625,-22.625
Ghetti,-23.0,-23.0
Fragmentizer,-23.375,-23.375
Flummydiddle,-22.75,-22.75
Obelism,-23.625,-23.625
Odorizes,-23.0,-23.0
Inviters,-23.5,-23.5
Vulpes,-23.25,-23.25
Essency,-23.125,-23.125
Sialagogic,-23.25,-23.25
Reeden,-23.125,-23.125
Banger,-23.375,-23.375
Outers,-23.125,-23.125
Predistress,-23.625,-23.625
Nonentityism,-23.25,-23.25
Causticiser,-23.375,-23.375
Tagliatelle,-23.125,-23.125
Zoetropic,-23.25,-23.25
Remedium,-23.125,-23.125
Metempsychosic,-23.25,-23.25
Gammers,-22.75,-22.75
Calvinistical,-22.75,-22.75
Principiant,-23.0,-23.0
Reinvigorate,-23.5,-23.5
Fitchee,-23.25,-23.25
Heavenward,-23.25,-23.25
Swattle,-22.875,-22.875
Emperorship,-23.375,-23.375
Expender,-23.625,-23.625
Refacilitate,-23.375,-23.375
Whipcrack,-23.375,-23.375
Ascenseur,-23.25,-23.25
Tuitions,-23.125,-23.125
Prudish,-23.625,-23.625
Farfetch,-22.75,-22.75
Balanites,-23.25,-23.25
Roughs,-22.875,-22.875
Envenoms,-23.25,-23.25
Proconsuls,-23.125,-23.125
Kinestheses,-23.125,-23.125
Octect,-23.5,-23.5
Herein,-22.75,-22.75
Bathysophic,-22.625,-22.625
Alfaki,-23.25,-23.25
Apertum,-23.25,-23.25
Paughty,-23.25,-23.25
Aecidial,-22.875,-22.875
Reedlike,-23.25,-23.25
Tabatiere,-22.75,-22.75
Bonity,-23.125,-23.125
Conveyances,-23.5,-23.5
Supervisual,-23.625,-23.625
Odalisk,-23.0,-23.0
Brouille,-23.375,-23.375
Paleentomology,-22.875,-22.875
Plainish,-22.875,-22.875
Osteopathic,-22.75,-22.75
Arteriorrhaphy,-23.25,-23.25
Parisia,-22.75,-22.75
Minutiose,-23.375,-23.375
Talishi,-23.125,-23.125
Baronry,-22.75,-22.75
Chiasmodon,-23.0,-23.0
Scrunch,-23.5,-23.5
Mayflies,-22.875,-22.875
Strychnin,-23.25,-23.25
Psittacidae,-22.5,-22.5
Otuquian,-23.0,-23.0
Preconspire,-23.75,-23.75
Volery,-23.5,-23.5
Geothlypis,-23.125,-23.125
Anelasticity,-23.875,-23.875
Swellheads,-23.125,-23.125
Caphtorim,-23.125,-23.125
Crescendo,-22.875,-22.875
Lutemaker,-23.375,-23.375
Tatsman,-23.375,-23.375
Ensilages,-23.25,-23.25
Lochiocolpos,-22.625,-22.625
Nihilisms,-23.25,-23.25
Araucarioxylon,-22.5,-22.5
Guillemot,-23.375,-23.375
Spindler,-23.25,-23.25
Zephyrian,-22.25,-22.25
Dornock,-23.0,-23.0
Vediovis,-23.0,-23.0
Puntist,-23.625,-23.625
Ogygian,-23.375,-23.375
Womanhouse,-22.875,-22.875
Payong,-23.125,-23.125
Fabulist,-23.0,-23.0
Annalia,-22.75,-22.75
Forcipressure,-23.5,-23.5
Lacerta,-22.75,-22.75
Overwet,-23.625,-23.625
Griffinesque,-23.0,-23.0
Groovers,-22.75,-22.75
Belgrade,-23.5,-23.5
Ganglionitis,-23.375,-23.375
Ratitae,-23.0,-23.0
Cevian,-23.125,-23.125
Telfairia,-22.5,-22.5
Codebooks,-23.375,-23.375
Woodsiest,-23.125,-23.125
Clubster,-22.875,-22.875
Handspec,-23.125,-23.125
Misexpression,-23.625,-23.625
Archetypist,-23.125,-23.125
Egalites,-23.125,-23.125
Sesquipedal,-23.0,-23.0
Dacryopyorrhea,-22.5,-22.5
Loudspeakers,-23.375,-23.375
Multispicular,-23.375,-23.375
Pinochles,-22.5,-22.5
Cribral,-23.5,-23.5
Nondictatorial,-23.5,-23.5
Tarnishproof,-23.125,-23.125
Racemocarbonic,-23.25,-23.25
Conjugations,-23.75,-23.75
Unluxuriant,-23.125,-23.125
Astrospectral,-22.75,-22.75
Wheelbase,-23.25,-23.25
Archhost,-23.0,-23.0
Eikones,-23.375,-23.375
Meroplanktonic,-22.875,-22.875
Congeneric,-23.625,-23.625
Palestinian,-23.0,-23.0
Sapbush,-23.125,-23.125
Thegnhood,-23.625,-23.625
Macchia,-23.375,-23.375
Diacritic,-23.25,-23.25
Pharmacologia,-23.0,-23.0
Unflintify,-23.25,-23.25
Isobase,-23.625,-23.625
Bulreedy,-23.125,-23.125
Anagogic,-23.125,-23.125
Vermonters,-22.75,-22.75
Idolisers,-23.625,-23.625
Intortus,-23.625,-23.625
Sendal,-23.25,-23.25
Doorkeep,-22.625,-22.625
Underzealot,-23.25,-23.25
Reexpel,-23.5,-23.5
Halenia,-22.75,-22.75
Nazerini,-23.0,-23.0
Lifeful,-23.25,-23.25
Ontogenic,-23.0,-23.0
Semiwarfare,-23.0,-23.0
Feigns,-23.375,-23.375
Gauric,-23.125,-23.125
Jailor,-23.5,-23.5
Outfawn,-23.25,-23.25
Ibidem,-22.75,-22.75
Plagium,-23.5,-23.5
Electrotonize,-23.25,-23.25
Chameleonic,-23.75,-23.75
Cystoptosis,-22.875,-22.875
Tutrice,-22.875,-22.875
Lipaciduria,-23.375,-23.375
Phalangida,-23.625,-23.625
Agronomists,-23.25,-23.25
Embosom,-23.125,-23.125
Sublong,-23.5,-23.5
Semimaturity,-23.375,-23.375
Laundryman,-22.75,-22.75
Spanemic,-23.25,-23.25
Munandi,-22.875,-22.875
Mournival,-23.375,-23.375
Bractlet,-23.125,-23.125
Pillas,-23.375,-23.375
Dorsonasal,-22.875,-22.875
Spirogyra,-22.5,-22.5
Shippage,-23.0,-23.0
Inninmorite,-22.5,-22.5
French,-23.0,-23.0
Dumbcow,-23.0,-23.0
Outromance,-23.625,-23.625
Croset,-23.0,-23.0
Intrastate,-23.5,-23.5
Postorder,-23.625,-23.625
Buphaga,-23.5,-23.5
Epipany,-23.25,-23.25
Unwonder,-23.125,-23.125
Larithmic,-23.25,-23.25
Paronymize,-23.75,-23.75
Epitrope,-23.25,-23.25
Intoxicant,-22.75,-22.75
Shavian,-23.125,-23.125
Hemostats,-22.625,-22.625
Ampelotherapy,-23.0,-23.0
Reevaluates,-23.25,-23.25
Protodonate,-23.125,-23.125
Hagiologist,-23.625,-23.625
Recordance,-23.125,-23.125
Cymenes,-22.875,-22.875
Disorderer,-23.25,-23.25
Dockyardman,-23.5,-23.5
Rebbes,-23.375,-23.375
Schemati,-23.375,-23.375
Knockless,-23.125,-23.125
Weinschenkite,-23.25,-23.25
Exporter,-23.75,-23.75
Tachyglossate,-22.875,-22.875
Fideisms,-23.625,-23.625
Febricula,-23.125,-23.125
Divident,-23.5,-23.5
Maquahuitl,-23.0,-23.0
Myoblast,-23.375,-23.375
Shrinker,-23.125,-23.125
Evenlong,-23.0,-23.0
Robands,-22.75,-22.75
Jeanne,-22.5,-22.5
Fourchet,-23.25,-23.25
Yankton,-23.125,-23.125
Sweetheart,-22.625,-22.625
Homeogenic,-23.25,-23.25
Bandmasters,-23.25,-23.25
Shandyism,-23.5,-23.5
Clambake,-22.75,-22.75
Output,-23.375,-23.375
Unesthetic,-23.25,-23.25
Unactual,-23.625,-23.625
Aragonian,-23.375,-23.375
Sulfarseniuret,-23.125,-23.125
Palliums,-23.0,-23.0
Exposits,-23.0,-23.0
Sympatholytic,-23.25,-23.25
Scalpture,-22.875,-22.875
Fussers,-23.25,-23.25
Vainglory,-22.75,-22.75
Witherband,-23.0,-23.0
Yeomen,-23.375,-23.375
Archicyte,-23.375,-23.375
Ridottos,-23.125,-23.125
Knicker,-23.5,-23.5
Skewers,-22.5,-22.5
Euphemy,-23.25,-23.25
Buckbush,-22.75,-22.75
Communalistic,-23.375,-23.375
Galliass,-22.875,-22.875
Religion,-23.625,-23.625
Predate,-23.5,-23.5
Spitefuller,-23.375,-23.375
Phragmocone,-23.25,-23.25
Moineau,-23.0,-23.0
Esculents,-22.875,-22.875
Pulmotracheal,-22.625,-22.625
Atomizers,-23.375,-23.375
Destrer,-23.75,-23.75
Blinder,-23.5,-23.5
Misrecite,-23.625,-23.625
Snoutless,-22.75,-22.75
Tolsey,-23.125,-23.125
Borehole,-23.125,-23.125
Pentasepalous,-23.125,-23.125
Leprine,-23.25,-23.25
Handicraft,-23.375,-23.375
Cannonball,-23.25,-23.25
Mythologists,-23.25,-23.25
Popular,-23.5,-23.5
Hindmost,-23.125,-23.125
Russians,-23.875,-23.875
Firkin,-23.25,-23.25
Unthirsty,-22.875,-22.875
Overequip,-23.25,-23.25
Unnaturality,-23.75,-23.75
Arizonan,-23.0,-23.0
Kenafs,-23.0,-23.0
Ergodic,-23.25,-23.25
Scolex,-23.25,-23.25
Valeric,-23.125,-23.125
Describer,-23.5,-23.5
Taskmasters,-23.0,-23.0
Beneficient,-23.375,-23.375
Mentis,-23.0,-23.0
Demogenic,-23.625,-23.625
Flauto,-23.0,-23.0
Heterocercal,-22.75,-22.75
Cancroid,-23.375,-23.375
Ethnobotanic,-23.125,-23.125
Bewearies,-22.625,-22.625
Manners,-23.125,-23.125
Canvaslike,-22.75,-22.75
Unmercantile,-23.375,-23.375
Canonry,-23.125,-23.125
Outranges,-22.875,-22.875
Propenoic,-23.5,-23.5
Susurr,-23.125,-23.125
Cholonan,-23.25,-23.25
Barracan,-23.375,-23.375
Closings,-23.75,-23.75
Coadjutress,-23.375,-23.375
Refloor,-22.875,-22.875
Unnamability,-23.625,-23.625
Pilikai,-23.0,-23.0
Gmelinite,-23.125,-23.125
Glucosidase,-22.875,-22.875
Unfenestral,-23.375,-23.375
Buttonholder,-23.625,-23.625
Midmain,-23.25,-23.25
Dewbeam,-22.5,-22.5
Nonassault,-23.125,-23.125
Buttstrap,-23.25,-23.25
Proclaims,-22.875,-22.875
Chauliodes,-23.125,-23.125
Dragonhead,-23.25,-23.25
Aesthetician,-23.125,-23.125
Polycentral,-23.125,-23.125
Wallman,-23.75,-23.75
Truepenny,-22.875,-22.875
Purpuraceous,-23.5,-23.5
Overexaggerate,-23.25,-23.25
Ovocyte,-23.125,-23.125
Seminomata,-23.375,-23.375
Nailshop,-23.125,-23.125
Khalal,-23.25,-23.25
Minuthesis,-23.5,-23.5
Lentos,-23.125,-23.125
Azoxime,-23.125,-23.125
Fotmal,-23.0,-23.0
Unsullen,-22.875,-22.875
Interdigitate,-23.375,-23.375
Ectosome,-23.125,-23.125
Downplay,-23.375,-23.375
Monoamid,-23.5,-23.5
Feoffer,-23.125,-23.125
Husker,-22.875,-22.875
Stadial,-22.875,-22.875
Unsplendid,-23.125,-23.125
Ijolite,-23.0,-23.0
Playtimes,-23.125,-23.125
Barbate,-22.875,-22.875
Subcheliform,-23.25,-23.25
Convenances,-23.375,-23.375
Filenames,-22.75,-22.75
Enrheum,-23.125,-23.125
Polypodiaceae,-22.5,-22.5
Scariole,-23.125,-23.125
Summitry,-22.75,-22.75
Hematocystis,-22.5,-22.5
Somnify,-23.0,-23.0
Exanguin,-23.375,-23.375
Barometry,-23.375,-23.375
Subrailway,-23.25,-23.25
Jackfishes,-22.875,-22.875
Brassbound,-22.875,-22.875
Precancerous,-23.0,-23.0
Zeuzeridae,-23.25,-23.25
Rewriters,-23.5,-23.5
Subparty,-23.75,-23.75
Spittleman,-23.0,-23.0
Bouffante,-22.875,-22.875
Donnert,-23.75,-23.75
Confectory,-23.125,-23.125
Rackway,-22.75,-22.75
Llanberisslate,-22.875,-22.875
Bicarbs,-23.125,-23.125
Midwife,-22.625,-22.625
Giusto,-23.0,-23.0
Murderous,-23.0,-23.0
Neologist,-23.625,-23.625
Snatchy,-23.375,-23.375
Syndromic,-23.5,-23.5
Hyaenodontoid,-22.75,-22.75
Neoneds,-23.125,-23.125
Magnesite,-23.125,-23.125
Brahmsian,-23.125,-23.125
Aplomb,-23.25,-23.25
Removal,-23.375,-23.375
Gunsel,-23.125,-23.125
Mediacies,-23.25,-23.25
Matilda,-22.625,-22.625
Antipodean,-23.375,-23.375
Hypochloruria,-23.25,-23.25
Tampalas,-23.25,-23.25
Couchers,-22.625,-22.625
Pharmacists,-23.125,-23.125
Boarts,-23.0,-23.0
Mesosigmoid,-23.25,-23.25
Spikehole,-23.125,-23.125
Anonyms,-23.375,-23.375
Cilicism,-24.125,-24.125
Whillaloo,-22.625,-22.625
Squeam,-23.375,-23.375
Erythrism,-22.75,-22.75
Cryptogamy,-23.25,-23.25
Simplexes,-23.25,-23.25
Underlight,-23.125,-23.125
Foraramina,-22.75,-22.75
Anattos,-23.25,-23.25
Hyperpyretic,-23.0,-23.0
Incubations,-23.0,-23.0
Nonfat,-22.5,-22.5
Heraclidan,-23.125,-23.125
Unbridles,-23.375,-23.375
Belecture,-23.625,-23.625
Mirexes,-23.0,-23.0
Unequality,-23.75,-23.75
Forspend,-23.0,-23.0
Edgeless,-23.125,-23.125
Hotelless,-22.625,-22.625
Paedomorphosis,-23.0,-23.0
Caldaria,-22.875,-22.875
Veduis,-23.0,-23.0
Rinaldo,-23.375,-23.375
Thiospira,-23.25,-23.25
Cyprian,-23.125,-23.125
Laryngoscopist,-22.875,-22.875
Chameleons,-23.125,-23.125
Trochiferous,-23.25,-23.25
Trestlewise,-22.875,-22.875
Hemoleucocytic,-22.75,-22.75
Leptilon,-23.125,-23.125
Polysiphonia,-23.25,-23.25
Sharky,-23.25,-23.25
Guildite,-23.25,-23.25
Gasmaker,-23.625,-23.625
Tallymen,-23.25,-23.25
Faience,-23.375,-23.375
Canarine,-22.5,-22.5
Persianize,-23.625,-23.625
Cardiant,-23.0,-23.0
Tetraspgia,-23.375,-23.375
Poictesme,-23.375,-23.375
Abundances,-23.375,-23.375
Accelerative,-23.5,-23.5
Bearcats,-22.75,-22.75
Infecter,-23.125,-23.125
Fictionalizes,-23.125,-23.125
Byroad,-23.0,-23.0
Cillosis,-22.75,-22.75
Geophysics,-23.25,-23.25
Keyboard,-23.375,-23.375
Enstar,-23.0,-23.0
Cosmic,-23.0,-23.0
Pterocletes,-23.5,-23.5
Innervates,-23.25,-23.25
Reichsmark,-22.625,-22.625
Overhasten,-23.25,-23.25
Caleches,-23.0,-23.0
Vacuome,-23.75,-23.75
Bibliopolical,-23.25,-23.25
Pokies,-22.25,-22.25
Pleach,-23.375,-23.375
Paraffiny,-23.25,-23.25
Diadelphian,-23.25,-23.25
Camaldolesian,-23.625,-23.625
Doublespeak,-23.5,-23.5
Saintess,-23.125,-23.125
Serpentinous,-22.875,-22.875
Topographer,-23.125,-23.125
Prostitutor,-23.375,-23.375
Clubwomen,-22.625,-22.625
Stromateidae,-23.125,-23.125
Strawberry,-23.125,-23.125
Neoformative,-23.625,-23.625
Candelilla,-23.0,-23.0
Hagger,-23.5,-23.5
Liquifies,-23.0,-23.0
Oxcheek,-23.25,-23.25
Newmarket,-23.125,-23.125
Disband,-23.375,-23.375
Podler,-23.25,-23.25
Stealthlike,-23.125,-23.125
Roadblocks,-22.75,-22.75
Gravelish,-23.25,-23.25
Nunneries,-22.75,-22.75
Adonidin,-23.125,-23.125
Doggoner,-23.25,-23.25
Preeliminator,-23.625,-23.625
Incenter,-23.5,-23.5
Granduncles,-23.125,-23.125
Violaters,-23.25,-23.25
Siphonoglyph,-23.125,-23.125
Postclassicism,-23.75,-23.75
Underpartner,-23.25,-23.25
Arthrorrhagia,-23.0,-23.0
Zygosporange,-22.875,-22.875
Cardigans,-22.875,-22.875
Cynegild,-23.0,-23.0
Pyxides,-23.125,-23.125
Curvital,-23.125,-23.125
Quadriquadric,-23.0,-23.0
Osmious,-23.375,-23.375
Repossesses,-23.375,-23.375
Thronedom,-23.375,-23.375
Cratsmanship,-23.5,-23.5
Machinations,-22.875,-22.875
Leadings,-23.0,-23.0
Lacers,-22.625,-22.625
Paraph,-22.875,-22.875
Variate,-23.125,-23.125
Flioma,-23.625,-23.625
Stairlike,-23.5,-23.5
Reverb,-23.125,-23.125
Insipidity,-23.625,-23.625
Acetonemia,-23.375,-23.375
Dikamali,-22.625,-22.625
Metanym,-23.25,-23.25
Germain,-23.25,-23.25
Geratologic,-22.5,-22.5
Hyphedonia,-23.5,-23.5
Lysogenesis,-23.25,-23.25
Anticalcimine,-23.125,-23.125
Locknuts,-23.25,-23.25
Congratulatory,-23.25,-23.25
Thrawartlike,-23.25,-23.25
Uniguttulate,-23.125,-23.125
Intuitions,-23.375,-23.375
Tutler,-22.875,-22.875
Kialee,-22.5,-22.5
Kinetophobia,-23.625,-23.625
Apothegm,-23.375,-23.375
Lapacho,-23.125,-23.125
Chemiphotic,-23.25,-23.25
Metantimonious,-23.5,-23.5
Coelacanthine,-22.625,-22.625
Odoriferant,-23.5,-23.5
Abscessroot,-23.125,-23.125
Reentrance,-23.625,-23.625
Invocative,-23.25,-23.25
Biciliate,-23.375,-23.375
Hydroponic,-23.125,-23.125
Approbate,-23.375,-23.375
Windowman,-23.25,-23.25
Unborne,-23.25,-23.25
Dingies,-23.375,-23.375
Profeminist,-23.375,-23.375
Mementos,-23.0,-23.0
Resoles,-23.125,-23.125
Pronghorns,-23.125,-23.125
Ghostland,-23.25,-23.25
Cynosures,-22.75,-22.75
Meathook,-22.75,-22.75
Clival,-23.125,-23.125
Simoon,-23.375,-23.375
Symbionts,-23.0,-23.0
Kaikara,-23.25,-23.25
Unghostlike,-23.5,-23.5
Supertension,-23.375,-23.375
Assistors,-23.125,-23.125
Vantageless,-23.25,-23.25
Gastraneuria,-23.375,-23.375
Paralogy,-23.375,-23.375
Choroti,-23.25,-23.25
Machiner,-23.125,-23.125
Feasance,-23.25,-23.25
Pitchstone,-23.0,-23.0
Pyrosomatidae,-23.5,-23.5
Cinemactic,-23.125,-23.125
Nettlefire,-22.75,-22.75
Enjoys,-23.625,-23.625
Horseboy,-22.75,-22.75
Bobbysoxers,-22.25,-22.25
Offenses,-23.625,-23.625
Footfalls,-22.625,-22.625
Tipstaff,-23.0,-23.0
Thioantimonate,-23.375,-23.375
Glossiest,-22.75,-22.75
Piniest,-23.375,-23.375
Dortour,-23.0,-23.0
Consular,-23.125,-23.125
Supertunic,-23.375,-23.375
Tressless,-23.0,-23.0
Orthoplasy,-23.25,-23.25
Ariegite,-23.375,-23.375
Croquignole,-22.875,-22.875
Balladism,-23.75,-23.75
Docents,-22.875,-22.875
Thurmus,-23.0,-23.0
Illusory,-22.75,-22.75
Petrinize,-23.25,-23.25
Otarioid,-23.0,-23.0
Petrinism,-23.75,-23.75
Backhouses,-23.5,-23.5
Decays,-23.125,-23.125
Azilian,-23.375,-23.375
Teaish,-22.875,-22.875
Omniformal,-23.25,-23.25
Xanthate,-23.125,-23.125
Ladlefuls,-23.25,-23.25
Orthomorphic,-23.375,-23.375
Moorburn,-22.875,-22.875
Stumblers,-22.75,-22.75
Unautumnal,-23.375,-23.375
Gorgoniaceous,-22.875,-22.875
Drawgate,-23.125,-23.125
Protometallic,-23.5,-23.5
Palaverer,-23.125,-23.125
Falsehoods,-23.0,-23.0
Requisitionist,-23.375,-23.375
Siriometer,-22.875,-22.875
Affronte,-23.125,-23.125
Dimagnesic,-23.5,-23.5
Nonsubstantive,-23.375,-23.375
Linstocks,-23.375,-23.375
Outsteal,-23.375,-23.375
Bizonia,-23.5,-23.5
Uncoop,-23.625,-23.625
Pteridosperm,-22.75,-22.75
Apophysitis,-23.25,-23.25
Habitant,-23.25,-23.25
Whippers,-23.375,-23.375
Kinglike,-23.25,-23.25
Tergeminate,-23.375,-23.375
Tapayaxin,-23.0,-23.0
Orisphere,-23.0,-23.0
Export,-23.25,-23.25
Riptides,-22.625,-22.625
Dirigo,-23.125,-23.125
Carpellum,-23.125,-23.125
Ilioischiatic,-22.875,-22.875
Entotrophi,-23.0,-23.0
Phaneromania,-23.375,-23.375
Meterage,-23.125,-23.125
Johannean,-23.0,-23.0
Braziletto,-23.375,-23.375
Wherewith,-23.25,-23.25
Hairlike,-23.0,-23.0
Intermodillion,-23.5,-23.5
Productile,-23.125,-23.125
Secretary,-23.0,-23.0
Revitalizer,-23.125,-23.125
Tarakihi,-22.75,-22.75
Nesosilicate,-23.0,-23.0
Otoplastic,-23.125,-23.125
Indochina,-23.25,-23.25
Blastogeny,-23.375,-23.375
Piccolo,-22.75,-22.75
Nontextual,-23.5,-23.5
Sclerogeni,-23.0,-23.0
Gypseian,-23.0,-23.0
Flotative,-23.5,-23.5
Oxhouse,-23.125,-23.125
Clamor,-23.5,-23.5
Foresummer,-23.375,-23.375
Bicephalous,-23.125,-23.125
Cadmopone,-23.25,-23.25
Conster,-23.625,-23.625
Piazine,-23.125,-23.125
Enamine,-23.0,-23.0
Relinquish,-23.5,-23.5
Splenium,-23.625,-23.625
Microfaunal,-22.875,-22.875
Cummer,-23.125,-23.125
Dispersion,-23.75,-23.75
Dissoluble,-23.75,-23.75
Untruths,-23.25,-23.25
Uricolysis,-23.375,-23.375
Patridge,-22.5,-22.5
Redias,-23.25,-23.25
Althaea,-22.625,-22.625
Sacroiliacs,-23.0,-23.0
Pitcherfuls,-22.75,-22.75
Reshoes,-23.125,-23.125
Creditive,-23.625,-23.625
Standby,-23.25,-23.25
Pinchers,-23.0,-23.0
Bailliage,-23.25,-23.25
Oesogi,-23.625,-23.625
Vilayet,-23.125,-23.125
Fluoridise,-23.125,-23.125
Unpersonal,-23.625,-23.625
Fellatrixes,-23.125,-23.125
Delicts,-23.0,-23.0
Cerographies,-23.0,-23.0
Ricciaceae,-23.375,-23.375
Cultuses,-23.375,-23.375
Asimen,-23.25,-23.25
Postpharyngal,-23.0,-23.0
Myophysics,-23.0,-23.0
Sarmentaceous,-22.875,-22.875
Flasket,-23.125,-23.125
Keratolysis,-23.25,-23.25
Supplicate,-23.875,-23.875
Cirrostratus,-23.0,-23.0
Isocratic,-23.25,-23.25
Formalazine,-23.0,-23.0
Plexiglas,-22.625,-22.625
Petrochemicals,-23.75,-23.75
Scrawlers,-22.875,-22.875
Epicoracoid,-22.75,-22.75
Incomplicate,-22.875,-22.875
Epsilon,-22.75,-22.75
Pigeon,-23.25,-23.25
Herbariiums,-23.25,-23.25
Noninjuries,-23.125,-23.125
Petralogy,-23.375,-23.375
Fascis,-23.0,-23.0
Recuses,-23.0,-23.0
Microcomputer,-23.25,-23.25
Stuboy,-23.25,-23.25
Crowbill,-23.0,-23.0
Moniker,-23.125,-23.125
Catchier,-23.375,-23.375
Compositous,-23.25,-23.25
Junctor,-23.375,-23.375
Tablecloths,-23.0,-23.0
Friese,-23.125,-23.125
Votress,-23.5,-23.5
Preotic,-23.5,-23.5
Guayabera,-23.375,-23.375
Predigests,-23.625,-23.625
Tyrannism,-23.875,-23.875
Rebathe,-23.25,-23.25
Probationers,-23.25,-23.25
Defiances,-23.375,-23.375
Anethene,-23.375,-23.375
Pentander,-23.375,-23.375
Straths,-22.875,-22.875
Ocreae,-23.125,-23.125
Rotundities,-23.25,-23.25
Vomeropalatine,-23.125,-23.125
Loquence,-23.5,-23.5
Chiavetta,-23.375,-23.375
Qualificative,-23.25,-23.25
Carbodynamite,-23.5,-23.5
Reenslaves,-23.25,-23.25
Adenines,-22.75,-22.75
Bespeaks,-22.875,-22.875
Macrophytic,-23.375,-23.375
Stinkpot,-22.875,-22.875
Magnetomotor,-23.0,-23.0
Oxidiser,-23.5,-23.5
Semiwoody,-23.375,-23.375
Azoparaffin,-22.875,-22.875
Imborder,-23.125,-23.125
Incanton,-22.875,-22.875
Sharper,-23.25,-23.25
Demibath,-23.25,-23.25
Nontuberculous,-22.375,-22.375
Incumber,-23.25,-23.25
Spousal,-23.0,-23.0
Consultative,-23.25,-23.25
Moorhen,-23.0,-23.0
Glashan,-22.75,-22.75
Vulturism,-23.25,-23.25
Phaeoplast,-22.75,-22.75
Domesticate,-23.625,-23.625
Unmagistrate,-23.25,-23.25
Acroleins,-23.5,-23.5
Archpolitician,-23.625,-23.625
Archbishoprics,-23.625,-23.625
Systematise,-23.375,-23.375
Manchet,-23.375,-23.375
Scrogie,-22.875,-22.875
Intermammary,-23.125,-23.125
Cockshot,-23.125,-23.125
Ropedancer,-22.75,-22.75
Dicotyledonous,-23.25,-23.25
Cytosin,-23.125,-23.125
Hypostatize,-23.625,-23.625
Incognoscible,-23.25,-23.25
Jitneys,-23.125,-23.125
Nondiligent,-23.75,-23.75
Petrolize,-23.25,-23.25
Xenelasy,-22.875,-22.875
Yappers,-22.25,-22.25
Scrimps,-22.625,-22.625
Skyline,-23.25,-23.25
Potleg,-23.25,-23.25
Sneezewort,-22.125,-22.125
Gasolinic,-23.5,-23.5
Neofetus,-23.375,-23.375
Vizirates,-23.125,-23.125
Valkyries,-22.875,-22.875
Overknavery,-23.625,-23.625
Guesdism,-23.75,-23.75
Serumal,-23.125,-23.125
Haplodont,-23.25,-23.25
Uncomplex,-23.25,-23.25
Peristyles,-22.75,-22.75
Grammy,-23.0,-23.0
Necrogenic,-23.25,-23.25
Wethers,-23.375,-23.375
Minimifidian,-23.0,-23.0
Overblouse,-23.375,-23.375
Mangos,-22.875,-22.875
Notodontidae,-23.375,-23.375
Preludio,-23.0,-23.0
Distemperance,-23.25,-23.25
Lazarets,-22.75,-22.75
Frowsier,-23.375,-23.375
Heelcap,-23.125,-23.125
Lithophyll,-22.75,-22.75
Pseudoethical,-23.375,-23.375
Affret,-23.125,-23.125
Fifteenth,-23.25,-23.25
Psephurus,-22.75,-22.75
Anthills,-23.25,-23.25
Hegumeny,-23.25,-23.25
Phytomonad,-23.0,-23.0
Societarian,-23.625,-23.625
Disloyalty,-23.5,-23.5
Fasnacht,-23.0,-23.0
Grumpy,-23.125,-23.125
Forejudge,-23.375,-23.375
Tetrameters,-22.875,-22.875
Tapaderos,-23.125,-23.125
Slobber,-22.625,-22.625
Hotcakes,-23.125,-23.125
Timberline,-22.625,-22.625
Engouee,-23.375,-23.375
Libber,-23.25,-23.25
Fluorescein,-23.125,-23.125
Tokonomas,-23.0,-23.0
Shearsman,-23.125,-23.125
Hydrotherapies,-22.875,-22.875
Epidemiography,-23.375,-23.375
Schedulate,-23.0,-23.0
Pudicitia,-23.25,-23.25
Cardiamorphia,-22.75,-22.75
Obclude,-23.625,-23.625
Spleetnew,-23.125,-23.125
Hypopituitary,-23.25,-23.25
Eeyuck,-22.75,-22.75
Initio,-23.625,-23.625
Butles,-22.25,-22.25
Odontonecrosis,-22.75,-22.75
Resize,-22.875,-22.875
Transmogrifier,-23.25,-23.25
Aletris,-22.75,-22.75
Celebrity,-23.125,-23.125
Sergeanty,-22.375,-22.375
Deliber,-23.375,-23.375
Vaccinoid,-23.125,-23.125
Pleximeter,-23.125,-23.125
Modificand,-23.375,-23.375
Newsgirls,-22.75,-22.75
Principality,-23.375,-23.375
Hyphomycete,-23.0,-23.0
Costumey,-23.125,-23.125
Microphthalmia,-23.0,-23.0
Extensor,-23.625,-23.625
Humanoid,-22.75,-22.75
Undebilitative,-23.375,-23.375
Administratrix,-22.875,-22.875
Wreakers,-23.125,-23.125
Obispo,-23.375,-23.375
Antimallein,-23.125,-23.125
Picaninny,-23.25,-23.25
Veneti,-23.125,-23.125
Aristocratic,-23.25,-23.25
Paristhmic,-23.625,-23.625
Nonderisible,-23.125,-23.125
Misinformants,-23.5,-23.5
Drosera,-23.125,-23.125
Osteogenetic,-23.125,-23.125
Bingeys,-23.125,-23.125
Picturecraft,-22.625,-22.625
Extramoralist,-23.5,-23.5
Devoirs,-23.125,-23.125
Praelects,-23.375,-23.375
Aseptate,-23.125,-23.125
Ichthyological,-22.625,-22.625
Pyridyl,-23.0,-23.0
Lactifical,-23.0,-23.0
Cusconin,-22.875,-22.875
Cratch,-22.875,-22.875
Sandboxes,-23.125,-23.125
Encapsulates,-23.0,-23.0
Sociables,-22.875,-22.875
Comeddle,-22.875,-22.875
Surreys,-23.0,-23.0
Guardfish,-23.0,-23.0
Corporacy,-23.25,-23.25
Iodinates,-23.25,-23.25
Biconjugate,-23.625,-23.625
Emplaster,-23.25,-23.25
Metroscopy,-23.125,-23.125
Opisthotonoid,-23.625,-23.625
Petals,-22.625,-22.625
Proscript,-23.875,-23.875
Orobanchaceae,-22.875,-22.875
Laurie,-22.625,-22.625
Tyrants,-22.75,-22.75
Simaroubaceae,-22.75,-22.75
Symptoms,-23.125,-23.125
Streptoneurous,-23.0,-23.0
Yohimbinize,-23.0,-23.0
Grithbreach,-22.875,-22.875
Typewrite,-23.125,-23.125
Halflife,-23.0,-23.0
Caudotibialis,-22.875,-22.875
Alations,-22.75,-22.75
Underaldermen,-23.0,-23.0
Herapathite,-23.375,-23.375
Stillier,-23.125,-23.125
Millimicra,-23.0,-23.0
Armatures,-23.25,-23.25
Epicedial,-23.5,-23.5
Connaraceous,-23.0,-23.0
Pulpectomy,-23.25,-23.25
Renegotiates,-23.625,-23.625
Rectococcygeus,-22.75,-22.75
Souren,-23.375,-23.375
Underclass,-23.5,-23.5
Shepherdless,-23.0,-23.0
Combfish,-23.375,-23.375
Nidicolous,-22.75,-22.75
Watercart,-23.0,-23.0
Vowelless,-22.5,-22.5
Singeress,-22.875,-22.875
Auxotonic,-23.125,-23.125
Cashbook,-23.25,-23.25
Manuevers,-23.625,-23.625
Heiress,-23.0,-23.0
Sleepier,-22.75,-22.75
Implosion,-23.375,-23.375
Enspirit,-23.875,-23.875
Virescence,-23.5,-23.5
Yester,-22.875,-22.875
Grograms,-22.75,-22.75
Immane,-23.0,-23.0
Slithy,-23.125,-23.125
Internuclear,-23.125,-23.125
Strawy,-23.375,-23.375
Flouncy,-23.125,-23.125
Muskwood,-23.125,-23.125
Cacodoxy,-23.625,-23.625
Deciduate,-23.25,-23.25
Trickproof,-23.0,-23.0
Maharanees,-22.75,-22.75
Corrections,-23.25,-23.25
Catydid,-23.125,-23.125
Rowley,-22.625,-22.625
Sulfurea,-23.0,-23.0
Stelae,-23.0,-23.0
Genseng,-23.125,-23.125
Microcurie,-23.25,-23.25
Interpolater,-22.875,-22.875
Anakinetomer,-23.0,-23.0
Earthlight,-23.0,-23.0
Chemotherapy,-22.5,-22.5
Graphium,-23.125,-23.125
Anticize,-23.875,-23.875
Mesonephritic,-22.75,-22.75
Semirealistic,-23.625,-23.625
Gedanken,-23.25,-23.25
Epionychia,-23.0,-23.0
Decompensate,-23.375,-23.375
Prospections,-23.125,-23.125
Nonempiricism,-23.75,-23.75
Keuper,-22.75,-22.75
Edward,-22.375,-22.375
Itatartaric,-23.375,-23.375
Bathyscape,-22.875,-22.875
Unliterary,-23.75,-23.75
Rifampicin,-23.0,-23.0
Subloreal,-22.875,-22.875
Columna,-23.25,-23.25
Licareol,-22.875,-22.875
Herbman,-22.625,-22.625
Autonomize,-23.875,-23.875
Sabellan,-23.25,-23.25
Skinneries,-22.875,-22.875
Chappe,-23.0,-23.0
Bradyacousia,-22.5,-22.5
Stickball,-22.75,-22.75
Nonuse,-23.125,-23.125
Cluppe,-22.875,-22.875
Tillet,-23.5,-23.5
Aurochloride,-23.25,-23.25
Doutous,-23.5,-23.5
Flacourtia,-22.75,-22.75
Slabbers,-23.125,-23.125
Myelopoietic,-23.0,-23.0
Finisher,-23.0,-23.0
Aposteriori,-23.5,-23.5
Nonalcoholic,-23.0,-23.0
Pseudobulbar,-23.25,-23.25
Decennium,-23.375,-23.375
Ritzier,-23.0,-23.0
Beggardom,-23.375,-23.375
Revince,-23.125,-23.125
Egresses,-23.5,-23.5
Greengill,-22.875,-22.875
Sensationalise,-23.25,-23.25
Intramorainic,-23.5,-23.5
Paganalian,-23.25,-23.25
Heterodactylae,-22.625,-22.625
Falculate,-22.875,-22.875
Zootheistic,-23.0,-23.0
Tribological,-23.375,-23.375
Allotypic,-23.375,-23.375
Cambiums,-23.625,-23.625
Nonarterial,-23.125,-23.125
Penstocks,-23.125,-23.125
Turacoverdin,-23.5,-23.5
Quinologist,-23.375,-23.375
Areostyle,-23.5,-23.5
Refusals,-23.125,-23.125
Hauncher,-23.125,-23.125
Demidoctor,-23.375,-23.375
Spinate,-23.125,-23.125
Ovinia,-23.375,-23.375
Anaphroditous,-22.875,-22.875
Chaumontel,-23.0,-23.0
Welshwomen,-22.375,-22.375
Dementate,-23.5,-23.5
Subconjunctive,-23.875,-23.875
Futchel,-23.375,-23.375
Gascoigny,-23.125,-23.125
Ciconiid,-23.25,-23.25
Demography,-23.5,-23.5
Peripneustic,-23.125,-23.125
Ungainful,-23.0,-23.0
Chimley,-22.75,-22.75
Trophywort,-22.75,-22.75
Limnologic,-23.125,-23.125
Matutine,-23.5,-23.5
Glazer,-22.125,-22.125
Unpropriety,-23.625,-23.625
Decapods,-23.25,-23.25
Cryptovolcanic,-23.125,-23.125
Shamateurism,-23.5,-23.5
Infula,-23.0,-23.0
Gonadial,-23.0,-23.0
Overeats,-23.0,-23.0
Peramble,-23.625,-23.625
Westward,-23.125,-23.125
Bouchette,-23.0,-23.0
Hydronitrogen,-23.0,-23.0
Stercoraries,-23.0,-23.0
Kamiks,-22.5,-22.5
Doctrinarity,-23.75,-23.75
Collarette,-22.75,-22.75
Coriariaceous,-23.375,-23.375
Trigonal,-23.0,-23.0
Rivalship,-23.625,-23.625
Biggies,-23.125,-23.125
Redistend,-23.5,-23.5
Outkept,-23.0,-23.0
Ostrich,-23.25,-23.25
Parceners,-23.125,-23.125
Jackanapes,-22.875,-22.875
Outwit,-23.0,-23.0
Pedalfer,-23.375,-23.375
Validations,-22.875,-22.875
Spicule,-23.5,-23.5
Handwritten,-23.125,-23.125
Idoneal,-23.0,-23.0
Corrivals,-22.875,-22.875
Nondiplomacy,-23.25,-23.25
Arthrometer,-22.875,-22.875
Precollapse,-23.375,-23.375
Esperance,-22.75,-22.75
Moderns,-23.25,-23.25
Gaiterless,-23.25,-23.25
Biosatellites,-23.0,-23.0
Envigor,-23.5,-23.5
Icterogenic,-23.0,-23.0
Aphonous,-23.375,-23.375
Wordle,-22.625,-22.625
Compaa,-23.375,-23.375
Sovkhose,-23.0,-23.0
Systemoid,-23.375,-23.375
Pyramidologist,-23.25,-23.25
Inopercular,-23.25,-23.25
Usherless,-23.125,-23.125
Adumbrates,-23.125,-23.125
Bearnaise,-23.125,-23.125
Huanaco,-23.5,-23.5
Raucities,-23.25,-23.25
Cryptogamian,-23.25,-23.25
Teache,-23.375,-23.375
Nestorianize,-23.5,-23.5
Feigners,-23.25,-23.25
Reverendship,-23.25,-23.25
Asperge,-23.25,-23.25
Philotherian,-23.5,-23.5
Agapemone,-23.0,-23.0
Octocentenary,-23.625,-23.625
Aparaphysate,-22.625,-22.625
Troupial,-23.0,-23.0
Diakinesis,-23.375,-23.375
Benzothiazole,-23.25,-23.25
Comandanti,-23.5,-23.5
Wheelmaker,-23.0,-23.0
Chessel,-22.875,-22.875
Plasmodesmus,-23.0,-23.0
Babelic,-23.625,-23.625
Catamount,-22.875,-22.875
Selenodont,-23.0,-23.0
Vintager,-23.375,-23.375
Entermete,-23.5,-23.5
Aquacades,-23.0,-23.0
Taborin,-23.0,-23.0
Subregent,-23.625,-23.625
Parviflorous,-23.0,-23.0
Choanite,-23.5,-23.5
Masseur,-23.375,-23.375
Mostic,-22.75,-22.75
Adversus,-23.0,-23.0
Depopulators,-23.5,-23.5
Photoemission,-23.375,-23.375
Migratory,-23.5,-23.5
Mesozoa,-23.25,-23.25
Semipertinent,-23.5,-23.5
Tumour,-23.375,-23.375
Squawtits,-22.875,-22.875
Pnigerophobia,-23.625,-23.625
Countour,-23.375,-23.375
Eelgrasses,-21.625,-21.625
Sedjadeh,-23.125,-23.125
Obtainer,-23.5,-23.5
Rhamnite,-23.5,-23.5
Modifier,-23.625,-23.625
Derailments,-23.625,-23.625
Garnitures,-22.5,-22.5
Puckerer,-23.75,-23.75
Harvestless,-23.375,-23.375
Niggerfish,-23.375,-23.375
Girandole,-22.875,-22.875
Joyancy,-23.375,-23.375
Autovalet,-23.375,-23.375
Pernis,-23.0,-23.0
Ahypnia,-23.125,-23.125
Logogogue,-23.125,-23.125
Beaverlike,-22.75,-22.75
Skeezix,-22.875,-22.875
Choragion,-23.375,-23.375
Robigalia,-23.375,-23.375
Immortalizes,-23.25,-23.25
Senlac,-23.0,-23.0
Lipper,-23.125,-23.125
Heelgrip,-23.25,-23.25
Axifera,-23.0,-23.0
Kedlock,-23.125,-23.125
Bawdric,-23.0,-23.0
Distichlis,-22.75,-22.75
Chimin,-23.5,-23.5
Steelware,-22.875,-22.875
Washcloth,-22.25,-22.25
Oximetry,-23.625,-23.625
Balisier,-22.875,-22.875
Heavity,-23.125,-23.125
Antisiphon,-23.375,-23.375
Platie,-23.125,-23.125
Perameline,-23.25,-23.25
Semiorganic,-23.375,-23.375
Hatchability,-23.25,-23.25
Idiotropic,-23.375,-23.375
Guinean,-23.125,-23.125
Orogen,-23.375,-23.375
Luckier,-23.25,-23.25
Ageless,-22.875,-22.875
Fagottist,-23.625,-23.625
Reoblige,-23.125,-23.125
Hebraists,-23.375,-23.375
Avelonge,-22.875,-22.875
Valerate,-22.875,-22.875
Coccolite,-23.125,-23.125
Phalanstery,-23.0,-23.0
Sciuropterus,-22.875,-22.875
Noneducatory,-23.5,-23.5
Nonalarmist,-23.375,-23.375
Indilatory,-23.75,-23.75
Mamilius,-22.875,-22.875
Polycystic,-23.125,-23.125
Betutor,-23.25,-23.25
Terracer,-23.0,-23.0
Cotylopubic,-22.875,-22.875
Potshoot,-23.25,-23.25
Oilyish,-23.375,-23.375
Supermaxillary,-22.75,-22.75
Inequalitarian,-23.875,-23.875
Deplumate,-23.875,-23.875
Racemic,-23.375,-23.375
Forespencer,-23.25,-23.25
Cajeputole,-22.875,-22.875
Waveforms,-23.25,-23.25
Carbarns,-22.875,-22.875
Cotoro,-23.375,-23.375
Fructuarius,-23.25,-23.25
Sporeformer,-23.375,-23.375
Daneflower,-22.5,-22.5
Submode,-23.625,-23.625
Cyphosis,-23.125,-23.125
Kuvaszok,-22.625,-22.625
Zoilist,-23.375,-23.375
Zanzibari,-23.25,-23.25
Nonconversancy,-23.0,-23.0
Pamphysicism,-23.5,-23.5
Despots,-23.375,-23.375
Arabianize,-23.5,-23.5
Passacaglia,-23.0,-23.0
Invariance,-23.625,-23.625
Philatelic,-22.75,-22.75
Tugriks,-23.0,-23.0
Shortcoat,-23.5,-23.5
Synkatathesis,-23.25,-23.25
Protopoditic,-23.25,-23.25
Suburb,-23.375,-23.375
Sublieutenant,-23.125,-23.125
Propranolol,-23.5,-23.5
Dampish,-23.125,-23.125
Precooler,-23.25,-23.25
Fairsome,-23.25,-23.25
Spunks,-22.75,-22.75
Stompers,-23.125,-23.125
Volutidae,-23.25,-23.25
Bisdiapason,-23.125,-23.125
Prosier,-23.125,-23.125
Octuple,-23.5,-23.5
Overshadow,-23.125,-23.125
Cyathium,-23.375,-23.375
Vermiformity,-23.0,-23.0
Menace,-23.375,-23.375
Ladyfish,-23.375,-23.375
Carboras,-23.25,-23.25
Raioid,-22.625,-22.625
Redeploy,-23.5,-23.5
Drofland,-22.875,-22.875
Vertebrata,-23.0,-23.0
Semimucous,-23.375,-23.375
Ovariorrhexis,-22.75,-22.75
Palilalia,-23.125,-23.125
Genethlic,-23.5,-23.5
Waldorf,-23.25,-23.25
Hellenic,-23.25,-23.25
Madams,-23.25,-23.25
Dustheaps,-23.125,-23.125
Dapperest,-23.0,-23.0
Videnda,-22.875,-22.875
Charango,-23.375,-23.375
Martello,-23.0,-23.0
Mydriatic,-23.125,-23.125
Epistolise,-23.125,-23.125
Wharves,-23.125,-23.125
Jahvistic,-23.125,-23.125
Aeolicism,-23.375,-23.375
Diaconia,-23.5,-23.5
Spottiest,-23.0,-23.0
Supersuborder,-23.75,-23.75
Indurates,-23.375,-23.375
Exomologesis,-23.625,-23.625
Upholstery,-23.0,-23.0
Counties,-23.375,-23.375
Services,-23.25,-23.25
Automelon,-23.125,-23.125
Racelike,-23.5,-23.5
Terranean,-22.625,-22.625
Forestaves,-22.875,-22.875
Corelates,-23.125,-23.125
Marmor,-23.375,-23.375
Supervenience,-23.625,-23.625
Radiobiologic,-23.375,-23.375
Amphibichnite,-23.0,-23.0
Galibi,-23.125,-23.125
Postdate,-23.625,-23.625
Boraces,-22.875,-22.875
Chickaree,-23.125,-23.125
Rillow,-23.0,-23.0
Canopies,-22.875,-22.875
Brownout,-22.875,-22.875
Pascoite,-23.25,-23.25
Jumpmaster,-23.0,-23.0
Familiarism,-23.625,-23.625
Slacks,-22.625,-22.625
Tympanohyal,-22.625,-22.625
Subradiative,-23.25,-23.25
Hoofrot,-23.125,-23.125
Atropins,-23.0,-23.0
Ostracizer,-23.625,-23.625
Nascency,-23.375,-23.375
Superfervent,-23.125,-23.125
Baccharoid,-23.0,-23.0
Dacrydium,-22.75,-22.75
Fromage,-22.375,-22.375
Outstruck,-23.5,-23.5
Melophone,-23.0,-23.0
Serotherapy,-23.125,-23.125
Owleries,-22.5,-22.5
Autochthon,-23.0,-23.0
Imperspicuity,-23.375,-23.375
Opisometer,-23.375,-23.375
Predeterminate,-23.25,-23.25
Cratons,-23.125,-23.125
Gasteria,-22.875,-22.875
Cynism,-23.625,-23.625
Aethalia,-23.25,-23.25
Barboy,-23.0,-23.0
Simplicity,-23.375,-23.375
Omniscient,-23.5,-23.5
Meatoscope,-22.25,-22.25
Arrears,-23.25,-23.25
Polejumper,-22.875,-22.875
Fontanges,-23.25,-23.25
Marcels,-23.0,-23.0
Sententia,-23.125,-23.125
Octaeterid,-23.375,-23.375
Papayaceous,-23.0,-23.0
Thirdendeal,-23.625,-23.625
Reerect,-23.5,-23.5
Orendite,-23.5,-23.5
Exhumate,-23.75,-23.75
Sheenful,-23.375,-23.375
Overlove,-23.125,-23.125
Plataleinae,-23.0,-23.0
Unobscure,-23.375,-23.375
Clapboard,-22.75,-22.75
Altoun,-23.375,-23.375
Feminologist,-23.625,-23.625
Eunuchry,-23.125,-23.125
Birdlike,-23.5,-23.5
Oospheres,-22.875,-22.875
Markab,-22.875,-22.875
Inulaceous,-23.5,-23.5
Driftbolt,-22.5,-22.5
Frogbit,-23.125,-23.125
Counterpace,-23.25,-23.25
Stromata,-23.0,-23.0
Protogod,-23.25,-23.25
Livetrap,-23.625,-23.625
Alemannic,-23.375,-23.375
Disillusive,-23.25,-23.25
Macacus,-23.0,-23.0
Tornadic,-23.5,-23.5
Brachycephalic,-22.625,-22.625
Arachic,-23.125,-23.125
Exophoria,-23.125,-23.125
Bouldery,-23.0,-23.0
Hastier,-23.125,-23.125
Hiddels,-22.875,-22.875
Boyaux,-23.375,-23.375
Capuan,-23.125,-23.125
Baalite,-23.375,-23.375
Haploidy,-23.125,-23.125
Cocanucos,-23.125,-23.125
Propends,-22.625,-22.625
Onmarch,-23.375,-23.375
Employee,-23.125,-23.125
Fumiferous,-23.625,-23.625
Boghole,-22.75,-22.75
Gemologist,-23.375,-23.375
Allalinite,-23.25,-23.25
Scruft,-22.875,-22.875
Ambrosiaceae,-22.5,-22.5
Unstiff,-23.0,-23.0
Mesocephalism,-23.0,-23.0
Adenostoma,-22.875,-22.875
Superposes,-23.125,-23.125
Proficuous,-23.625,-23.625
Environage,-23.0,-23.0
Perididymis,-23.0,-23.0
Groats,-22.875,-22.875
Hygrostomia,-23.125,-23.125
Grogshops,-22.75,-22.75
Spratter,-23.375,-23.375
Confessors,-23.75,-23.75
Arborise,-22.625,-22.625
Plainclothes,-23.25,-23.25
Vigesimo,-23.75,-23.75
Upwhelm,-23.125,-23.125
Rhinocele,-22.375,-22.375
Neuropathology,-23.625,-23.625
Bedstead,-22.75,-22.75
Nucleons,-23.5,-23.5
Cigarless,-22.875,-22.875
Radiants,-23.625,-23.625
Xanthophose,-22.875,-22.875
Lithology,-23.25,-23.25
Handsprings,-23.125,-23.125
Stinkberries,-22.625,-22.625
Termitid,-23.0,-23.0
Zapotec,-22.625,-22.625
Quingentenary,-23.625,-23.625
Handsewn,-23.125,-23.125
Gharry,-23.0,-23.0
Nonigneous,-23.375,-23.375
Batiker,-23.25,-23.25
Hypnaceous,-23.125,-23.125
Phacoidal,-23.75,-23.75
Pelvis,-22.75,-22.75
Communistery,-23.5,-23.5
Racquets,-23.0,-23.0
Encolpion,-23.75,-23.75
Watercress,-22.875,-22.875
Overpermissive,-23.25,-23.25
Raclettes,-22.75,-22.75
Ginglymoid,-23.0,-23.0
Fibrocaseose,-22.5,-22.5
Peglet,-22.875,-22.875
Estrous,-23.25,-23.25
Unpertinent,-23.5,-23.5
Hennebique,-23.125,-23.125
Interspace,-23.25,-23.25
Metastoma,-22.875,-22.875
Mispoints,-23.125,-23.125
Semiallegoric,-23.25,-23.25
Sablefish,-23.125,-23.125
Extraocular,-22.625,-22.625
Zapodinae,-23.125,-23.125
Dispersonify,-23.625,-23.625
Porule,-23.125,-23.125
Adorability,-23.25,-23.25
Nonaffinitive,-23.25,-23.25
Activator,-23.75,-23.75
Forebye,-23.25,-23.25
Leaderette,-23.375,-23.375
Catalonian,-22.75,-22.75
Sistra,-23.25,-23.25
Mobiliary,-23.25,-23.25
Idiogram,-23.25,-23.25
Quadrupedism,-23.75,-23.75
Inwrap,-22.875,-22.875
Unipulse,-23.25,-23.25
Repolymerize,-23.375,-23.375
Polyschematist,-23.5,-23.5
Brachigerous,-23.0,-23.0
Philonism,-23.5,-23.5
Marplot,-23.125,-23.125
Dipentene,-23.125,-23.125
Unsooty,-23.375,-23.375
Intraprocess,-23.5,-23.5
Snailery,-23.125,-23.125
Outsides,-22.75,-22.75
Tamilic,-23.25,-23.25
Scandalizer,-23.25,-23.25
Staroobriadtsi,-23.0,-23.0
Outcrow,-23.125,-23.125
Parilia,-22.875,-22.875
Diarchial,-23.25,-23.25
Rhythmicize,-23.375,-23.375
Bookmaker,-23.0,-23.0
Cutlings,-22.25,-22.25
Wayhouse,-22.75,-22.75
Unmutual,-23.25,-23.25
Eleaticism,-23.625,-23.625
Uncertainties,-23.375,-23.375
Faintise,-23.625,-23.625
Tearproof,-22.75,-22.75
Mesocoelian,-22.875,-22.875
Homager,-23.5,-23.5
Mistry,-23.625,-23.625
Enigma,-23.25,-23.25
Thrinter,-23.0,-23.0
Heterocoelous,-23.25,-23.25
Arrestors,-23.25,-23.25
Tonnland,-23.25,-23.25
Proceremonial,-23.25,-23.25
Triturature,-23.25,-23.25
Popcorns,-22.875,-22.875
Deburse,-23.375,-23.375
Restyles,-22.875,-22.875
Psalterian,-23.0,-23.0
Maorilander,-23.25,-23.25
Divort,-23.25,-23.25
Nonlucrative,-23.375,-23.375
Biliprasin,-23.25,-23.25
Portague,-23.25,-23.25
Springful,-23.0,-23.0
Distincter,-23.25,-23.25
Banderillero,-23.25,-23.25
Toadess,-22.875,-22.875
Stream,-23.25,-23.25
Apneal,-23.25,-23.25
Flindersia,-23.125,-23.125
Sphaerolitic,-23.0,-23.0
Trophical,-23.0,-23.0
Missend,-23.375,-23.375
Dothidella,-23.25,-23.25
Diabolise,-23.625,-23.625
Colombians,-23.875,-23.875
Pulmoniferous,-23.0,-23.0
Antifungin,-23.125,-23.125
Resicken,-23.375,-23.375
Preadamic,-23.375,-23.375
Ideolect,-23.125,-23.125
Apollonicon,-23.5,-23.5
Vamoses,-23.125,-23.125
Ingrains,-23.125,-23.125
Teetotalist,-23.25,-23.25
Satiates,-23.375,-23.375
Pupillage,-23.25,-23.25
Atriocoelomic,-22.875,-22.875
Entozoologist,-22.875,-22.875
Nonundulate,-23.5,-23.5
Uperize,-23.5,-23.5
Peyotes,-22.375,-22.375
Tusche,-22.75,-22.75
Fawnlike,-23.5,-23.5
Astrologists,-23.5,-23.5
Chileanize,-23.25,-23.25
Offside,-23.125,-23.125
Rebellions,-23.75,-23.75
Intern,-23.25,-23.25
Silicles,-23.5,-23.5
Brainworker,-23.75,-23.75
Miggles,-22.875,-22.875
Knuckle,-23.25,-23.25
Subrules,-23.375,-23.375
Stefan,-23.0,-23.0
Rawnie,-23.0,-23.0
Stratagems,-23.125,-23.125
Axiomatical,-23.125,-23.125
Genuflex,-23.25,-23.25
Lenticularis,-22.875,-22.875
Kielbasy,-22.875,-22.875
Semicentenary,-23.5,-23.5
Disquarter,-23.375,-23.375
Minuetic,-23.75,-23.75
Paroxytone,-23.5,-23.5
Vmsize,-23.0,-23.0
Hyposphene,-23.0,-23.0
Bargeer,-23.125,-23.125
Hawkey,-22.5,-22.5
Trichinise,-22.375,-22.375
Iridine,-22.625,-22.625
Catchpolery,-23.25,-23.25
Exacerbescence,-23.25,-23.25
Lipolyses,-23.5,-23.5
Poises,-22.875,-22.875
Porpoiselike,-23.125,-23.125
Poulette,-23.125,-23.125
Mythographist,-23.25,-23.25
Lieutenant,-22.5,-22.5
Douanes,-23.125,-23.125
Dictyoid,-23.25,-23.25
Subspecies,-22.5,-22.5
Muscinae,-23.375,-23.375
Luster,-23.375,-23.375
Oilless,-22.875,-22.875
Ossiculectomy,-23.0,-23.0
Berrichon,-23.5,-23.5
Container,-23.125,-23.125
Reister,-23.375,-23.375
Copaiva,-22.875,-22.875
Sithence,-22.25,-22.25
Pseudoptosis,-23.25,-23.25
Savagisms,-23.625,-23.625
Pediculi,-23.0,-23.0
Greenhew,-22.875,-22.875
Spinaches,-22.625,-22.625
Skyborne,-23.25,-23.25
Stadholdership,-23.25,-23.25
Outblush,-23.125,-23.125
Gypsyish,-23.0,-23.0
Plutomania,-23.625,-23.625
Anginas,-23.5,-23.5
Ectorhinal,-23.0,-23.0
Bowpin,-23.0,-23.0
Dulcigenic,-22.875,-22.875
Zapatero,-23.0,-23.0
Bonzes,-23.125,-23.125
Intercharge,-23.625,-23.625
Ophthalmite,-23.0,-23.0
Fascial,-23.125,-23.125
Whitecup,-23.25,-23.25
Angiospermal,-23.125,-23.125
Apologetics,-23.625,-23.625
Tuggers,-22.75,-22.75
Drogoman,-23.25,-23.25
Horrormonger,-23.5,-23.5
Dachshunde,-22.375,-22.375
Organise,-23.75,-23.75
Antichretic,-23.5,-23.5
Rubrica,-23.125,-23.125
Variolosser,-23.125,-23.125
Thermophil,-23.125,-23.125
Lygaeidae,-23.125,-23.125
Zoophile,-23.0,-23.0
Calpolli,-23.125,-23.125
Penclerk,-23.125,-23.125
Shoelaces,-22.75,-22.75
Schadenfreude,-22.5,-22.5
Inconcussible,-23.25,-23.25
Prestandard,-23.25,-23.25
Upswells,-23.125,-23.125
Elohimic,-23.25,-23.25
Rostral,-23.0,-23.0
Zincify,-23.0,-23.0
Uncontumacious,-23.625,-23.625
Emblem,-23.375,-23.375
Exsomatic,-23.25,-23.25
Contravenes,-23.125,-23.125
Horsehides,-23.25,-23.25
Adventist,-23.125,-23.125
Quincunx,-23.0,-23.0
Carapacic,-23.375,-23.375
Montes,-23.375,-23.375
Biomagnetism,-23.25,-23.25
Ontologism,-23.75,-23.75
Semiahmoo,-23.0,-23.0
Jedburgh,-22.125,-22.125
Mentary,-23.25,-23.25
Preens,-23.0,-23.0
Lamnoid,-23.625,-23.625
Reinspire,-23.125,-23.125
Occipitonuchal,-23.25,-23.25
Dyssodia,-23.125,-23.125
Backcloth,-23.25,-23.25
Cibarium,-23.375,-23.375
Monogynies,-23.625,-23.625
Mopiest,-23.375,-23.375
Feasten,-23.125,-23.125
Ankerhold,-23.125,-23.125
Compendent,-23.375,-23.375
Magnetizer,-23.5,-23.5
Tameins,-23.25,-23.25
Gratae,-23.125,-23.125
Shriller,-23.375,-23.375
Archeolithic,-23.125,-23.125
Otterhound,-23.0,-23.0
Commender,-23.625,-23.625
Enthrong,-23.625,-23.625
Veneer,-23.25,-23.25
Brigatry,-23.5,-23.5
Negotiates,-23.375,-23.375
Pentamerism,-23.75,-23.75
Tunicle,-23.5,-23.5
Innermore,-23.375,-23.375
Unilaminar,-23.375,-23.375
Antrotome,-23.25,-23.25
Oolachans,-22.75,-22.75
Subantique,-23.125,-23.125
Sultry,-23.25,-23.25
Gnoses,-23.0,-23.0
Puckerers,-23.0,-23.0
Buddles,-23.0,-23.0
Acrophonies,-23.125,-23.125
Peripetasma,-23.375,-23.375
Senilities,-23.5,-23.5
Exteroceptor,-23.5,-23.5
Greenbugs,-22.875,-22.875
Geobotanical,-22.875,-22.875
Abfarads,-23.25,-23.25
Deporte,-22.875,-22.875
Multiparae,-23.625,-23.625
Overbide,-23.375,-23.375
Fetichistic,-23.5,-23.5
Quandong,-23.375,-23.375
Czarowitz,-23.0,-23.0
Acromelalgia,-22.875,-22.875
Witwall,-22.625,-22.625
Lawgiver,-23.5,-23.5
Mythogreen,-23.0,-23.0
Olfacty,-23.375,-23.375
Jocosity,-23.25,-23.25
Caneware,-22.625,-22.625
Forgift,-22.875,-22.875
Lounges,-23.0,-23.0
Hymnograher,-23.5,-23.5
Clammier,-23.25,-23.25
Efficacies,-23.125,-23.125
Permissible,-23.25,-23.25
Amplifiers,-23.375,-23.375
Hemocytozoon,-22.625,-22.625
Swashers,-22.75,-22.75
Lestobiosis,-23.25,-23.25
Overmild,-23.375,-23.375
Ventrosity,-22.75,-22.75
Pediculina,-23.125,-23.125
Acquaintance,-23.5,-23.5
Josefite,-23.25,-23.25
Decompresses,-23.25,-23.25
Homopter,-23.5,-23.5
Mythopoet,-23.375,-23.375
Fistnotes,-23.25,-23.25
Reemish,-23.125,-23.125
Inthrong,-23.375,-23.375
Wordplay,-23.75,-23.75
Preconform,-23.75,-23.75
Placabilty,-23.5,-23.5
Semineutral,-23.375,-23.375
Arthrobranch,-22.875,-22.875
Morosities,-23.375,-23.375
Aspish,-23.25,-23.25
Dipropargyl,-23.125,-23.125
Embowers,-23.0,-23.0
Nonchurchgoer,-22.875,-22.875
Capretto,-23.125,-23.125
Bewail,-23.125,-23.125
Rotational,-23.375,-23.375
Metameric,-23.125,-23.125
Viniest,-23.25,-23.25
Nonaccentual,-23.875,-23.875
Niblick,-22.875,-22.875
Hendecyl,-23.0,-23.0
Parthenon,-23.25,-23.25
Hypnotize,-23.125,-23.125
Vanjarrah,-22.625,-22.625
Binapthyl,-23.0,-23.0
Demythify,-23.375,-23.375
Bullfice,-23.25,-23.25
Reperks,-23.125,-23.125
Bedeaf,-22.625,-22.625
Embarricado,-23.5,-23.5
Churchmen,-23.5,-23.5
Pitheciinae,-23.125,-23.125
Protothecal,-23.25,-23.25
Membracid,-23.5,-23.5
Chompers,-22.75,-22.75
Loanmonger,-23.625,-23.625
Praesepe,-23.0,-23.0
Unskill,-23.25,-23.25
Mogigraphic,-23.25,-23.25
Zamarros,-23.375,-23.375
Crayer,-23.5,-23.5
Proxemics,-23.25,-23.25
Hylopathy,-23.375,-23.375
Unitarist,-23.25,-23.25
Altocumulus,-23.375,-23.375
Opisthothelae,-22.875,-22.875
Overcriticism,-23.75,-23.75
Emplunge,-23.625,-23.625
Platonesque,-23.125,-23.125
Catechumens,-23.125,-23.125
Sassywood,-22.75,-22.75
Bubblebow,-23.0,-23.0
Fedora,-23.25,-23.25
Actinophrys,-22.5,-22.5
Gaffes,-23.375,-23.375
Ungesticular,-22.875,-22.875
Elaterium,-23.0,-23.0
Burthenman,-22.875,-22.875
Extrusions,-23.875,-23.875
Elsewhen,-22.625,-22.625
Alleviant,-22.75,-22.75
Euphonetic,-23.125,-23.125
Pennatularian,-23.25,-23.25
Ashmen,-22.75,-22.75
Tripsill,-23.0,-23.0
Valenciennes,-23.375,-23.375
Gallanilide,-23.125,-23.125
Shorer,-23.0,-23.0
Ptotic,-23.25,-23.25
Noblewomen,-22.75,-22.75
Algorithms,-23.25,-23.25
Carromata,-23.25,-23.25
Cornishman,-23.125,-23.125
Vehemency,-23.375,-23.375
Trichinas,-22.875,-22.875
Forefield,-22.875,-22.875
Shawnee,-22.5,-22.5
Sirenoidea,-22.75,-22.75
Floroon,-22.875,-22.875
Boltant,-22.75,-22.75
Heroess,-23.0,-23.0
Nonporous,-23.25,-23.25
Sukkahs,-22.75,-22.75
Homohedral,-23.75,-23.75
Precarnival,-23.0,-23.0
Leapfrogger,-22.75,-22.75
Worder,-23.5,-23.5
Tankka,-23.25,-23.25
Lithotriptor,-23.0,-23.0
Tigrone,-23.625,-23.625
Pewter,-22.5,-22.5
Redisembark,-23.0,-23.0
Unweaves,-23.375,-23.375
Gollywog,-23.75,-23.75
Artificialism,-23.375,-23.375
Rinkite,-23.375,-23.375
Auntish,-23.125,-23.125
Yawper,-23.0,-23.0
Goodeniaceous,-23.25,-23.25
Feudist,-23.625,-23.625
Stelography,-23.375,-23.375
Cochurchwarden,-23.0,-23.0
Havana,-23.0,-23.0
Undercumstand,-23.0,-23.0
Postfixal,-23.375,-23.375
Barbar,-23.25,-23.25
Hairband,-22.75,-22.75
Gloeosporiose,-22.5,-22.5
Reactivates,-23.0,-23.0
Landmass,-22.875,-22.875
Erasmian,-23.375,-23.375
Bebump,-23.0,-23.0
Guarders,-22.75,-22.75
Ropinesses,-23.125,-23.125
Nonretardative,-23.125,-23.125
Dihexahedral,-23.375,-23.375
Graecomania,-23.75,-23.75
Mastoidale,-23.375,-23.375
Auteur,-23.0,-23.0
Outbacker,-23.125,-23.125
Moider,-23.5,-23.5
Gaycat,-23.125,-23.125
Unoften,-23.125,-23.125
Subbroker,-23.25,-23.25
Wolflike,-23.625,-23.625
Coimplore,-23.375,-23.375
Bespatter,-23.25,-23.25
Kernish,-23.0,-23.0
Jaloppies,-23.5,-23.5
Moluche,-23.125,-23.125
Licuri,-23.375,-23.375
Diaclinal,-23.375,-23.375
Aldehol,-23.0,-23.0
Honours,-23.25,-23.25
Gemmules,-23.5,-23.5
Timetables,-22.875,-22.875
Allergists,-23.375,-23.375
Cardiograph,-22.875,-22.875
Kleagles,-23.5,-23.5
Loggiest,-22.75,-22.75
Hausen,-23.375,-23.375
Nodosarian,-22.875,-22.875
Nondiastatic,-22.875,-22.875
Prisondom,-23.75,-23.75
Tzardom,-23.125,-23.125
Ententophil,-23.25,-23.25
Florence,-22.875,-22.875
Electroosmosis,-23.375,-23.375
Receiptless,-23.25,-23.25
Exocrines,-23.375,-23.375
Interrobang,-23.625,-23.625
Arachnism,-23.125,-23.125
Presbyter,-23.25,-23.25
Repressibility,-23.75,-23.75
Beworries,-22.625,-22.625
Hemianopic,-23.5,-23.5
Paucifolious,-22.75,-22.75
Antistatist,-23.75,-23.75
Sultanates,-23.375,-23.375
Exigence,-23.25,-23.25
Paranosic,-23.5,-23.5
Cirsotomies,-22.625,-22.625
Quietsome,-22.875,-22.875
Marheshvan,-22.875,-22.875
Geistlich,-22.375,-22.375
Truncage,-23.375,-23.375
Nontheatrical,-23.0,-23.0
Ungula,-23.0,-23.0
Furison,-23.375,-23.375
Kudrun,-23.0,-23.0
Belemnoid,-22.75,-22.75
Machiavel,-23.125,-23.125
Acronycta,-22.75,-22.75
Osmunda,-23.0,-23.0
Indiadem,-23.5,-23.5
Edomite,-23.25,-23.25
Carats,-22.75,-22.75
Rhapsodomancy,-23.375,-23.375
Carbamino,-23.0,-23.0
Tubiform,-23.125,-23.125
Knotlike,-23.125,-23.125
Indear,-23.5,-23.5
Motifs,-22.75,-22.75
Villalike,-23.625,-23.625
Paniolo,-23.0,-23.0
Overcools,-23.375,-23.375
Hilltops,-22.875,-22.875
Conchometer,-23.5,-23.5
Chamberdeacon,-23.25,-23.25
Cheechaco,-22.75,-22.75
Codebook,-23.5,-23.5
Sklent,-23.0,-23.0
Sarcocele,-23.125,-23.125
Congratulator,-23.25,-23.25
Cashboy,-23.125,-23.125
Elfland,-22.125,-22.125
Screar,-22.875,-22.875
Reparative,-23.375,-23.375
Prereview,-23.125,-23.125
Nounal,-22.625,-22.625
Catagories,-23.375,-23.375
Photoprint,-23.25,-23.25
Retinol,-23.125,-23.125
Serfdoms,-23.5,-23.5
Sodiums,-22.625,-22.625
Epistylar,-23.125,-23.125
Springlet,-23.25,-23.25
Cowage,-23.0,-23.0
Tapirine,-22.875,-22.875
Adventuresome,-22.875,-22.875
Miscommunicate,-23.625,-23.625
Orbitary,-23.25,-23.25
Loathe,-23.125,-23.125
Dispensate,-23.625,-23.625
Lictor,-23.375,-23.375
Univorous,-22.625,-22.625
Onless,-22.625,-22.625
Parisianism,-23.625,-23.625
Textuarist,-23.25,-23.25
Frankmarriage,-23.0,-23.0
Nonexistential,-23.25,-23.25
Consopite,-23.25,-23.25
Presuspend,-23.625,-23.625
Rambarre,-22.875,-22.875
Desiccatory,-23.375,-23.375
Polyactinia,-23.125,-23.125
Nestors,-23.0,-23.0
Johnadreams,-23.125,-23.125
Dumbstricken,-23.25,-23.25
Triquetrous,-23.125,-23.125
Cherubimic,-23.25,-23.25
Circumduce,-23.625,-23.625
Fluxroot,-23.125,-23.125
Unprovoke,-23.75,-23.75
Gruelers,-23.125,-23.125
Maccoboy,-23.375,-23.375
Purposeless,-23.25,-23.25
Hylomorphous,-23.125,-23.125
Minces,-23.25,-23.25
Undemocratic,-23.375,-23.375
Indiscerpible,-23.375,-23.375
Jaygees,-22.875,-22.875
Tinkerers,-23.0,-23.0
Senhors,-23.125,-23.125
Kromskop,-23.0,-23.0
Semideify,-23.375,-23.375
Drumbler,-23.0,-23.0
Nutjobber,-23.125,-23.125
Trigonic,-23.0,-23.0
Wartflower,-22.5,-22.5
Embodier,-23.25,-23.25
Savile,-22.125,-22.125
Syntonin,-23.625,-23.625
Nonmanila,-23.375,-23.375
Nonconvivial,-23.5,-23.5
Shikarees,-23.0,-23.0
Subclaim,-23.5,-23.5
Victuals,-23.0,-23.0
Uproar,-23.75,-23.75
Sextry,-23.125,-23.125
Isopulegone,-23.25,-23.25
Morons,-23.5,-23.5
Mammons,-22.625,-22.625
Alidades,-23.0,-23.0
Kingship,-23.375,-23.375
Outtasks,-23.5,-23.5
Fledgiest,-23.375,-23.375
Shechemites,-23.375,-23.375
Deathsmen,-23.125,-23.125
Desmology,-23.5,-23.5
Portrayist,-23.375,-23.375
Signator,-23.5,-23.5
Grangerize,-22.75,-22.75
Dorsoventral,-22.875,-22.875
Pottaro,-23.25,-23.25
Indigenal,-23.375,-23.375
Holarctic,-23.625,-23.625
Depreciatory,-23.25,-23.25
Antebath,-23.25,-23.25
Nonconvergence,-23.75,-23.75
Unannex,-23.625,-23.625
Unpatrician,-23.375,-23.375
Plasmapheresis,-23.0,-23.0
Tallapoi,-22.875,-22.875
Indicates,-23.25,-23.25
Protectress,-22.625,-22.625
Cheirogaleus,-22.625,-22.625
Unduncelike,-23.5,-23.5
Caddies,-23.375,-23.375
Fascinations,-22.875,-22.875
Pregalvanize,-23.25,-23.25
Disomic,-23.5,-23.5
Dioptrometer,-23.0,-23.0
Lessen,-22.625,-22.625
Anglian,-22.875,-22.875
Trioxide,-23.25,-23.25
Picornavirus,-23.5,-23.5
Dimissory,-23.625,-23.625
Decurt,-23.625,-23.625
Fishlike,-23.0,-23.0
Megalecithal,-23.375,-23.375
Correspond,-23.25,-23.25
Shallower,-23.375,-23.375
Xerophthalmia,-23.125,-23.125
Urethans,-23.25,-23.25
Vestige,-23.25,-23.25
Humeri,-23.625,-23.625
Deadtongue,-23.25,-23.25
Xiphoids,-23.25,-23.25
Senegal,-22.875,-22.875
Silenaceous,-23.125,-23.125
Needfuls,-23.125,-23.125
Lamellicornes,-22.875,-22.875
Turkophobist,-23.75,-23.75
Elytrous,-23.125,-23.125
Shagroon,-23.125,-23.125
Graperoot,-23.0,-23.0
Cohanim,-23.0,-23.0
Bullion,-22.75,-22.75
Rousers,-23.375,-23.375
Bandlimit,-23.375,-23.375
Enduro,-22.875,-22.875
Bobbie,-22.875,-22.875
Muslins,-23.875,-23.875
Reptilelike,-23.375,-23.375
Upwrap,-23.375,-23.375
Afterstate,-22.75,-22.75
Organule,-23.25,-23.25
Theriomorphous,-23.25,-23.25
Telluriferous,-23.25,-23.25
Shippound,-23.25,-23.25
Ichors,-22.625,-22.625
Rusticism,-23.75,-23.75
Cardioschisis,-23.0,-23.0
Hydrochloric,-23.125,-23.125
Blizzard,-22.375,-22.375
Widowlike,-23.25,-23.25
Hydrospheres,-22.75,-22.75
Absarokite,-23.25,-23.25
Mendacious,-22.625,-22.625
Ceratitoid,-22.625,-22.625
Unvenom,-23.25,-23.25
Metalises,-23.25,-23.25
Bijouterie,-22.75,-22.75
Glarier,-22.75,-22.75
Noneruptive,-23.5,-23.5
Subvenize,-23.625,-23.625
Exulcerative,-23.25,-23.25
Moonrise,-23.5,-23.5
Isodynamia,-23.125,-23.125
Skipple,-22.875,-22.875
Costless,-23.0,-23.0
Pinkertonism,-23.5,-23.5
Explainers,-23.5,-23.5
Overcovetous,-23.375,-23.375
Marshs,-22.875,-22.875
Biolite,-22.375,-22.375
Doradidae,-23.0,-23.0
Exossate,-23.375,-23.375
Thesmophoric,-23.0,-23.0
Preservatives,-23.25,-23.25
Bepuff,-23.5,-23.5
Gravestone,-23.0,-23.0
Iberia,-23.125,-23.125
Bogglish,-23.0,-23.0
Antispasis,-23.5,-23.5
Baghouse,-23.25,-23.25
Cruses,-23.125,-23.125
Exclusions,-23.625,-23.625
Pronational,-23.5,-23.5
Worble,-22.875,-22.875
Stockton,-22.875,-22.875
Nonfrugal,-23.375,-23.375
Noncollapsible,-23.25,-23.25
Carposporangia,-22.75,-22.75
Arclike,-23.5,-23.5
Precompute,-23.25,-23.25
Donatives,-23.75,-23.75
Unidiomatic,-23.5,-23.5
Pullorum,-22.75,-22.75
Sliggeen,-23.125,-23.125
Kalathoi,-23.125,-23.125
Basisolute,-23.375,-23.375
Speedboat,-22.625,-22.625
Protasis,-23.125,-23.125
Vanilline,-23.125,-23.125
Cerotic,-22.75,-22.75
Exairesis,-23.125,-23.125
Brujas,-22.875,-22.875
Beneurous,-23.125,-23.125
Caryopteris,-22.25,-22.25
Unesoteric,-23.25,-23.25
Curratow,-23.125,-23.125
Calamancos,-23.0,-23.0
Disjoin,-23.25,-23.25
Isoantibody,-23.25,-23.25
Analphabetic,-23.125,-23.125
Piscis,-23.125,-23.125
Decompile,-23.5,-23.5
Presolve,-23.375,-23.375
Unmuddy,-23.125,-23.125
Baywoods,-22.625,-22.625
Discloser,-23.25,-23.25
Unincisive,-23.5,-23.5
Unmyopic,-23.75,-23.75
Austroriparian,-23.0,-23.0
Unperiphrastic,-23.25,-23.25
Pythonize,-23.625,-23.625
Rubeoloid,-23.375,-23.375
Spingel,-23.25,-23.25
Aerodynamics,-23.125,-23.125
Statices,-23.125,-23.125
Creosotic,-23.0,-23.0
Coquetries,-23.125,-23.125
Idoistic,-23.25,-23.25
Packtrain,-23.375,-23.375
Nightjar,-23.0,-23.0
Uneradicative,-24.125,-24.125
Wobbliest,-23.0,-23.0
Honewort,-23.0,-23.0
Zaqqum,-23.0,-23.0
Splendiferous,-23.125,-23.125
Undescript,-23.75,-23.75
Inductional,-23.5,-23.5
Insomnolent,-23.25,-23.25
Pillar,-23.5,-23.5
Jiggliest,-22.75,-22.75
Underachieves,-23.125,-23.125
Preponderate,-23.75,-23.75
Octene,-23.125,-23.125
Benthopelagic,-22.875,-22.875
Nonmaternal,-23.125,-23.125
Tewhit,-23.125,-23.125
Dogsleep,-23.125,-23.125
Windlin,-23.25,-23.25
Multinodal,-23.5,-23.5
Philanthid,-23.0,-23.0
Perisarcs,-23.125,-23.125
Dwarfisms,-22.625,-22.625
Cheatee,-23.25,-23.25
Stalag,-23.125,-23.125
Quadrivalency,-23.5,-23.5
Psilanthropist,-23.625,-23.625
Ragout,-23.125,-23.125
Volsci,-23.125,-23.125
Analogs,-23.625,-23.625
Stagne,-23.375,-23.375
Pantaphobia,-23.25,-23.25
Akhissar,-23.125,-23.125
Panochas,-23.5,-23.5
Fastigiate,-23.375,-23.375
Cobdenite,-23.5,-23.5
Dealfish,-23.25,-23.25
Rotunda,-23.0,-23.0
Threpsology,-23.25,-23.25
Imputrid,-23.125,-23.125
Tripler,-23.25,-23.25
Priers,-23.125,-23.125
Creaturize,-23.0,-23.0
Curculionist,-23.375,-23.375
Laryngotome,-23.125,-23.125
Chaprasi,-22.875,-22.875
Epiphysis,-23.25,-23.25
Stratocratic,-23.125,-23.125
Conjon,-23.125,-23.125
Bombacaceous,-23.375,-23.375
Plimsole,-22.875,-22.875
Kermanshah,-23.0,-23.0
Acarapis,-23.25,-23.25
Eunuch,-23.5,-23.5
Emeutes,-23.5,-23.5
Vesicatory,-23.0,-23.0
Cityish,-23.125,-23.125
Kilnman,-23.125,-23.125
Disclaimer,-22.875,-22.875
Draffy,-22.625,-22.625
Dewberries,-22.25,-22.25
Sorchin,-23.5,-23.5
Uninceptive,-23.25,-23.25
Satellitian,-23.125,-23.125
Seigniors,-23.375,-23.375
Cambistry,-23.125,-23.125
Harbourous,-23.0,-23.0
Scissorlike,-23.5,-23.5
Myrtlelike,-23.75,-23.75
Chromatometer,-23.0,-23.0
Theriaca,-22.875,-22.875
Penile,-23.375,-23.375
Monoclinian,-23.5,-23.5
Conjuncts,-23.25,-23.25
Habilitator,-23.375,-23.375
Ambient,-23.0,-23.0
Outdwelt,-23.125,-23.125
Quinquelateral,-23.25,-23.25
Entosphenoid,-23.25,-23.25
Semiantique,-23.0,-23.0
Plaintexts,-23.5,-23.5
Serpentine,-22.875,-22.875
Spearmen,-23.125,-23.125
Wimblelike,-23.625,-23.625
Postbellum,-23.125,-23.125
Embellishers,-23.625,-23.625
Tourmalinic,-23.125,-23.125
Cobnuts,-22.875,-22.875
Kvases,-22.875,-22.875
Nonevangelical,-23.375,-23.375
Anticivic,-23.25,-23.25
Jarvie,-23.25,-23.25
Creaght,-22.75,-22.75
Undiscernible,-23.5,-23.5
Insubstantiate,-23.75,-23.75
Obiism,-23.75,-23.75
Duvetines,-23.125,-23.125
Fleabags,-22.625,-22.625
Overflood,-23.75,-23.75
Bebrush,-23.125,-23.125
Monaul,-22.75,-22.75
Overlead,-23.375,-23.375
Uncandor,-23.75,-23.75
Nonprolificacy,-23.5,-23.5
Chondrolipoma,-23.125,-23.125
Alpenglow,-23.0,-23.0
Fishskin,-23.0,-23.0
Pendecagon,-23.0,-23.0
Electrolyses,-23.125,-23.125
Reallot,-23.5,-23.5
Soboles,-23.5,-23.5
Foochow,-23.0,-23.0
Beatitude,-22.875,-22.875
Romyko,-23.5,-23.5
Balanidae,-23.375,-23.375
Exoascus,-22.875,-22.875
Azoxytoluidine,-23.0,-23.0
Discoactine,-23.125,-23.125
Aizoaceous,-23.5,-23.5
Fjords,-22.75,-22.75
Ligula,-23.125,-23.125
Backlists,-23.25,-23.25
Jiggles,-22.625,-22.625
Bugger,-22.875,-22.875
Mediary,-23.25,-23.25
Subprogram,-23.125,-23.125
Dithyrambs,-23.125,-23.125
Dibranchia,-22.75,-22.75
Fatuus,-23.375,-23.375
Confide,-23.125,-23.125
Sawmiller,-23.0,-23.0
Hematocele,-22.875,-22.875
Phrymaceae,-23.125,-23.125
Hebrewdom,-23.375,-23.375
Overprint,-23.625,-23.625
Tubers,-23.25,-23.25
Etherial,-23.5,-23.5
Nanosomia,-23.125,-23.125
Windowshut,-23.25,-23.25
Trueblue,-23.375,-23.375
Handset,-23.375,-23.375
Circumvolute,-23.5,-23.5
Gypsyhead,-22.875,-22.875
Echoless,-23.25,-23.25
Bondslave,-23.375,-23.375
Psychotherapy,-22.75,-22.75
Fidley,-23.125,-23.125
Proboscises,-22.625,-22.625
Chalazoidite,-22.875,-22.875
Antiresonator,-23.75,-23.75
Expostulator,-23.375,-23.375
Protochromium,-23.375,-23.375
Octaploidic,-23.125,-23.125
Cessionary,-23.375,-23.375
Horizontic,-23.25,-23.25
Constate,-23.5,-23.5
Headborough,-23.125,-23.125
Spellcraft,-22.375,-22.375
Trumeaux,-22.875,-22.875
Resawer,-23.625,-23.625
Espousers,-23.5,-23.5
Beehive,-23.25,-23.25
Mucorrhoea,-23.0,-23.0
Spodomantic,-23.875,-23.875
Clamorous,-23.125,-23.125
Clastics,-22.875,-22.875
Nazarean,-22.75,-22.75
Postcubital,-23.25,-23.25
Emydian,-22.875,-22.875
Geotaxy,-23.375,-23.375
Whoosises,-23.0,-23.0
Magiristic,-23.625,-23.625
Derust,-23.25,-23.25
Omnifidel,-23.375,-23.375
Grungy,-23.375,-23.375
Pedosphere,-23.0,-23.0
Dowsabel,-22.875,-22.875
Exodermis,-22.875,-22.875
Nowise,-22.75,-22.75
Pseudocaptive,-23.375,-23.375
Sissonne,-23.0,-23.0
Antiquarism,-23.75,-23.75
Prizewinners,-23.125,-23.125
Anteportico,-23.125,-23.125
Adterminal,-23.625,-23.625
Logographical,-23.375,-23.375
Undelinquent,-23.75,-23.75
Reladen,-23.25,-23.25
Ovigenesis,-23.75,-23.75
Chirimoya,-23.125,-23.125
Euphemia,-23.125,-23.125
Intentionalism,-23.375,-23.375
Octuplet,-23.125,-23.125
Pelomyxa,-22.75,-22.75
Nihility,-23.125,-23.125
Nonfinite,-22.875,-22.875
Frettier,-23.0,-23.0
Finfishes,-23.25,-23.25
Mataeologue,-23.125,-23.125
Millingtonia,-23.125,-23.125
Chausseemeile,-22.875,-22.875
Lithophytous,-23.125,-23.125
Ptinoid,-23.25,-23.25
Gingerbready,-22.875,-22.875
Purpurins,-23.375,-23.375
Subreptitious,-23.375,-23.375
Rheumatiz,-22.875,-22.875
Soulheal,-23.375,-23.375
Slutchy,-23.375,-23.375
Nonarrogancy,-23.625,-23.625
Understuff,-23.0,-23.0
Battier,-23.25,-23.25
Impertinent,-23.625,-23.625
Proenzym,-23.25,-23.25
Augurship,-22.875,-22.875
Poohpoohist,-23.0,-23.0
Trochiscus,-23.125,-23.125
Parisology,-22.875,-22.875
Napoleonist,-23.5,-23.5
Hoyman,-23.125,-23.125
Grapsus,-22.875,-22.875
Purpuriparous,-23.0,-23.0
Nordicize,-23.75,-23.75
Antipart,-24.0,-24.0
Shills,-23.25,-23.25
Polyzoic,-23.25,-23.25
Anaphylaxis,-22.875,-22.875
Hemiamb,-23.125,-23.125
Cornbottle,-23.0,-23.0
Undiametric,-23.375,-23.375
Culturine,-23.25,-23.25
Soucar,-23.25,-23.25
Hoggin,-22.875,-22.875
Canephor,-23.0,-23.0
Antiketogenic,-23.25,-23.25
Bisync,-23.5,-23.5
Cervicolabial,-23.0,-23.0
Keelblock,-23.375,-23.375
Cardioid,-23.0,-23.0
Toryistic,-22.875,-22.875
Uncalumnious,-23.625,-23.625
Routes,-23.0,-23.0
Versions,-22.75,-22.75
Stomatoda,-23.125,-23.125
Allose,-22.875,-22.875
Paulianist,-23.25,-23.25
Unchivalrous,-23.5,-23.5
Raceplate,-23.25,-23.25
Foreshroud,-23.25,-23.25
Antiplastic,-23.375,-23.375
Sacrilumbal,-23.25,-23.25
Porism,-23.75,-23.75
Assenter,-23.125,-23.125
Interrailway,-23.0,-23.0
Palatia,-22.875,-22.875
Invenit,-23.375,-23.375
Narcisms,-23.875,-23.875
Centifolious,-23.125,-23.125
Pterygodum,-23.25,-23.25
Moonbow,-23.5,-23.5
Republica,-23.25,-23.25
Coussinet,-23.125,-23.125
Comburimeter,-23.5,-23.5
Vasomotory,-23.0,-23.0
Periclinal,-23.375,-23.375
Funguses,-22.625,-22.625
Undetectible,-23.75,-23.75
Alleluiah,-23.125,-23.125
Arseniopleite,-23.0,-23.0
Mackintoshite,-23.25,-23.25
Protuberances,-23.25,-23.25
Quickwater,-23.0,-23.0
Negativer,-23.375,-23.375
Gemmuliferous,-23.125,-23.125
Trolleymen,-22.875,-22.875
Ambidexterity,-23.25,-23.25
Filioque,-23.5,-23.5
Sordines,-23.25,-23.25
Overwritten,-23.375,-23.375
Retardate,-23.5,-23.5
Eumerogenesis,-23.375,-23.375
Barodynamic,-23.125,-23.125
Finochios,-23.125,-23.125
Anklet,-22.75,-22.75
Uranyls,-23.125,-23.125
Guptavidya,-23.125,-23.125
Myrialitre,-23.125,-23.125
Bryonies,-22.625,-22.625
Molestie,-23.375,-23.375
Procoracoid,-23.125,-23.125
Harbinge,-23.375,-23.375
Overembroider,-23.5,-23.5
Cobridgehead,-23.0,-23.0
Wollomai,-22.75,-22.75
Buckoes,-22.75,-22.75
Troytown,-22.625,-22.625
Productibility,-23.25,-23.25
Fountaineer,-22.75,-22.75
Affiliate,-22.75,-22.75
Onlook,-22.875,-22.875
Resurfaces,-23.375,-23.375
Royale,-22.875,-22.875
Subaquatic,-23.375,-23.375
Unilluminative,-23.5,-23.5
Battute,-23.0,-23.0
Salutes,-23.125,-23.125
Pittancer,-23.125,-23.125
Chouquette,-23.125,-23.125
Bacillaceae,-23.25,-23.25
Frangulin,-23.25,-23.25
Nonworship,-23.625,-23.625
Sorners,-22.75,-22.75
Gender,-23.25,-23.25
Prechildhood,-22.75,-22.75
Clerodendron,-22.875,-22.875
Prefigurate,-23.375,-23.375
Chalkboards,-22.75,-22.75
Manful,-23.375,-23.375
Isoclinal,-23.25,-23.25
Unsyntactic,-23.625,-23.625
Bivalence,-23.125,-23.125
Spermine,-23.5,-23.5
Pistils,-23.125,-23.125
Sebastine,-22.875,-22.875
Counterdecree,-23.625,-23.625
Meteoritics,-23.0,-23.0
Postcart,-23.375,-23.375
Luteolous,-23.0,-23.0
Surmullets,-23.125,-23.125
Malhonest,-23.5,-23.5
Basidiosporous,-23.125,-23.125
Loghead,-23.125,-23.125
Swandown,-22.875,-22.875
Hairballs,-22.375,-22.375
Predespise,-23.125,-23.125
Bronchostomy,-23.0,-23.0
Cocaine,-23.0,-23.0
Dextrotartaric,-22.625,-22.625
Phlorhizin,-23.125,-23.125
Ehuawa,-23.125,-23.125
Mnemonicalist,-23.625,-23.625
Outcaught,-22.75,-22.75
Pyrophosphatic,-23.375,-23.375
Subendothelial,-23.25,-23.25
Phloeoterma,-22.5,-22.5
Barker,-23.25,-23.25
Poogye,-23.25,-23.25
Prescindent,-23.875,-23.875
Gonocoele,-23.0,-23.0
Fruitwoman,-23.0,-23.0
Calycle,-23.25,-23.25
Nightless,-23.25,-23.25
Vintagers,-23.375,-23.375
Petites,-22.875,-22.875
Preselect,-23.375,-23.375
Wealth,-23.125,-23.125
Dinosaurian,-23.125,-23.125
Pliosaur,-22.75,-22.75
Sporangiolum,-22.625,-22.625
Timberwood,-22.875,-22.875
Urostegal,-23.375,-23.375
Matchmakers,-22.75,-22.75
Acloud,-23.5,-23.5
Basecourt,-23.125,-23.125
Refusenik,-22.875,-22.875
Gemuti,-22.875,-22.875
Milkwood,-22.75,-22.75
Vannai,-23.0,-23.0
Somniloquist,-23.125,-23.125
Quamashes,-23.125,-23.125
Dwayberry,-23.0,-23.0
Wattles,-22.5,-22.5
Preplans,-23.375,-23.375
Monitories,-23.375,-23.375
Routeways,-22.75,-22.75
Lippie,-23.375,-23.375
Chickell,-23.25,-23.25
Enmeshments,-23.625,-23.625
Hexapla,-23.125,-23.125
Engage,-23.125,-23.125
Caracter,-23.125,-23.125
Geophagy,-22.375,-22.375
Nonfantasies,-23.25,-23.25
Cyclopedist,-23.0,-23.0
Habitus,-23.25,-23.25
Myrmecochorous,-23.0,-23.0
Papaverous,-23.0,-23.0
Kokumingun,-23.625,-23.625
Outlimb,-23.125,-23.125
Basque,-23.375,-23.375
Aureomycin,-23.125,-23.125
Roupiest,-23.625,-23.625
Consonate,-23.25,-23.25
Oxybapha,-23.375,-23.375
Mongery,-23.375,-23.375
Dorsomesal,-23.0,-23.0
Trowelful,-22.75,-22.75
Managership,-23.5,-23.5
Haliplankton,-22.125,-22.125
Tortricidae,-23.125,-23.125
Filtrability,-23.5,-23.5
Salometry,-23.25,-23.25
Undecennary,-23.25,-23.25
Scraps,-23.0,-23.0
Underhammer,-23.0,-23.0
Prealveolar,-23.375,-23.375
Reddens,-23.25,-23.25
Socializations,-23.625,-23.625
Coalholes,-22.875,-22.875
Thiocyanate,-23.125,-23.125
Petardeer,-23.25,-23.25
Tollbook,-23.0,-23.0
Craspedal,-23.25,-23.25
Gipsyesque,-22.875,-22.875
Gagelike,-23.375,-23.375
Dyeware,-23.25,-23.25
Mumblebee,-22.75,-22.75
Epionynychia,-22.875,-22.875
Borsholder,-23.375,-23.375
Planomiller,-23.125,-23.125
Deputizes,-23.625,-23.625
Demotists,-23.375,-23.375
Hodmandod,-23.125,-23.125
Floperoo,-23.125,-23.125
Vetture,-22.75,-22.75
Irreflective,-23.5,-23.5
Shoggle,-22.875,-22.875
Fallowist,-23.5,-23.5
Aspergillum,-22.75,-22.75
Coagulum,-23.125,-23.125
Lemniscatic,-23.375,-23.375
Acrogynae,-23.0,-23.0
Supranormal,-23.625,-23.625
Agalactous,-23.125,-23.125
Moshav,-22.5,-22.5
Marlena,-22.75,-22.75
Ulotrichi,-23.125,-23.125
Squirrel,-23.0,-23.0
Angelocracy,-23.25,-23.25
Perfunctory,-23.5,-23.5
Atmosphere,-23.25,-23.25
Needlemaker,-23.5,-23.5
Resatisfy,-23.5,-23.5
Spitten,-23.0,-23.0
Traumata,-23.125,-23.125
Amoral,-23.25,-23.25
Bowwort,-22.5,-22.5
Benches,-22.875,-22.875
Optics,-23.125,-23.125
Tychite,-22.875,-22.875
Sleazy,-23.0,-23.0
Guestchamber,-23.25,-23.25
Immunoglobulin,-23.25,-23.25
Unmerry,-23.25,-23.25
Hoarder,-23.625,-23.625
Ceylon,-23.0,-23.0
Dephlegmatory,-23.25,-23.25
Surveyage,-23.25,-23.25
Galactolysis,-23.25,-23.25
Teameo,-23.125,-23.125
Lithuanian,-23.125,-23.125
Sierozems,-23.0,-23.0
Cryptovalency,-23.125,-23.125
Swiwet,-23.25,-23.25
Nyphomania,-23.125,-23.125
Fulfill,-23.125,-23.125
Enplanes,-23.25,-23.25
Minilanguage,-23.5,-23.5
Clinohumite,-23.125,-23.125
Isnardia,-22.375,-22.375
Incandent,-23.375,-23.375
Stabilities,-23.25,-23.25
Denotes,-23.0,-23.0
Unactability,-23.5,-23.5
Girnie,-22.5,-22.5
Tedescan,-23.25,-23.25
Dimuence,-23.375,-23.375
Penetral,-23.5,-23.5
Polearm,-23.125,-23.125
Peacefullest,-23.125,-23.125
Unpacker,-23.375,-23.375
Heterochronic,-23.125,-23.125
Detonize,-23.25,-23.25
Ballpark,-22.75,-22.75
Misattend,-23.25,-23.25
Suitcases,-22.875,-22.875
Pyodermatosis,-22.75,-22.75
Drupel,-23.25,-23.25
Allthorn,-23.125,-23.125
Stanner,-23.25,-23.25
Hyporchesis,-23.25,-23.25
Locutory,-23.375,-23.375
Enchest,-23.125,-23.125
Stygiophobia,-23.0,-23.0
Cricoidectomy,-22.875,-22.875
Percarbonate,-22.875,-22.875
Faunology,-23.625,-23.625
Dimanganous,-23.25,-23.25
Beetles,-22.75,-22.75
Roboreous,-23.125,-23.125
Bobbejaan,-22.5,-22.5
Housesat,-23.0,-23.0
Drachm,-23.0,-23.0
Outtinkle,-22.875,-22.875
Dinoflagellate,-23.125,-23.125
Chorologist,-23.5,-23.5
Parrels,-22.875,-22.875
Silver,-23.125,-23.125
Buzzier,-23.0,-23.0
Hemule,-22.75,-22.75
Complaint,-23.375,-23.375
Clippings,-23.125,-23.125
Diplomata,-23.125,-23.125
Multiplexors,-23.375,-23.375
Fasciotomy,-23.375,-23.375
Silliest,-23.0,-23.0
Arette,-22.75,-22.75
Chandlers,-22.625,-22.625
Subnets,-23.0,-23.0
Sparser,-22.875,-22.875
Sasswood,-23.0,-23.0
Juckies,-23.125,-23.125
Surfacy,-22.875,-22.875
Altarpieces,-23.125,-23.125
Reinduct,-23.625,-23.625
Holdfast,-23.0,-23.0
Capsulae,-23.125,-23.125
Cochylis,-23.25,-23.25
Elasticize,-23.375,-23.375
Milsey,-23.125,-23.125
Supercanonical,-23.125,-23.125
Shriver,-22.75,-22.75
Bigotries,-23.25,-23.25
Aubergiste,-23.0,-23.0
Reoccasion,-23.125,-23.125
Esoterics,-23.5,-23.5
Tradeswoman,-22.75,-22.75
Reflectoscope,-22.75,-22.75
Liguorian,-23.625,-23.625
Headlight,-22.75,-22.75
Unsack,-23.375,-23.375
Inequities,-23.0,-23.0
Bignou,-22.875,-22.875
Bobtails,-22.875,-22.875
Counterhaft,-23.0,-23.0
Grassflat,-23.0,-23.0
Gesellschaften,-23.125,-23.125
Unrenunciatory,-23.75,-23.75
Limpkin,-23.0,-23.0
Subchronic,-23.375,-23.375
Mughouse,-23.25,-23.25
Dinitro,-23.25,-23.25
Plagal,-23.25,-23.25
Monarchal,-23.375,-23.375
Eastlander,-23.25,-23.25
Liturgistical,-23.5,-23.5
Rewinds,-22.875,-22.875
Coguarantor,-23.5,-23.5
Snipelike,-23.375,-23.375
Consignatary,-23.625,-23.625
Precept,-23.125,-23.125
Mechanizer,-23.375,-23.375
Abounds,-23.0,-23.0
Aryballoi,-22.75,-22.75
Indiscovery,-23.25,-23.25
Spulyie,-22.875,-22.875
Heronite,-23.125,-23.125
Impetigo,-23.0,-23.0
Quinnats,-22.375,-22.375
Protoconid,-23.25,-23.25
Verumontanum,-23.0,-23.0
Worldward,-23.125,-23.125
Underroast,-23.25,-23.25
Tinctures,-22.875,-22.875
Heterolecithal,-23.125,-23.125
Supertax,-23.625,-23.625
Hoopmen,-23.25,-23.25
Basiglandular,-23.25,-23.25
Somniloquous,-23.5,-23.5
Phanerocarpous,-23.125,-23.125
Cambouis,-23.25,-23.25
Scirtopod,-23.125,-23.125
Scandic,-22.625,-22.625
Vaginicolous,-23.375,-23.375
Periodontosis,-23.125,-23.125
Misology,-23.75,-23.75
Cunarder,-22.625,-22.625
Misfigure,-23.25,-23.25
Robalos,-22.75,-22.75
Kirmesses,-23.25,-23.25
Bottlenest,-23.0,-23.0
Lophophore,-22.875,-22.875
Sprayer,-23.625,-23.625
Butterflyer,-23.5,-23.5
Scalpeen,-22.875,-22.875
Ceratodus,-22.375,-22.375
Prepainful,-22.625,-22.625
Cagayans,-23.375,-23.375
Tricarinate,-23.25,-23.25
Hexact,-22.875,-22.875
Becomes,-22.875,-22.875
Kineses,-23.125,-23.125
Myotonic,-23.0,-23.0
Hyperbranchial,-23.0,-23.0
Anacrotism,-23.75,-23.75
Quadrifoliate,-23.0,-23.0
Hormonoid,-23.25,-23.25
Lageniform,-23.375,-23.375
Ugarono,-23.5,-23.5
Exampless,-23.0,-23.0
Moidore,-23.5,-23.5
Paronychial,-23.125,-23.125
Tooths,-22.75,-22.75
Gangplows,-23.125,-23.125
Anthracitic,-23.375,-23.375
Gamgia,-23.375,-23.375
Galvanizers,-23.0,-23.0
Riprap,-23.0,-23.0
Draughtiest,-22.875,-22.875
Pinecone,-22.875,-22.875
Amatols,-23.0,-23.0
Catachresti,-23.375,-23.375
Vaticinant,-23.25,-23.25
Dorsalward,-23.125,-23.125
Michelia,-22.875,-22.875
Dolabra,-23.125,-23.125
Rackful,-23.125,-23.125
Teaches,-22.75,-22.75
Cousins,-23.125,-23.125
Millhouse,-23.125,-23.125
Hierogrammatic,-23.125,-23.125
Cloacae,-23.375,-23.375
Tabletops,-22.875,-22.875
Conservatorio,-23.25,-23.25
Tautologizer,-23.625,-23.625
Katagelophobia,-23.125,-23.125
Swipple,-22.75,-22.75
Involvements,-23.625,-23.625
Abatements,-23.375,-23.375
Cholesterin,-23.0,-23.0
Impreses,-23.0,-23.0
Wangoni,-23.25,-23.25
Basigamy,-23.25,-23.25
Sentinelship,-23.125,-23.125
Magnetoscope,-23.125,-23.125
Prehaunt,-23.125,-23.125
Jayesh,-23.0,-23.0
Nebulosus,-22.625,-22.625
Resilvers,-23.25,-23.25
Magnetobell,-23.25,-23.25
Variances,-23.125,-23.125
Pezizoid,-22.875,-22.875
Fosterer,-23.0,-23.0
Papicolist,-23.125,-23.125
Amitie,-23.0,-23.0
Tibiofibular,-23.125,-23.125
Typefounder,-23.5,-23.5
Scarid,-23.0,-23.0
Micronucleus,-23.625,-23.625
Placoidean,-22.875,-22.875
Shoddy,-23.125,-23.125
Sparch,-23.25,-23.25
Populists,-24.125,-24.125
Dendraspis,-22.375,-22.375
Algidities,-22.625,-22.625
Nonsystematic,-23.5,-23.5
Virgulariidae,-23.125,-23.125
Iceberg,-22.875,-22.875
Peatman,-23.125,-23.125
Pathways,-23.125,-23.125
Mullers,-23.125,-23.125
Azotorrhoea,-23.0,-23.0
Courter,-23.5,-23.5
Voivodeship,-23.625,-23.625
Joyfullest,-23.125,-23.125
Molmutian,-22.875,-22.875
Pylorectomies,-23.125,-23.125
Transducer,-23.625,-23.625
Counterpose,-23.875,-23.875
Wedges,-22.875,-22.875
Replications,-23.375,-23.375
Apprend,-23.25,-23.25
Endovasculitis,-23.125,-23.125
Pladaroma,-23.25,-23.25
Concentrative,-23.875,-23.875
Macrosymbiont,-23.375,-23.375
Petauroides,-22.875,-22.875
Flagelliferous,-22.875,-22.875
Paracoele,-23.5,-23.5
Pedigrees,-23.5,-23.5
Falkland,-23.25,-23.25
Accompanist,-23.375,-23.375
Washeryman,-22.875,-22.875
Galactose,-22.625,-22.625
Drecks,-22.625,-22.625
Subpagoda,-23.5,-23.5
Gabfests,-23.125,-23.125
Brimmer,-22.625,-22.625
Keeler,-23.125,-23.125
Overliver,-23.375,-23.375
Indignities,-23.625,-23.625
Freewheelers,-23.375,-23.375
Rectotomy,-23.0,-23.0
Consults,-23.25,-23.25
Botryoid,-23.0,-23.0
Desalinate,-23.125,-23.125
Deflective,-23.375,-23.375
Outhears,-23.125,-23.125
Extinctive,-23.375,-23.375
Scissorer,-23.125,-23.125
Petzite,-23.25,-23.25
Imbrex,-23.25,-23.25
Uncognoscible,-23.5,-23.5
Spirants,-23.5,-23.5
Saltines,-22.375,-22.375
Haematid,-23.0,-23.0
Octocorallan,-22.875,-22.875
Caconychia,-23.125,-23.125
Nonretardatory,-23.125,-23.125
Futharcs,-22.875,-22.875
Subdepots,-23.0,-23.0
Sociomedical,-23.0,-23.0
Dodderer,-23.25,-23.25
Ananthropism,-23.5,-23.5
Washman,-22.75,-22.75
Ichthyotomi,-22.625,-22.625
Blastematic,-23.125,-23.125
Aricin,-23.25,-23.25
Instrumental,-22.875,-22.875
Tartnesses,-23.125,-23.125
Mosquittoey,-22.75,-22.75
Sleepful,-23.0,-23.0
Perosis,-23.5,-23.5
Durocs,-23.125,-23.125
Triunities,-22.875,-22.875
Refringency,-23.625,-23.625
Polymathy,-23.375,-23.375
Scotchmen,-23.25,-23.25
Plasticity,-22.875,-22.875
Homaloptera,-23.5,-23.5
Airposts,-23.25,-23.25
Allodiaries,-23.25,-23.25
Autographist,-23.375,-23.375
Validatory,-23.375,-23.375
Deblock,-23.625,-23.625
Beleaps,-23.25,-23.25
Orthopaedist,-23.125,-23.125
Chrysopoeia,-22.875,-22.875
Racialist,-23.625,-23.625
Exornate,-23.25,-23.25
Wedgebill,-22.875,-22.875
Embrawn,-23.375,-23.375
Incoherency,-23.75,-23.75
Tobaccomen,-22.75,-22.75
Cuneocuboid,-23.375,-23.375
Foregallery,-23.125,-23.125
Underqueen,-22.5,-22.5
Infanticides,-23.375,-23.375
Trivet,-22.875,-22.875
Grasshouse,-23.25,-23.25
Tamanowus,-22.75,-22.75
Mahatma,-22.75,-22.75
Nutritionist,-23.125,-23.125
Neurogenetic,-23.125,-23.125
Eavesdrops,-22.875,-22.875
Psilophytales,-22.75,-22.75
Fluorinations,-23.25,-23.25
Aftersong,-22.625,-22.625
Ninevitical,-23.125,-23.125
Browbands,-23.125,-23.125
Hatrail,-23.375,-23.375
Fruticose,-22.875,-22.875
Catastrophism,-23.625,-23.625
Exhalations,-23.0,-23.0
Uranisms,-23.125,-23.125
Broadband,-23.0,-23.0
Agglomerates,-23.75,-23.75
Heptavalent,-23.5,-23.5
Trilophodont,-22.75,-22.75
Jobmistress,-23.0,-23.0
Skaithy,-23.25,-23.25
Characin,-23.125,-23.125
Bromite,-22.75,-22.75
Surroyals,-23.125,-23.125
Subforeman,-23.125,-23.125
Lyricizes,-23.125,-23.125
Motorism,-23.5,-23.5
Besplit,-23.625,-23.625
Energid,-23.25,-23.25
Premidsummer,-22.875,-22.875
Unproducible,-23.625,-23.625
Juramenta,-22.875,-22.875
Checkpoints,-23.125,-23.125
Hygiastics,-23.25,-23.25
Hispanicism,-23.75,-23.75
Spurreies,-23.25,-23.25
Salivous,-23.125,-23.125
Concelebrates,-23.0,-23.0
Gutnic,-23.125,-23.125
Malacopterygii,-22.125,-22.125
Orthocoumaric,-23.125,-23.125
Wayward,-23.0,-23.0
Pseudamphorae,-23.125,-23.125
Cesspool,-22.875,-22.875
Yetapa,-22.5,-22.5
Grande,-23.25,-23.25
Moondrop,-23.25,-23.25
Steatite,-22.75,-22.75
Dimmers,-23.5,-23.5
Strange,-23.25,-23.25
Pathema,-23.375,-23.375
Allotheist,-23.375,-23.375
Pilaus,-22.875,-22.875
Helvellaceous,-22.375,-22.375
Polysomitic,-23.5,-23.5
Pulpatoon,-23.0,-23.0
Miniskirts,-23.125,-23.125
Antiliturgy,-23.375,-23.375
Alismal,-23.125,-23.125
Pearceite,-22.625,-22.625
Eumolpides,-23.25,-23.25
Myrmecophytic,-22.75,-22.75
Protogenetic,-23.25,-23.25
Barbarities,-23.0,-23.0
Pantile,-23.125,-23.125
Footle,-22.625,-22.625
Jeanie,-22.75,-22.75
Cheezit,-22.375,-22.375
Bullets,-22.75,-22.75
Introrsal,-23.5,-23.5
Brantail,-23.125,-23.125
Renaissance,-23.25,-23.25
Malmier,-23.25,-23.25
Panaritium,-23.25,-23.25
Temporiser,-23.375,-23.375
Crengle,-23.0,-23.0
Footscraper,-23.25,-23.25
Rebook,-23.5,-23.5
Hexagonal,-22.875,-22.875
Moonbeams,-23.125,-23.125
Understage,-23.25,-23.25
Beakless,-23.125,-23.125
Unglorious,-23.125,-23.125
Semitertian,-23.25,-23.25
Accordion,-22.875,-22.875
Picofarad,-23.0,-23.0
Trundles,-22.625,-22.625
Sectionize,-23.125,-23.125
Nelken,-23.0,-23.0
Concaver,-23.125,-23.125
Merchanteer,-23.125,-23.125
Panman,-23.375,-23.375
Trustor,-23.125,-23.125
Sulphoproteid,-22.875,-22.875
Tremellales,-22.75,-22.75
Chagrin,-22.875,-22.875
Synchromism,-23.625,-23.625
Agrogeological,-22.875,-22.875
Refrig,-22.625,-22.625
Laconic,-23.25,-23.25
Nonferocious,-23.375,-23.375
Whaleroad,-22.625,-22.625
Ructions,-23.25,-23.25
Dormient,-23.125,-23.125
Galcha,-23.0,-23.0
Nervules,-23.0,-23.0
Pipecolin,-23.5,-23.5
Rereads,-23.375,-23.375
Gyroscope,-23.25,-23.25
Reaccommodates,-22.875,-22.875
Orangey,-23.625,-23.625
Strave,-23.25,-23.25
Relights,-23.0,-23.0
Scorpiid,-22.875,-22.875
Spectroscopes,-23.0,-23.0
Pancosmist,-23.375,-23.375
Nuncupatory,-23.25,-23.25
Quinquelocular,-22.75,-22.75
Demount,-23.125,-23.125
Biophysic,-23.75,-23.75
Avisos,-23.125,-23.125
Polychresty,-23.25,-23.25
Beroidae,-23.375,-23.375
Submedian,-23.375,-23.375
Ghouls,-23.0,-23.0
Oldsters,-23.0,-23.0
Surmisal,-23.125,-23.125
Abbreviators,-23.5,-23.5
Omniprudence,-23.375,-23.375
Cantilena,-23.125,-23.125
Ludian,-23.25,-23.25
Aeromarine,-22.875,-22.875
Supraprotest,-24.125,-24.125
Ithyphallic,-22.625,-22.625
Commandrie,-22.75,-22.75
Entreasure,-23.25,-23.25
Headwear,-22.75,-22.75
Conjugal,-23.375,-23.375
Haybote,-22.875,-22.875
Tutball,-23.125,-23.125
Gaslights,-23.125,-23.125
Monopodies,-23.375,-23.375
Physostomous,-22.75,-22.75
Siphonic,-23.375,-23.375
Psychodelic,-23.0,-23.0
Atropal,-23.375,-23.375
Roadite,-23.25,-23.25
Globins,-23.0,-23.0
Bramantesque,-23.25,-23.25
Waglike,-23.5,-23.5
Sphecina,-23.0,-23.0
Metroscirrhus,-22.625,-22.625
Nuttalliasis,-22.875,-22.875
Gnetaceae,-23.375,-23.375
Counteract,-23.25,-23.25
Murther,-23.25,-23.25
Savagers,-23.25,-23.25
Caloreceptor,-23.125,-23.125
Vapourise,-23.375,-23.375
Saccomyidae,-23.25,-23.25
Xiphodynia,-23.375,-23.375
Shenanigans,-22.875,-22.875
Mossful,-23.0,-23.0
Posterette,-23.125,-23.125
Saltless,-23.125,-23.125
Meekest,-23.0,-23.0
Whipmaker,-22.75,-22.75
Dipteron,-23.25,-23.25
Rhodosperm,-22.75,-22.75
Eosaurus,-23.0,-23.0
Overcame,-23.125,-23.125
Rotundity,-23.75,-23.75
Fawnery,-23.125,-23.125
Uncentrical,-23.375,-23.375
Electromer,-23.25,-23.25
Phonologer,-23.875,-23.875
Wavewise,-23.125,-23.125
Ventin,-23.0,-23.0
Tubificidae,-23.125,-23.125
Stockist,-23.0,-23.0
Trainer,-23.125,-23.125
Advisatory,-23.125,-23.125
Liquorish,-23.375,-23.375
Onkilonite,-22.875,-22.875
Gaminesque,-23.25,-23.25
Sarcoseptum,-22.875,-22.875
Mobocracies,-23.625,-23.625
Nuncupative,-23.125,-23.125
Moonet,-23.375,-23.375
Faiences,-23.125,-23.125
Castile,-23.125,-23.125
Chutzpanik,-22.5,-22.5
Decanter,-22.875,-22.875
Superoffensive,-23.125,-23.125
Metagnath,-23.125,-23.125
Sporangiferous,-23.0,-23.0
Organical,-23.25,-23.25
Cystines,-22.875,-22.875
Signaturist,-23.125,-23.125
Equerry,-23.375,-23.375
Hypnosporic,-22.875,-22.875
Miscounsel,-23.0,-23.0
Predeterminant,-23.5,-23.5
Demonstrators,-23.875,-23.875
Dioxides,-23.25,-23.25
Sulphosilicide,-22.875,-22.875
Monopodic,-23.125,-23.125
Cyprinus,-22.875,-22.875
Residence,-23.375,-23.375
Metaloscopy,-22.875,-22.875
Temser,-23.5,-23.5
Exitance,-23.25,-23.25
Neurale,-23.25,-23.25
Foliates,-22.875,-22.875
Citynesses,-23.875,-23.875
Payees,-23.125,-23.125
Precreate,-23.375,-23.375
Pinprick,-22.625,-22.625
Algolagnic,-23.375,-23.375
Megametre,-23.0,-23.0
Comtesses,-23.25,-23.25
Unconcurrent,-23.75,-23.75
Stabilize,-23.375,-23.375
Gabbroid,-23.0,-23.0
Knaggy,-23.125,-23.125
Waxplants,-23.0,-23.0
Occipitoatloid,-23.0,-23.0
Uphoard,-23.125,-23.125
Outwittal,-23.125,-23.125
Aments,-23.375,-23.375
Applegrower,-23.375,-23.375
Granulosis,-23.25,-23.25
Apportioner,-23.375,-23.375
Managerial,-22.5,-22.5
Arbota,-23.375,-23.375
Actinia,-23.375,-23.375
Brunet,-23.125,-23.125
Erasers,-22.75,-22.75
Tacheography,-23.375,-23.375
Burele,-23.375,-23.375
Ramify,-23.25,-23.25
Calinago,-23.375,-23.375
Sovietist,-23.0,-23.0
Knublet,-23.375,-23.375
Drygoodsman,-22.875,-22.875
Boobyish,-23.625,-23.625
Farandoles,-23.125,-23.125
Clamshells,-23.25,-23.25
Earlier,-22.875,-22.875
Choliamb,-23.125,-23.125
Tapissery,-22.75,-22.75
Ritratto,-23.25,-23.25
Gambler,-23.25,-23.25
Motorphobia,-23.25,-23.25
Postpositional,-23.625,-23.625
Armillaria,-22.75,-22.75
Warisons,-23.125,-23.125
Calgon,-22.75,-22.75
Edentate,-23.125,-23.125
Tonograph,-23.0,-23.0
Acrologism,-23.5,-23.5
Barnyards,-23.125,-23.125
Muckthrift,-23.0,-23.0
Soroches,-23.375,-23.375
Apagoge,-23.0,-23.0
Sessions,-23.25,-23.25
Dreidel,-23.125,-23.125
Succinate,-23.0,-23.0
Schnauzers,-22.5,-22.5
Jigsaws,-22.75,-22.75
Phonomotor,-23.375,-23.375
Ravelin,-23.0,-23.0
Syconidae,-23.5,-23.5
Iapyges,-23.125,-23.125
Telegrams,-23.25,-23.25
Systole,-23.125,-23.125
Halberdsman,-22.625,-22.625
Quaternities,-23.25,-23.25
Edgebone,-23.0,-23.0
Oostegitic,-23.5,-23.5
Bedrift,-22.875,-22.875
Fluorid,-23.25,-23.25
Horrors,-23.125,-23.125
Hematomas,-23.125,-23.125
Meloplasties,-23.25,-23.25
Sketchier,-23.0,-23.0
Ganocephalan,-23.0,-23.0
Ecchymoses,-23.0,-23.0
Hexiology,-23.0,-23.0
Dunderheads,-23.125,-23.125
Teosinte,-23.125,-23.125
Lampoonery,-23.75,-23.75
Recovery,-23.625,-23.625
Dioxindole,-23.375,-23.375
Vacherin,-23.125,-23.125
Waywode,-23.0,-23.0
Lunata,-23.625,-23.625
Prepend,-23.5,-23.5
Padeye,-23.5,-23.5
Rehydrate,-22.75,-22.75
Liquefies,-23.25,-23.25
Uskara,-23.0,-23.0
Tergiversatory,-23.125,-23.125
Walkways,-23.0,-23.0
Impartive,-23.375,-23.375
Inexistency,-23.375,-23.375
Mediatorial,-22.875,-22.875
Boronic,-23.25,-23.25
Unkinglike,-23.625,-23.625
Prediabetic,-22.625,-22.625
Abrogate,-23.375,-23.375
Antifrost,-23.5,-23.5
Pipework,-23.25,-23.25
Wayfarers,-23.125,-23.125
Maxima,-23.0,-23.0
Sherberts,-23.0,-23.0
Cortege,-23.25,-23.25
Wangun,-23.625,-23.625
Unprofuse,-23.625,-23.625
Leotards,-23.0,-23.0
Settees,-23.0,-23.0
Cantharides,-22.75,-22.75
Laryngotomies,-23.125,-23.125
Hemimeridae,-23.125,-23.125
Statics,-23.5,-23.5
Hitchier,-22.875,-22.875
Gradefinder,-23.25,-23.25
Leptochroa,-22.75,-22.75
Gilravager,-23.125,-23.125
Outborn,-23.125,-23.125
Cinquain,-22.875,-22.875
Psammotherapy,-23.25,-23.25
Pneumatophony,-23.375,-23.375
Protectant,-23.0,-23.0
Fumigates,-23.25,-23.25
Naseberry,-23.0,-23.0
Odontoclast,-23.375,-23.375
Charco,-23.375,-23.375
Terrar,-23.0,-23.0
Xanthodont,-22.625,-22.625
Shuvra,-23.25,-23.25
Paniculate,-23.375,-23.375
Artamus,-22.875,-22.875
Octoad,-22.875,-22.875
Hysterogenous,-23.25,-23.25
Arachnitis,-22.75,-22.75
Feasances,-23.0,-23.0
Atropia,-23.125,-23.125
Icekhanas,-23.25,-23.25
Restiffen,-23.0,-23.0
Glanditerous,-23.375,-23.375
Gravitometer,-23.25,-23.25
Telligraph,-23.0,-23.0
Megaloureter,-23.0,-23.0
Superacromial,-22.875,-22.875
Neophytish,-23.375,-23.375
Hektometer,-23.0,-23.0
Resalvage,-23.125,-23.125
Zygophyte,-22.875,-22.875
Yeastless,-22.875,-22.875
Toadflaxes,-22.75,-22.75
Seawoman,-23.25,-23.25
Dealates,-22.875,-22.875
Farand,-23.125,-23.125
Umbonial,-23.25,-23.25
Clubroots,-23.375,-23.375
Haplologic,-23.25,-23.25
Poiesis,-23.25,-23.25
Chromospheres,-23.25,-23.25
Preguilty,-23.5,-23.5
Interseam,-23.375,-23.375
Monoglycerid,-23.25,-23.25
Scalary,-23.25,-23.25
Datives,-23.5,-23.5
Icemen,-23.0,-23.0
Astart,-23.125,-23.125
Rubato,-23.125,-23.125
Lumbosacral,-23.125,-23.125
Capriole,-22.75,-22.75
Cratometry,-23.75,-23.75
Glockenspiels,-22.625,-22.625
Unhostile,-23.125,-23.125
Prisonous,-23.375,-23.375
Terebinthina,-22.875,-22.875
Somnipathy,-23.0,-23.0
Fallible,-22.875,-22.875
Credere,-23.375,-23.375
Nouvelles,-22.75,-22.75
Reserveless,-23.125,-23.125
Hibernic,-23.0,-23.0
Lymphadenosis,-23.375,-23.375
Preapprove,-23.125,-23.125
Spinnings,-23.125,-23.125
Wafers,-23.125,-23.125
Tinniest,-23.125,-23.125
Necrogenous,-23.0,-23.0
Montross,-22.75,-22.75
Tallote,-23.125,-23.125
Yeldrin,-23.0,-23.0
Haemocytometer,-23.0,-23.0
Ectogenic,-23.25,-23.25
Refires,-22.75,-22.75
Sesuvium,-22.625,-22.625
Densest,-23.0,-23.0
Thugdom,-23.375,-23.375
Raasch,-23.5,-23.5
Nondendroidal,-23.125,-23.125
Orotherapy,-23.25,-23.25
Nonadverbial,-23.625,-23.625
Splashproof,-22.875,-22.875
Divulgate,-23.375,-23.375
Bashaw,-22.75,-22.75
Toshes,-23.125,-23.125
Damageous,-22.875,-22.875
Hayrake,-23.0,-23.0
Nonextenuatory,-23.625,-23.625
Veracities,-22.875,-22.875
Psorosis,-22.875,-22.875
Iotacismus,-23.875,-23.875
Ramiro,-23.0,-23.0
Parietomastoid,-22.375,-22.375
Coambulant,-23.375,-23.375
Factualism,-23.75,-23.75
Teetaller,-23.125,-23.125
Underspecify,-23.125,-23.125
Birdwise,-23.125,-23.125
Overvoltage,-23.625,-23.625
Sternest,-22.75,-22.75
Redismiss,-23.25,-23.25
Tavast,-23.125,-23.125
Receptaculitid,-22.625,-22.625
Recurve,-23.0,-23.0
Pitchblende,-23.0,-23.0
Sapful,-23.125,-23.125
Guereba,-23.375,-23.375
Enteral,-23.25,-23.25
Milliares,-23.125,-23.125
Dither,-23.125,-23.125
Unadmission,-23.875,-23.875
Cycadeoidea,-22.75,-22.75
Depicts,-22.625,-22.625
Upstage,-23.5,-23.5
Diffusionism,-23.25,-23.25
Armorican,-22.875,-22.875
Shortzy,-23.125,-23.125
Peripteral,-23.125,-23.125
Treeful,-23.0,-23.0
Freith,-22.875,-22.875
Knightlike,-23.5,-23.5
Studdings,-23.125,-23.125
Presuffer,-23.5,-23.5
Pygididae,-23.375,-23.375
Myomatous,-23.25,-23.25
Cocker,-23.125,-23.125
Terminology,-23.125,-23.125
Understand,-23.0,-23.0
Undercooks,-23.0,-23.0
Subcancellate,-23.75,-23.75
Nighter,-23.25,-23.25
Vesuvianite,-22.5,-22.5
Pseudobenthos,-23.25,-23.25
Supercensure,-23.25,-23.25
Coiffes,-23.125,-23.125
Intrusion,-23.5,-23.5
Toilet,-22.625,-22.625
Offcast,-23.375,-23.375
Ampelopsin,-23.25,-23.25
Cnidocyst,-22.875,-22.875
Juncture,-23.625,-23.625
Nodiferous,-23.375,-23.375
Mosstroopery,-23.125,-23.125
Cirsium,-22.625,-22.625
Vesicates,-23.0,-23.0
Chlamydozoan,-22.375,-22.375
Centrodesmose,-23.125,-23.125
Inorganic,-23.5,-23.5
Proconformity,-24.125,-24.125
Cryptozygy,-23.25,-23.25
Tanists,-23.375,-23.375
Monogynoecial,-23.25,-23.25
Rentals,-23.0,-23.0
Laconisms,-23.375,-23.375
Teaspoonsful,-22.625,-22.625
Optimates,-23.375,-23.375
Blunderbuss,-23.125,-23.125
Mushroomlike,-23.375,-23.375
Analities,-23.25,-23.25
Onside,-23.125,-23.125
Undertone,-23.0,-23.0
Rerelease,-23.5,-23.5
Verruciform,-23.0,-23.0
Opobalsam,-23.5,-23.5
Procris,-23.375,-23.375
Reavoidance,-23.25,-23.25
Profulgent,-23.25,-23.25
Mijnheers,-23.25,-23.25
Upflows,-23.5,-23.5
Spiteproof,-23.25,-23.25
Plexus,-22.625,-22.625
Unfaithworthy,-23.125,-23.125
Delsarte,-23.375,-23.375
Ileocolostomy,-22.625,-22.625
Nontraveller,-23.5,-23.5
Wonners,-23.0,-23.0
Subreader,-23.375,-23.375
Pancratiast,-23.375,-23.375
Anserinae,-23.5,-23.5
Fetiches,-23.625,-23.625
Semioblivious,-23.375,-23.375
Chionanthus,-23.0,-23.0
Commark,-23.25,-23.25
Lingcod,-23.25,-23.25
Subpostscript,-23.5,-23.5
Rattier,-23.25,-23.25
Departure,-23.5,-23.5
Stercorol,-22.875,-22.875
Rosolio,-22.75,-22.75
Subtrigonal,-23.125,-23.125
Staunches,-23.5,-23.5
Encheson,-23.375,-23.375
Picaroon,-23.375,-23.375
Hickeyes,-23.25,-23.25
Noonlit,-23.25,-23.25
Magnifications,-23.25,-23.25
Phthalyl,-23.125,-23.125
Sonarmen,-23.125,-23.125
Silicify,-23.5,-23.5
Hellene,-23.375,-23.375
Scorser,-22.875,-22.875
Floruit,-23.0,-23.0
Obpyriform,-23.5,-23.5
Hornify,-23.625,-23.625
Plumbosolvent,-22.75,-22.75
Noctilucan,-22.875,-22.875
Handistroke,-23.375,-23.375
Overdilate,-23.25,-23.25
Mahori,-23.125,-23.125
Cacochroia,-22.75,-22.75
Borele,-23.25,-23.25
Eductions,-23.125,-23.125
Paneity,-23.0,-23.0
Emporium,-23.25,-23.25
Enosis,-23.75,-23.75
Branchellion,-22.75,-22.75
Showpiece,-23.25,-23.25
Inspectress,-23.125,-23.125
Moonfish,-23.125,-23.125
Bendways,-22.875,-22.875
Mylohyoid,-22.875,-22.875
Crestfish,-22.5,-22.5
Potassium,-23.125,-23.125
Affricative,-23.625,-23.625
Render,-23.625,-23.625
Coenesthesis,-23.375,-23.375
Zounds,-22.75,-22.75
Plentitude,-23.125,-23.125
Epigone,-22.75,-22.75
Mentoniere,-23.25,-23.25
Tagalize,-23.5,-23.5
Flaser,-23.375,-23.375
Enfeeblements,-23.25,-23.25
Communicate,-23.125,-23.125
Shaula,-23.0,-23.0
Seromucous,-23.125,-23.125
Ravison,-22.875,-22.875
Sharnbud,-22.875,-22.875
Rabbinize,-23.375,-23.375
Bufagin,-23.375,-23.375
Cascan,-23.25,-23.25
Collyr,-23.0,-23.0
Hypospadias,-22.5,-22.5
Abjurer,-22.875,-22.875
Pneumonography,-23.0,-23.0
Noctambulist,-23.375,-23.375
Bloodguilty,-23.25,-23.25
Targumist,-23.25,-23.25
Continentals,-22.875,-22.875
Smokies,-22.75,-22.75
Anatomise,-23.5,-23.5
Repone,-23.625,-23.625
Osteomatoid,-23.375,-23.375
Hydria,-23.125,-23.125
Medications,-22.875,-22.875
Lorate,-23.25,-23.25
Roostership,-23.5,-23.5
Huntresses,-23.125,-23.125
Zirconate,-23.125,-23.125
Squeezy,-23.0,-23.0
Sheathery,-23.375,-23.375
Rigidist,-23.75,-23.75
Dodkin,-23.875,-23.875
Precinctive,-23.5,-23.5
Praescutum,-23.5,-23.5
Nandina,-23.125,-23.125
Pluton,-23.25,-23.25
Playmaker,-23.25,-23.25
Withdaw,-23.25,-23.25
Cautionry,-23.125,-23.125
Dissolutive,-23.5,-23.5
Hypoparia,-23.25,-23.25
Holism,-23.375,-23.375
Vespids,-23.25,-23.25
Unluminiferous,-23.25,-23.25
Benzoyls,-22.625,-22.625
Schoolgirlhood,-23.375,-23.375
Cynosarges,-23.125,-23.125
Cataplexy,-22.625,-22.625
Huguenots,-23.5,-23.5
Barcan,-23.25,-23.25
Bungarus,-23.0,-23.0
Nonsubmission,-23.625,-23.625
Ekphore,-23.25,-23.25
Rearouse,-23.0,-23.0
Rapscallionism,-23.625,-23.625
Gonidial,-23.25,-23.25
Sewerless,-23.0,-23.0
Griddler,-23.25,-23.25
Platitudinous,-22.75,-22.75
Paduasoy,-23.5,-23.5
Balant,-22.875,-22.875
Carpogonium,-23.375,-23.375
Osmograph,-23.25,-23.25
Barrel,-23.25,-23.25
Europeward,-23.25,-23.25
Epithecal,-23.375,-23.375
Stewardry,-23.375,-23.375
Bisymmetrical,-23.375,-23.375
Glucemia,-22.875,-22.875
Sericulturist,-23.375,-23.375
Platymery,-23.25,-23.25
Dramamine,-23.0,-23.0
Kataphoresis,-23.125,-23.125
Cofathership,-23.5,-23.5
Gametophytic,-23.125,-23.125
Polyglottonic,-23.0,-23.0
Isotopies,-23.25,-23.25
Wagonettes,-22.75,-22.75
Woolsower,-23.25,-23.25
Represent,-23.5,-23.5
Expanse,-23.375,-23.375
Halitoses,-23.75,-23.75
Telugu,-22.75,-22.75
Silvex,-23.375,-23.375
Rhodocystis,-22.625,-22.625
Jigaboo,-23.125,-23.125
Maternity,-23.0,-23.0
Snollygoster,-23.0,-23.0
Tenches,-22.875,-22.875
Sunblind,-23.0,-23.0
Photosyntax,-23.375,-23.375
Holomastigote,-22.875,-22.875
Transfuser,-23.375,-23.375
Perdrigon,-22.875,-22.875
Sphinx,-23.375,-23.375
Agnosy,-23.125,-23.125
Baguio,-23.375,-23.375
Dittos,-23.125,-23.125
Clofibrate,-22.875,-22.875
Cydippida,-22.875,-22.875
Stockpile,-23.5,-23.5
Unstraight,-23.25,-23.25
Patrioteer,-24.125,-24.125
Paranatellon,-23.25,-23.25
Alchem,-23.25,-23.25
Metretes,-23.25,-23.25
Possibilities,-23.125,-23.125
Pyrogenesia,-23.375,-23.375
Nonremedy,-23.375,-23.375
Ammonias,-22.875,-22.875
Exactions,-23.25,-23.25
Mattboard,-23.0,-23.0
Collegianer,-23.125,-23.125
Disillusionary,-23.25,-23.25
Dialkylic,-23.0,-23.0
Chromatist,-23.125,-23.125
Enchylematous,-23.25,-23.25
Infinitesimal,-23.5,-23.5
Nebuchadnezzar,-22.625,-22.625
Megasclerum,-22.375,-22.375
Keywords,-23.375,-23.375
Polyrhizal,-23.125,-23.125
Nymphae,-23.125,-23.125
Nondelirious,-23.0,-23.0
Phanariote,-22.75,-22.75
Rishis,-23.0,-23.0
Intents,-23.5,-23.5
Nonderelict,-22.875,-22.875
Spoutlike,-23.375,-23.375
Bantery,-23.625,-23.625
Polyzoary,-23.375,-23.375
Remission,-23.0,-23.0
Beneficential,-23.375,-23.375
Clumsier,-22.875,-22.875
Trifoliosis,-23.0,-23.0
Mudirieh,-23.125,-23.125
Klippe,-23.0,-23.0
Burghmote,-23.125,-23.125
Pretergress,-23.375,-23.375
Eunomian,-23.75,-23.75
Congelifract,-23.25,-23.25
Outtalks,-23.125,-23.125
Emptional,-22.75,-22.75
Ordnance,-23.25,-23.25
Hayings,-22.625,-22.625
Wellchosen,-22.75,-22.75
Houvari,-23.5,-23.5
Overdyer,-23.25,-23.25
Plumps,-22.75,-22.75
Warmen,-23.0,-23.0
Juridic,-23.625,-23.625
Hallel,-23.375,-23.375
Longspun,-23.375,-23.375
Gynaecocracy,-22.875,-22.875
Quadrates,-23.125,-23.125
Wattlework,-22.875,-22.875
Uaraycu,-23.125,-23.125
Pargeboard,-23.375,-23.375
Grissens,-23.25,-23.25
Bootblack,-23.125,-23.125
Pantopelagian,-23.0,-23.0
Sympathizer,-23.75,-23.75
Petrific,-22.625,-22.625
Priapulidae,-22.875,-22.875
Inferobranch,-23.0,-23.0
Partigen,-23.25,-23.25
Commercia,-23.125,-23.125
Molossian,-23.125,-23.125
Atmophile,-23.0,-23.0
Tribunate,-23.25,-23.25
Lycine,-22.875,-22.875
Setulae,-23.125,-23.125
Cholehematin,-23.0,-23.0
Neutrettos,-22.5,-22.5
Legalistic,-23.25,-23.25
Reborn,-23.625,-23.625
Cyclists,-23.5,-23.5
Rebids,-23.375,-23.375
Coaltitude,-23.25,-23.25
Ketolytic,-23.375,-23.375
Prestant,-23.25,-23.25
Jeopard,-23.125,-23.125
Polverine,-23.375,-23.375
Amplexuses,-22.75,-22.75
Florentinism,-23.625,-23.625
Multipurpose,-23.0,-23.0
Poultrydom,-23.625,-23.625
Maugre,-23.75,-23.75
Algefacient,-23.0,-23.0
Agrimotor,-23.375,-23.375
Tirthankara,-22.875,-22.875
Solidify,-23.625,-23.625
Monostelic,-23.125,-23.125
Sameks,-23.125,-23.125
Ocotillo,-22.75,-22.75
Preset,-23.375,-23.375
Banishes,-23.25,-23.25
Apokatastasis,-23.125,-23.125
Cardiomotility,-23.125,-23.125
Friths,-23.125,-23.125
Thornback,-23.125,-23.125
Unconsecrate,-23.125,-23.125
Mnemonics,-23.5,-23.5
Whoreson,-23.375,-23.375
Konjak,-22.625,-22.625
Braccianite,-23.375,-23.375
Carageen,-23.125,-23.125
Hemicataleptic,-23.125,-23.125
Dendrologic,-23.125,-23.125
Dahlsten,-22.875,-22.875
Chalcophanite,-23.0,-23.0
Circulet,-23.25,-23.25
Backband,-23.375,-23.375
Forestful,-23.125,-23.125
Hesperinon,-23.25,-23.25
Irenical,-23.0,-23.0
Daulias,-23.375,-23.375
Heteropodal,-22.75,-22.75
Excurrent,-23.5,-23.5
Semihyperbolic,-23.75,-23.75
Heteromeles,-23.0,-23.0
Bolognese,-23.875,-23.875
Weaser,-23.25,-23.25
Filename,-23.25,-23.25
Cathismata,-23.5,-23.5
Abluvion,-23.5,-23.5
Justers,-22.75,-22.75
Thaliard,-23.0,-23.0
Thetic,-23.125,-23.125
Pseudosematic,-23.125,-23.125
Epichorion,-23.25,-23.25
Woolshears,-23.0,-23.0
Lushiest,-22.75,-22.75
Kalewife,-22.75,-22.75
Floriken,-22.875,-22.875
Oxycholesterol,-22.875,-22.875
Alphabetizes,-23.125,-23.125
Walter,-22.125,-22.125
Nonbenevolent,-23.25,-23.25
Sexlike,-22.875,-22.875
Girths,-22.875,-22.875
Unearths,-23.125,-23.125
Cargadores,-23.125,-23.125
Nonsectarian,-23.125,-23.125
Bookland,-23.5,-23.5
Alexia,-22.875,-22.875
Locksmithery,-23.125,-23.125
Predictions,-22.75,-22.75
Erechtheus,-22.25,-22.25
Befancy,-23.375,-23.375
Heister,-23.5,-23.5
Payday,-23.5,-23.5
Gasifier,-23.125,-23.125
Unplace,-23.25,-23.25
Photodramatics,-23.0,-23.0
Coquinas,-23.25,-23.25
Dimities,-23.125,-23.125
Margarins,-23.0,-23.0
Taeniafuge,-23.125,-23.125
Noneditorial,-23.125,-23.125
Xenolith,-22.75,-22.75
Anaerobian,-23.125,-23.125
Subquintuple,-23.375,-23.375
Gorsechat,-23.125,-23.125
Apozem,-22.625,-22.625
Ionospheric,-23.25,-23.25
Purkinjean,-23.625,-23.625
Recurses,-23.25,-23.25
Susceptivity,-23.25,-23.25
Japonize,-24.0,-24.0
Discography,-23.375,-23.375
Langrage,-23.5,-23.5
Peritrophic,-23.25,-23.25
Bardiest,-22.75,-22.75
Axopodia,-23.25,-23.25
Bigotry,-23.125,-23.125
Balladwise,-23.125,-23.125
Hyperdoricism,-23.625,-23.625
Occlusion,-23.25,-23.25
Karyosome,-23.625,-23.625
Lappic,-23.875,-23.875
Tenalgia,-23.25,-23.25
Younker,-23.25,-23.25
Subicteric,-23.25,-23.25
Sexism,-23.625,-23.625
Peripancreatic,-23.0,-23.0
Unabsolute,-23.375,-23.375
Inters,-22.5,-22.5
Mollycoddler,-22.875,-22.875
Deboites,-23.875,-23.875
Snarer,-23.0,-23.0
Hookah,-23.25,-23.25
Ambosexual,-23.25,-23.25
Lattin,-23.375,-23.375
Stonehenge,-23.0,-23.0
Plagiotropous,-23.375,-23.375
Formulism,-23.875,-23.875
Proselytes,-23.375,-23.375
Merotomy,-23.375,-23.375
Trophozooid,-22.75,-22.75
Periphlebitis,-23.125,-23.125
Chrysidella,-23.125,-23.125
Magrim,-22.75,-22.75
Deconcatenate,-23.5,-23.5
Equisurface,-23.25,-23.25
Gerontal,-23.125,-23.125
Inculcative,-23.625,-23.625
Suzerainship,-23.5,-23.5
Panidiomorphic,-23.25,-23.25
Goodlike,-23.25,-23.25
Sciosophy,-23.25,-23.25
Unfermentative,-23.375,-23.375
Antivirus,-23.25,-23.25
Concause,-23.75,-23.75
Scious,-23.125,-23.125
Amphidromia,-23.125,-23.125
Trimucronatus,-22.75,-22.75
Ianthina,-22.625,-22.625
Rattens,-23.125,-23.125
Radiophysics,-23.375,-23.375
Toolless,-23.0,-23.0
Unannunciative,-23.5,-23.5
Lunets,-23.25,-23.25
Autacoids,-23.625,-23.625
Sextulary,-23.125,-23.125
Idealizations,-23.25,-23.25
Drugger,-23.0,-23.0
Chorizontes,-23.25,-23.25
Quipsome,-23.0,-23.0
Multiversities,-23.25,-23.25
Tetras,-23.0,-23.0
Aminomyelin,-22.875,-22.875
Gauntest,-23.5,-23.5
Amphirhinal,-23.25,-23.25
Metallochromy,-23.5,-23.5
Rejiggers,-23.25,-23.25
Scrappler,-23.375,-23.375
Septifarious,-23.125,-23.125
Goatherd,-22.875,-22.875
Figurative,-23.375,-23.375
Nature,-22.75,-22.75
Preaffirmative,-23.625,-23.625
Sunsmitten,-23.875,-23.875
Aurorian,-22.75,-22.75
Ratiocinations,-23.375,-23.375
Almehs,-22.75,-22.75
Pitmaker,-23.375,-23.375
Tetanigenous,-23.125,-23.125
Freestyle,-23.375,-23.375
Procurrent,-23.375,-23.375
Howker,-22.625,-22.625
Kelotomies,-23.25,-23.25
Remoter,-23.25,-23.25
Wingtip,-22.875,-22.875
Mushier,-23.5,-23.5
Antibubonic,-23.375,-23.375
Biographic,-23.375,-23.375
Girshes,-23.0,-23.0
Diphtherotoxin,-23.125,-23.125
Sawneys,-22.5,-22.5
Natricine,-23.0,-23.0
Overtires,-23.5,-23.5
Alienism,-24.0,-24.0
Munchausenism,-23.0,-23.0
Emmeleia,-22.75,-22.75
Refinage,-23.25,-23.25
Organises,-23.25,-23.25
Plenarty,-23.125,-23.125
Asseverative,-23.375,-23.375
Portolano,-23.125,-23.125
Pioscope,-23.25,-23.25
Prevalescent,-23.125,-23.125
Collimators,-23.25,-23.25
Orthostichy,-23.375,-23.375
Overblanch,-23.25,-23.25
Mediatize,-23.5,-23.5
Topazolite,-23.0,-23.0
Arithmetician,-23.0,-23.0
Bloodbath,-23.375,-23.375
Ulidia,-22.875,-22.875
Nutbrown,-23.25,-23.25
Superfete,-23.25,-23.25
Pyrrhous,-23.375,-23.375
Trochili,-23.375,-23.375
Tesvino,-22.75,-22.75
Triglochin,-22.625,-22.625
Glossorrhaphy,-22.875,-22.875
Richard,-22.375,-22.375
Trucha,-22.875,-22.875
Propagulum,-23.375,-23.375
Universitylike,-23.375,-23.375
Disarticulator,-23.5,-23.5
Cushaws,-22.75,-22.75
Alloxuremia,-22.375,-22.375
Predetain,-23.75,-23.75
Forebespeak,-23.375,-23.375
Sludge,-23.5,-23.5
Protargin,-22.75,-22.75
Reknock,-23.375,-23.375
Combustor,-23.25,-23.25
Becloaks,-23.0,-23.0
Dastur,-23.25,-23.25
Cassalty,-23.125,-23.125
Obsoletes,-23.5,-23.5
Draughtman,-23.25,-23.25
Damnedest,-23.0,-23.0
Stromateoid,-23.25,-23.25
Japannery,-23.375,-23.375
Devisees,-22.875,-22.875
Canistel,-22.75,-22.75
Heppen,-23.5,-23.5
Paleman,-23.375,-23.375
Colonnette,-22.5,-22.5
Gagster,-23.0,-23.0
Vairee,-23.125,-23.125
Imaumbarah,-23.0,-23.0
Anthochlor,-23.125,-23.125
Otopathy,-23.5,-23.5
Fiorin,-23.375,-23.375
Semiconnate,-23.375,-23.375
Sawyer,-22.625,-22.625
Azophenol,-23.0,-23.0
Rosety,-22.75,-22.75
Chithe,-23.25,-23.25
Graphologic,-23.25,-23.25
Ischiatic,-23.375,-23.375
Discontinual,-23.75,-23.75
Parodistic,-23.5,-23.5
Iniome,-23.125,-23.125
Catdom,-23.25,-23.25
Duumvir,-23.25,-23.25
Peabush,-22.75,-22.75
Drudges,-22.875,-22.875
Erythroid,-23.0,-23.0
Champacs,-23.25,-23.25
Slopmaker,-23.375,-23.375
Suburbanite,-23.375,-23.375
Commutant,-23.25,-23.25
Breton,-23.125,-23.125
Nondyspeptical,-22.875,-22.875
Glaciers,-22.25,-22.25
Citrous,-22.875,-22.875
Amuyon,-23.375,-23.375
Waywodeship,-23.125,-23.125
Deducer,-23.375,-23.375
Fecket,-23.5,-23.5
Sleepward,-22.875,-22.875
Mansard,-23.375,-23.375
Microtubule,-23.375,-23.375
Cercospora,-23.0,-23.0
Adoperate,-23.5,-23.5
Culicifugal,-23.25,-23.25
Illogicalities,-23.75,-23.75
Vendees,-23.0,-23.0
Diazoic,-23.375,-23.375
Undexterous,-23.375,-23.375
Duelli,-23.0,-23.0
Sports,-23.5,-23.5
Hydrographer,-23.25,-23.25
Nosairian,-23.375,-23.375
Prosthionic,-23.25,-23.25
Angelophany,-23.0,-23.0
Khanjee,-23.125,-23.125
Grocery,-22.375,-22.375
Antipasch,-23.25,-23.25
Baluchithere,-24.0,-24.0
Missionaryship,-23.5,-23.5
Oxbows,-22.875,-22.875
Attntrp,-23.0,-23.0
Euplectella,-22.5,-22.5
Teleobjective,-23.375,-23.375
Obstetrist,-23.125,-23.125
Rhabdosome,-23.0,-23.0
Sensibles,-23.5,-23.5
Forevalue,-23.25,-23.25
Abhiseka,-22.875,-22.875
Unasterisk,-23.375,-23.375
Huffler,-23.125,-23.125
Swingles,-22.875,-22.875
Anneslia,-23.25,-23.25
Crackles,-22.875,-22.875
Rappen,-23.625,-23.625
Acroceraunian,-22.625,-22.625
Swangy,-23.25,-23.25
Pearlike,-22.875,-22.875
Nonpictorial,-23.375,-23.375
Pilikia,-23.0,-23.0
Mokihi,-23.125,-23.125
Cacothansia,-22.625,-22.625
Pelerine,-23.375,-23.375
Tubulipora,-22.375,-22.375
Protestantism,-24.0,-24.0
Opegrapha,-23.5,-23.5
Odometer,-23.5,-23.5
Griffinhood,-22.75,-22.75
Photogeologic,-23.0,-23.0
Shrinkage,-23.625,-23.625
Appoggiaturas,-23.125,-23.125
Tubercula,-22.875,-22.875
Interpolant,-23.625,-23.625
Deadpans,-23.375,-23.375
Empales,-23.5,-23.5
Zamboorak,-22.75,-22.75
Linksmen,-23.25,-23.25
Gazebo,-23.375,-23.375
Pyromucate,-23.5,-23.5
Reclean,-22.875,-22.875
Dikephobia,-23.125,-23.125
Auriphrygia,-23.125,-23.125
Dogshore,-23.0,-23.0
Flatdom,-23.875,-23.875
Mandaeism,-23.625,-23.625
Pickaback,-23.125,-23.125
Outserts,-23.375,-23.375
Lacertilian,-22.875,-22.875
Spense,-22.875,-22.875
Marantaceous,-23.25,-23.25
Plonko,-23.375,-23.375
Pellicula,-22.875,-22.875
Schizogenesis,-23.25,-23.25
Cattlefold,-23.125,-23.125
Hydrocorisae,-22.875,-22.875
Supermolten,-23.5,-23.5
Fireshine,-23.25,-23.25
Hellenizer,-23.625,-23.625
Clauber,-22.625,-22.625
Clitoromania,-23.375,-23.375
Shacko,-23.375,-23.375
Albescent,-22.75,-22.75
Stepaunt,-23.0,-23.0
Exfiltrate,-23.375,-23.375
Trioecious,-23.0,-23.0
Blastoidea,-22.75,-22.75
Otaria,-23.0,-23.0
Nitratine,-22.875,-22.875
Arcticology,-22.875,-22.875
Brittler,-23.125,-23.125
Glomerulose,-23.0,-23.0
Congos,-22.75,-22.75
Ochnaceae,-23.25,-23.25
Vivaries,-23.0,-23.0
Alginuresis,-22.625,-22.625
Angiomata,-23.375,-23.375
Gouvernantes,-23.25,-23.25
Mississippi,-22.5,-22.5
Peleus,-23.0,-23.0
Tostamente,-23.125,-23.125
Skelic,-23.0,-23.0
Polypoid,-22.875,-22.875
Imbrues,-23.25,-23.25
Sergeantcy,-22.875,-22.875
Conelrads,-23.375,-23.375
Misanthropic,-23.0,-23.0
Humates,-22.875,-22.875
Systematism,-24.125,-24.125
Variformity,-23.375,-23.375
Anisomyodous,-23.125,-23.125
Neutralists,-23.375,-23.375
Homosexuals,-24.25,-24.25
Shammer,-23.375,-23.375
Periodontist,-23.375,-23.375
Evacuative,-23.375,-23.375
Spriggy,-22.625,-22.625
Aspout,-23.125,-23.125
Tittymouse,-22.875,-22.875
Bradytrophic,-22.375,-22.375
Zygodont,-23.0,-23.0
Pupfish,-22.375,-22.375
Farreate,-23.0,-23.0
Semitruthful,-23.0,-23.0
Corregidores,-23.25,-23.25
Winterage,-23.125,-23.125
Fanfaronade,-23.75,-23.75
Tarefa,-23.25,-23.25
Antiphonal,-23.5,-23.5
Crayonist,-22.875,-22.875
Declensions,-23.5,-23.5
Lipobranchia,-23.125,-23.125
Transplanters,-23.25,-23.25
Jesuitist,-23.25,-23.25
Chondritic,-23.0,-23.0
Rochelime,-23.0,-23.0
Filbert,-23.25,-23.25
Mildish,-23.375,-23.375
Anomalist,-23.375,-23.375
Gliffy,-22.75,-22.75
Palatic,-23.25,-23.25
Coactor,-23.375,-23.375
Esteriferous,-23.0,-23.0
Pinatas,-23.0,-23.0
Costars,-23.0,-23.0
Redisseise,-23.125,-23.125
Hydrophilism,-23.375,-23.375
Convocate,-23.625,-23.625
Metathorax,-22.875,-22.875
Flounce,-23.375,-23.375
Kairine,-23.25,-23.25
Weevilproof,-23.0,-23.0
Shebar,-23.0,-23.0
Renvoy,-23.375,-23.375
Unspar,-22.75,-22.75
Nonsteroid,-23.25,-23.25
Immoralize,-23.5,-23.5
Bagnio,-23.125,-23.125
Baizas,-23.375,-23.375
Lycopodiaceae,-22.75,-22.75
Necrologies,-23.0,-23.0
Megass,-23.125,-23.125
Discrepancries,-23.375,-23.375
Spectatory,-23.25,-23.25
Unstraps,-23.25,-23.25
Unbowel,-23.25,-23.25
Meadwort,-22.5,-22.5
Hysteresial,-23.375,-23.375
Capitolian,-23.0,-23.0
Onehow,-23.0,-23.0
Allosaur,-22.625,-22.625
Poplitaeal,-23.625,-23.625
Ostlers,-23.25,-23.25
Pertinentia,-22.75,-22.75
Exdividend,-23.625,-23.625
Cenozoic,-23.125,-23.125
Granulocyte,-23.125,-23.125
Sinologist,-24.125,-24.125
Macrocornea,-23.375,-23.375
Capharnaism,-23.25,-23.25
Kauravas,-23.0,-23.0
Manifestos,-23.375,-23.375
Insanitary,-23.625,-23.625
Misopedia,-23.375,-23.375
Schraubthaler,-22.625,-22.625
Inbrought,-23.25,-23.25
Nuttallia,-23.25,-23.25
Chelator,-23.75,-23.75
Nabbuk,-23.25,-23.25
Heteropelmous,-23.375,-23.375
Formanilide,-23.125,-23.125
Eyebath,-23.0,-23.0
Memorabilia,-23.0,-23.0
Chondromucoid,-23.0,-23.0
Devadasi,-23.0,-23.0
Assemblywoman,-23.0,-23.0
Footstalk,-23.375,-23.375
Haliotoid,-22.875,-22.875
Hyperkeratotic,-23.375,-23.375
Includes,-23.125,-23.125
Bridgetin,-23.0,-23.0
Disconsent,-23.375,-23.375
Exomphalos,-22.75,-22.75
Aquatic,-23.125,-23.125
Propenes,-23.5,-23.5
Treasureless,-23.375,-23.375
Racket,-23.375,-23.375
Prescriber,-23.625,-23.625
Kamptulicon,-23.375,-23.375
Tertius,-23.375,-23.375
Pedipalpal,-23.125,-23.125
Druery,-23.25,-23.25
Messinese,-23.125,-23.125
Synallaxine,-23.375,-23.375
Goujons,-22.875,-22.875
Auspicy,-23.75,-23.75
Intexture,-23.25,-23.25
Geochemical,-23.0,-23.0
Choriomas,-23.375,-23.375
Oklahoman,-22.75,-22.75
Vagabondish,-23.0,-23.0
Castory,-23.25,-23.25
Masonries,-23.0,-23.0
Liroconite,-23.25,-23.25
Solarize,-23.25,-23.25
Speiskobalt,-22.75,-22.75
Amissible,-23.25,-23.25
Stupent,-23.25,-23.25
Goniodoris,-22.875,-22.875
Fondon,-23.375,-23.375
Nonoccult,-23.375,-23.375
Cantatory,-23.0,-23.0
Patrilateral,-23.375,-23.375
Strophotaxis,-22.875,-22.875
Recopy,-23.375,-23.375
Dermatographia,-22.75,-22.75
Conine,-23.375,-23.375
Diocese,-22.75,-22.75
Fledgeless,-23.375,-23.375
Overseers,-23.125,-23.125
Squinnier,-22.875,-22.875
Converser,-23.0,-23.0
Vigilante,-23.25,-23.25
Proselytist,-23.5,-23.5
Snozzle,-23.0,-23.0
Unregular,-23.625,-23.625
Dedecorate,-23.625,-23.625
Coccogoneae,-22.875,-22.875
Felinities,-22.75,-22.75
Pantographer,-23.125,-23.125
Soldieries,-23.75,-23.75
Acaridan,-23.0,-23.0
Discourses,-23.25,-23.25
Postglenoidal,-23.25,-23.25
Yemeless,-23.25,-23.25
Unacquit,-23.25,-23.25
Fustianish,-23.375,-23.375
Beslings,-23.25,-23.25
Ensoul,-23.0,-23.0
Cachectic,-23.25,-23.25
Bourdis,-23.25,-23.25
Associatory,-23.25,-23.25
Pomiculture,-23.25,-23.25
Tumorlike,-23.375,-23.375
Moondown,-23.375,-23.375
Millihenries,-23.125,-23.125
Zibethone,-23.25,-23.25
Penthemimeral,-23.25,-23.25
Comitragedy,-23.625,-23.625
Tartuffian,-23.625,-23.625
Methodiser,-23.125,-23.125
Dormitories,-23.75,-23.75
Motherland,-23.75,-23.75
Governors,-23.375,-23.375
Hexammine,-23.5,-23.5
Heatstrokes,-23.125,-23.125
Acrosarc,-23.25,-23.25
Ambience,-23.0,-23.0
Sulkier,-23.125,-23.125
Brickliner,-22.875,-22.875
Anchistopoda,-23.0,-23.0
Tideways,-23.0,-23.0
Doughmaker,-23.0,-23.0
Perigynies,-23.25,-23.25
Religionize,-23.625,-23.625
Figwort,-22.75,-22.75
Arteriopathy,-23.375,-23.375
Periodontum,-22.875,-22.875
Alleviations,-22.875,-22.875
Peritoneoscopy,-23.375,-23.375
Voetsek,-23.625,-23.625
Chundari,-23.5,-23.5
Ethnogeny,-23.625,-23.625
Phantasmagoria,-23.0,-23.0
Mesophyllic,-23.0,-23.0
Hallower,-23.0,-23.0
Scholarch,-23.125,-23.125
Roughdries,-23.125,-23.125
Windshock,-23.25,-23.25
Capitoline,-23.125,-23.125
Laevoversion,-23.25,-23.25
Spitish,-22.625,-22.625
Agathodaemon,-23.25,-23.25
Linearity,-23.5,-23.5
Zabajones,-23.5,-23.5
Underarch,-23.375,-23.375
Corder,-23.5,-23.5
Kickout,-23.125,-23.125
Practiser,-23.625,-23.625
Rubbio,-22.75,-22.75
Mayhems,-23.125,-23.125
Debars,-23.125,-23.125
Oxyphilous,-23.5,-23.5
Lidflower,-23.125,-23.125
Experimental,-23.25,-23.25
Pipecolinic,-23.25,-23.25
Implausibility,-23.25,-23.25
Tableware,-22.625,-22.625
Giocoso,-23.0,-23.0
Odontophobia,-23.375,-23.375
Gastful,-23.0,-23.0
Thicketful,-23.0,-23.0
Chandelles,-22.625,-22.625
Testule,-23.125,-23.125
Gaumless,-23.25,-23.25
Epiphytical,-23.0,-23.0
Seralbumin,-23.0,-23.0
Disporum,-23.625,-23.625
Histotherapy,-22.75,-22.75
Ischiopubis,-23.0,-23.0
Perigastritis,-23.25,-23.25
Tillamook,-22.125,-22.125
Neroic,-23.0,-23.0
Hagueton,-23.375,-23.375
Pericolitis,-23.125,-23.125
Organzine,-23.25,-23.25
Borofluoric,-23.0,-23.0
Amylamine,-23.0,-23.0
Anticreational,-23.625,-23.625
Steric,-23.0,-23.0
Didunculidae,-23.375,-23.375
Dissocialize,-23.5,-23.5
Nonpunctual,-23.25,-23.25
Eisodic,-23.125,-23.125
Ookinetic,-23.375,-23.375
Earthwards,-23.375,-23.375
Retinene,-23.0,-23.0
Diureses,-23.125,-23.125
Isostemonous,-23.625,-23.625
Calumniatory,-23.375,-23.375
Atlantes,-22.75,-22.75
Pietic,-23.0,-23.0
Retrovaccinate,-23.375,-23.375
Bakemeats,-23.25,-23.25
Polygrammatic,-23.5,-23.5
Aragonese,-23.625,-23.625
Epistolet,-23.0,-23.0
Uvularia,-22.75,-22.75
Dingbats,-23.75,-23.75
Bradykinetic,-23.0,-23.0
Antiprinciple,-23.875,-23.875
Latrines,-22.875,-22.875
Nietzscheanism,-23.5,-23.5
Nonmyopic,-23.5,-23.5
Unkennel,-23.25,-23.25
Unprecedential,-23.375,-23.375
Finicality,-23.25,-23.25
Saccharate,-23.125,-23.125
Penneeck,-22.75,-22.75
Ramosity,-22.875,-22.875
Solenium,-23.125,-23.125
Steersmate,-23.125,-23.125
Plounce,-23.0,-23.0
Longcloth,-23.25,-23.25
Wingspan,-22.875,-22.875
Disseizure,-23.625,-23.625
Analogical,-23.375,-23.375
Routier,-22.875,-22.875
Giboia,-23.125,-23.125
Zaddickim,-23.0,-23.0
Saraband,-23.125,-23.125
Romain,-23.125,-23.125
Prediscovery,-23.375,-23.375
Apargia,-22.875,-22.875
Jealousies,-23.25,-23.25
Urethrospasm,-22.75,-22.75
Sirenize,-23.625,-23.625
Hypochrosis,-23.0,-23.0
Gridiron,-22.625,-22.625
Inquisitorship,-23.625,-23.625
Rusticate,-23.125,-23.125
Nocumentum,-23.125,-23.125
Clericality,-23.375,-23.375
Reformationary,-23.125,-23.125
Wampums,-22.75,-22.75
Colossality,-23.625,-23.625
Fishwoman,-22.875,-22.875
Jambonneau,-23.25,-23.25
Icacorea,-23.125,-23.125
Agrest,-23.5,-23.5
Gordioidea,-22.375,-22.375
Analav,-23.125,-23.125
Fivish,-23.5,-23.5
Audiophiles,-23.625,-23.625
Funnelform,-23.375,-23.375
Ophiobatrachia,-22.625,-22.625
Movant,-23.375,-23.375
Sinologer,-24.125,-24.125
Democratical,-23.125,-23.125
Lymphopoiesis,-23.125,-23.125
Matabele,-23.25,-23.25
Parridae,-23.125,-23.125
Fundraise,-22.625,-22.625
Uncoaxal,-23.5,-23.5
Spatterdashes,-23.125,-23.125
Intonaci,-23.125,-23.125
Wheneer,-23.0,-23.0
Exaggerators,-23.75,-23.75
Whitestone,-22.625,-22.625
Prolactin,-23.5,-23.5
Chylous,-23.5,-23.5
Recognitor,-23.375,-23.375
Kaffirs,-22.875,-22.875
Lucken,-23.5,-23.5
Carbonyl,-23.375,-23.375
Recordist,-23.25,-23.25
Tilery,-23.0,-23.0
Encrinus,-23.125,-23.125
Opalinidae,-23.5,-23.5
Stasiphobia,-23.5,-23.5
Pelasgian,-23.125,-23.125
Dulcitude,-23.125,-23.125
Theotherapist,-23.0,-23.0
Pelycosaur,-22.75,-22.75
Decatyl,-23.5,-23.5
Skeletonlike,-23.5,-23.5
Anchoic,-23.375,-23.375
Flingy,-23.125,-23.125
Earmuff,-23.0,-23.0
Annattos,-23.125,-23.125
Dramatizer,-23.125,-23.125
Snuggies,-22.125,-22.125
Minimism,-23.0,-23.0
Kibosh,-23.0,-23.0
Redward,-23.25,-23.25
Whalers,-22.625,-22.625
Trinitride,-23.125,-23.125
Nosophyte,-23.125,-23.125
Bialveolar,-23.25,-23.25
Understamp,-23.5,-23.5
Occasionalism,-23.75,-23.75
Mythography,-23.25,-23.25
Zaurak,-22.875,-22.875
Hyperper,-23.25,-23.25
Cavalla,-22.5,-22.5
Archegone,-23.375,-23.375
Hylogenesis,-23.25,-23.25
Todidae,-23.25,-23.25
Nationalist,-23.75,-23.75
Pneumatist,-23.25,-23.25
Widthless,-22.875,-22.875
Economism,-24.0,-24.0
Overmerciful,-23.5,-23.5
Nyctalopia,-23.0,-23.0
Ashlars,-22.625,-22.625
Stomium,-23.125,-23.125
Plexiform,-23.25,-23.25
Fallout,-23.0,-23.0
Penciler,-23.375,-23.375
Victimise,-23.5,-23.5
Nonfusible,-23.375,-23.375
Listerize,-23.5,-23.5
Drupetum,-23.0,-23.0
Pratincolous,-22.875,-22.875
Catocala,-23.0,-23.0
Tetragonia,-23.0,-23.0
Tenter,-23.5,-23.5
Belard,-23.125,-23.125
Cocarde,-23.875,-23.875
Encrimson,-23.5,-23.5
Cerebellitis,-23.25,-23.25
Becuiba,-23.125,-23.125
Apiculture,-22.875,-22.875
Bismuthide,-23.5,-23.5
Unpenurious,-23.625,-23.625
Glucosin,-22.875,-22.875
Calabar,-23.125,-23.125
Slifter,-24.0,-24.0
Agromyzid,-23.125,-23.125
Carneys,-23.25,-23.25
Mittle,-23.125,-23.125
Whitmanize,-23.25,-23.25
Adhesives,-23.25,-23.25
Nesiote,-23.0,-23.0
Paranucleus,-23.375,-23.375
Presences,-22.875,-22.875
Pressrun,-23.125,-23.125
Hanoverianize,-23.75,-23.75
Downhills,-23.5,-23.5
Eristical,-23.5,-23.5
Eptatretus,-22.875,-22.875
Figary,-23.0,-23.0
Canzonetta,-22.875,-22.875
Thrail,-23.125,-23.125
Amaryllidaceae,-22.375,-22.375
Incensories,-23.5,-23.5
Perceptual,-23.25,-23.25
Recrescence,-23.125,-23.125
Snobbiest,-23.125,-23.125
Mournings,-23.375,-23.375
Trophoneurotic,-22.875,-22.875
Syringin,-23.375,-23.375
Acetylurea,-23.0,-23.0
Entrail,-23.5,-23.5
Scantlings,-23.0,-23.0
Immunises,-23.25,-23.25
Porosimeter,-23.125,-23.125
Rhizopuses,-22.75,-22.75
Museum,-22.875,-22.875
Gropers,-23.375,-23.375
Effusion,-23.25,-23.25
Predissolve,-23.25,-23.25
Balaustre,-23.0,-23.0
Laotian,-23.375,-23.375
Heightener,-23.125,-23.125
Lithoclasty,-23.25,-23.25
Moutlers,-23.25,-23.25
Suppurates,-23.5,-23.5
Kuehneola,-22.625,-22.625
Deepish,-23.125,-23.125
Layovers,-23.0,-23.0
Excrescent,-23.375,-23.375
Explorate,-23.125,-23.125
Overgratitude,-23.0,-23.0
Nonhesitant,-23.125,-23.125
Archencephala,-22.625,-22.625
Vamphorn,-23.125,-23.125
Rovetto,-23.625,-23.625
Chicago,-22.75,-22.75
Translucid,-23.25,-23.25
Visibility,-22.875,-22.875
Magmatic,-23.125,-23.125
Bittern,-23.0,-23.0
Podarthrum,-23.25,-23.25
Zeuglodont,-22.75,-22.75
Arraignability,-23.5,-23.5
Aeroplanist,-23.125,-23.125
Notalgia,-23.0,-23.0
Democratian,-23.5,-23.5
Halakhist,-23.0,-23.0
Prorogator,-24.0,-24.0
Syndesmosis,-23.125,-23.125
Palladian,-22.875,-22.875
Chlorambucil,-22.875,-22.875
Citizendom,-23.625,-23.625
Quadragesimal,-23.25,-23.25
Genian,-23.5,-23.5
Solomonic,-23.625,-23.625
Cordies,-23.25,-23.25
Rumormonger,-23.375,-23.375
Receptant,-23.375,-23.375
Equivocators,-23.5,-23.5
Turpentinous,-23.125,-23.125
Rufflike,-23.375,-23.375
Browbound,-23.25,-23.25
Unapparent,-23.0,-23.0
Disanney,-23.25,-23.25
Placatory,-23.875,-23.875
Naphthionate,-22.75,-22.75
Endopleural,-23.125,-23.125
Laminal,-23.625,-23.625
Trillachan,-22.875,-22.875
Calvinists,-23.625,-23.625
Incastellate,-23.125,-23.125
Curiae,-22.875,-22.875
Tedeschi,-23.125,-23.125
Hydrometric,-23.0,-23.0
Infravaginal,-23.125,-23.125
Efficiency,-23.25,-23.25
Antitrade,-24.0,-24.0
Harmonicism,-24.0,-24.0
Stuphe,-23.25,-23.25
Morosis,-23.75,-23.75
Bicornes,-23.5,-23.5
Frustratory,-23.75,-23.75
Shlemiel,-23.0,-23.0
Pursuitmeter,-23.375,-23.375
Micrometeoroid,-23.125,-23.125
Coontah,-23.0,-23.0
Porkburger,-23.125,-23.125
Extensile,-23.625,-23.625
Subhypotheses,-23.125,-23.125
Abrupt,-23.25,-23.25
Aelurophobe,-23.5,-23.5
Aecium,-23.5,-23.5
Averish,-22.75,-22.75
Lintel,-22.75,-22.75
Messiahs,-22.875,-22.875
Inkless,-23.25,-23.25
Unsartorial,-23.125,-23.125
Metastatical,-23.375,-23.375
Magyaran,-23.625,-23.625
Undismay,-23.5,-23.5
Utilizations,-23.0,-23.0
Leucoethiop,-23.0,-23.0
Cobblestones,-23.0,-23.0
Fustianist,-23.625,-23.625
Controverter,-23.5,-23.5
Veinlike,-23.25,-23.25
Thecasporous,-23.25,-23.25
Stomacher,-23.25,-23.25
Gynoecium,-22.75,-22.75
Traducent,-23.5,-23.5
Precontroversy,-23.375,-23.375
Communion,-23.125,-23.125
Kentuckians,-23.0,-23.0
Serophthisis,-23.0,-23.0
Unilobar,-23.25,-23.25
Carcinomorphic,-23.375,-23.375
Sprindge,-23.375,-23.375
Powdery,-23.25,-23.25
Phanerogamia,-23.0,-23.0
Embole,-23.25,-23.25
Clapholt,-23.0,-23.0
Hangbird,-23.125,-23.125
Umbonic,-23.125,-23.125
Coauthorship,-23.5,-23.5
Browless,-23.0,-23.0
Lemons,-22.75,-22.75
Splitmouth,-22.75,-22.75
Perish,-22.75,-22.75
Mogollon,-23.25,-23.25
Component,-23.375,-23.375
Slaveborn,-22.875,-22.875
Woolward,-22.875,-22.875
Droiture,-23.375,-23.375
Phreatic,-23.875,-23.875
Humankind,-23.5,-23.5
Metallike,-23.375,-23.375
Anamniotic,-22.875,-22.875
Landfall,-23.0,-23.0
Monoptic,-23.375,-23.375
Warsel,-23.125,-23.125
Entomophaga,-22.625,-22.625
Hostilize,-23.375,-23.375
Desolations,-23.125,-23.125
Sigmodont,-23.0,-23.0
Sonoran,-22.875,-22.875
Pretrace,-23.625,-23.625
Suborganic,-23.375,-23.375
Rondelet,-23.125,-23.125
Protoperlaria,-23.25,-23.25
Sonder,-22.875,-22.875
Lovelier,-22.625,-22.625
Slippier,-23.125,-23.125
Puggries,-23.125,-23.125
Arbuscles,-22.625,-22.625
Tenons,-22.75,-22.75
Salten,-23.25,-23.25
Reediest,-22.625,-22.625
Cutwater,-22.375,-22.375
Joyances,-23.125,-23.125
Caducean,-23.25,-23.25
Semicrepe,-23.25,-23.25
Slavemonger,-23.375,-23.375
Heartier,-22.75,-22.75
Nignye,-23.25,-23.25
Emboldens,-23.375,-23.375
Readept,-23.125,-23.125
Tetragons,-22.75,-22.75
Aeronomer,-23.375,-23.375
Caltrap,-22.875,-22.875
Coalfitter,-23.375,-23.375
Purgings,-23.0,-23.0
Astogeny,-23.25,-23.25
Calcaemia,-23.125,-23.125
Pyrrolidine,-23.5,-23.5
Forefigure,-23.25,-23.25
Spermologist,-23.125,-23.125
Apantesis,-23.125,-23.125
Pinchecks,-23.375,-23.375
Tormentive,-23.375,-23.375
Tarpaulian,-23.125,-23.125
Linenizer,-23.5,-23.5
Adfrozen,-23.5,-23.5
Papagay,-23.0,-23.0
Squibcrack,-23.125,-23.125
Equestrianship,-23.0,-23.0
Sparlings,-22.75,-22.75
Laniferous,-23.0,-23.0
Conversance,-23.125,-23.125
Houseridden,-23.5,-23.5
Epitonium,-23.25,-23.25
Neurosal,-22.875,-22.875
Flacks,-23.125,-23.125
Unanemic,-23.125,-23.125
Alamort,-23.0,-23.0
Douvecot,-23.5,-23.5
Sterilize,-23.25,-23.25
Unskillful,-23.375,-23.375
Fluoborite,-23.125,-23.125
Blossomless,-23.25,-23.25
Progresses,-23.375,-23.375
Iambelegus,-22.75,-22.75
Siphonostomous,-23.0,-23.0
Julolidin,-23.25,-23.25
Ustilaginaceae,-22.625,-22.625
Corrupt,-23.375,-23.375
Sanatarium,-23.125,-23.125
Illumine,-23.125,-23.125
Pleurotoma,-23.0,-23.0
Belletristic,-22.875,-22.875
Brushbird,-23.0,-23.0
Lardier,-23.375,-23.375
Methylol,-23.125,-23.125
Quadricipital,-23.25,-23.25
Citron,-23.5,-23.5
Twillings,-22.625,-22.625
Honorer,-23.5,-23.5
Ethanamide,-22.625,-22.625
Uplong,-23.625,-23.625
Cotyledonoid,-23.25,-23.25
Hypsochrome,-23.375,-23.375
Homozygosity,-23.5,-23.5
Ischialgia,-23.0,-23.0
Unhold,-23.375,-23.375
Reprobacy,-23.5,-23.5
Flechette,-22.875,-22.875
Impregnator,-23.625,-23.625
Iberic,-23.0,-23.0
Inkwells,-23.0,-23.0
Peripneumonic,-23.125,-23.125
Determinacy,-23.0,-23.0
Samplemen,-23.0,-23.0
Ostalgia,-23.75,-23.75
Lavenite,-23.625,-23.625
Bagpod,-23.125,-23.125
Trades,-23.25,-23.25
Ninnyship,-23.25,-23.25
Floral,-23.25,-23.25
Nectarin,-23.125,-23.125
Immunoreactive,-22.875,-22.875
Snappish,-23.125,-23.125
Liveware,-23.375,-23.375
Smearer,-23.375,-23.375
Undolorous,-23.0,-23.0
Basaree,-23.25,-23.25
Tympanichord,-22.875,-22.875
Thysanouran,-23.125,-23.125
Indesignate,-23.125,-23.125
Stummer,-23.625,-23.625
Platens,-23.5,-23.5
Palaeoecologic,-22.875,-22.875
Drawnwork,-22.75,-22.75
Malunion,-23.75,-23.75
Reclama,-23.375,-23.375
Retchless,-23.125,-23.125
Graphomaniacal,-22.75,-22.75
Milkshake,-23.5,-23.5
Auntsary,-23.375,-23.375
Undermuslin,-23.25,-23.25
Sclerophyll,-23.0,-23.0
Microsporiasis,-22.625,-22.625
Gladius,-23.125,-23.125
Busier,-23.0,-23.0
Cambridge,-23.0,-23.0
Tarweeds,-22.875,-22.875
Pistillary,-23.0,-23.0
Unominous,-23.5,-23.5
Vinblastine,-22.375,-22.375
Cornstalk,-23.25,-23.25
Fellon,-22.75,-22.75
Piarroan,-23.25,-23.25
Batrachoplasty,-23.0,-23.0
Enslave,-23.5,-23.5
Extrahepatic,-23.25,-23.25
Cyclitic,-23.25,-23.25
Amyliferous,-23.125,-23.125
Albuminometer,-23.0,-23.0
Arsonists,-23.5,-23.5
Trinkety,-23.0,-23.0
Overplump,-23.25,-23.25
Impertinence,-23.625,-23.625
Preacquaint,-23.25,-23.25
Antaios,-23.125,-23.125
Ciconiiform,-22.875,-22.875
Stageworthy,-23.0,-23.0
Christine,-22.25,-22.25
Torments,-23.25,-23.25
Bothie,-23.0,-23.0
Deflagrates,-23.375,-23.375
Acanthaceae,-23.0,-23.0
Antrotomy,-23.125,-23.125
Effects,-23.0,-23.0
Ticklenburgs,-22.75,-22.75
Placoids,-23.125,-23.125
Cochlospermum,-22.75,-22.75
Obdiplostemony,-22.75,-22.75
Oesophagism,-23.375,-23.375
Guaranin,-23.375,-23.375
Neighbour,-23.25,-23.25
Monosyllabize,-23.25,-23.25
Millennialism,-23.75,-23.75
Trichechus,-22.625,-22.625
Unmagnetical,-23.375,-23.375
Holotrichida,-22.875,-22.875
Overteem,-23.0,-23.0
Posies,-22.75,-22.75
Sparklet,-22.875,-22.875
Unregressive,-23.5,-23.5
Misbiasses,-23.0,-23.0
Viniferous,-23.0,-23.0
Nematognathous,-23.375,-23.375
Conventicles,-23.0,-23.0
Cancel,-23.375,-23.375
Guilandina,-23.375,-23.375
Doughs,-22.75,-22.75
Sweeties,-22.875,-22.875
Icterical,-22.75,-22.75
Autodyne,-23.5,-23.5
Andronitis,-23.125,-23.125
Rhamnonic,-23.0,-23.0
Palilia,-23.125,-23.125
Condemnatory,-23.375,-23.375
Phonometer,-23.375,-23.375
Serais,-23.125,-23.125
Shineless,-23.0,-23.0
Bullionless,-23.0,-23.0
Vinoacetous,-23.375,-23.375
Brumbie,-22.875,-22.875
Neothalamus,-23.0,-23.0
Unsentient,-23.375,-23.375
Browns,-22.5,-22.5
Fuffit,-22.875,-22.875
Elemis,-22.625,-22.625
Piscina,-23.125,-23.125
Helldog,-23.0,-23.0
Concionator,-23.75,-23.75
Phalangiid,-23.375,-23.375
Postpharyngeal,-23.25,-23.25
Piquets,-23.75,-23.75
Awonder,-23.625,-23.625
Protopectin,-23.25,-23.25
Mibound,-23.25,-23.25
Mouseries,-23.375,-23.375
Nonevaporative,-22.875,-22.875
Communise,-23.875,-23.875
Weiner,-23.625,-23.625
Inframaxillary,-23.125,-23.125
Aerotechnics,-23.25,-23.25
Nondirective,-23.125,-23.125
Saltbush,-23.25,-23.25
Prolify,-23.75,-23.75
Carnegie,-23.25,-23.25
Zapara,-22.875,-22.875
Spheradian,-23.125,-23.125
Hamleteer,-22.875,-22.875
Photomontage,-23.5,-23.5
Tzaddik,-23.125,-23.125
Miscegenator,-23.75,-23.75
Adenin,-23.25,-23.25
Myomalacia,-23.125,-23.125
Standish,-22.75,-22.75
Oppugnate,-23.625,-23.625
Trinary,-23.0,-23.0
Acyrology,-23.5,-23.5
Disroof,-22.875,-22.875
Cystofibroma,-22.75,-22.75
Suaveolent,-23.5,-23.5
Shakeproof,-22.625,-22.625
Bedstaff,-23.125,-23.125
Deports,-23.125,-23.125
Headle,-23.25,-23.25
Shagbag,-22.875,-22.875
Tamarind,-22.75,-22.75
Redolence,-23.125,-23.125
Matriarchate,-23.125,-23.125
Celestas,-22.75,-22.75
Counterbalance,-23.125,-23.125
Childwite,-22.875,-22.875
Godetia,-22.875,-22.875
Scalawaggy,-22.5,-22.5
Sweepy,-23.0,-23.0
Plutological,-23.5,-23.5
Flukeless,-23.125,-23.125
Smoothtongue,-23.25,-23.25
Overclouds,-23.625,-23.625
Contendent,-23.75,-23.75
Forenoons,-23.125,-23.125
Neuropodium,-23.375,-23.375
Astrionics,-23.25,-23.25
Sutorian,-23.0,-23.0
Generationism,-23.375,-23.375
Margay,-22.75,-22.75
Acerval,-23.375,-23.375
Carbides,-22.875,-22.875
Impregnatory,-23.625,-23.625
Subidar,-23.25,-23.25
Monadal,-23.125,-23.125
Overbillow,-23.25,-23.25
Subgroup,-23.25,-23.25
Sleeveless,-23.0,-23.0
Theravada,-23.375,-23.375
Funnier,-23.375,-23.375
Agaristidae,-23.25,-23.25
Trivialism,-23.5,-23.5
Geromorphism,-23.5,-23.5
Supraorbitar,-23.0,-23.0
Phanerogamous,-23.25,-23.25
Mutinado,-23.5,-23.5
Thoracostei,-22.75,-22.75
Eurygnathic,-22.75,-22.75
Gnocchetti,-22.875,-22.875
Brazilin,-23.5,-23.5
Underofficials,-23.5,-23.5
Moringuoid,-23.25,-23.25
Atroscine,-23.125,-23.125
Prophetesses,-23.375,-23.375
Ploimate,-23.25,-23.25
Questionist,-23.125,-23.125
Palaeogaea,-23.125,-23.125
Roundhead,-23.5,-23.5
Totemist,-23.25,-23.25
Zoophagus,-22.625,-22.625
Slibbersauce,-22.875,-22.875
Adamhood,-23.25,-23.25
Pedimentum,-23.0,-23.0
Grottesco,-22.875,-22.875
Archfriend,-22.875,-22.875
Aspersers,-23.0,-23.0
Chondroplast,-22.875,-22.875
Calamus,-23.125,-23.125
Devilhood,-23.125,-23.125
Naticidae,-23.125,-23.125
Effleurage,-23.25,-23.25
Humpiest,-23.0,-23.0
Untheologize,-23.5,-23.5
Ananthous,-23.375,-23.375
Peregrin,-22.375,-22.375
Anabranch,-23.25,-23.25
Nominatrix,-23.375,-23.375
Belialist,-23.25,-23.25
Attest,-23.25,-23.25
Constellations,-23.25,-23.25
Cydonia,-23.375,-23.375
Jibbooms,-22.875,-22.875
Muckrake,-23.125,-23.125
Tenotomist,-22.875,-22.875
Nurtural,-23.25,-23.25
Augustine,-22.75,-22.75
Metantimonite,-23.0,-23.0
Antefixal,-23.25,-23.25
Palladium,-23.125,-23.125
Barrio,-23.0,-23.0
Gurlet,-23.125,-23.125
Arcifinious,-22.75,-22.75
Ludwigite,-23.0,-23.0
Polygenetic,-23.25,-23.25
Solfeggiare,-23.125,-23.125
Charlatans,-23.25,-23.25
Smitham,-22.75,-22.75
Mazeful,-23.25,-23.25
Asporogenous,-23.25,-23.25
Outstudies,-23.25,-23.25
Paroch,-23.0,-23.0
Phonestheme,-23.5,-23.5
Steekkannen,-22.625,-22.625
Bohereen,-23.125,-23.125
Swordick,-23.125,-23.125
Cluniacensian,-23.0,-23.0
Overlimit,-23.375,-23.375
Enosises,-23.125,-23.125
Clerkless,-23.125,-23.125
Cibolero,-23.25,-23.25
Outpress,-23.375,-23.375
Platitudinism,-23.75,-23.75
Erythrodextrin,-22.75,-22.75
Quinolin,-23.25,-23.25
Chancemen,-23.125,-23.125
Apostrophes,-23.875,-23.875
Lysines,-23.25,-23.25
Litholapaxy,-23.0,-23.0
Champers,-23.0,-23.0
Godlike,-23.25,-23.25
Circulative,-23.5,-23.5
Unfaulty,-23.0,-23.0
Beetrave,-23.125,-23.125
Intermental,-23.25,-23.25
Ramsey,-23.0,-23.0
Coconstituent,-23.25,-23.25
Reinclusion,-23.25,-23.25
Antiprudential,-23.25,-23.25
Repins,-23.25,-23.25
Extranormal,-23.25,-23.25
Trenchward,-23.0,-23.0
Starker,-23.125,-23.125
Spouseless,-22.875,-22.875
Champerties,-22.25,-22.25
Biaxillary,-23.125,-23.125
Projectiles,-23.0,-23.0
Nowhere,-22.375,-22.375
Scagliolist,-23.0,-23.0
Thirls,-23.125,-23.125
Hydrostatics,-23.25,-23.25
Belgas,-22.75,-22.75
Lychnoscopic,-23.0,-23.0
Overcheap,-23.25,-23.25
Dislikers,-23.625,-23.625
Achromatism,-23.375,-23.375
Judica,-23.125,-23.125
Dominique,-22.875,-22.875
Freightliner,-22.875,-22.875
Pileiform,-23.625,-23.625
Corflambo,-23.25,-23.25
Chigetai,-23.25,-23.25
Benzalaniline,-23.125,-23.125
Baccalaureat,-23.375,-23.375
Gladiatorship,-23.0,-23.0
Apolarity,-23.5,-23.5
Baalism,-23.625,-23.625
Organonymal,-23.625,-23.625
Adiaphoresis,-23.25,-23.25
Hummel,-22.875,-22.875
Amyelinic,-23.25,-23.25
Polyglottery,-23.5,-23.5
Premusical,-23.0,-23.0
Streamless,-23.25,-23.25
Prenomen,-23.375,-23.375
Universology,-23.125,-23.125
Prudist,-23.875,-23.875
Watchman,-23.0,-23.0
Catwise,-22.75,-22.75
Stumblebum,-23.25,-23.25
Underhang,-23.25,-23.25
Monogenies,-23.0,-23.0
Barriers,-23.25,-23.25
Medula,-23.125,-23.125
Depsides,-23.5,-23.5
Turniplike,-23.25,-23.25
Volumetrical,-23.25,-23.25
Overruler,-23.375,-23.375
Preevade,-22.75,-22.75
Polyhedral,-23.125,-23.125
Cassioberry,-23.125,-23.125
Hemadrometry,-23.125,-23.125
Sematography,-23.5,-23.5
Kerbstone,-23.0,-23.0
Untumidity,-23.375,-23.375
Juliott,-22.75,-22.75
Huurder,-23.5,-23.5
Keratosropy,-22.875,-22.875
Allozooid,-22.75,-22.75
Cigarette,-22.875,-22.875
Lienectomy,-23.375,-23.375
Arsmetrike,-23.25,-23.25
Nonmediative,-23.625,-23.625
Counterbend,-23.5,-23.5
Hyetal,-23.25,-23.25
Isoclines,-23.125,-23.125
Chinamania,-24.0,-24.0
Mastotomy,-22.875,-22.875
Maritime,-23.0,-23.0
Diceplay,-23.125,-23.125
Stercorianism,-23.5,-23.5
Reinsane,-23.375,-23.375
Edentata,-23.125,-23.125
Sphinxlike,-23.5,-23.5
Untropical,-23.125,-23.125
Radiographies,-23.25,-23.25
Standoff,-23.5,-23.5
Unsage,-23.25,-23.25
Vitreodentine,-23.0,-23.0
Cossacks,-23.5,-23.5
Suitings,-23.25,-23.25
Pourboires,-23.0,-23.0
Carstone,-22.875,-22.875
Gastrocnemii,-22.75,-22.75
Daydreams,-23.25,-23.25
Houseball,-23.125,-23.125
Magnesias,-23.0,-23.0
Chalcidid,-23.0,-23.0
Lacinulas,-23.375,-23.375
Sabbathaian,-22.75,-22.75
Countersecure,-23.375,-23.375
Nonversatility,-23.375,-23.375
Choirs,-22.75,-22.75
Icefish,-23.25,-23.25
Omentorrhaphy,-22.75,-22.75
Diadumenus,-23.25,-23.25
Lawless,-23.75,-23.75
Squirm,-23.125,-23.125
Dayward,-23.25,-23.25
Epikeia,-22.875,-22.875
Hesitaters,-23.125,-23.125
Togate,-23.625,-23.625
Overhumanity,-23.5,-23.5
Euphemise,-23.25,-23.25
Myodiastasis,-23.25,-23.25
Dopinesses,-23.5,-23.5
Trastevere,-22.875,-22.875
Zygomaticum,-23.0,-23.0
Panicful,-23.0,-23.0
Gynophore,-23.125,-23.125
Theolatrous,-22.625,-22.625
Trimeric,-23.5,-23.5
Sparidae,-22.875,-22.875
Czardases,-22.875,-22.875
Embright,-23.125,-23.125
Contentless,-23.0,-23.0
Anthranil,-23.375,-23.375
Mediatrice,-23.0,-23.0
Ultrachurchism,-23.5,-23.5
Behaviour,-23.125,-23.125
Planetesimals,-22.75,-22.75
Fluoroscope,-23.0,-23.0
Limericks,-23.25,-23.25
Subphylar,-23.25,-23.25
Alphatoluic,-22.875,-22.875
Pyjama,-23.125,-23.125
Lustrant,-23.25,-23.25
Nonmanneristic,-23.125,-23.125
Orchester,-23.0,-23.0
Fratricidal,-23.125,-23.125
Perviability,-23.5,-23.5
Speciality,-22.875,-22.875
Alnagership,-22.75,-22.75
Gordon,-22.625,-22.625
Cramps,-23.25,-23.25
Reagin,-23.125,-23.125
Ossiculotomy,-23.0,-23.0
Belostomidae,-22.5,-22.5
Flatnose,-23.375,-23.375
Quomodo,-23.125,-23.125
Despume,-23.375,-23.375
Hydrochlorid,-23.0,-23.0
Arthropathy,-23.0,-23.0
Alogian,-22.875,-22.875
Explicate,-23.625,-23.625
Unbendsome,-23.25,-23.25
Mononchus,-23.0,-23.0
Congenerical,-23.625,-23.625
Tauromorphous,-23.25,-23.25
Malleus,-23.5,-23.5
Garretmaster,-22.625,-22.625
Federatist,-23.5,-23.5
Miarolitic,-23.375,-23.375
Iambographer,-23.125,-23.125
Intermessage,-23.5,-23.5
Livens,-23.5,-23.5
Carphophis,-22.75,-22.75
Hypostatise,-23.5,-23.5
Palaeograph,-23.25,-23.25
Unpeculiar,-23.25,-23.25
Tabularise,-23.125,-23.125
Neckar,-23.125,-23.125
Napoleonana,-23.0,-23.0
Therapeutist,-23.0,-23.0
Beryls,-23.125,-23.125
Saguerus,-22.75,-22.75
Democratizer,-23.375,-23.375
Janglers,-23.25,-23.25
Piecener,-23.25,-23.25
Gralloch,-23.125,-23.125
Distruss,-23.5,-23.5
Sibilatory,-23.375,-23.375
Pseudopodic,-23.125,-23.125
Quadrilogy,-23.25,-23.25
Molecule,-23.625,-23.625
Leipzig,-23.0,-23.0
Backblow,-23.25,-23.25
Popian,-23.125,-23.125
Gloryless,-23.375,-23.375
Doddypoll,-23.375,-23.375
Neurokeratin,-23.125,-23.125
Sunspotty,-23.375,-23.375
Bilabiate,-23.0,-23.0
Pyrenomycetes,-23.125,-23.125
Chemicodynamic,-23.25,-23.25
Alexin,-22.875,-22.875
Chamaecistus,-22.5,-22.5
Tribute,-23.25,-23.25
Mannitol,-23.0,-23.0
Poaceae,-23.0,-23.0
Aminobenzamide,-22.625,-22.625
Assailers,-23.625,-23.625
Grudgeons,-22.875,-22.875
Metafluidal,-23.125,-23.125
Impulsory,-23.75,-23.75
Rubbery,-22.875,-22.875
Redeliveries,-23.375,-23.375
Replicate,-23.25,-23.25
Enshawl,-22.75,-22.75
Telelectric,-23.375,-23.375
Vocalises,-23.0,-23.0
Statements,-23.125,-23.125
Ariste,-23.25,-23.25
Mauresque,-23.375,-23.375
Lustier,-23.125,-23.125
Bleats,-22.625,-22.625
Nonsymbolical,-23.5,-23.5
Inwritten,-22.75,-22.75
Singlings,-23.125,-23.125
Brecht,-23.125,-23.125
Aleyrodes,-23.125,-23.125
Outrake,-23.375,-23.375
Contraster,-23.5,-23.5
Semifeudal,-23.75,-23.75
Outblown,-23.25,-23.25
Gastrectasis,-23.25,-23.25
Postexist,-23.625,-23.625
Weismannism,-23.875,-23.875
Soleplate,-23.0,-23.0
Instaurate,-23.375,-23.375
Delirant,-23.625,-23.625
Hovercar,-22.625,-22.625
Ackees,-23.25,-23.25
Skijorer,-23.0,-23.0
Furnacer,-23.0,-23.0
Antralgia,-23.375,-23.375
Intransient,-23.375,-23.375
Sanseis,-22.75,-22.75
Tablina,-23.125,-23.125
Disputacity,-23.625,-23.625
Flyings,-23.25,-23.25
Anamorphoscope,-23.5,-23.5
Pomptine,-23.375,-23.375
Outsentry,-23.125,-23.125
Dinghies,-23.125,-23.125
Tetramerous,-23.125,-23.125
Considerance,-22.75,-22.75
Schneiderian,-23.0,-23.0
Pontist,-23.25,-23.25
Detergency,-23.5,-23.5
Caledonia,-22.625,-22.625
Arrester,-23.25,-23.25
Fantasmagoric,-22.875,-22.875
Beneficiaries,-23.5,-23.5
Niceish,-23.125,-23.125
Amphibalus,-22.875,-22.875
Geotical,-23.125,-23.125
Valvulotome,-22.75,-22.75
Encomia,-23.375,-23.375
Scliff,-23.25,-23.25
Phatic,-23.25,-23.25
Hydrophyton,-22.875,-22.875
Miosis,-23.125,-23.125
Caruage,-23.375,-23.375
Centavos,-23.375,-23.375
Maugis,-23.75,-23.75
Taxemes,-23.375,-23.375
Hologoninidia,-23.25,-23.25
Chacmas,-23.125,-23.125
Pentace,-23.25,-23.25
Clistocarp,-22.75,-22.75
Devance,-23.25,-23.25
Taradiddle,-22.5,-22.5
Squarecap,-23.125,-23.125
Hoghead,-22.75,-22.75
Antilepsis,-23.375,-23.375
Workouts,-23.0,-23.0
Upslant,-23.5,-23.5
Theurgic,-23.375,-23.375
Digynia,-23.375,-23.375
Titularies,-23.375,-23.375
Roggle,-22.625,-22.625
Riddles,-23.25,-23.25
Cynomorphic,-23.375,-23.375
Riggings,-22.75,-22.75
Entrepot,-23.5,-23.5
Betrays,-23.0,-23.0
Hemostat,-22.75,-22.75
Toorie,-22.875,-22.875
Presearch,-23.625,-23.625
Creamsacs,-23.0,-23.0
Harpists,-23.0,-23.0
Groser,-23.375,-23.375
Orrisroot,-22.75,-22.75
Allergy,-23.375,-23.375
Leudes,-22.875,-22.875
Obstancy,-23.375,-23.375
Assemblyman,-23.125,-23.125
Senescency,-23.5,-23.5
Collenchyme,-23.0,-23.0
Unmercurial,-23.5,-23.5
Prolicidal,-23.625,-23.625
Variancy,-23.5,-23.5
Camogie,-22.875,-22.875
Precordiality,-23.625,-23.625
Additum,-23.125,-23.125
Clypeastridea,-22.875,-22.875
Popeless,-22.75,-22.75
Orthron,-23.125,-23.125
Bulkiest,-23.0,-23.0
Jigger,-23.0,-23.0
Versiculus,-23.25,-23.25
Ovenpeel,-23.25,-23.25
Mostra,-23.375,-23.375
Sproutage,-23.25,-23.25
Overturn,-23.75,-23.75
Cyphellae,-23.375,-23.375
Donary,-23.25,-23.25
Overtaker,-23.5,-23.5
Transformist,-23.375,-23.375
Acromial,-23.125,-23.125
Bismer,-23.25,-23.25
Tolerationism,-23.875,-23.875
Interset,-23.375,-23.375
Homocerebrin,-23.375,-23.375
Polypterid,-22.75,-22.75
Bianisidine,-23.25,-23.25
Pugilist,-23.125,-23.125
Galbraithian,-23.375,-23.375
Indomethacin,-23.25,-23.25
Explicates,-23.625,-23.625
Stovepipe,-22.875,-22.875
Nicenian,-23.25,-23.25
Emraud,-23.0,-23.0
Ctenizid,-23.125,-23.125
Monovalence,-23.0,-23.0
Unambush,-23.375,-23.375
Cardiorrhexis,-22.75,-22.75
Acettoluide,-23.0,-23.0
Metalogic,-23.375,-23.375
Laundryowner,-22.5,-22.5
Deterrence,-23.125,-23.125
Sextan,-23.0,-23.0
Spurrey,-23.125,-23.125
Braises,-22.875,-22.875
Pereia,-22.875,-22.875
Supernumerary,-23.25,-23.25
Quienal,-23.0,-23.0
Latecomers,-23.375,-23.375
Immaturity,-23.625,-23.625
Scanian,-23.5,-23.5
Southeasters,-23.75,-23.75
Replume,-23.125,-23.125
Colpostat,-23.375,-23.375
Atrophic,-23.0,-23.0
Donsie,-23.0,-23.0
Shareown,-23.375,-23.375
Toxoglossa,-22.625,-22.625
Rainbowlike,-23.5,-23.5
Corniches,-23.125,-23.125
Uncompt,-23.25,-23.25
Tessera,-22.75,-22.75
Whalehead,-22.875,-22.875
Finnmark,-22.625,-22.625
Euripupi,-23.125,-23.125
Factful,-23.25,-23.25
Tsutsutsi,-23.375,-23.375
Oleomargarin,-22.75,-22.75
Subgenital,-23.375,-23.375
Tetrabrach,-23.0,-23.0
Pyrgocephalic,-23.125,-23.125
Dijudicate,-23.625,-23.625
Camshach,-23.375,-23.375
Melancholish,-23.25,-23.25
Skiech,-23.125,-23.125
Recognosce,-23.375,-23.375
Vesicocervical,-22.75,-22.75
Printscript,-23.5,-23.5
Isidae,-23.375,-23.375
Adward,-22.75,-22.75
Bacillogenous,-23.625,-23.625
Birlers,-23.125,-23.125
Skitters,-21.75,-21.75
Phthalocyanine,-23.5,-23.5
Contemper,-23.5,-23.5
Heteroptics,-23.25,-23.25
Pterygomalar,-22.875,-22.875
Kilograin,-22.875,-22.875
Mudlarker,-23.5,-23.5
Carnosin,-23.5,-23.5
Vilipend,-23.375,-23.375
Circaea,-22.75,-22.75
Overtops,-23.375,-23.375
Gustoes,-23.125,-23.125
Windill,-23.125,-23.125
Rontgens,-23.125,-23.125
Disports,-23.0,-23.0
Habdalahs,-23.375,-23.375
Beddings,-22.75,-22.75
Coastman,-23.25,-23.25
Breadthriders,-22.875,-22.875
Keraci,-23.25,-23.25
Hamidieh,-23.25,-23.25
Hennish,-23.25,-23.25
Archicerebra,-22.625,-22.625
Humors,-23.375,-23.375
Uteroplacental,-23.125,-23.125
Appositional,-23.25,-23.25
Thiazols,-23.625,-23.625
Catcher,-23.375,-23.375
Encomium,-23.25,-23.25
Scyphula,-23.0,-23.0
Spifflicate,-23.25,-23.25
Quirinca,-22.875,-22.875
Shiversome,-23.25,-23.25
Sextumvirate,-23.25,-23.25
Bathysphere,-22.125,-22.125
Archerfish,-23.0,-23.0
Swirrer,-23.375,-23.375
Stramineous,-23.125,-23.125
Combustious,-23.125,-23.125
Naegait,-23.375,-23.375
Geocronite,-23.125,-23.125
Sulphury,-23.375,-23.375
Ruthless,-22.875,-22.875
Superioress,-22.625,-22.625
Secess,-23.125,-23.125
Batsman,-22.875,-22.875
Chalybeous,-22.75,-22.75
Romancers,-23.25,-23.25
Rrhiza,-22.75,-22.75
Steepers,-22.875,-22.875
Overgrows,-23.375,-23.375
Dyscrase,-23.25,-23.25
Plastidule,-22.75,-22.75
Pedatipartite,-23.25,-23.25
Tokologies,-23.375,-23.375
Adiagnostic,-23.375,-23.375
Physeterinae,-23.0,-23.0
Lowermost,-23.125,-23.125
Busload,-23.125,-23.125
Phoenicean,-23.375,-23.375
Drizzles,-23.0,-23.0
Leiger,-22.875,-22.875
Polylithic,-23.5,-23.5
Talinum,-23.125,-23.125
Hlithskjalf,-22.125,-22.125
Epispinal,-23.125,-23.125
Alternativo,-23.125,-23.125
Precondemns,-23.375,-23.375
Atmolyses,-23.375,-23.375
Pizzles,-23.375,-23.375
Elephantoidal,-23.0,-23.0
Corticium,-23.25,-23.25
Turgencies,-23.25,-23.25
Dewdrop,-22.625,-22.625
Softback,-22.875,-22.875
Clausure,-23.375,-23.375
Visionless,-22.875,-22.875
Electronvolt,-23.375,-23.375
Goglets,-23.0,-23.0
Pharyngodynia,-23.0,-23.0
Resentments,-23.625,-23.625
Sculptures,-22.625,-22.625
Ensuer,-23.5,-23.5
Makars,-23.125,-23.125
Plicater,-23.375,-23.375
Antiodontalgic,-23.5,-23.5
Siglum,-23.75,-23.75
Connectors,-23.375,-23.375
Perforators,-23.625,-23.625
Sabbeka,-23.0,-23.0
Crapaudine,-22.875,-22.875
Corbicula,-23.25,-23.25
Palulus,-23.0,-23.0
Operetta,-23.125,-23.125
Conduces,-23.25,-23.25
Whigmaleeries,-22.875,-22.875
Featherdom,-23.5,-23.5
Preallies,-22.875,-22.875
Quizzery,-23.375,-23.375
Cedarn,-22.875,-22.875
Sublunate,-23.25,-23.25
Bentinck,-23.0,-23.0
Galanas,-23.625,-23.625
Interrena,-23.0,-23.0
Origanum,-23.125,-23.125
Connubiate,-23.125,-23.125
Isarithms,-23.25,-23.25
Myriad,-22.875,-22.875
Tidier,-23.0,-23.0
Freddy,-22.625,-22.625
Vavassors,-23.25,-23.25
Corner,-23.125,-23.125
Paludal,-23.0,-23.0
Nonliturgic,-23.375,-23.375
Repower,-23.25,-23.25
Laocoon,-23.125,-23.125
Goblinry,-22.875,-22.875
Tiburon,-23.0,-23.0
Spinulose,-23.125,-23.125
Poddle,-23.0,-23.0
Muttonfishes,-23.625,-23.625
Limosa,-23.0,-23.0
Hypnagogic,-23.125,-23.125
Noncash,-23.25,-23.25
Holochordate,-22.875,-22.875
Nitrify,-23.25,-23.25
Winnower,-23.0,-23.0
Aeviternal,-23.25,-23.25
Formicicide,-23.375,-23.375
Imputability,-23.75,-23.75
Greediest,-23.25,-23.25
Ballistician,-23.375,-23.375
Scraye,-22.875,-22.875
Perdendo,-23.25,-23.25
Xanthogenic,-23.0,-23.0
Malattress,-23.0,-23.0
Eastern,-23.125,-23.125
Nondefendant,-23.25,-23.25
Bodeful,-23.125,-23.125
Unfortunates,-23.5,-23.5
Brawlers,-22.75,-22.75
Apiphobia,-23.125,-23.125
Dynamists,-23.25,-23.25
Reprocess,-23.5,-23.5
Beflour,-22.75,-22.75
Lennow,-23.25,-23.25
Haggard,-23.375,-23.375
Pinckneya,-23.0,-23.0
Essayistic,-22.75,-22.75
Papingo,-23.25,-23.25
Subshell,-23.625,-23.625
Overhung,-23.5,-23.5
Snowshade,-23.25,-23.25
Tetrdra,-23.125,-23.125
Zamarro,-23.125,-23.125
Immoral,-23.25,-23.25
Hyades,-22.875,-22.875
Foreplay,-23.125,-23.125
Superhuman,-23.125,-23.125
Aquariia,-22.625,-22.625
Carole,-22.625,-22.625
Basters,-23.5,-23.5
Craspedotal,-22.875,-22.875
Shopbook,-23.125,-23.125
Backstrokes,-23.125,-23.125
Delimitate,-23.375,-23.375
Unsuperlative,-23.75,-23.75
Tintinnabulist,-23.0,-23.0
Tungsten,-23.375,-23.375
Solaces,-22.875,-22.875
Intertraffic,-23.0,-23.0
Firestone,-22.875,-22.875
Pimpery,-23.5,-23.5
Bottler,-23.0,-23.0
Explosions,-23.125,-23.125
Kyanizes,-23.5,-23.5
Undiabetic,-22.875,-22.875
Trochite,-23.625,-23.625
Fairways,-22.875,-22.875
Urostea,-23.0,-23.0
Epidermatous,-23.125,-23.125
Grahamism,-23.625,-23.625
Symptomical,-23.5,-23.5
Eubacteria,-23.375,-23.375
Rubidic,-23.0,-23.0
Undersole,-23.25,-23.25
Exoclinal,-23.375,-23.375
Pileolus,-23.125,-23.125
Polios,-23.5,-23.5
Articulability,-23.5,-23.5
Outrant,-23.375,-23.375
Modica,-23.75,-23.75
Housewrecker,-23.125,-23.125
Ultralogical,-23.125,-23.125
Armures,-23.375,-23.375
Peacockier,-22.625,-22.625
Compliancy,-23.125,-23.125
Ureases,-22.625,-22.625
Cantando,-23.0,-23.0
Saxophonists,-23.375,-23.375
Staniel,-22.75,-22.75
Galoshe,-22.875,-22.875
Hypostomous,-23.25,-23.25
Lintless,-23.25,-23.25
Uncledom,-23.875,-23.875
Seminuria,-23.375,-23.375
Outbrag,-23.375,-23.375
Nonexpansile,-23.625,-23.625
Chacun,-22.75,-22.75
Leafworm,-23.25,-23.25
Kaiser,-23.375,-23.375
Sphagnales,-22.875,-22.875
Wessexman,-22.875,-22.875
Plunderess,-23.25,-23.25
Havenward,-22.375,-22.375
Tabellion,-23.0,-23.0
Wormroots,-22.875,-22.875
Ferrovanadium,-23.0,-23.0
Teretiscapular,-22.75,-22.75
Metatarsale,-22.75,-22.75
Iridophore,-22.625,-22.625
Chorology,-23.5,-23.5
Uncontortive,-23.5,-23.5
Adenologaditis,-22.625,-22.625
Therian,-23.375,-23.375
Medievalism,-23.125,-23.125
Feedstock,-23.25,-23.25
Meroistic,-23.5,-23.5
Emydidae,-23.125,-23.125
Planosol,-23.0,-23.0
Plaister,-23.375,-23.375
Marlings,-22.875,-22.875
Heiferhood,-23.0,-23.0
Hittitology,-23.0,-23.0
Protonickel,-23.0,-23.0
Confidence,-23.5,-23.5
Anticyclolysis,-23.25,-23.25
Ataghan,-23.25,-23.25
Baccilla,-23.375,-23.375
Vanillins,-23.375,-23.375
Thistles,-22.625,-22.625
Lubric,-23.0,-23.0
Shaikh,-23.5,-23.5
Typiest,-23.0,-23.0
Rattraps,-23.125,-23.125
Renowner,-23.5,-23.5
Nadiral,-23.125,-23.125
Leathermaker,-22.875,-22.875
Latesome,-23.25,-23.25
Gyrohorizon,-23.25,-23.25
Knackwursts,-22.5,-22.5
Dipsacaceae,-22.875,-22.875
Eroteme,-23.25,-23.25
Langobard,-23.75,-23.75
Overpatriotism,-23.75,-23.75
Seawards,-23.25,-23.25
Ensilist,-23.625,-23.625
Unguents,-23.0,-23.0
Mantis,-23.25,-23.25
Hectogramme,-22.875,-22.875
Kronur,-23.0,-23.0
Amphiboline,-23.125,-23.125
Silage,-23.125,-23.125
Employe,-23.0,-23.0
Bawdries,-22.75,-22.75
Markswomen,-22.5,-22.5
Uncropt,-23.375,-23.375
Electioneerer,-23.125,-23.125
Pulton,-23.125,-23.125
Preopercle,-23.375,-23.375
Nonoptical,-23.25,-23.25
Ladylintywhite,-23.25,-23.25
Hashabi,-23.125,-23.125
Newspapers,-23.125,-23.125
Countersigns,-23.5,-23.5
Unpacific,-23.25,-23.25
Railside,-23.125,-23.125
Subtilism,-23.625,-23.625
Paradoctor,-23.375,-23.375
Drysalter,-23.5,-23.5
Jabberwocky,-22.375,-22.375
Loudest,-22.75,-22.75
Avirulent,-22.875,-22.875
Brides,-22.75,-22.75
Transborder,-23.25,-23.25
Wisdoms,-23.25,-23.25
Bemixt,-23.5,-23.5
Varnpliktige,-22.875,-22.875
Excaudate,-23.375,-23.375
Nonbeneficence,-23.25,-23.25
Fiddlerfishes,-21.875,-21.875
Carfloat,-22.875,-22.875
Carfax,-22.5,-22.5
Incisal,-23.125,-23.125
Foreguidance,-23.5,-23.5
Alnaschar,-22.375,-22.375
Generale,-23.25,-23.25
Avantage,-23.375,-23.375
Polyterpene,-23.125,-23.125
Embrowns,-22.625,-22.625
Housebroken,-23.0,-23.0
Hatlike,-23.375,-23.375
Strobic,-23.375,-23.375
Haploma,-23.25,-23.25
Semidiurnal,-23.125,-23.125
Messagery,-23.25,-23.25
Aglaonema,-22.625,-22.625
Supercilia,-23.625,-23.625
Jargonic,-23.0,-23.0
Schism,-23.125,-23.125
Parton,-22.625,-22.625
Bywork,-23.125,-23.125
Runouts,-23.125,-23.125
Satrapy,-23.0,-23.0
Becrusts,-22.875,-22.875
Boerhavia,-23.0,-23.0
Trackhound,-22.875,-22.875
Importuner,-23.875,-23.875
Lufberry,-23.375,-23.375
Alkoranic,-23.25,-23.25
Shivarees,-23.25,-23.25
Grouseward,-22.875,-22.875
Puddock,-23.125,-23.125
Weilang,-23.25,-23.25
Plethora,-22.625,-22.625
Hemifacial,-23.125,-23.125
Pontific,-23.125,-23.125
Caseolysis,-23.5,-23.5
Wholistic,-23.125,-23.125
Kurdish,-23.125,-23.125
Euphonism,-23.5,-23.5
Carthamus,-22.875,-22.875
Foresentence,-23.25,-23.25
Demesgnes,-23.25,-23.25
Wizardship,-22.875,-22.875
Glassblower,-23.25,-23.25
Caroba,-23.375,-23.375
Simlins,-22.875,-22.875
Whitefieldian,-23.375,-23.375
Bowerlike,-23.375,-23.375
Arabesquerie,-23.5,-23.5
Offset,-23.375,-23.375
Viewer,-23.5,-23.5
Diabasic,-23.625,-23.625
Transship,-23.5,-23.5
Homaloidal,-23.25,-23.25
Dearths,-23.375,-23.375
Benchers,-22.375,-22.375
Hippuritic,-22.75,-22.75
Dendrochirota,-22.5,-22.5
Schistosomus,-22.5,-22.5
Merton,-23.0,-23.0
Foreknow,-23.25,-23.25
Darters,-22.625,-22.625
Cephalom,-23.0,-23.0
Emulge,-23.5,-23.5
Lurers,-23.625,-23.625
Signalese,-23.25,-23.25
Pelves,-23.5,-23.5
Beauty,-23.0,-23.0
Inulase,-23.0,-23.0
Reintuitive,-23.25,-23.25
Pelagianizer,-23.375,-23.375
Dialysability,-23.125,-23.125
Prognosticates,-23.375,-23.375
Underjungle,-23.25,-23.25
Stormproof,-23.125,-23.125
Acinaciform,-23.25,-23.25
Samgarnebo,-22.75,-22.75
Estrogenicity,-23.5,-23.5
Hydroscopicity,-23.125,-23.125
Atlatl,-22.875,-22.875
Echoize,-23.125,-23.125
Monosporous,-23.25,-23.25
Dentoid,-23.125,-23.125
Nostrum,-23.25,-23.25
Emmove,-23.375,-23.375
Chapah,-23.0,-23.0
Nitrils,-23.0,-23.0
Philistinism,-23.625,-23.625
Triphyllous,-23.625,-23.625
Incommodity,-23.375,-23.375
Forsar,-22.625,-22.625
Passer,-23.25,-23.25
Surrejoin,-23.625,-23.625
Riffraff,-22.875,-22.875
Biplicate,-23.125,-23.125
Camlets,-23.0,-23.0
Zanies,-23.0,-23.0
Staumrels,-23.0,-23.0
Brulzie,-23.0,-23.0
Scalare,-23.25,-23.25
Missteers,-22.875,-22.875
Icefalls,-22.75,-22.75
Kthibh,-22.625,-22.625
Superessive,-23.375,-23.375
Stanzas,-23.25,-23.25
Ultravirus,-22.875,-22.875
Pedantic,-23.25,-23.25
Thumbnuts,-23.0,-23.0
Microtheos,-23.25,-23.25
Viburnic,-23.25,-23.25
Weaselfish,-23.125,-23.125
Infranatural,-23.25,-23.25
Rongeur,-23.25,-23.25
Novitial,-23.0,-23.0
Shakoes,-22.625,-22.625
Uranism,-23.625,-23.625
Strapwork,-23.0,-23.0
Microforms,-23.375,-23.375
Intermaxilla,-23.25,-23.25
Slammerkin,-23.25,-23.25
Ineffective,-23.0,-23.0
Hyaloids,-23.25,-23.25
Isomerase,-23.125,-23.125
Parthenogenic,-23.5,-23.5
Phosphates,-22.75,-22.75
Blennorrhagic,-23.375,-23.375
Upwrought,-23.125,-23.125
Kamansi,-23.0,-23.0
Chrysenic,-23.375,-23.375
Goldic,-23.125,-23.125
Teepee,-22.5,-22.5
Foxhound,-22.625,-22.625
Australorp,-22.625,-22.625
Polymathic,-23.375,-23.375
Sightless,-22.875,-22.875
Isopag,-23.125,-23.125
Triolein,-23.375,-23.375
Unelastic,-23.5,-23.5
Foredate,-23.375,-23.375
Stepladder,-23.5,-23.5
Lesses,-22.625,-22.625
Heracleidan,-23.125,-23.125
Dialkyl,-23.25,-23.25
Reencounters,-23.25,-23.25
Thrangity,-22.875,-22.875
Angioasthenia,-23.25,-23.25
Hysteromania,-23.5,-23.5
Sleepwaker,-23.0,-23.0
Alviducous,-23.125,-23.125
Elephas,-22.5,-22.5
Multipersonal,-23.25,-23.25
Shrift,-23.0,-23.0
Polydactylism,-23.0,-23.0
Stationery,-23.0,-23.0
Spinebone,-23.25,-23.25
Keyster,-22.875,-22.875
Tipcat,-23.125,-23.125
Abrege,-23.25,-23.25
Parentless,-22.75,-22.75
Retool,-23.25,-23.25
Jingoes,-23.625,-23.625
Nonhearer,-22.875,-22.875
Equality,-24.0,-24.0
Microgranitoid,-23.0,-23.0
Regilds,-23.125,-23.125
Vivipary,-22.875,-22.875
Joineries,-23.25,-23.25
Spiropentane,-22.875,-22.875
Eudemonia,-23.375,-23.375
Corvorant,-22.75,-22.75
Unschizoid,-23.375,-23.375
Usufructuary,-23.125,-23.125
Willowworm,-22.75,-22.75
Unintrusive,-23.25,-23.25
Sorrowproof,-23.0,-23.0
Unregenerative,-23.375,-23.375
Pleasers,-23.375,-23.375
Cheirosophy,-23.25,-23.25
Dorine,-22.375,-22.375
Desilvers,-23.375,-23.375
Swerve,-22.875,-22.875
Fluviatic,-23.125,-23.125
Diehard,-23.5,-23.5
Pirrauru,-22.875,-22.875
Auxiliar,-23.0,-23.0
Tirrit,-22.875,-22.875
Castellate,-23.0,-23.0
Cyclonite,-22.75,-22.75
Municipalism,-23.375,-23.375
Nonponderosity,-23.375,-23.375
Galactic,-22.5,-22.5
Hagship,-23.125,-23.125
Squirter,-23.5,-23.5
Supersex,-22.75,-22.75
Inhauls,-23.125,-23.125
Flounder,-22.75,-22.75
Goddam,-23.125,-23.125
Spadewise,-23.0,-23.0
Esophagospasm,-23.0,-23.0
Nonexcessive,-23.25,-23.25
Cycadaceae,-23.0,-23.0
Modester,-23.625,-23.625
Beyerite,-23.75,-23.75
Beneficience,-23.0,-23.0
Migrants,-23.25,-23.25
Viscidize,-23.625,-23.625
Analogon,-23.375,-23.375
Duplify,-23.125,-23.125
Turboelectric,-22.875,-22.875
Evangelistship,-23.625,-23.625
Singers,-23.75,-23.75
Adipogenous,-23.25,-23.25
Toxicopathic,-23.25,-23.25
Atmospherical,-23.0,-23.0
Downplays,-22.875,-22.875
Inscrutability,-23.625,-23.625
Counterpoison,-23.625,-23.625
Masaridinae,-23.375,-23.375
Falderals,-23.625,-23.625
Powderizer,-23.375,-23.375
Tmesis,-23.0,-23.0
Overcerebral,-23.25,-23.25
Agathodaemonic,-23.375,-23.375
Meditatist,-23.0,-23.0
Bankrupcy,-23.375,-23.375
Nigranilin,-23.125,-23.125
Foemanship,-23.125,-23.125
Superproduce,-23.375,-23.375
Clammish,-23.0,-23.0
Glyconean,-23.0,-23.0
Ceases,-23.0,-23.0
Nonspeaker,-23.5,-23.5
Synedrian,-23.0,-23.0
Whiffenpoof,-22.5,-22.5
Chrysler,-22.75,-22.75
Harbourless,-23.0,-23.0
Drouth,-23.125,-23.125
Unpromiscuous,-23.625,-23.625
Autotropic,-23.5,-23.5
Seventeen,-22.875,-22.875
Tenochtitlan,-22.625,-22.625
Officerism,-23.625,-23.625
Impurities,-23.5,-23.5
Fascines,-22.875,-22.875
Buccaneers,-22.375,-22.375
Jewbush,-23.0,-23.0
Buyers,-22.625,-22.625
Peaceful,-23.0,-23.0
Ebonises,-23.125,-23.125
Daemonurgist,-22.875,-22.875
Jamber,-23.25,-23.25
Midribs,-23.125,-23.125
Granulitize,-23.875,-23.875
Picnicky,-22.875,-22.875
Extravasate,-23.125,-23.125
Isochron,-23.0,-23.0
Footrace,-23.125,-23.125
Boffolas,-23.5,-23.5
Perithelia,-22.875,-22.875
Standardise,-23.625,-23.625
Superdanger,-23.25,-23.25
Underrealize,-23.5,-23.5
Monkeyflower,-22.75,-22.75
Polytrichia,-23.0,-23.0
Nobilities,-23.125,-23.125
Plowhead,-23.125,-23.125
Apostatizes,-23.75,-23.75
Lalang,-23.125,-23.125
Coexerts,-23.375,-23.375
Headskin,-23.0,-23.0
Chatelains,-22.875,-22.875
Alditol,-23.125,-23.125
Istoke,-23.0,-23.0
Splenoma,-23.375,-23.375
Stannel,-23.0,-23.0
Stasidion,-23.125,-23.125
Aichmophobia,-23.0,-23.0
Ideogramic,-23.625,-23.625
Wharfless,-23.25,-23.25
Valvulitis,-23.125,-23.125
Unmysterious,-23.5,-23.5
Jacktar,-23.0,-23.0
Escherichia,-22.5,-22.5
Gallivant,-23.0,-23.0
Tarsals,-23.0,-23.0
Pyruloid,-23.25,-23.25
Eccritic,-23.25,-23.25
Gramophonic,-23.0,-23.0
Arbalester,-22.875,-22.875
Transude,-23.5,-23.5
Illucidate,-23.625,-23.625
Fullterm,-23.0,-23.0
Uphale,-23.0,-23.0
Pentastichous,-23.375,-23.375
Responsories,-23.125,-23.125
Praiseproof,-23.375,-23.375
Cacesthesis,-23.625,-23.625
Skreegh,-22.75,-22.75
Skellat,-22.625,-22.625
Lunkheads,-23.5,-23.5
Furlan,-23.625,-23.625
Nasciturus,-23.25,-23.25
Klesha,-23.125,-23.125
Vinylite,-23.25,-23.25
Interreceive,-23.75,-23.75
Snubbers,-23.25,-23.25
Podometry,-23.25,-23.25
Camelias,-23.375,-23.375
Cletch,-23.0,-23.0
Lamenesses,-23.875,-23.875
Baptisms,-22.625,-22.625
Salariego,-23.0,-23.0
Mezzos,-23.375,-23.375
Anticipate,-23.625,-23.625
Culmicolous,-23.375,-23.375
Protoveratrine,-23.25,-23.25
Bristler,-23.375,-23.375
Sarcostosis,-23.125,-23.125
Reflectionist,-23.125,-23.125
Proxemic,-23.25,-23.25
Disassociate,-23.25,-23.25
Overprotective,-23.375,-23.375
Huxter,-23.25,-23.25
Dejerator,-23.5,-23.5
Mommies,-23.0,-23.0
Retinite,-23.125,-23.125
Nearliest,-23.125,-23.125
Grotesco,-22.875,-22.875
Antorbital,-23.5,-23.5
Siegework,-23.375,-23.375
Oxyrhinous,-23.5,-23.5
Terbias,-23.0,-23.0
Multarticulate,-23.375,-23.375
Salvor,-22.875,-22.875
Menders,-23.375,-23.375
Cantos,-23.25,-23.25
Garnetwork,-23.0,-23.0
Tilmus,-23.625,-23.625
Synthesist,-23.375,-23.375
Chrysophilite,-23.125,-23.125
Firewarden,-23.125,-23.125
Scurrility,-23.125,-23.125
Leukon,-23.0,-23.0
Propaedeutics,-23.625,-23.625
Pythonical,-22.75,-22.75
Remittance,-23.125,-23.125
Proetid,-23.375,-23.375
Longhorn,-23.0,-23.0
Unordinate,-23.75,-23.75
Oilcloth,-23.125,-23.125
Pitchfield,-22.375,-22.375
Vesicule,-23.0,-23.0
Footback,-23.25,-23.25
Keratoplasty,-23.375,-23.375
Cytokinetic,-22.875,-22.875
Outfame,-23.375,-23.375
Hydatigenous,-23.125,-23.125
Hotelkeeper,-22.875,-22.875
Umpsteen,-23.0,-23.0
Jerreeds,-22.875,-22.875
Hypogyny,-23.5,-23.5
Kantians,-23.75,-23.75
Petechiae,-23.25,-23.25
Striola,-23.25,-23.25
Mountainette,-23.125,-23.125
Cellite,-22.875,-22.875
Mammitis,-23.25,-23.25
Entosthoblast,-23.125,-23.125
Pasticheur,-23.25,-23.25
Forget,-22.875,-22.875
Carlist,-23.375,-23.375
Xylophage,-23.0,-23.0
Cowherbs,-23.125,-23.125
Obovate,-23.5,-23.5
Cimmaron,-22.875,-22.875
Congridae,-23.125,-23.125
Fumatory,-23.875,-23.875
Bebless,-23.25,-23.25
Leavenous,-23.25,-23.25
Mousetail,-23.25,-23.25
Braccio,-23.25,-23.25
Endogonidium,-23.125,-23.125
Perdifoil,-23.125,-23.125
Chobie,-23.125,-23.125
Madegassy,-23.0,-23.0
Whinger,-23.125,-23.125
Mercery,-23.25,-23.25
Stubbles,-23.25,-23.25
Tetrastylous,-22.875,-22.875
Rissian,-23.5,-23.5
Mopish,-23.5,-23.5
Llareta,-22.875,-22.875
Unpuritanic,-23.875,-23.875
Cursory,-23.125,-23.125
Regenerators,-23.375,-23.375
Bonilass,-23.0,-23.0
Torrify,-23.375,-23.375
Comminister,-23.5,-23.5
Grillroom,-22.875,-22.875
Kingsides,-23.125,-23.125
Playscript,-23.25,-23.25
Litany,-23.375,-23.375
Intimal,-23.0,-23.0
Phenylacetic,-23.0,-23.0
Entocalcaneal,-22.875,-22.875
Skivers,-22.875,-22.875
Platformish,-23.25,-23.25
Archnesses,-23.25,-23.25
Auxocardia,-23.0,-23.0
Ringleadership,-23.625,-23.625
Extend,-23.5,-23.5
Primitivist,-23.875,-23.875
Pushbutton,-23.125,-23.125
Pyrrhonian,-23.5,-23.5
Naturopathist,-23.25,-23.25
Wienerwurst,-23.0,-23.0
Typhosepsis,-22.875,-22.875
Paspalum,-23.125,-23.125
Presutural,-23.625,-23.625
Alfiona,-22.875,-22.875
Poutiest,-23.125,-23.125
Taillike,-23.625,-23.625
Sulfoxylate,-23.0,-23.0
Monoenergetic,-23.25,-23.25
Teazels,-23.0,-23.0
Asepsis,-22.75,-22.75
Anderun,-23.25,-23.25
Attentional,-23.0,-23.0
Metathalamus,-23.25,-23.25
Undergardener,-22.875,-22.875
Bluejoint,-23.125,-23.125
Twinighters,-23.125,-23.125
Loessal,-23.0,-23.0
Analgen,-22.875,-22.875
Endocarpic,-23.125,-23.125
Poophyte,-23.125,-23.125
Oblivionist,-23.125,-23.125
Alodiary,-23.25,-23.25
Factorial,-23.125,-23.125
Extenuations,-23.5,-23.5
Exundate,-23.125,-23.125
Immoderate,-23.375,-23.375
Planiscopic,-22.875,-22.875
Brickhood,-23.375,-23.375
Renigs,-23.25,-23.25
Mystagogic,-22.875,-22.875
Contemplance,-23.125,-23.125
Citropten,-23.25,-23.25
Censer,-23.0,-23.0
Prettifiers,-23.375,-23.375
Valvelike,-23.5,-23.5
Conceder,-23.5,-23.5
Illogic,-23.5,-23.5
Prereport,-23.125,-23.125
Signalities,-23.0,-23.0
Trulls,-22.5,-22.5
Festoonery,-23.375,-23.375
Pygobranchiate,-22.875,-22.875
Invernesses,-23.125,-23.125
Gingelies,-23.625,-23.625
Agalena,-23.0,-23.0
Enterokinesia,-23.375,-23.375
Crowers,-22.875,-22.875
Apprise,-23.5,-23.5
Intaria,-22.875,-22.875
Uncomplemental,-23.75,-23.75
Dowels,-22.75,-22.75
Skittaget,-23.125,-23.125
Diatonical,-23.375,-23.375
Inexposure,-23.625,-23.625
Undefeasible,-23.75,-23.75
Cloakage,-23.25,-23.25
Proreptilia,-22.75,-22.75
Alkylogen,-22.875,-22.875
Sloganize,-23.375,-23.375
Saladero,-23.125,-23.125
Pussley,-23.125,-23.125
Brindles,-22.875,-22.875
Procavia,-22.625,-22.625
Trysts,-22.875,-22.875
Thawers,-23.0,-23.0
Horseiest,-23.125,-23.125
Sufficiency,-23.375,-23.375
Grieshuckle,-22.625,-22.625
Cutlass,-22.875,-22.875
Holoquinonoid,-22.875,-22.875
Torpitude,-23.25,-23.25
Canities,-22.5,-22.5
Begeck,-23.5,-23.5
Intermelt,-23.375,-23.375
Postsplenic,-23.125,-23.125
Animes,-23.375,-23.375
Rubine,-23.5,-23.5
Uncrates,-23.375,-23.375
Prionopinae,-23.0,-23.0
Revolant,-23.5,-23.5
Rutaceae,-23.25,-23.25
Hypozoan,-23.375,-23.375
Zizania,-23.0,-23.0
Superextoll,-23.125,-23.125
Glossolabial,-22.875,-22.875
Viniferas,-23.0,-23.0
Dolomites,-23.0,-23.0
Thalesian,-23.0,-23.0
Clinohedral,-23.25,-23.25
Swaddles,-22.625,-22.625
Quadrigamist,-23.25,-23.25
Carvestrene,-23.0,-23.0
Bister,-23.25,-23.25
Pantonal,-23.125,-23.125
Carrosserie,-23.25,-23.25
Midairs,-23.375,-23.375
Precurricular,-23.375,-23.375
Sabbitha,-22.875,-22.875
Nailers,-23.25,-23.25
Predominates,-23.625,-23.625
Grovelings,-23.5,-23.5
Diomedeidae,-23.125,-23.125
Goatbrush,-22.125,-22.125
Arider,-23.125,-23.125
Amebian,-23.125,-23.125
Proreptilian,-23.0,-23.0
Gawkies,-22.75,-22.75
Tigers,-22.75,-22.75
Rehandicap,-23.125,-23.125
Topodeme,-23.25,-23.25
Hepatize,-22.75,-22.75
Enarme,-23.25,-23.25
Explodent,-23.25,-23.25
Chimaeroidei,-22.25,-22.25
Reduplicatory,-23.625,-23.625
Haplosis,-23.625,-23.625
Anthesterin,-23.25,-23.25
Wolffian,-23.625,-23.625
Lathwork,-23.0,-23.0
Pickman,-22.75,-22.75
Itemise,-23.25,-23.25
Onlepy,-23.25,-23.25
Cabasa,-23.0,-23.0
Serpulitic,-23.125,-23.125
Macropodine,-23.25,-23.25
Featherweights,-23.25,-23.25
Cragwork,-23.125,-23.125
Prefecundatory,-23.625,-23.625
Outpoint,-23.25,-23.25
Subaverage,-23.25,-23.25
Intermedius,-23.25,-23.25
Gnotobiotics,-22.75,-22.75
Virions,-23.0,-23.0
Hemeralope,-23.25,-23.25
Perineocele,-22.75,-22.75
Gentlemanlike,-23.5,-23.5
Schematical,-23.375,-23.375
Mouthier,-23.125,-23.125
Egoity,-23.375,-23.375
Polybranchian,-23.625,-23.625
Cartilaginei,-22.875,-22.875
Bromidrosis,-22.875,-22.875
Whaddie,-23.25,-23.25
Subrisive,-23.625,-23.625
Indianians,-23.875,-23.875
Mopeiest,-23.5,-23.5
Trails,-22.75,-22.75
Fusspot,-23.375,-23.375
Temperability,-23.0,-23.0
Bawble,-23.25,-23.25
Disinters,-23.5,-23.5
Dihydrogen,-23.25,-23.25
Cymbid,-22.875,-22.875
Illuminee,-23.0,-23.0
Lefsen,-23.0,-23.0
Devilism,-23.25,-23.25
Gibbergunyah,-22.75,-22.75
Butlerage,-22.375,-22.375
Goodyism,-23.875,-23.875
Homoblastic,-23.625,-23.625
Priggism,-23.625,-23.625
Intelligencer,-23.25,-23.25
Philornithic,-23.5,-23.5
Nutlike,-23.5,-23.5
Tyronic,-23.125,-23.125
Tonify,-23.0,-23.0
Suggestionism,-23.25,-23.25
Bolivias,-23.125,-23.125
Uninsistent,-23.625,-23.625
Insuetude,-23.625,-23.625
Effeminize,-23.625,-23.625
Sightproof,-23.25,-23.25
Flocculate,-23.375,-23.375
Sizarship,-23.375,-23.375
Outstole,-23.5,-23.5
Weighbauk,-23.0,-23.0
Cottoneer,-23.375,-23.375
Unthorough,-23.625,-23.625
Chiplet,-22.875,-22.875
Septical,-22.75,-22.75
Girosol,-23.125,-23.125
Superability,-23.25,-23.25
Mortgages,-23.0,-23.0
Taintproof,-23.625,-23.625
Aliofar,-23.75,-23.75
Raiiform,-22.75,-22.75
Predicator,-23.375,-23.375
Snowdonian,-22.875,-22.875
Heterosexuals,-23.875,-23.875
Horticultural,-22.5,-22.5
Bloodfins,-23.0,-23.0
Splint,-23.0,-23.0
Astrogeology,-22.75,-22.75
Diastematic,-23.5,-23.5
Satrapical,-23.125,-23.125
Neuroanatomy,-23.0,-23.0
Photoduplicate,-23.25,-23.25
Unstandard,-23.375,-23.375
Albuminofibrin,-22.75,-22.75
Lutraria,-23.0,-23.0
Tommyrot,-22.875,-22.875
Pythonic,-23.5,-23.5
Euthyneural,-23.0,-23.0
Swarmers,-23.25,-23.25
Athold,-23.0,-23.0
Lathreeve,-22.375,-22.375
Neotoma,-23.125,-23.125
Aladdinize,-22.625,-22.625
Nonrhythmic,-23.5,-23.5
Mayflowers,-23.125,-23.125
Newspapermen,-23.25,-23.25
Obongo,-23.0,-23.0
Semsem,-23.125,-23.125
Topinish,-23.0,-23.0
Jaquette,-23.0,-23.0
Angiogenesis,-23.5,-23.5
Disseizoress,-22.875,-22.875
Detrudes,-23.25,-23.25
Gelsemiums,-22.875,-22.875
Kaskaskia,-22.875,-22.875
Traditioner,-23.625,-23.625
Traviss,-22.875,-22.875
Unicolor,-23.25,-23.25
Radian,-23.25,-23.25
Ejidos,-23.25,-23.25
Turboblower,-23.375,-23.375
Directorial,-23.25,-23.25
Busheller,-23.25,-23.25
Screenplay,-23.125,-23.125
Jargonesque,-23.125,-23.125
Noctiferous,-23.0,-23.0
Hypodicrotous,-23.5,-23.5
Pachycephalic,-23.0,-23.0
Mulattoism,-24.25,-24.25
Maquisard,-23.375,-23.375
Postludes,-23.125,-23.125
Rivulose,-22.75,-22.75
Calciferous,-22.75,-22.75
Synthol,-23.25,-23.25
Sickroom,-22.875,-22.875
Unfanatical,-23.125,-23.125
Unangelic,-23.625,-23.625
Vitiligo,-23.0,-23.0
Satanical,-23.5,-23.5
Beadwork,-22.875,-22.875
Punniest,-22.875,-22.875
Wiglet,-22.75,-22.75
Charlatanism,-23.5,-23.5
Expressage,-23.25,-23.25
Compassless,-23.625,-23.625
Redissect,-22.875,-22.875
Withdraught,-23.25,-23.25
Sixteenfold,-22.875,-22.875
Ratheripe,-22.75,-22.75
Charkha,-23.25,-23.25
Vizcachas,-22.25,-22.25
Fluoridations,-23.375,-23.375
Resupine,-23.375,-23.375
Convallamarin,-22.75,-22.75
Juncaceae,-23.25,-23.25
Tintometry,-23.375,-23.375
Metalworker,-23.375,-23.375
Carver,-22.875,-22.875
Vespertide,-23.25,-23.25
Premonarchal,-23.625,-23.625
Rabulistic,-23.25,-23.25
Malandrous,-23.25,-23.25
Overdistend,-23.75,-23.75
Centrev,-23.0,-23.0
Turtlelike,-23.25,-23.25
Sanhedrin,-23.125,-23.125
Outpours,-23.0,-23.0
Engrammes,-23.25,-23.25
Readmissions,-23.125,-23.125
Prorectorate,-23.625,-23.625
Brownistic,-23.125,-23.125
Kilneye,-22.875,-22.875
Rahanwin,-23.25,-23.25
Nightshirts,-22.875,-22.875
Algoid,-23.375,-23.375
Bristlebird,-23.0,-23.0
Proprietors,-23.5,-23.5
Brasilin,-23.0,-23.0
Duddie,-23.125,-23.125
Refilter,-23.25,-23.25
Synergid,-23.375,-23.375
Preapprehend,-23.5,-23.5
Nonloyalty,-23.5,-23.5
Puddlelike,-23.375,-23.375
Relevator,-23.375,-23.375
Grattage,-23.25,-23.25
Sequent,-23.125,-23.125
Amovability,-23.25,-23.25
Piaffe,-22.875,-22.875
Posteriad,-23.125,-23.125
Cornetcies,-23.25,-23.25
Demetrian,-23.5,-23.5
Justifications,-23.25,-23.25
Wintrify,-22.875,-22.875
Lollardy,-23.125,-23.125
Unhinge,-23.375,-23.375
Courtside,-23.5,-23.5
Inadvertence,-23.25,-23.25
Bergsonism,-23.5,-23.5
Incorrosive,-23.375,-23.375
Bombazine,-22.75,-22.75
Evertebrate,-23.125,-23.125
Renovations,-23.375,-23.375
Retrobuccal,-23.125,-23.125
Coprolite,-23.0,-23.0
Sybaritical,-23.375,-23.375
Aughtlins,-22.875,-22.875
Cardlike,-23.375,-23.375
Bacteriogenic,-23.25,-23.25
Spermatozoal,-23.0,-23.0
Archerfishes,-22.875,-22.875
Moguntine,-22.875,-22.875
Handsomeish,-23.125,-23.125
Pleuropodium,-22.875,-22.875
Lotiform,-23.5,-23.5
Entrelac,-22.75,-22.75
Trichogenous,-23.125,-23.125
Precolonial,-23.125,-23.125
Greengroceries,-23.375,-23.375
Phrynin,-23.25,-23.25
Gospodipoda,-23.0,-23.0
Abfarad,-23.125,-23.125
Fluoroscopists,-23.25,-23.25
Forebitt,-23.25,-23.25
Reverseless,-23.125,-23.125
Germanyl,-23.125,-23.125
Incomes,-23.375,-23.375
Flaunch,-23.5,-23.5
Engrails,-23.5,-23.5
Sniggle,-22.625,-22.625
Indeterminist,-23.625,-23.625
Cryptomere,-23.375,-23.375
Untextual,-23.5,-23.5
Mongrels,-23.25,-23.25
Tenrecs,-22.375,-22.375
Musqueto,-23.375,-23.375
Grateman,-23.0,-23.0
Cerebrosuria,-22.625,-22.625
Pleasaunce,-22.625,-22.625
Alabastrums,-22.625,-22.625
Tartwomen,-23.375,-23.375
Juicer,-23.0,-23.0
Pishquow,-23.125,-23.125
Precontribute,-23.5,-23.5
Weepiest,-23.125,-23.125
Dasewe,-22.75,-22.75
Protosaurian,-23.125,-23.125
Ponderosae,-23.0,-23.0
Underwrought,-23.5,-23.5
Yacare,-22.875,-22.875
Exumbral,-23.125,-23.125
Eskuara,-23.125,-23.125
Cerote,-23.0,-23.0
Irregeneracy,-23.875,-23.875
Ripelike,-23.125,-23.125
Denominates,-23.625,-23.625
Outvillage,-23.375,-23.375
Thoracotomy,-23.125,-23.125
Ecospecific,-23.25,-23.25
Solonchak,-22.75,-22.75
Permutes,-23.0,-23.0
Multinuclear,-23.375,-23.375
Essenian,-22.875,-22.875
Stammelcolor,-23.0,-23.0
Overgovern,-23.875,-23.875
Impede,-23.125,-23.125
Begotten,-22.875,-22.875
Equalist,-23.375,-23.375
Scantlet,-23.0,-23.0
Roncho,-22.625,-22.625
Mounties,-23.0,-23.0
Denarinarii,-23.125,-23.125
Reckon,-23.25,-23.25
Cutlet,-22.875,-22.875
Contester,-23.625,-23.625
Coalifies,-23.0,-23.0
Yuzluk,-23.0,-23.0
Lowings,-23.25,-23.25
Paquet,-23.25,-23.25
Vicennial,-23.125,-23.125
Habituations,-23.5,-23.5
Nonsalability,-23.125,-23.125
Puquina,-23.25,-23.25
Medeola,-23.125,-23.125
Fusulae,-23.375,-23.375
Abortuses,-23.0,-23.0
Resorcinum,-23.25,-23.25
Dignitarian,-23.375,-23.375
Opulencies,-23.5,-23.5
Manywhere,-23.0,-23.0
Nonterminals,-23.625,-23.625
Fleuronee,-22.75,-22.75
Unfreeze,-23.25,-23.25
Flisky,-23.0,-23.0
Outpeep,-23.125,-23.125
Prelithic,-23.25,-23.25
Footsoldier,-23.375,-23.375
Cognizability,-23.625,-23.625
Floramour,-23.125,-23.125
Errancy,-23.75,-23.75
Amesaces,-22.875,-22.875
Andoke,-22.75,-22.75
Herotheism,-23.875,-23.875
Charterage,-23.125,-23.125
Crescentade,-23.125,-23.125
Turbidimeter,-23.5,-23.5
Portent,-22.5,-22.5
Inhesive,-23.125,-23.125
Brummer,-23.125,-23.125
Caryatid,-22.625,-22.625
Plottery,-22.875,-22.875
Plateman,-23.125,-23.125
Immortaliser,-23.5,-23.5
Briolettes,-22.875,-22.875
Pandemic,-23.75,-23.75
Whoopla,-22.5,-22.5
Unhaste,-23.625,-23.625
Salaceta,-23.125,-23.125
Melatonin,-23.125,-23.125
Asteroidal,-23.125,-23.125
Larget,-23.125,-23.125
Cypriots,-23.5,-23.5
Acalyptrate,-23.25,-23.25
Monadnock,-22.625,-22.625
Algedi,-22.625,-22.625
Monoculture,-23.625,-23.625
Indiglucin,-22.875,-22.875
Zippiest,-22.875,-22.875
Lymphatic,-23.0,-23.0
Woollenize,-23.5,-23.5
Evilnesses,-22.5,-22.5
Polysemia,-23.375,-23.375
Transferror,-23.625,-23.625
Bandboxes,-22.875,-22.875
Unsplenetic,-23.375,-23.375
Whalelike,-22.875,-22.875
Saddlebows,-23.375,-23.375
Fluorographic,-23.375,-23.375
Pericecitis,-23.375,-23.375
Minerologist,-23.5,-23.5
Bellower,-22.875,-22.875
Lecithal,-23.375,-23.375
Girlies,-23.125,-23.125
Margullie,-23.25,-23.25
Shingon,-23.125,-23.125
Shirlcock,-23.125,-23.125
Sorbitize,-23.625,-23.625
Insack,-23.375,-23.375
Plowman,-23.5,-23.5
Tormentous,-23.125,-23.125
Immunise,-23.375,-23.375
Undarken,-23.25,-23.25
Suboptical,-23.0,-23.0
Roughie,-22.625,-22.625
Perquisitor,-23.0,-23.0
Materiels,-23.25,-23.25
Votresses,-23.125,-23.125
Backplane,-23.25,-23.25
Suboctile,-23.5,-23.5
Accedence,-23.375,-23.375
Othertimes,-23.0,-23.0
Tammies,-22.875,-22.875
Exclusivistic,-23.375,-23.375
Meltage,-23.5,-23.5
Concumbency,-23.375,-23.375
Linelet,-23.25,-23.25
Hypolocrian,-23.125,-23.125
Coelector,-23.625,-23.625
Octaechos,-23.0,-23.0
Allegorist,-23.25,-23.25
Weatherability,-23.5,-23.5
Apersee,-23.125,-23.125
Thyreoitis,-23.125,-23.125
Roomkeeper,-23.0,-23.0
Folktale,-23.25,-23.25
Uromeric,-23.25,-23.25
Facultate,-23.25,-23.25
Rewager,-22.875,-22.875
Isologs,-23.5,-23.5
Frumpiest,-22.875,-22.875
Liebfraumilch,-22.25,-22.25
Arthrocele,-22.875,-22.875
Flytiers,-22.875,-22.875
Accentors,-22.875,-22.875
Marvellous,-23.5,-23.5
Oculli,-22.875,-22.875
Alsweill,-22.625,-22.625
Dialytic,-22.75,-22.75
Pleinairism,-23.375,-23.375
Brattiest,-23.0,-23.0
Parentality,-23.0,-23.0
Reabsorb,-23.25,-23.25
Diagnostician,-22.875,-22.875
Kinderhook,-22.875,-22.875
Rupees,-23.125,-23.125
Multigerm,-23.625,-23.625
Barleybird,-22.75,-22.75
Discina,-23.125,-23.125
Accessions,-23.125,-23.125
Lobber,-22.75,-22.75
Improvisers,-23.0,-23.0
Siphonata,-23.125,-23.125
Stegosaurs,-22.5,-22.5
Typhomalaria,-23.0,-23.0
Landless,-23.25,-23.25
Unoccupancy,-23.5,-23.5
Archpriesthood,-23.125,-23.125
Laterodorsal,-23.5,-23.5
Syringes,-23.0,-23.0
Epikia,-23.125,-23.125
Expansion,-23.25,-23.25
Seismologist,-23.375,-23.375
Bindings,-23.25,-23.25
Conkanee,-23.25,-23.25
Tineoid,-23.375,-23.375
Chloralum,-23.125,-23.125
Regularizer,-23.625,-23.625
Piqueur,-23.375,-23.375
Monograptid,-23.0,-23.0
Estafette,-22.75,-22.75
Misesteem,-23.25,-23.25
Imploratory,-23.5,-23.5
Paleophytic,-22.875,-22.875
Saxicole,-23.0,-23.0
Storms,-22.875,-22.875
Erasures,-23.625,-23.625
Subcubical,-23.125,-23.125
Larchen,-22.875,-22.875
Architricline,-23.125,-23.125
Octodentate,-23.125,-23.125
Mesopodium,-23.375,-23.375
Tricolic,-23.125,-23.125
Shadowless,-23.5,-23.5
Idealistic,-23.375,-23.375
Cementmaker,-23.125,-23.125
Astrogeny,-23.5,-23.5
Lightface,-23.0,-23.0
Recurrence,-23.125,-23.125
Prevost,-22.875,-22.875
Middleman,-23.625,-23.625
Foederatus,-23.0,-23.0
Mythify,-23.125,-23.125
Transcriptions,-23.625,-23.625
Nonsubsidiary,-23.0,-23.0
Manometries,-22.875,-22.875
Vanillinic,-22.875,-22.875
Uruguay,-22.875,-22.875
Macrozamia,-22.875,-22.875
Vivandiere,-22.75,-22.75
Borghese,-23.375,-23.375
Scapegoater,-23.125,-23.125
Schungite,-22.75,-22.75
Sedative,-23.375,-23.375
Hemocoelic,-22.75,-22.75
Chorizontal,-23.5,-23.5
Hatracks,-23.125,-23.125
Dejects,-23.375,-23.375
Rattles,-22.875,-22.875
Depersonalise,-23.375,-23.375
Rougeot,-23.125,-23.125
Phonol,-23.5,-23.5
Segregator,-23.375,-23.375
Misseats,-23.375,-23.375
Shashlik,-23.0,-23.0
Sublinguae,-23.375,-23.375
Kicker,-22.875,-22.875
Staccatos,-23.0,-23.0
Quatres,-22.875,-22.875
Mestizoes,-23.5,-23.5
Eliminations,-23.375,-23.375
Harebottle,-23.25,-23.25
Sarada,-22.875,-22.875
Neoplatonician,-23.375,-23.375
Spenserian,-23.125,-23.125
Halophytic,-23.125,-23.125
Emendandum,-23.25,-23.25
Ceratium,-22.75,-22.75
Pajamahs,-22.375,-22.375
Seminvariant,-23.25,-23.25
Sturshum,-23.25,-23.25
Torchlike,-23.625,-23.625
Lowbrows,-23.375,-23.375
Shoesmith,-22.875,-22.875
Rhamnal,-23.125,-23.125
Honeysuck,-23.375,-23.375
Wahima,-23.25,-23.25
Bretonian,-22.875,-22.875
Tendon,-23.375,-23.375
Thrombectomies,-23.125,-23.125
Riggald,-22.875,-22.875
Streamlike,-23.625,-23.625
Otoconia,-23.0,-23.0
Puffers,-22.875,-22.875
Clavicytheria,-22.5,-22.5
Battailous,-23.25,-23.25
Gynaecea,-22.75,-22.75
Connectivity,-23.375,-23.375
Deanship,-23.5,-23.5
Zibeline,-23.375,-23.375
Enablers,-23.5,-23.5
Hillary,-23.125,-23.125
Estadel,-23.0,-23.0
Mouton,-23.375,-23.375
Umbibilici,-23.375,-23.375
Predefrayal,-23.875,-23.875
Contemplators,-23.25,-23.25
Jesuitess,-23.375,-23.375
Nawabs,-22.625,-22.625
Airbrushes,-23.0,-23.0
Fugate,-23.125,-23.125
Pedrero,-23.625,-23.625
Disappearances,-23.25,-23.25
Deckers,-22.875,-22.875
Fashion,-23.625,-23.625
Bromellite,-23.0,-23.0
Generalise,-23.375,-23.375
Menthene,-23.5,-23.5
Reality,-23.5,-23.5
Overdiscuss,-23.375,-23.375
Quincubitalism,-23.75,-23.75
Psetta,-23.375,-23.375
Archpuritan,-23.375,-23.375
Communism,-24.25,-24.25
Stanes,-22.875,-22.875
Warranter,-23.25,-23.25
Dextrotropous,-22.875,-22.875
Undertide,-22.875,-22.875
Blindeyes,-23.25,-23.25
Baniwa,-22.75,-22.75
Benadryl,-22.375,-22.375
Unproverbial,-23.375,-23.375
Clientelage,-23.125,-23.125
Hypophyseal,-23.125,-23.125
Limpsey,-22.875,-22.875
Thyreoglossal,-23.0,-23.0
Achier,-23.5,-23.5
Allows,-22.5,-22.5
Withtee,-22.875,-22.875
Vulpeculid,-23.0,-23.0
Sciatherical,-23.0,-23.0
Suburbias,-23.25,-23.25
Cissoid,-23.375,-23.375
Trimesyl,-23.25,-23.25
Parture,-23.25,-23.25
Combative,-22.875,-22.875
Myzostomida,-22.875,-22.875
Oinomels,-23.5,-23.5
Conceptacle,-23.375,-23.375
Enterobiasis,-23.0,-23.0
Chlorines,-23.0,-23.0
Ephorates,-23.125,-23.125
Bostryx,-22.875,-22.875
Tabardillo,-22.875,-22.875
Androphyll,-23.0,-23.0
Verbomaniac,-23.5,-23.5
Dantonesque,-23.375,-23.375
Protomammalian,-23.25,-23.25
Reconfigures,-23.0,-23.0
Nephele,-23.0,-23.0
Sternoglossal,-22.875,-22.875
Opisthodont,-23.25,-23.25
Myiosis,-23.375,-23.375
Ariole,-22.75,-22.75
Dohter,-22.75,-22.75
Restricts,-22.75,-22.75
Electroimpulse,-23.5,-23.5
Oversimple,-23.625,-23.625
Nongame,-23.25,-23.25
Superlabial,-23.125,-23.125
Titanous,-23.125,-23.125
Entohyal,-23.125,-23.125
Triseriatim,-23.0,-23.0
Deringa,-23.25,-23.25
Launchers,-23.25,-23.25
Quasky,-23.125,-23.125
Attacco,-23.5,-23.5
Rinsings,-23.0,-23.0
Physocarpous,-23.25,-23.25
Dispensations,-23.125,-23.125
Smutchiest,-23.0,-23.0
Maladjustive,-23.25,-23.25
Cardel,-23.5,-23.5
Tulipomaniac,-23.375,-23.375
Homogenetical,-24.0,-24.0
Overtarry,-23.125,-23.125
Humpty,-22.875,-22.875
Linchbolt,-23.5,-23.5
Unfixative,-23.375,-23.375
Legpiece,-23.875,-23.875
Sonoriferous,-23.5,-23.5
Osphyalgic,-23.375,-23.375
Portgreve,-22.875,-22.875
Uncontinual,-23.625,-23.625
Gynaecia,-23.0,-23.0
Hotsprings,-22.875,-22.875
Extravert,-23.625,-23.625
Anisometric,-23.375,-23.375
Zygomaticus,-23.0,-23.0
Huttonianism,-23.75,-23.75
Anarthrous,-23.125,-23.125
Reforest,-22.75,-22.75
Compliance,-23.375,-23.375
Parricidal,-23.0,-23.0
Retinochorioid,-23.125,-23.125
Shudders,-23.0,-23.0
Slaverer,-23.75,-23.75
Suicidal,-22.875,-22.875
Ampelography,-23.125,-23.125
Dipsopathy,-23.5,-23.5
Episternal,-23.125,-23.125
Broncholith,-23.0,-23.0
Merluccius,-22.75,-22.75
Incondite,-23.25,-23.25
Cyclostome,-22.875,-22.875
Iconophilism,-23.875,-23.875
Nondescript,-23.5,-23.5
Megalesian,-22.875,-22.875
Hydrargyrism,-22.875,-22.875
Noncancerous,-22.875,-22.875
Exhaust,-23.5,-23.5
Paneulogism,-23.25,-23.25
Maoists,-24.25,-24.25
Selfism,-23.5,-23.5
Nonsingularity,-23.625,-23.625
Intime,-23.25,-23.25
Flaneries,-23.0,-23.0
Hexanaphthene,-22.875,-22.875
Palmatipartite,-23.25,-23.25
Mastigia,-23.125,-23.125
Pressdom,-23.75,-23.75
Kuvera,-23.25,-23.25
Teetotalers,-23.5,-23.5
Enunciative,-23.5,-23.5
Mazame,-22.75,-22.75
Jugate,-23.25,-23.25
Barbel,-22.875,-22.875
Penlights,-23.0,-23.0
Gercrow,-23.25,-23.25
Jonahism,-23.5,-23.5
Dessil,-23.125,-23.125
Deformative,-23.375,-23.375
Nugacious,-23.25,-23.25
Kickback,-23.25,-23.25
Baboonroot,-23.625,-23.625
Planeload,-22.75,-22.75
Emulative,-23.25,-23.25
Goutish,-23.125,-23.125
Imperatorial,-23.375,-23.375
Parimutuels,-23.25,-23.25
Chorographer,-23.25,-23.25
Senecios,-23.25,-23.25
Savorier,-23.0,-23.0
Surrein,-23.0,-23.0
Overtrodden,-23.625,-23.625
Fibrinogen,-22.875,-22.875
Allolalia,-23.125,-23.125
Nataloin,-23.5,-23.5
Legend,-23.75,-23.75
Paddler,-23.0,-23.0
Stylohyoid,-22.75,-22.75
Diacatholicon,-22.875,-22.875
Coaguline,-23.0,-23.0
Gramophone,-23.0,-23.0
Mechitzah,-22.875,-22.875
Ergotamine,-23.0,-23.0
Nitrosulphate,-23.0,-23.0
Denaturalise,-23.5,-23.5
Constellate,-23.5,-23.5
Communitywide,-23.0,-23.0
Manumise,-23.25,-23.25
Grotto,-23.25,-23.25
Criticist,-23.5,-23.5
Zealless,-23.25,-23.25
Plbroch,-22.875,-22.875
Nonascetic,-23.375,-23.375
Phociform,-23.5,-23.5
Crural,-23.5,-23.5
Gervas,-23.25,-23.25
Endarteritis,-23.625,-23.625
Venatorial,-23.25,-23.25
Recrucify,-23.875,-23.875
Mobilises,-23.25,-23.25
Parabemata,-23.25,-23.25
Thielaviopsis,-23.0,-23.0
Temporaries,-23.375,-23.375
Droppage,-23.375,-23.375
Polycladine,-23.0,-23.0
Podites,-23.25,-23.25
Basiradial,-23.25,-23.25
Thanatoid,-22.875,-22.875
Tetrapodous,-23.375,-23.375
Locksmiths,-23.375,-23.375
Mitannish,-23.0,-23.0
Stewart,-22.625,-22.625
Isochors,-23.125,-23.125
Wineberries,-23.0,-23.0
Livener,-23.375,-23.375
Couture,-22.875,-22.875
Reinstruct,-23.25,-23.25
Phasor,-23.25,-23.25
Tenaim,-23.0,-23.0
Usurpor,-23.125,-23.125
Dragstaff,-22.75,-22.75
Miliarenses,-22.625,-22.625
Expounder,-23.75,-23.75
Arthropody,-23.125,-23.125
Hakenkreuzler,-23.125,-23.125
Proturan,-23.25,-23.25
Scenter,-23.375,-23.375
Cocoach,-23.125,-23.125
Kriophoros,-22.25,-22.25
Dulciloquent,-23.25,-23.25
Calopogon,-22.25,-22.25
Disposit,-22.875,-22.875
Swathband,-23.375,-23.375
Archiphoneme,-23.25,-23.25
Cleach,-23.0,-23.0
Modulo,-23.0,-23.0
Weeper,-23.0,-23.0
Tacitean,-23.75,-23.75
Gigavolt,-23.125,-23.125
Myriadfold,-22.75,-22.75
Henpen,-23.625,-23.625
Circus,-22.75,-22.75
Gandoura,-23.25,-23.25
Gangsters,-23.625,-23.625
Unserflike,-23.375,-23.375
Outrig,-22.75,-22.75
Darwinize,-23.625,-23.625
Gratifier,-23.125,-23.125
Uliginose,-23.25,-23.25
Wordprocessors,-23.375,-23.375
Linework,-23.875,-23.875
Cunnilinctus,-22.875,-22.875
Climatal,-23.125,-23.125
Mysell,-23.5,-23.5
Unpropice,-23.375,-23.375
Symbolography,-23.25,-23.25
Mycotrophic,-23.125,-23.125
Spinal,-22.75,-22.75
Tetramerism,-23.875,-23.875
Spirochaetales,-22.375,-22.375
Dancalite,-23.0,-23.0
Thioarseniate,-23.125,-23.125
Mowcht,-23.5,-23.5
Calligrapha,-22.875,-22.875
Eremital,-23.125,-23.125
Filterman,-23.25,-23.25
Pataca,-23.25,-23.25
Nonpungent,-23.5,-23.5
Overrode,-23.5,-23.5
Laurionite,-23.0,-23.0
Mezentism,-23.25,-23.25
Pseudonyms,-23.5,-23.5
Microvax,-23.375,-23.375
Pommee,-23.125,-23.125
Epichile,-23.375,-23.375
Scaramouche,-23.25,-23.25
Dunelike,-22.75,-22.75
Militiamen,-23.75,-23.75
Archesporia,-22.875,-22.875
Scissorsbird,-22.75,-22.75
Welter,-23.125,-23.125
Adipescent,-23.25,-23.25
Nucleotidase,-23.0,-23.0
Pasigraphical,-23.375,-23.375
Carancha,-23.625,-23.625
Pedipulator,-23.375,-23.375
Crystallose,-22.875,-22.875
Lehrman,-23.125,-23.125
Catheterise,-23.125,-23.125
Epochal,-23.25,-23.25
Keelages,-23.0,-23.0
Strigiles,-23.0,-23.0
Pauldrons,-22.75,-22.75
Brigandish,-23.0,-23.0
Bowden,-23.0,-23.0
Inflater,-23.5,-23.5
Chough,-22.875,-22.875
Mercuric,-23.25,-23.25
Geosid,-23.25,-23.25
Colpenchyma,-22.875,-22.875
Avitaminoses,-22.75,-22.75
Universalists,-23.5,-23.5
Uralium,-22.875,-22.875
Cosignatory,-23.375,-23.375
Octangular,-23.25,-23.25
Responsibles,-23.5,-23.5
Intermixture,-23.5,-23.5
Marshall,-23.0,-23.0
Myoplasty,-23.375,-23.375
Oxyphenyl,-23.375,-23.375
Frumps,-22.625,-22.625
Hyperkinetic,-22.75,-22.75
Invalidship,-23.25,-23.25
Chavibetol,-23.125,-23.125
Hydrospace,-23.0,-23.0
Scrubwood,-23.125,-23.125
Pelecoid,-22.875,-22.875
Hamulate,-23.125,-23.125
Sesquinonal,-22.875,-22.875
Catacrotism,-23.5,-23.5
Isophotes,-23.0,-23.0
Illinois,-22.625,-22.625
Achillize,-23.375,-23.375
Mazocacothesis,-23.0,-23.0
Transsexualism,-23.625,-23.625
Niblicks,-22.625,-22.625
Waxers,-23.25,-23.25
Wolverines,-22.875,-22.875
Muscadet,-23.375,-23.375
Reshown,-23.5,-23.5
Unmetaphorical,-23.0,-23.0
Dialystelic,-22.625,-22.625
Tumulose,-22.875,-22.875
Dehumidifies,-22.875,-22.875
Exiler,-23.375,-23.375
Crazies,-23.25,-23.25
Parachronism,-23.5,-23.5
Symmedian,-23.375,-23.375
Larrup,-23.125,-23.125
Metabole,-22.875,-22.875
Tallero,-23.25,-23.25
Stenocardia,-22.875,-22.875
Digammic,-23.25,-23.25
Aduncate,-23.5,-23.5
Outpursue,-23.5,-23.5
Bedeguar,-23.125,-23.125
Hemelyttra,-22.875,-22.875
Propithecus,-22.5,-22.5
Unrigorous,-23.5,-23.5
Subapprobative,-23.125,-23.125
Nonobstetrical,-23.25,-23.25
Overbattle,-23.375,-23.375
Yuapin,-23.5,-23.5
Subtrench,-23.25,-23.25
Capricious,-23.25,-23.25
Nitidous,-23.0,-23.0
Outhammer,-22.875,-22.875
Embraciveg,-22.875,-22.875
Groans,-22.5,-22.5
Commentitious,-23.25,-23.25
Emancipator,-23.25,-23.25
Orthodoxy,-23.625,-23.625
Dhurna,-22.875,-22.875
Abnegates,-22.875,-22.875
Altazimuth,-23.5,-23.5
Ripsaws,-22.5,-22.5
Lymnaean,-22.75,-22.75
Lophophoral,-23.125,-23.125
Ventoy,-22.875,-22.875
Ganglionless,-23.0,-23.0
Pipiest,-23.0,-23.0
Virtuoso,-23.5,-23.5
Hyperplastic,-23.25,-23.25
Subqueues,-23.375,-23.375
Ascensionist,-23.25,-23.25
Titanisms,-23.5,-23.5
Neogenesis,-23.375,-23.375
Tetartocone,-22.875,-22.875
Hyperobtrusive,-23.25,-23.25
Unmonopolize,-23.75,-23.75
Daguilla,-22.75,-22.75
Blatancy,-23.5,-23.5
Saccomyian,-22.875,-22.875
Lovelihead,-23.125,-23.125
Teachership,-23.75,-23.75
Conquians,-23.125,-23.125
Slodder,-23.5,-23.5
Refilters,-23.375,-23.375
Marshalate,-23.625,-23.625
Lymnaeid,-22.5,-22.5
Hemanalysis,-23.625,-23.625
Nonindustrious,-23.125,-23.125
Maximum,-23.375,-23.375
Bemadams,-22.875,-22.875
Canadol,-22.625,-22.625
Remittal,-23.375,-23.375
Semifistular,-23.25,-23.25
Prophetism,-23.75,-23.75
Antitypy,-23.375,-23.375
Waitresses,-23.25,-23.25
Releasability,-23.5,-23.5
Limburger,-23.125,-23.125
Rachipagus,-22.75,-22.75
Refulgency,-23.125,-23.125
Serialists,-23.5,-23.5
Batlike,-23.375,-23.375
Kilnstick,-23.125,-23.125
Leporide,-23.25,-23.25
Troutlike,-22.75,-22.75
Wricht,-22.875,-22.875
Foreallege,-23.5,-23.5
Polygraphs,-23.25,-23.25
Noontime,-23.25,-23.25
Outsaid,-22.875,-22.875
Debunks,-22.875,-22.875
Lemnad,-23.0,-23.0
Gutturotetany,-23.0,-23.0
Umpqua,-22.25,-22.25
Outwastes,-23.0,-23.0
Disseason,-23.25,-23.25
Prepigmental,-22.75,-22.75
Pendative,-23.125,-23.125
