entity,raw_l2,pc1_score,residual_l2,residual_z
Vestries,253.29967,6.9225073,264.52148,7.363337
Apparentements,251.97313,-3.3765,253.42499,6.946247
Encapsulate,229.95729,-1.7227799,240.48044,6.459693
Gorgio,250.80621,-24.622639,237.57747,6.3505774
Nepouite,239.77336,-10.194004,233.48146,6.1966186
Remeet,231.22849,-10.1613865,230.95392,6.101614
Monopodes,228.94673,16.763096,229.18639,6.0351768
Hersall,222.0566,-0.5384682,228.45554,6.007706
Leoncito,228.70923,-18.458828,217.43896,5.59362
Invernesses,224.58496,-7.221043,215.95445,5.537821
Glossiphonia,223.20561,-6.9300346,215.4611,5.519277
Saccharuria,221.63936,-2.1670365,214.6273,5.4879365
Phlebostrepsis,203.2994,22.719566,209.54413,5.2968726
Ultralenient,206.96617,-8.310537,201.86465,5.0082197
Cainite,201.19028,14.708901,201.28758,4.986529
Subdichotomies,192.24475,-1.8081048,199.24857,4.9098873
Disamis,207.27083,-14.574869,196.55098,4.8084917
Manubaliste,199.2459,1.8889077,194.76382,4.741317
Skokiaan,188.98631,7.8437805,189.82556,4.5556993
Haveage,186.28464,-5.8146324,188.15376,4.492861
Thermopleion,194.80704,-6.252129,186.11867,4.4163666
Hamulous,189.01048,-11.246588,184.40584,4.3519855
Sortilegi,182.29494,17.609325,182.97975,4.2983823
Sempiternize,185.23055,15.055186,182.19556,4.268906
Aguglia,191.06607,-15.399954,181.94788,4.2595963
Opacate,187.90009,0.2937647,181.09494,4.2275367
Devitrify,185.28574,10.4361925,179.91338,4.1831245
Retromingent,180.54005,-6.7491817,177.20732,4.081411
Retrude,181.74028,2.5180395,174.90623,3.9949183
Guayroto,179.17583,-17.410192,174.29616,3.971987
Kalamian,185.08237,-15.608305,174.14154,3.9661756
Wagnerist,172.403,0.12075186,173.17249,3.929751
Angiosymphysis,180.17505,-5.0113025,171.59372,3.870409
Deguelin,180.64478,-8.629107,171.07271,3.8508255
Verminous,176.75853,-9.284516,169.15443,3.7787223
Pearmain,176.48134,-6.4296656,168.3867,3.749865
Redintegrator,170.45325,2.007895,166.82002,3.6909773
Reexecute,160.56503,-15.922949,165.36595,3.6363225
Warmmess,163.31529,5.4029827,161.82065,3.5030632
Diatesseron,166.60582,-5.6161947,161.75056,3.500429
Intensify,158.48793,-17.766298,159.83186,3.4283097
Underfelt,161.56854,6.599316,159.4216,3.4128888
Disseizor,169.28827,5.061233,159.31937,3.4090462
Ethmolachrymal,161.24677,-3.0900931,156.37875,3.2985156
Liquidogenic,157.76392,-7.506845,154.62996,3.2327826
Slimnesses,156.23553,-5.9624505,153.23524,3.1803586
Degreewise,154.39938,0.40528792,152.58339,3.155857
Youdendrift,153.15045,-3.0938532,152.33313,3.1464505
Squacco,163.82161,-7.267178,150.9844,3.095755
Predentata,156.4316,-5.2806077,150.60036,3.0813198
Pratiloma,154.69168,-10.030902,147.8168,2.9766927
Gaffsail,147.12909,1.9013393,147.17427,2.9525416
Mothless,159.56696,-7.767242,146.2591,2.9181423
Eclaircise,152.08182,11.723146,145.49532,2.8894336
Jarsful,143.8609,8.428253,145.25853,2.8805335
Recodifies,153.41112,1.820236,145.18434,2.877745
Psammitic,147.39001,0.4034768,144.56908,2.8546185
Protaxial,146.58357,-3.356685,144.05272,2.83521
Unhabituate,156.18921,-7.216842,144.00934,2.8335795
Plagianthus,156.10582,-21.353985,142.77751,2.7872782
Numnah,147.45042,4.152485,142.75818,2.7865515
Barrenest,146.71619,5.5042944,141.94315,2.7559164
Siluroidei,145.8442,-7.1926355,141.69466,2.746576
Prorectorate,145.8153,-4.417797,141.30234,2.73183
Bartramian,145.16003,-5.339129,140.89961,2.7166924
Crampoons,133.74127,6.5148644,140.08043,2.6859014
Prosuffrage,141.45549,1.9701765,139.30388,2.6567128
Bimensal,142.48128,-16.109173,138.37764,2.6218977
Cnidophobia,134.862,1.3355244,138.37527,2.6218088
Gombroons,147.05998,-10.565369,138.31786,2.6196504
Rheumatismal,148.18591,-9.68873,137.15363,2.5758898
Semiorbiculate,145.77425,-11.0434475,136.52597,2.5522978
Phlebalgia,137.72084,5.5472603,136.49808,2.5512495
Amebae,139.69194,-4.326998,136.39037,2.547201
Notanduda,138.6446,-4.274523,136.321,2.5445936
Caickle,136.22325,-2.6265342,135.92601,2.5297468
Ambisinister,137.8969,-2.142355,135.87355,2.527775
Topman,142.49211,-13.903259,135.7678,2.5238004
Proctorize,138.80498,-4.939052,135.6295,2.518602
Boondocker,140.35934,-6.9175444,135.5449,2.515422
Extenuative,139.72269,6.4100347,135.46397,2.5123801
Signlike,133.02681,10.873071,135.25491,2.5045218
Retrample,134.16039,-2.5118206,135.04022,2.4964523
Raunge,137.811,0.94146615,134.12141,2.4619164
Fretsaws,145.8551,-1.5629122,134.05359,2.459367
Kalsomine,143.9039,-7.945133,133.66826,2.4448833
Subsimian,136.53795,-5.984817,133.04193,2.4213414
Greengill,140.89366,-3.2778788,132.87437,2.4150434
Hydrophyton,130.26492,17.179518,132.8064,2.4124882
Semiterete,139.84088,-5.508845,132.76613,2.4109745
Giantish,141.39354,-0.4161436,132.44623,2.3989503
Nonecliptic,135.03375,0.29770255,132.38591,2.3966832
Daughtership,132.95692,5.117247,132.34552,2.395165
Petrotympanic,139.75836,-10.830033,132.2065,2.3899393
Missionaryship,139.44485,0.6704024,132.15053,2.3878357
Excogitates,139.00087,2.793147,131.33534,2.357195
Scorpios,141.44183,-6.6744695,130.6095,2.3299122
Pelargi,138.26665,-12.487529,130.60919,2.3299005
Shuvra,144.80171,-11.212241,130.60483,2.3297365
Alliterates,138.36382,-6.8992624,130.34846,2.3201005
Pelure,134.57782,-1.8636118,129.6919,2.2954216
Lactigenous,134.16489,-2.5102825,129.12761,2.2742114
Myophysical,126.83302,5.906619,128.8424,2.2634914
Isotach,132.87158,-2.4994106,128.76132,2.2604437
Subvicarship,134.6379,-8.903635,128.37216,2.245816
Canister,341.57693,-316.24255,128.20761,2.239631
Prepositorial,132.16602,3.895562,127.61122,2.217214
Intercivic,127.85646,0.030181885,127.54982,2.2149062
Bullyrags,136.74733,-4.6381974,127.14224,2.1995864
Cloudage,136.95222,0.8778299,127.02276,2.1950953
Lavinia,131.07121,8.8673315,127.01903,2.194955
Morencite,127.61893,7.327787,126.83001,2.1878502
Homatomic,130.18932,-4.3311768,126.354515,2.1699777
Savagest,134.62318,-3.5675817,126.296265,2.1677883
Tegular,127.06799,-3.1122084,126.28727,2.1674502
Muzhik,133.00117,-11.914228,125.4897,2.1374714
Decastich,128.84764,0.12505439,125.42568,2.135065
Limnoria,138.85428,-7.7117424,124.712425,2.1082556
Hadjees,133.13327,-8.565454,124.46761,2.0990536
Cuinage,134.6795,-1.1966615,124.30474,2.0929317
Enstate,134.59613,2.406562,124.17276,2.0879707
Deiphobus,121.93825,4.9533887,124.07227,2.0841937
Preformulate,127.25905,-13.178579,123.42121,2.059722
Largos,126.19313,-9.599788,123.30577,2.0553827
Slavicist,122.93394,5.743819,123.0404,2.045408
Wheretill,124.50007,3.4176178,123.001884,2.0439606
Systemizer,127.5038,-6.406375,122.40887,2.0216703
Heiressdom,126.51515,10.214118,121.89759,2.0024529
Reshower,121.268776,-0.9812707,121.715,1.9955895
Instantiate,404.39417,-383.81818,121.66649,1.9937662
Influenzic,124.95359,-7.4163995,121.52558,1.9884698
Pluriparity,127.85707,1.045089,121.46523,1.9862015
Anomurous,127.44059,-5.9313736,120.9948,1.968519
Bandurria,127.53682,-8.183691,120.96752,1.9674938
Auriphrygia,128.88626,-8.464724,120.887764,1.9644958
Brontolith,128.79875,-14.585547,120.49634,1.9497831
Tinpot,116.12329,11.233472,120.12119,1.9356823
Galopade,126.984634,-2.5157738,119.98283,1.9304814
Semiditone,124.197014,-0.70545036,119.900444,1.9273849
Proseman,118.38841,10.955865,119.88293,1.9267265
Jigaboos,120.32518,-4.642353,119.32776,1.905859
Thallodal,123.75465,-1.7272778,118.51307,1.8752369
Outdoor,421.93124,408.89532,117.69193,1.8443723
Campanist,119.67936,12.415478,117.52362,1.8380458
Layout,200.7946,171.18533,117.01517,1.8189343
Allosyndetic,118.46011,4.5865273,116.95018,1.8164916
Aporrhoea,125.45859,-11.979394,116.871994,1.8135529
Frankfold,112.79468,2.236652,116.551155,1.8014933
Craisey,126.282845,-2.635428,116.16775,1.787082
Melospiza,126.10518,-2.9203262,115.90604,1.7772448
Dacoitage,123.75494,3.3796856,115.83959,1.7747474
Excerptive,118.97645,0.22585978,115.685905,1.7689706
Dualin,120.5956,6.2991505,115.62751,1.7667757
Dialog,220.9476,193.09795,115.62365,1.7666306
Popode,119.97174,4.1037683,115.620705,1.7665199
Stravage,124.41823,-1.1575552,115.44528,1.7599262
Cinclus,121.898506,-7.1218586,115.366394,1.756961
Myonema,122.99412,-2.4584002,114.98036,1.742451
Harbingership,116.44622,8.105895,114.97805,1.742364
Aquinist,113.962204,2.3041072,114.82736,1.7367
Taeniacide,125.19543,-9.9017935,114.767006,1.7344315
Goatees,109.823204,4.429793,114.20396,1.7132678
Lemovices,119.82444,-3.963073,114.10975,1.7097268
Wizard,934.14404,-924.96173,114.07004,1.7082341
Agastric,121.85509,-5.9856677,113.89439,1.7016318
Eclipsareon,114.43529,2.856616,113.8619,1.7004107
Kiteflier,116.67906,0.9899975,113.84139,1.6996399
Counter,525.2115,517.3873,113.79578,1.6979253
Betaken,121.94527,5.616294,113.78108,1.697373
Oosporange,118.76886,2.0317569,113.77522,1.6971527
Isotrimorphous,119.07287,-7.2318077,113.641396,1.6921225
Postcavae,121.21369,-13.596733,113.280495,1.6785572
Eupnoea,125.00034,2.0822618,113.2506,1.6774336
Paragraphs,101.86229,6.7325096,113.16998,1.6744033
Moldwarp,119.58183,-5.7100935,113.16315,1.6741463
Petasuses,111.49148,-2.3929992,113.02321,1.6688864
Worriecow,116.25267,2.6304965,112.91198,1.6647055
Intertown,113.119286,0.34883082,112.88564,1.6637156
Stepony,116.921936,10.108862,112.839455,1.6619796
Calotypist,119.9742,1.6156353,112.821884,1.661319
Aftermost,111.402916,1.0672063,112.67385,1.6557548
Saturnine,119.41463,1.8874199,112.57867,1.6521771
Slojds,110.36463,2.8699613,112.4948,1.6490246
Hostlership,120.02001,-0.98073673,112.43051,1.6466084
Chloanthite,115.25642,0.9291252,112.385796,1.6449276
Noneradicative,118.99136,-9.638234,111.82345,1.6237903
Australian,200.92465,-166.23784,111.76665,1.6216553
Pyromucyl,124.98523,-16.186794,111.27724,1.6032596
Tholus,113.980545,6.045395,111.21974,1.6010984
Acalycine,117.13483,-5.2425237,111.13343,1.5978543
Jabules,110.35489,9.630481,110.84909,1.5871665
Clonicotonic,117.256775,-4.102897,110.831726,1.5865139
Arugolas,116.133,3.7899415,110.570724,1.5767034
Parosmic,116.092094,-4.5886793,110.560524,1.57632
Kulmet,119.96114,-12.9746275,110.53166,1.5752352
Weissnichtwo,113.91696,-4.190625,110.14105,1.5605532
Underpetticoat,121.2834,-4.6019306,110.001526,1.5553087
Colorifics,118.69912,-8.567505,109.961975,1.553822
Subsensuous,110.750885,5.13949,109.9555,1.5535786
Gingals,116.889725,-5.89853,109.848366,1.5495517
Dictatress,112.31003,-3.562865,109.670105,1.5428513
Noncomplicity,112.1933,6.3563194,109.66926,1.5428195
Quadrennia,116.58501,6.8493123,109.57342,1.5392171
Canalize,121.81425,-3.8845034,109.566864,1.5389708
Sympetalous,121.2345,-5.2301064,109.51746,1.5371139
Flypasts,119.61557,-3.3832836,109.51346,1.5369635
Sublacustrine,113.57914,-3.8842742,109.48908,1.5360472
Noncognate,115.33327,-11.856641,109.47349,1.5354611
Soberest,119.313095,-0.8760741,109.37517,1.5317655
Umbellales,106.72387,6.3379664,109.35377,1.530961
Scholiums,118.80179,1.2430117,109.01281,1.5181452
Iridodialysis,118.609245,-9.9759655,108.951195,1.5158293
Adenitis,116.715225,4.779954,108.90619,1.5141376
Iulidan,107.404884,7.9114323,108.86256,1.5124975
Splashboard,115.31176,7.655797,108.58539,1.5020795
Crucibulum,121.2847,-5.368787,108.54144,1.5004277
Homilete,116.621826,-0.62878686,108.39851,1.4950553
Victimizer,109.66041,6.001108,108.39615,1.4949665
Cacajao,119.45709,-4.3427863,108.194176,1.4873748
Submediocre,110.40338,5.3994074,108.18754,1.4871253
Chlorococcus,114.46145,5.9046264,108.13007,1.4849653
Chalazogamy,115.173676,-6.1641254,108.05243,1.4820468
Antipendium,114.96992,0.08646168,107.86496,1.4750004
Plumelets,118.38819,6.302485,107.55112,1.4632038
Tanniferous,117.84675,-8.296906,107.5265,1.4622784
Tyroglyphid,115.48148,-2.1703494,107.23246,1.4512262
Timerity,106.79633,-2.4033895,107.19647,1.4498736
Derere,111.72825,2.1511722,107.17952,1.4492364
Ownership,486.3987,478.40427,106.90794,1.4390285
Ultrasimian,108.9612,-7.3064303,106.806145,1.4352021
Nonclimactical,111.72219,2.2841709,106.73031,1.4323516
Tidesman,119.297485,-4.168787,106.71377,1.4317299
Gombay,116.985504,-0.09946805,106.30446,1.4163449
Insteam,114.37008,1.9457263,105.89388,1.4009124
Bedrivel,109.45575,-4.767029,105.84153,1.3989446
Capitasti,111.72614,-8.378258,105.80918,1.3977287
Duplicate,351.61627,-334.41788,105.677185,1.3927673
Micrandrous,107.65134,-1.6872077,105.476166,1.3852115
Coarctate,109.42239,-0.37281534,105.40196,1.3824223
Transfer,98.919655,20.00113,105.38029,1.3816075
Metropolitical,114.02172,6.812249,105.33479,1.3798976
Byreman,110.01163,2.2527156,105.20277,1.374935
Veinwork,100.853355,7.197928,104.619736,1.3530203
Skeeters,109.24512,3.8809845,104.17912,1.3364588
Indicatoridae,112.51472,-0.20657909,104.0862,1.3329659
Piddock,111.777885,-2.193607,104.05766,1.3318933
Spadones,109.61481,1.3219513,103.99359,1.329485
Phyllostomous,110.75473,9.620784,103.93331,1.3272192
Struthioid,107.61941,-1.6420884,103.69384,1.3182181
Partiary,104.00402,6.110325,103.52476,1.3118627
Executorship,104.99923,3.0377414,103.47169,1.309868
Zorotypus,105.377144,-5.6796393,103.46554,1.3096368
Onionlike,106.71048,-5.2661138,103.42789,1.3082216
Sciolists,107.14505,5.81003,103.20446,1.2998235
Mitrate,107.97753,2.2273836,103.077896,1.2950664
Aconuresis,108.74588,-2.459093,103.05819,1.2943256
Indicavit,108.167755,1.6617522,103.046616,1.2938906
Pssimistical,110.91614,-8.396673,103.01982,1.2928834
Carcinophagous,111.28167,-8.272801,102.932014,1.289583
Sphyrapicus,104.54674,2.2173557,102.91886,1.2890886
Peltae,112.44588,-1.2473484,102.897095,1.2882705
Prizefighters,110.764404,8.267379,102.87871,1.2875793
Overallegorize,110.3089,-15.823028,102.86947,1.287232
Blatterer,113.930336,2.1337976,102.64694,1.2788678
Ubiquitary,108.38455,7.2999315,102.4349,1.2708976
Prefurlough,112.28211,3.1134496,102.262314,1.2644106
Boolean,151.6993,-114.95054,102.2111,1.2624855
Guillotinist,101.80129,-5.563117,102.17764,1.261228
Ceramidium,103.35644,-2.3573735,102.02017,1.2553091
Louses,112.57664,-1.7698522,101.958984,1.2530092
Uncage,107.53073,5.1972814,101.79906,1.2469978
Frippery,108.67203,-0.08096015,101.57184,1.2384573
Palpulus,104.78805,-4.767877,101.441,1.2335395
Ingrate,108.6388,-7.334439,101.41946,1.2327297
Semisixth,100.44048,4.7478538,101.392685,1.2317233
Piquiere,107.42332,-5.150632,101.35293,1.230229
Periwinkler,108.91623,3.6988337,101.32856,1.229313
Blesmol,107.44573,-0.86569464,101.27046,1.2271292
Dietzeite,108.57178,-17.805773,101.20893,1.2248164
Parabotulism,105.10147,-0.19956374,101.16304,1.2230916
Polygamian,101.32699,9.032051,100.98069,1.2162374
Chervils,113.61722,-0.9252746,100.97548,1.2160416
Spiritrompe,103.818085,9.24562,100.73019,1.2068217
Organotropic,101.46782,2.3670495,100.72904,1.2067786
Fossicker,107.91414,5.9033666,100.64294,1.2035421
Hemistich,103.35736,7.973705,100.6094,1.2022815
Untaste,112.28592,-3.5060618,100.5644,1.2005901
Wafters,111.72297,-1.4587299,100.48312,1.1975352
Misadventurous,93.35647,16.301826,100.394226,1.1941937
Chromomere,110.45041,-0.89556986,100.34042,1.1921715
Whissle,108.4455,-3.1318727,100.13328,1.1843853
Splenoma,107.466484,-3.1550715,100.095,1.1829466
Microsporon,97.41356,10.928666,100.02055,1.1801482
Arythmias,109.213234,4.1784935,99.998474,1.1793183
Millpost,105.71167,-6.7352824,99.989494,1.1789808
Pyrrhuloxia,108.06606,-3.1745713,99.95976,1.1778632
Spongeless,107.777756,-7.0834584,99.8757,1.1747036
Episplenitis,102.04738,-0.9237751,99.7419,1.1696743
Jimbang,104.31129,-2.43082,99.72383,1.1689951
Ponderate,102.5341,8.890632,99.70993,1.1684726
Anoterite,104.05048,-3.5648227,99.649025,1.1661834
Fabricate,99.949295,-3.0778408,99.45666,1.1589528
Encheer,102.734314,3.7546759,99.317314,1.1537153
Angiasthenia,106.64798,-6.558892,99.30842,1.1533809
Pregenital,101.25614,5.5517015,99.25721,1.151456
Overcommit,102.689,0.4401591,99.20442,1.1494719
Assurgency,102.69456,0.51017743,99.06784,1.1443381
Malverse,97.6856,-1.5505067,98.996475,1.1416557
Sanhedrim,108.67939,3.2723656,98.98268,1.1411371
Autochthonal,106.14095,-1.6819459,98.94115,1.139576
Hariolize,98.20661,-1.0284402,98.93283,1.1392634
Clerids,101.79459,-2.6609325,98.8701,1.1369056
Philotherian,108.94007,-4.7076483,98.819954,1.1350206
Interjaculate,107.22325,-2.3348658,98.75989,1.1327629
Schizocarpic,107.933846,-2.1519895,98.73687,1.1318977
Segmentary,101.54691,5.467569,98.567795,1.1255426
Gemuetlich,110.483734,-5.519826,98.54326,1.1246203
Trasteverine,110.33414,-9.037785,98.476395,1.1221071
Because,451.6282,444.1191,98.441315,1.1207886
Tetraspermal,109.14956,-2.42449,98.42965,1.12035
Overpost,102.30327,5.3334036,98.40747,1.1195164
Jobarbe,103.424225,-1.5694011,98.35061,1.1173791
Imitate,105.26861,7.5756416,98.28287,1.1148329
Zemindars,102.57198,5.964908,98.204025,1.1118695
Sylvate,106.46493,-4.927484,98.172005,1.1106658
Alodium,94.11439,4.8479614,98.03613,1.1055588
Ballutes,102.752304,2.8953297,97.855545,1.0987709
Alphonsin,103.02368,-1.0038308,97.81333,1.0971842
Polysiphonous,101.24939,6.8012257,97.679054,1.092137
Nihilobstat,101.81318,-5.0231667,97.661766,1.0914872
Siccative,101.06592,7.384631,97.444984,1.0833389
Protonymph,104.4027,-6.442915,97.32643,1.0788828
Electrotypy,107.1416,-1.721865,97.30678,1.0781441
Propanes,100.55086,-2.7920077,97.05732,1.0687675
Sometime,85.664375,3.067378,97.02424,1.0675241
Barbarizes,95.582214,-2.0388014,97.016106,1.0672184
Nivernaise,96.46837,-1.9470277,97.01053,1.0670087
Ototoi,104.0705,-8.367737,96.91314,1.0633482
Protogine,101.94057,4.0279794,96.87612,1.0619568
Becalms,100.83972,4.15029,96.855896,1.0611964
Exactest,100.60594,3.8108344,96.806984,1.059358
Anticonductor,99.73262,-1.8754714,96.69668,1.0552119
Goniotropous,108.303665,-5.4907274,96.66858,1.0541557
Hacendado,103.270424,-3.6448262,96.64393,1.0532292
Emmetropism,94.70171,0.64629716,96.56335,1.0502003
Virile,99.53946,1.1756399,96.19952,1.0365248
Sortita,96.00303,-5.8324313,96.097046,1.0326731
Renerve,99.186646,-0.63811547,96.084335,1.0321954
Biasses,96.77991,8.585,96.067345,1.0315567
American,466.3582,460.19122,95.9937,1.0287886
Prehesitate,98.80761,0.28835553,95.99273,1.0287522
Underfall,96.74834,-4.073544,95.93435,1.0265578
Dedicational,99.03661,7.5347958,95.922356,1.026107
Eludible,106.01958,0.8117216,95.907684,1.0255555
Hereditist,101.56161,0.3249427,95.8892,1.0248607
Wanwit,94.99299,7.130435,95.7722,1.0204631
Soddite,98.425896,-0.5705041,95.69194,1.0174463
Blenniid,99.167496,-0.67652017,95.59056,1.0136356
Antidotism,96.72304,0.8296084,95.56677,1.0127414
Biogeographers,104.846985,7.3577943,95.55875,1.0124398
Angliae,106.217545,-12.051255,95.50753,1.0105147
Kalathoi,101.86365,-9.981866,95.50207,1.0103093
Strongylon,107.44483,-5.9541354,95.50192,1.010304
Hydatomorphic,101.97891,2.3249016,95.49187,1.009926
Brachyaxis,94.50012,0.27389374,95.42042,1.0072404
Protovestiary,101.73746,-6.0086465,95.41536,1.0070503
Hasteners,94.77176,4.375871,95.39621,1.0063305
Spathous,95.89787,11.132245,95.37434,1.0055083
Monothalamic,104.296906,-3.157128,95.333,1.0039545
Planariform,93.342445,1.685055,95.21156,0.99939007
Assentient,98.776344,1.8411984,95.148735,0.99702847
Ptenoglossate,100.907295,-11.5800905,95.12462,0.996122
Revigour,103.38071,2.6936564,95.08424,0.9946044
Pariglin,100.729195,2.9264436,95.02637,0.99242896
Depertible,98.379875,4.7807584,94.99517,0.99125636
Expellee,100.607124,6.2014728,94.9447,0.9893594
Archetto,97.1492,4.30051,94.882065,0.987005
Gunarchy,100.87524,2.1322901,94.858,0.98610055
Manufact,237.3637,-217.92471,94.85105,0.9858393
Vintage,140.635,-106.95025,94.84835,0.98573774
Brelan,97.743454,-5.3193603,94.75704,0.9823057
Endoglobular,98.92697,-1.481175,94.75584,0.9822604
Trinil,99.73554,-1.3940393,94.74925,0.9820129
Psychotheist,94.953,1.9334593,94.68098,0.9794466
Subahdary,100.29868,4.862114,94.6476,0.978192
Nasalizes,99.44504,6.7827187,94.63138,0.9775823
Apandry,99.59123,-2.218593,94.63093,0.9775654
Wallful,94.96576,7.6601787,94.530624,0.97379524
Orangeat,97.230736,-6.166367,94.33038,0.96626866
Hydrorhizal,96.61385,0.6525673,94.32088,0.9659113
Postconnubial,98.41302,7.3385153,94.28366,0.96451247
Ferrometer,101.54516,-7.236877,94.253204,0.96336764
Polyonomy,101.78772,4.148643,93.980194,0.95310587
Cribose,99.629814,-5.366351,93.894196,0.9498734
Ministrate,89.86257,2.6476521,93.876724,0.9492167
Jansenize,101.978966,5.1922407,93.851395,0.9482646
Unfoxy,95.08581,-3.1175573,93.604294,0.9389767
Coderives,94.1811,-1.6217694,93.55494,0.93712157
Dipteros,100.037346,-6.3375874,93.52512,0.9360009
Czarism,96.47567,-2.5802886,93.49707,0.9349464
Nounless,96.775085,5.789913,93.43923,0.93277246
Outbalances,96.888916,-0.6081191,93.37806,0.9304731
Preacherize,101.46753,3.2558405,93.36087,0.92982703
Textures,369.96118,-356.533,93.31305,0.92802954
Boselaphus,96.61908,-4.3882184,93.23308,0.9250236
Serial,469.57333,464.4422,93.09525,0.9198431
Iberite,101.95099,-4.5619926,93.02572,0.9172295
Lewanna,104.55516,-7.2682166,92.92867,0.9135817
Hijacks,100.0374,3.0705035,92.92456,0.9134272
Tagsore,90.659195,-1.1544274,92.87789,0.911673
Poales,103.55635,2.5716856,92.87073,0.9114037
Technology,167.74753,147.35724,92.86608,0.9112291
Quadrifilar,102.22126,1.1893197,92.718704,0.90568954
Mannites,92.044716,-0.31861222,92.696396,0.904851
Musculodermic,99.26248,-6.152107,92.602,0.9013028
Invectives,89.95272,1.0291927,92.4261,0.89469135
Industry,89.55742,32.17068,92.3861,0.8931878
Enmeshments,94.89,4.7330956,92.38056,0.8929796
Tungstosilicic,104.34568,-9.00477,92.33411,0.89123344
Conspissate,100.30402,-2.8256593,92.31784,0.8906221
Imbiber,100.14093,1.3433561,92.213234,0.88669014
Commensurate,94.78223,-0.18263435,92.1743,0.8852268
Alternity,93.007355,-0.08088796,92.17063,0.88508886
Judger,98.524635,-6.1303635,92.16468,0.88486516
Monogamies,97.60942,-2.2475646,92.10662,0.8826828
Preterritorial,97.37979,2.4295769,92.03753,0.8800858
Prehistorics,97.59586,-5.6544714,91.92146,0.8757232
Slummage,101.22223,-1.4783947,91.870926,0.87382364
Metamerous,96.30605,-1.9812496,91.84618,0.87289363
Preposterous,95.0356,12.7996235,91.83732,0.8725604
Apospory,92.31567,-3.22586,91.836494,0.87252945
Chartophylax,103.390915,-13.699154,91.77282,0.8701361
Iwound,93.62158,-1.2707126,91.72761,0.86843663
Constances,98.28425,1.6958454,91.71053,0.8677949
Repulseproof,94.28256,4.859487,91.688614,0.86697096
Karpas,100.011505,-1.8683037,91.68382,0.8667909
Glossatorial,93.898636,4.1971526,91.653824,0.8656633
Contorsive,92.947464,-0.19496816,91.643524,0.86527616
Itonidid,95.26932,2.4757366,91.64188,0.8652142
Sawsharper,94.9979,-5.6937633,91.630844,0.86479956
Homuncule,95.77268,-2.5095153,91.59059,0.86328655
Pericarpic,97.74102,4.5938616,91.57965,0.86287534
Metapodiale,99.06945,-4.668287,91.55962,0.86212254
Procotton,105.38993,-1.6839069,91.51365,0.8603945
Assistances,99.497406,0.2767914,91.41836,0.8568127
Hartake,92.672966,5.2949653,91.332115,0.85357106
Encephalosis,98.66483,-3.0731153,91.229034,0.8496965
Atlantides,105.09915,-1.9915451,91.17211,0.8475569
Current,154.52911,-125.60154,91.130104,0.84597796
Panegyricon,90.40032,-0.7598883,91.081505,0.8441512
Occlusor,95.90819,-5.434991,91.01627,0.84169936
Powldoody,102.21506,-2.7658095,90.95925,0.83955604
Reinduce,93.68264,-2.2317157,90.95188,0.839279
Agamist,85.70458,5.1863084,90.88996,0.83695155
Servet,88.96725,-1.141636,90.842575,0.83517045
Brevirostrate,93.00102,2.3747253,90.83616,0.8349293
Fireclay,99.816345,-0.7947896,90.81533,0.8341464
Reappraise,100.237816,4.489953,90.76961,0.83242774
Umbilroot,97.381134,-1.6601351,90.699104,0.8297777
Unremorseful,90.06142,-0.97308534,90.65207,0.8280098
Chloridize,98.52399,-0.24472821,90.62133,0.8268544
Persecutional,95.20268,1.7560447,90.46528,0.8209888
Innative,97.842606,-2.79181,90.4304,0.81967765
Gamier,91.200455,-0.6479188,90.411064,0.818951
Shysters,91.25327,10.098453,90.32299,0.8156405
Masora,99.88633,-6.0905967,90.259,0.81323534
Pansophist,100.849846,-5.8362927,90.11163,0.8076961
Curvital,97.6697,0.22326398,89.98753,0.8030315
Dandriff,103.35073,-7.6526012,89.93772,0.8011592
Quaggiest,90.05749,-0.6562748,89.924706,0.80066997
Semicitizen,91.33311,7.6963224,89.88382,0.7991331
Tautegory,93.28663,-7.7081165,89.671646,0.7911581
Keelfat,94.38448,-1.7609015,89.6716,0.79115635
Workfile,91.006966,8.866826,89.63558,0.7898025
Warrty,99.599365,-3.2817981,89.607086,0.7887314
Grewsomest,92.97164,-5.348654,89.58521,0.78790927
Sacramentalis,94.857605,-4.347737,89.464264,0.7833631
Diapasm,91.60932,-2.286878,89.39434,0.78073484
Polyphote,92.36538,-2.8228862,89.270355,0.7760745
Clinoprism,92.520386,0.3904523,89.028625,0.7669885
Rhynchonelloid,95.215195,-3.6738923,88.942894,0.76376605
Patients,225.15318,-206.88301,88.81243,0.75886226
Nonabrasive,86.51795,4.4275303,88.70789,0.75493294
Supercolumnar,99.22925,-8.313728,88.595894,0.7507232
Disunite,95.75891,3.4468708,88.594635,0.75067586
Millimicron,98.2269,-2.9405465,88.53675,0.7485001
Imperialize,91.3847,-2.6286013,88.53506,0.74843645
Candlers,93.53579,5.8308954,88.53315,0.74836475
Dimensive,96.48011,0.05559133,88.527885,0.7481669
Blesboks,99.54248,-5.559315,88.4108,0.74376583
Cuarteron,89.054665,1.2199715,88.36989,0.74222815
Semiliberal,98.987625,-3.6837566,88.23516,0.7371641
Hucklebone,95.01103,-4.783005,88.093346,0.7318336
Fimetic,90.383095,3.1179888,88.051704,0.7302684
Trisensory,95.54685,-0.27035728,88.02233,0.72916436
Espanol,96.0012,-8.493859,87.97687,0.7274555
Goalee,92.05287,-10.718142,87.940895,0.72610337
Queenlike,93.18133,0.943468,87.92496,0.7255043
Contemplatist,93.423645,1.8316247,87.67474,0.7160994
Decarchy,96.2539,0.52409446,87.66133,0.71559525
Pinwale,90.712814,-2.9461,87.6453,0.7149927
Bicaudate,96.87875,-0.67178774,87.64427,0.714954
Sinanthropus,99.10295,-5.91806,87.63583,0.71463686
Anagrammatic,96.68768,-1.5346482,87.6025,0.713384
Lactesce,92.99574,2.7922077,87.55334,0.711536
Enervates,101.68596,3.064725,87.51853,0.7102277
Disdiazo,91.15471,-1.8795192,87.47553,0.7086115
Serbonian,92.81493,1.8745095,87.356346,0.7041316
Toastee,91.27641,3.515232,87.16145,0.696806
Antiricin,93.242096,-1.6148235,87.12557,0.69545734
Siwens,86.15208,0.28509465,87.05775,0.692908
Timerau,90.01284,2.9114752,87.05652,0.6928618
Marita,94.68817,4.5682216,87.00822,0.69104624
Nonemulative,93.20037,1.0989923,86.99113,0.6904039
Liveyer,92.127075,1.6361533,86.95451,0.68902767
Lengthsman,92.387825,-0.36727613,86.85548,0.6853051
Metaphrast,91.84058,-6.2663126,86.794266,0.6830044
Planful,91.73264,-0.4111022,86.780556,0.68248904
Guillemet,91.18821,-0.53157073,86.73438,0.68075347
Barret,96.769165,0.17038435,86.6895,0.6790664
Procellariine,96.014435,-0.3094105,86.66858,0.6782801
Extreat,93.05052,-3.4070013,86.66275,0.678061
Boothes,96.86772,1.1443362,86.64792,0.6775035
Neurones,95.96794,-3.0661705,86.59474,0.67550474
Huiscoyol,96.33841,-10.284858,86.53833,0.67338437
Shearsman,88.5085,-0.91817194,86.488716,0.6715195
Sandkey,90.379585,2.8936899,86.4442,0.6698462
Thionate,94.29306,-3.5236075,86.40917,0.6685296
Precommend,93.77496,0.7700652,86.39058,0.66783077
Tatarize,88.14051,0.20820862,86.305046,0.6646158
Premierships,83.73934,3.8484066,86.24875,0.6624997
Sewround,93.47023,-1.0041728,86.22571,0.6616337
Bitterworm,93.31215,-0.6265841,86.066376,0.6556447
Antileft,90.47363,-9.609092,85.94723,0.65116626
Jamlike,93.084724,0.37218073,85.878235,0.648573
Interantennal,94.944786,-7.109797,85.8672,0.6481583
Balatas,85.76811,-4.5868864,85.6938,0.6416406
Mirepoix,94.02459,-1.3442914,85.68145,0.64117634
Vendee,90.63436,2.081387,85.6612,0.64041525
Reheal,88.82709,4.2790084,85.61575,0.6387069
Vaultage,88.209496,1.2535546,85.58463,0.6375372
Epigrammatism,89.4067,-4.3118625,85.50612,0.63458604
Temptsome,94.38857,2.4352977,85.42129,0.6313974
Outlooks,90.59003,4.9264283,85.41107,0.63101345
Limbec,92.99451,-6.1094413,85.354774,0.62889737
Sectarist,89.979034,-5.162875,85.345695,0.62855613
Antemural,92.60388,-3.3192792,85.31005,0.62721634
Springlock,95.3777,-1.0833399,85.26974,0.62570107
Ratlins,93.58533,-3.665391,85.20876,0.62340915
Thebain,90.62822,-3.3822422,85.16303,0.6216903
Noneugenical,88.96503,2.1349697,85.13626,0.620684
Ophthalmite,94.39129,-8.285574,85.129425,0.6204271
Assurate,90.78316,-4.974187,85.11782,0.6199909
Withstrain,92.30696,-3.7568307,85.0663,0.61805433
Conuzee,87.710014,10.044075,85.06099,0.6178547
Iotacism,85.96552,4.8786206,85.01631,0.6161754
Jigget,87.27023,3.6562324,84.91194,0.61225235
Taffia,89.08066,-1.4171681,84.86906,0.61064047
Surmisal,86.73624,-8.804635,84.84987,0.6099192
Undissonant,93.131294,2.084547,84.7994,0.6080222
Kujawiak,94.70777,-1.5868975,84.772026,0.6069933
Ploughshoe,87.71312,2.5291374,84.73497,0.6056005
Melanopathia,90.31708,1.4852057,84.65614,0.6026375
Flavescence,97.042694,-1.9247754,84.58529,0.59997433
Octopede,85.35638,-1.3222817,84.524605,0.5976933
Areometry,90.25536,0.1945011,84.4768,0.5958964
Ootocoidea,84.622696,-5.238423,84.464806,0.59544563
Checkrower,92.2236,-2.3382614,84.44163,0.5945744
Vasiferous,90.36876,-4.2891936,84.41475,0.59356415
Egards,83.99384,-1.202077,84.396576,0.592881
Logans,93.03782,-1.7622324,84.360725,0.5915335
Psocid,83.324,6.6089907,84.27231,0.5882101
Baryphonia,93.434616,-11.758047,84.18562,0.5849518
Nonaccentual,90.49628,-3.3265772,84.1634,0.58411646
Overmonopolize,96.77053,1.2273214,84.13755,0.5831449
Hymenic,95.51857,-2.5919068,84.13014,0.58286643
Didromy,95.0001,-6.071624,84.0561,0.5800834
Ooscopy,91.80951,-6.632694,84.05155,0.5799124
Sphenographist,89.80845,-1.5189106,84.02255,0.57882243
Weirder,87.462234,1.6705166,83.98847,0.5775414
Calicate,84.35703,6.813628,83.970825,0.57687813
Endoplastron,94.658394,-2.7757237,83.92264,0.57506686
Bovver,87.42427,2.278486,83.84722,0.5722321
Legitime,89.980804,4.3009243,83.82361,0.5713446
Varsal,89.92743,-2.7044673,83.746574,0.5684491
Tirrivees,89.62196,-10.1935,83.734146,0.5679819
Navels,92.06057,3.35471,83.72815,0.56775653
Zingel,88.38686,-0.9071805,83.69774,0.56661344
Osteoplaque,91.42147,-5.8804207,83.6551,0.56501067
Apothegmatize,87.19059,-3.9221325,83.627464,0.563972
Adulates,86.134735,-2.4281712,83.60869,0.5632663
Teinoscope,84.968575,-6.6643286,83.60598,0.5631645
Mareschal,97.016525,-3.4512162,83.53458,0.5604806
Thynnid,90.08643,-2.5952485,83.48298,0.5585412
Phenotypes,91.560135,2.5121722,83.44778,0.557218
Whitherward,85.49083,2.9489908,83.37757,0.55457914
Uncloven,85.73084,2.7245867,83.303474,0.551794
Phillumenist,89.45073,2.8965733,83.28852,0.551232
Overtare,87.99732,-3.9877236,83.279015,0.55087465
Overblind,87.013504,0.7314718,83.200424,0.5479206
Incanous,91.08545,-6.26201,83.12274,0.54500073
Identism,86.93507,-4.6253023,83.07919,0.5433638
Decasualize,91.02477,0.18375193,83.05197,0.54234064
Homoiousia,84.85289,-9.859764,82.997604,0.5402971
Hastile,85.291275,2.8139558,82.993,0.5401239
Unperforative,92.97012,1.1875474,82.941734,0.5381971
Euphonous,85.40802,7.61184,82.90766,0.5369164
Floorhead,83.75443,1.5903404,82.90382,0.53677183
Absolvent,83.590706,-5.7443533,82.80809,0.53317374
Anisotropous,89.03281,4.6112494,82.74028,0.5306249
Pollent,85.99153,-0.5366423,82.72105,0.529902
Glaires,84.64251,1.7398204,82.671165,0.52802706
Antikinase,87.22649,0.7555318,82.66901,0.52794594
Picador,83.56625,-0.35305876,82.610596,0.5257504
Unequability,90.737305,-4.1076827,82.48231,0.5209284
Rheostatic,87.99362,-0.6691609,82.48179,0.52090883
Cazimi,89.21016,-4.695305,82.44339,0.51946557
Gordioid,85.30828,6.7404866,82.42453,0.5187566
Yercum,88.5509,-5.5221224,82.40662,0.51808333
Klaverns,90.27148,-1.9330165,82.39816,0.5177656
Berigora,83.14516,-3.3480124,82.37534,0.5169078
Lithotrity,90.364655,-0.3993717,82.29064,0.5137241
Caruncular,93.5155,-2.6203525,82.27934,0.5132994
Metroptosis,92.40683,2.8373327,82.247475,0.5121016
Sankhya,87.7098,1.366805,82.23572,0.5116596
Gilliflower,89.9255,-0.15311918,82.21191,0.51076466
Celtist,89.421364,-4.77782,82.16567,0.5090268
Voorhuis,87.5629,0.04439681,82.03622,0.5041609
Dipsaceae,88.10546,1.4024916,81.985664,0.50226074
Betises,83.206,1.3763796,81.95879,0.50125074
Semimucous,91.160866,-4.9458656,81.94361,0.5006801
Disthrone,87.17118,-0.924765,81.940674,0.50056964
Megarensian,83.909935,3.4437916,81.93565,0.500381
Barbra,87.33308,2.9940016,81.909645,0.4994034
Areaways,81.57217,0.01621101,81.89531,0.49886453
Bunglings,86.45662,1.2205796,81.83055,0.49643043
Cicurate,82.614174,6.8977475,81.82473,0.49621162
Undamn,93.586494,-2.3913143,81.78682,0.49478665
Lernaea,87.04888,7.3027735,81.75976,0.4937695
Murrain,93.034515,0.31937164,81.67481,0.4905766
Sendal,92.28303,-1.7591683,81.64102,0.48930648
Fableist,84.879,-5.2964168,81.63845,0.48920983
Angelolatry,83.69963,-9.638596,81.59295,0.48749954
Scotomic,91.59653,-0.5886704,81.54553,0.48571727
Esperantist,82.21271,6.520589,81.52896,0.4850944
Toxophobia,83.23381,-1.5129608,81.44159,0.4818103
Dopper,89.88501,-2.843323,81.39084,0.4799027
Embrue,90.03514,0.022789001,81.37829,0.47943097
Goupen,82.79115,2.5178452,81.36444,0.47891048
Swanker,90.18299,2.0760958,81.35689,0.47862658
Protoplasmatic,90.355316,0.20956358,81.314896,0.4770482
Balldress,91.70314,-3.2868621,81.26163,0.47504595
Feverlike,90.13122,1.6593258,81.20409,0.47288314
Akazgin,92.67306,-1.852243,81.17686,0.47185966
Chechem,82.522606,3.6304007,81.096,0.46882045
Dicyanide,94.04719,-3.473797,81.0698,0.4678357
Trijugate,81.815636,-0.37945825,81.05964,0.46745372
Modifiability,81.51375,-0.5300038,81.05163,0.4671526
Lingams,88.63573,-4.8108478,81.0503,0.4671027
Scalds,78.433716,1.7800469,81.04427,0.46687615
Processionals,81.93318,4.6505475,81.04285,0.46682253
Zoogamous,85.81954,1.8348997,80.920685,0.46223077
Sapromic,85.60458,-0.5633579,80.9197,0.4621938
Autodidactic,81.10741,8.885126,80.88015,0.46070716
Unfrees,83.546844,-1.8162102,80.85653,0.45981932
Introdden,86.00151,-6.487783,80.85298,0.45968598
Photothermic,81.862625,7.031939,80.8521,0.4596527
Preoffer,89.51386,0.3498737,80.80182,0.4577629
Dayside,87.02772,8.024185,80.79101,0.45735654
Vargueno,84.0175,-2.411955,80.78639,0.45718303
Cyphomandra,86.80236,4.771212,80.72989,0.45505923
Engold,84.84837,6.5502834,80.71867,0.45463768
Velvetwork,89.33964,0.52432483,80.62796,0.45122796
Obliges,91.79036,-4.309039,80.58395,0.44957358
Loather,83.813255,-3.7319167,80.57262,0.44914773
Limeless,86.829796,-7.57355,80.56129,0.4487219
Confessionist,89.28327,-4.151015,80.52603,0.44739673
Rerecord,80.87769,4.6328845,80.520805,0.44720027
Acrindoline,89.809135,-4.4513373,80.44578,0.44438016
Peacockiest,89.80975,-4.1728897,80.42535,0.44361222
Paratoluidine,85.47838,4.06213,80.38931,0.4422578
Skimmings,84.06593,3.544632,80.380325,0.44191998
Slugfest,87.21438,-0.29067606,80.35286,0.4408876
Bestraw,82.280685,0.84689283,80.34904,0.44074392
Sorbate,85.103455,2.911107,80.323784,0.43979472
Randite,85.02574,2.3726962,80.29874,0.43885326
Depeach,83.01195,8.468165,80.22171,0.43595803
Holoblastic,82.359924,4.0855875,80.18098,0.43442696
Tautousious,84.07928,2.2582562,80.16553,0.43384624
Quintes,87.73219,0.10175575,80.15953,0.43362084
Ohmmeters,75.24986,1.3349873,80.10758,0.43166822
Mootmen,85.92502,0.61254674,80.10104,0.43142247
Bisetose,86.93862,1.4325292,80.09438,0.4311721
Tither,87.78111,-1.8361422,80.08643,0.4308733
Tribunate,78.43001,2.7260904,80.07635,0.4304942
Indefectible,88.82951,4.1463976,80.01741,0.4282789
Vinylic,80.14595,4.9215384,80.01009,0.42800388
Carefuller,86.24608,-1.862164,80.005646,0.4278367
Platinammin,90.08937,2.3010314,79.959656,0.42610803
Laudator,83.56717,4.1304874,79.89638,0.42372957
Metranemia,89.37613,1.2901286,79.882996,0.42322657
Yeelin,92.16671,-3.501321,79.86846,0.42268026
Shillelah,85.29514,-2.438763,79.7793,0.41932878
Discernible,81.68196,-6.4009113,79.70611,0.4165778
Sebiferous,92.184326,-5.2456765,79.66577,0.41506162
Odontotormae,84.85375,-6.4225116,79.61671,0.41321743
Wlatsome,86.15747,0.5431877,79.6146,0.41313827
Sialoschesis,87.692856,1.7664738,79.45912,0.40729418
Sarcoadenoma,88.02177,1.3454357,79.44959,0.406936
Pareoean,79.86751,3.257262,79.43986,0.40657008
Complexionist,88.27747,-4.903339,79.41788,0.4057439
Thelemite,83.69358,-0.07302618,79.41046,0.40546516
Pyelitic,90.19826,-5.865146,79.408,0.40537253
Flicks,88.3958,3.212525,79.40145,0.40512648
Sexpots,79.707115,-0.5619921,79.38225,0.40440467
Outdraw,81.080246,1.3732636,79.380554,0.404341
Hyperaeolism,88.121544,-8.380971,79.34021,0.40282458
Sunnyasse,87.06205,1.4350638,79.33603,0.40266743
Hemicrania,85.992935,-0.45347872,79.33496,0.4026273
Rehoist,84.432785,3.1785064,79.33079,0.4024704
Prismatical,89.098305,0.38310578,79.29275,0.40104058
Polyblast,86.65932,2.1197166,79.238846,0.39901453
Unfatalistic,85.44383,-1.2423451,79.17542,0.39663061
Stonehatch,83.72919,-0.01364392,79.1036,0.39393097
Knapbottle,85.6814,-7.104132,79.06083,0.39232334
Anemochoric,87.9369,-7.2099805,79.03341,0.3912927
Trichostasis,84.93553,2.163655,78.92668,0.38728106
Bethreaten,82.14877,6.097571,78.8933,0.3860264
Shanks,81.810905,9.080729,78.86236,0.3848633
Incrassate,90.08624,-2.2971754,78.74271,0.38036588
Embryulculci,87.37353,-3.0267622,78.737274,0.38016167
Chansonette,89.18463,-3.783475,78.72449,0.37968105
Fatuoid,86.4276,0.32201934,78.68358,0.3781434
Predefence,87.019295,-2.7422535,78.68014,0.37801406
Badaxe,82.17157,0.63668066,78.655685,0.37709495
Polygamical,85.01554,4.136594,78.6458,0.37672332
Nonpapist,84.36854,-3.113102,78.59619,0.37485874
Bookmarks,83.935616,-0.59545326,78.573456,0.37400416
Waddings,87.15439,3.9208415,78.55099,0.37315962
Frouziest,81.67767,1.2725492,78.37518,0.36655158
Alumian,87.40082,-5.4885736,78.35646,0.36584783
Pullicat,88.679276,-7.1247025,78.35641,0.36584583
Ephoral,81.16965,3.526774,78.340195,0.36523643
Respreads,79.97546,4.555545,78.33918,0.36519828
Teletactile,90.4787,3.120934,78.29733,0.36362535
Abcoulomb,81.39739,-3.6368282,78.279915,0.36297068
Estrade,82.15021,-0.78559315,78.25454,0.36201686
Fripper,87.56781,1.7433687,78.234795,0.36127472
Ascaridol,79.70709,5.765669,78.23109,0.36113533
Presuppress,88.26278,3.1619623,78.23056,0.36111555
Taunters,82.78839,-3.8909588,78.20822,0.3602759
Tristive,77.28337,-3.8438625,78.19688,0.35984945
Nongrey,81.4602,6.405094,78.16602,0.35868976
Beebreads,90.602455,-1.0822175,78.12847,0.3572783
Astream,81.46357,-1.0184946,78.09552,0.3560397
Mesarch,84.31327,-1.3653595,78.09472,0.3560096
Hypopharynges,84.557396,-3.3399274,78.06788,0.35500073
Micellae,89.92217,-4.05738,78.015945,0.3530487
Chomage,82.37208,-0.5786048,78.00823,0.35275877
Rajesh,82.47517,4.688153,77.99589,0.35229477
Visceroptotic,77.91413,5.967353,77.99,0.3520734
Hector,85.795,4.773432,77.959305,0.35091972
Subtarget,78.29241,5.7049594,77.9592,0.3509157
Aerodynes,89.63405,-0.18406501,77.9425,0.35028797
Incunabulist,83.91035,3.2668023,77.91521,0.34926218
Culicid,81.65958,7.181876,77.89673,0.34856763
Papillomatosis,89.673935,1.6052214,77.85343,0.3469402
Gastrovascular,81.36031,-1.7248616,77.85323,0.34693274
Whirlicote,84.8154,-0.28252667,77.841934,0.34650803
Cruses,79.99856,0.6697259,77.83097,0.34609595
Predacity,82.10607,2.8498154,77.7629,0.3435374
Wauchts,78.582565,5.1617656,77.75724,0.3433246
Anthropoidal,83.44119,-1.5423628,77.75626,0.3432879
Polygenesist,80.88744,1.1978147,77.75433,0.34321535
Victualer,84.7109,5.3217287,77.743576,0.342811
Justine,83.19866,6.400087,77.72472,0.3421021
Bargeman,78.671234,10.462875,77.68807,0.34072474
Tarantism,84.62397,-6.612878,77.6691,0.34001154
Furciform,88.59128,-3.1671698,77.641205,0.33896312
Bacterioidal,84.07777,3.3856378,77.63758,0.3388269
Reperfume,84.55327,1.5129315,77.603455,0.33754417
Heresiologist,82.3292,3.6220193,77.57318,0.33640626
Trophoplasmic,88.244484,-5.9512525,77.56611,0.33614042
Pyopoietic,86.5633,-1.1495568,77.5627,0.33601224
Incomings,81.477425,1.3547373,77.518364,0.33434582
Rhabdomantist,84.905716,1.8882902,77.51179,0.33409864
Haplonts,82.34385,-6.661528,77.50976,0.33402234
Digenic,85.79033,-2.527954,77.45422,0.33193496
Zincify,84.54093,5.5076056,77.38456,0.32931644
Blemisher,86.44352,-3.8212922,77.384445,0.32931215
Arrestant,80.7,1.1904994,77.37138,0.32882118
Tenuirostral,80.90366,1.6017209,77.33836,0.32758006
Interglandular,87.748604,0.22112614,77.206024,0.32260573
Scyllioid,87.35732,-5.2993016,77.18222,0.321711
Pentabasic,81.82984,-4.5048027,77.1002,0.31862795
Heresimach,76.04134,5.8274064,77.06143,0.31717086
Salamandroid,80.84739,-1.0162375,77.02782,0.31590736
Shacklebone,84.24572,-6.829034,77.01409,0.31539145
Dextrocardial,86.6422,-1.2920736,76.91553,0.31168666
Prowfishes,80.188995,2.5851374,76.90826,0.31141338
Failles,82.6362,-3.8837724,76.90732,0.3113781
Synclinical,80.51677,-1.7985667,76.89584,0.3109468
Cybister,83.77819,-6.469641,76.87312,0.3100928
Evolvent,83.77488,-0.83739215,76.82351,0.30822793
Plaidy,81.37038,5.1264114,76.80044,0.30736074
Subobtuse,83.31629,0.6666419,76.75311,0.3055819
Autogenous,81.66131,1.2027001,76.73673,0.3049662
Epicranium,88.083176,-0.67796403,76.724594,0.30450994
Extollers,82.396645,-4.6451535,76.72169,0.30440068
Chorioadenoma,81.7593,-3.9019997,76.71571,0.30417615
Interborough,85.609245,0.18387705,76.69875,0.30353865
Retrovision,84.50452,-1.4682882,76.59257,0.2995474
Amenability,72.281235,4.4618244,76.5848,0.29925546
Ataxiagram,78.85645,1.127156,76.5712,0.29874414
Rasalas,83.42765,-4.213652,76.57019,0.2987063
Counterbuff,88.39335,-3.6333723,76.55596,0.29817146
Cassiopeia,90.2365,-2.7315912,76.54741,0.29784998
Somasthenia,87.83046,-4.647395,76.546455,0.29781416
Defamers,76.1585,4.7803073,76.51212,0.2965237
Sclerosarcoma,84.726845,-0.24357808,76.51208,0.29652196
Certosino,85.20316,-5.226193,76.49285,0.29579931
Isoptic,84.034966,0.65143,76.422386,0.2931507
Imposts,83.51354,0.55107534,76.39741,0.2922118
Egyptologer,89.117935,-1.5442369,76.37738,0.29145902
Angiopressure,81.47097,-3.7156584,76.372314,0.29126862
Dentiscalp,80.48311,-3.7405956,76.34643,0.2902956
Finetop,83.23621,-3.3676238,76.33542,0.2898818
Copartner,78.85373,2.74163,76.318794,0.28925693
Unigenous,81.249374,-0.4657295,76.30313,0.2886682
Goneoclinic,79.953514,0.9171923,76.28108,0.2878394
Undulationist,89.10527,-5.2112074,76.2156,0.28537807
Gateworks,81.54305,2.809511,76.202225,0.28487536
Planktont,79.89119,-1.093825,76.15417,0.28306898
Pheasantry,78.04557,7.1280603,76.11744,0.28168848
Backwasher,77.74023,6.005998,76.058525,0.27947405
Metallometer,80.96156,-1.7292036,76.05712,0.27942127
Iodite,76.37284,5.027447,76.04929,0.27912706
Haflin,86.505516,-3.2095935,76.01197,0.27772418
Thimbleman,86.23799,0.7607971,76.010544,0.27767053
Unshut,87.41117,-0.14182577,75.995804,0.2771165
Gangrels,76.92425,1.2736741,75.98962,0.27688393
Pressmark,83.34582,1.7991353,75.98253,0.27661753
Seacrafts,88.70962,-0.9763179,75.96212,0.27585042
Chaprassi,79.519226,3.4798913,75.961784,0.27583778
Fedifragous,84.89248,-2.2492208,75.768326,0.26856616
Paravesical,84.74292,-5.9420204,75.74887,0.2678349
Noncyclic,83.026825,2.5755923,75.73035,0.2671386
Spoliarium,81.15259,-2.3034804,75.72414,0.2669052
Petals,77.16018,2.8479946,75.68241,0.26533684
Monotrochian,78.85742,3.903126,75.662575,0.26459125
Antipapacy,76.61093,2.5715518,75.64122,0.26378855
Urosomitic,81.44945,4.112234,75.58851,0.26180726
Hereditative,83.46814,-7.404206,75.57274,0.26121452
Imanlaut,84.34851,-0.24488284,75.57208,0.26118985
Haptotropic,80.14561,-0.4131881,75.56417,0.26089248
Receptible,81.15743,-0.7171371,75.54733,0.26025957
Paracystic,84.21637,-0.09621175,75.52659,0.25947985
Gabbarts,77.66249,0.008928299,75.474945,0.25753868
Deresinize,80.4864,-0.9950174,75.46096,0.25701305
Ectocondyle,82.55139,4.3228874,75.436935,0.25611
Behalves,82.14154,0.89062715,75.40046,0.25473896
Prefectural,85.35521,0.870908,75.34831,0.2527789
Eigenstate,80.8277,7.9033628,75.336815,0.25234672
Temporalism,79.804016,-1.455693,75.31416,0.2514953
Fishboats,76.387245,6.7324347,75.294205,0.2507451
Smorebro,77.175705,2.839317,75.2719,0.24990658
Multigyrate,81.55577,0.6791034,75.234276,0.24849252
Misdesire,77.573006,5.9559064,75.18548,0.24665834
Goldenest,80.74943,-0.81215566,75.18365,0.24658951
Pipestems,83.83113,4.241678,75.15661,0.2455732
Sudoral,80.86193,-4.292283,75.14329,0.2450725
Propacifist,77.55295,1.4732014,75.13831,0.24488552
Undershrub,79.685394,-1.2935563,75.13704,0.24483763
Percheron,82.012596,-1.4064251,75.08098,0.24273044
Ranches,79.685394,8.47419,75.07063,0.24234158
Doddie,81.672874,4.1918654,75.05473,0.24174395
Semiclimber,83.353966,2.722116,75.02866,0.24076407
Upscrew,82.01715,3.7864144,75.00994,0.24006033
Romipetal,78.99247,3.8401752,75.005486,0.23989286
Gauzelike,82.11227,5.5706687,75.003555,0.2398203
Juiceful,84.73441,2.726229,74.98968,0.23929866
Substrative,81.72747,-5.488511,74.939865,0.23742634
Acroatic,79.419525,3.487556,74.88124,0.2352228
Oryzenin,77.77739,1.5966337,74.84527,0.23387067
Demesmerize,87.87193,-6.196476,74.75801,0.23059088
Centraxonial,84.26943,-6.617038,74.74566,0.2301266
Bitonalities,76.6302,3.3521113,74.73616,0.22976957
Coumarane,86.32553,-9.07152,74.647484,0.22643644
Intriguer,80.34996,-1.9678255,74.62553,0.22561112
Heteromya,84.55884,-10.346092,74.59761,0.22456183
Jaspagate,84.709984,-3.183878,74.57772,0.22381422
Butterfish,86.57403,6.1783733,74.539314,0.22237061
Inactions,77.96456,5.8038836,74.439095,0.2186036
Hypsophyllary,80.93001,1.3741527,74.378456,0.21632434
Plotless,76.76932,1.5655044,74.32937,0.21447927
Anhydrate,77.711075,-1.3284663,74.32176,0.21419336
Bonaventure,78.76381,-1.8511362,74.3125,0.21384521
Popinac,81.47831,-2.4331357,74.30301,0.21348847
Nonlicit,71.21864,3.524469,74.27839,0.21256307
Nonatmospheric,80.8952,-4.634354,74.24591,0.21134229
Paragenetic,79.377335,4.5828233,74.21243,0.21008393
Smilacaceae,83.09618,-0.7737484,74.20948,0.20997295
Brachyuranic,81.01209,-0.41545278,74.192055,0.20931797
Mingle,81.38285,0.72327566,74.18518,0.2090596
Coccothraustes,82.74744,-1.135028,74.117714,0.20652369
Inventress,83.298706,-0.008298978,74.10522,0.20605396
Siskins,85.98095,-3.1216717,74.103966,0.20600691
Coccal,80.83235,-0.9493752,74.093925,0.20562953
Retrim,82.83491,-1.5399263,74.07663,0.20497942
Sabulum,86.023026,-2.055974,74.06454,0.20452489
Molochs,85.283966,-5.1068654,74.03572,0.20344175
Viviparism,70.352585,0.9630412,74.030464,0.20324418
Oversells,80.719536,1.2982243,74.02748,0.20313205
Germen,75.82232,-0.71995115,74.022865,0.20295855
Malefactresses,83.56227,-2.7495239,73.96545,0.20080031
Weewaw,83.49391,0.46172345,73.95753,0.20050265
Deckles,86.452194,-0.011074655,73.9534,0.20034751
Squidgier,78.73762,0.25124213,73.91831,0.19902866
Disgorge,76.077446,5.9619703,73.80799,0.19488195
Isodimorphic,82.554085,-2.9252596,73.80137,0.19463304
Reearn,79.33001,-2.9754581,73.75862,0.19302626
Limity,77.29712,-5.5223107,73.75754,0.19298553
Fadmonger,79.83106,-1.6187669,73.74611,0.19255596
Anguses,81.58243,-4.3807945,73.71657,0.19144559
Piscary,82.28815,0.9905026,73.70509,0.19101427
Anthrophore,79.690956,-2.1115549,73.64416,0.18872385
Kilobytes,79.288475,-3.956215,73.63841,0.18850791
Endoarteritis,78.57006,7.484058,73.59455,0.18685926
Pilosine,80.144455,-1.8445559,73.57345,0.18606606
Zwinglianism,78.86275,-3.0117793,73.54747,0.1850896
Sulphamyl,80.93136,-1.814598,73.536064,0.18466088
Palmitin,81.13206,-1.9992437,73.51977,0.18404834
Phenylic,80.678734,6.259083,73.49405,0.18308164
Monometallism,78.5093,-4.472029,73.477234,0.1824496
Pilers,82.46048,-1.6300181,73.4698,0.18217029
Spacewoman,75.3169,2.3669698,73.4406,0.18107253
Paravail,79.22983,0.03088428,73.4217,0.1803622
Unsnap,73.95282,1.057728,73.410194,0.17992975
Octodecillion,74.683975,0.57510734,73.38787,0.17909066
Parleyer,83.770355,0.67595494,73.37973,0.17878467
Sammer,77.27826,-8.9036045,73.36911,0.1783855
Cierzos,76.01049,1.85244,73.3688,0.17837372
Unveil,73.174255,10.235904,73.34602,0.17751773
Figurants,81.8948,1.84814,73.336296,0.17715208
Heists,77.99493,7.2076964,73.33288,0.17702362
Enhearse,70.761,2.2998784,73.33039,0.17693013
Readvise,78.84073,5.473974,73.301125,0.17583008
Thelion,79.38836,6.0631976,73.282936,0.17514642
Vituline,75.49768,-2.4048865,73.272545,0.17475584
Stercoraceous,86.19116,-4.5682163,73.2072,0.17229965
Underdraft,84.83111,-0.13677874,73.17014,0.17090681
Albatrosses,74.26415,-7.4624925,73.14206,0.1698512
Proanaphora,82.09028,-3.882689,73.132324,0.16948529
Octacolic,82.01897,-2.10991,73.057655,0.16667867
Handybook,86.44759,-2.410551,73.0236,0.16539852
Kiesserite,79.14446,-2.298922,73.02081,0.16529384
Homewort,71.07834,6.052167,72.96828,0.16331916
Subsecretaries,82.42326,0.80386734,72.916695,0.16138029
Irresponsive,78.54569,1.444797,72.90364,0.16088963
Anticovenanter,84.36744,-0.072220206,72.90184,0.16082196
Dissocialize,82.63362,-0.9894631,72.89178,0.16044371
Denationalize,81.71812,1.8789436,72.88075,0.16002932
Disablers,79.17036,2.919635,72.84502,0.15868609
Textiferous,74.27801,2.4285307,72.82657,0.15799268
Misnarrate,83.715,2.8427587,72.81421,0.1575281
Alnicoes,77.91823,2.8254397,72.798,0.15691872
Fenestella,84.20906,-4.2260127,72.7774,0.15614444
Appreciators,68.68871,-0.12053129,72.6869,0.15274277
Tsotsi,80.08809,-3.6276958,72.66138,0.15178353
Energism,73.365105,2.6397374,72.654274,0.15151654
Sleighs,77.33212,-2.907807,72.61969,0.15021661
Tittivator,80.73609,-2.3080711,72.5679,0.14827001
Hoplomachy,76.34537,0.95625544,72.5578,0.14789033
Dactylozooid,84.22671,-1.6369901,72.5369,0.14710487
Outrede,79.33937,-0.24581233,72.5086,0.14604095
Spalpeen,83.69769,-7.626938,72.49924,0.14568909
Begiggle,84.43381,-3.86964,72.488106,0.14527069
Moruloid,75.03081,2.4360123,72.477066,0.14485572
Bravoite,74.961784,-0.76281685,72.474945,0.144776
Mandil,76.624374,3.9656808,72.446045,0.14368972
Unaspersive,77.57377,1.4681604,72.43274,0.1431896
Maturescence,77.0699,-0.86506456,72.374825,0.14101271
Woozier,81.32178,-2.4025257,72.368034,0.14075749
Rhyton,72.83613,-1.4251882,72.34731,0.13997862
Edenic,75.49569,0.36378917,72.30312,0.13831764
Mayvins,73.89567,0.34309044,72.29833,0.13813756
Egocentristic,82.47765,0.21182775,72.2831,0.13756488
Saddlebows,77.66491,0.77257216,72.2686,0.13702002
Protension,75.303696,3.8502529,72.26143,0.13675044
Velarize,77.13591,-2.120932,72.23038,0.1355833
Panchromatic,73.98892,0.9429511,72.147095,0.1324529
Glucokinin,83.74725,-3.3319256,72.1377,0.1320999
Clamcracker,78.4454,-3.2671478,72.11135,0.13110939
Shoddydom,74.477486,-2.3654816,72.07206,0.12963252
Mexica,79.1742,-2.3533788,72.01157,0.127359
Marbles,79.8676,0.5325623,72.00922,0.1272704
Haywire,71.01566,-0.63030183,71.96256,0.1255168
Collectioner,76.73677,-3.0909803,71.96191,0.12549214
Hydrocarbonic,78.61476,3.0508442,71.95603,0.12527132
Acrylaldehyde,82.19829,-5.4046516,71.95104,0.12508377
Chavantean,72.447266,1.8227345,71.936516,0.12453776
Rhabdos,80.89875,-3.8546987,71.90897,0.12350252
Dhootie,80.32998,-7.7715225,71.89078,0.122818574
Dictaen,78.38689,3.9318976,71.878624,0.12236175
Gelder,80.19076,-2.6588523,71.85963,0.12164769
Repoll,73.81798,10.042299,71.84365,0.12104719
Toxoglossa,83.74633,-4.1133394,71.76557,0.118112385
Coonjine,78.48458,-0.4361309,71.74933,0.117501855
Miticides,78.828255,0.14865863,71.69456,0.115443125
Undershapen,78.2447,1.3751774,71.65972,0.11413373
Pantofles,74.96755,-1.0859123,71.656105,0.1139978
Atumble,80.56296,-2.860316,71.6097,0.112253666
Securifer,78.74157,-6.0477896,71.58455,0.11130819
Ascitb,77.95385,-2.089118,71.54606,0.109861426
Riggal,74.10588,-1.0370333,71.544426,0.10980006
Aitutakian,83.758965,-7.7011194,71.51892,0.10884139
Foldskirt,70.013176,1.2274569,71.481415,0.10743163
Antienthusiast,82.13082,-3.1479487,71.44663,0.10612424
Flagfall,76.79582,-1.3134575,71.41182,0.10481571
Overwild,71.84266,-0.74761254,71.38276,0.1037234
Triverbial,72.43372,1.0981079,71.333176,0.101859674
Sheriffhood,69.11432,5.301498,71.32307,0.10147971
Redivision,78.740654,-2.5444264,71.31928,0.10133747
Ubiquity,83.188156,-1.8873887,71.30602,0.10083906
Taurotragus,76.43961,1.3015465,71.27737,0.099761955
Scatty,80.674644,-4.2482224,71.25976,0.09910008
Cartouches,78.55906,0.06769055,71.24876,0.09868656
Nonmitigative,81.08861,-0.75966346,71.248314,0.09866993
Pyromellitic,78.57391,4.498631,71.21704,0.09749446
Amphicarpa,78.50307,0.6701978,71.20323,0.0969754
Birminghamize,78.02276,-6.5089993,71.178055,0.096029066
Gaggler,76.72706,1.0969256,71.16944,0.0957053
Gadite,75.623764,1.0866258,71.15951,0.09533192
Erithacus,80.37825,2.1706634,71.09071,0.092746116
Epistlers,82.35485,-1.8902252,71.077126,0.09223538
Inwreathe,77.66824,0.69701046,70.986435,0.08882654
Zanclidae,80.3319,-3.064698,70.9835,0.088716134
Aglimmer,75.37591,4.0864697,70.979675,0.08857246
Foredates,74.27174,1.6087441,70.912285,0.08603942
Neoterical,75.50618,2.8296528,70.88371,0.08496546
Costicartilage,76.146675,-0.4045981,70.85725,0.08397066
Paludamenta,74.57776,-2.3559537,70.826645,0.08282042
Trigonocerous,75.0842,-4.864602,70.82236,0.08265926
Sacristies,76.776726,-1.7263331,70.797,0.08170603
Fluoridize,79.027626,-3.8365626,70.775055,0.08088128
Urostege,74.7485,2.5313509,70.756935,0.0802002
Audiles,75.46184,-2.896237,70.75138,0.07999143
Misenjoy,72.98911,-0.3871448,70.66504,0.076746054
Beryllosis,81.776,-5.264435,70.63574,0.07564485
Secretagogue,79.50866,0.74611986,70.629875,0.07542433
Exulate,80.45659,-0.9723894,70.60794,0.07459986
Pseudepigrapha,78.67101,-0.62439024,70.59148,0.07398101
Syringium,81.65325,-7.9921293,70.53508,0.07186121
Characteries,75.46764,-6.5431533,70.52951,0.07165186
Liespfund,77.166435,4.1045995,70.502014,0.07061835
Feeless,78.728714,-2.6632981,70.48791,0.0700881
Calamistrate,85.50966,-1.9811091,70.486565,0.07003763
Dumfounds,81.9355,0.9732544,70.47689,0.06967401
Keelhale,78.13743,-5.136262,70.45166,0.06872566
Spileworm,72.78668,-2.364356,70.43648,0.06815498
Polytopical,77.6521,6.405443,70.42821,0.06784413
Chrysophanic,77.99238,-3.4129732,70.408005,0.06708476
Phousdar,78.81301,0.9663508,70.38029,0.06604292
Defensible,78.793205,4.3722415,70.37896,0.065993026
Enhamper,81.75428,2.7595112,70.37826,0.06596664
Hesperinon,69.61335,5.118734,70.364845,0.0654625
Aristarchian,75.354164,0.23732936,70.36306,0.06539539
Sofane,77.993614,-6.5095,70.36215,0.06536127
Alterations,62.93914,2.2221458,70.36062,0.06530363
Auspicial,73.37675,-0.8008564,70.35654,0.06515021
Ovoviviparity,65.48786,1.9737086,70.32737,0.064053886
Wannigan,71.78229,-3.0246038,70.26333,0.061646733
Lanuginose,82.43663,-3.6470852,70.22575,0.06023439
Hellenisticism,72.75659,2.5230374,70.161804,0.05783068
Outvelvet,78.18658,0.60237575,70.13929,0.05698442
Renitence,76.31995,-1.000115,70.09101,0.05516974
Unfrolicsome,77.73906,-0.21704139,70.06165,0.054066245
Birdseyes,74.103745,5.964376,70.06165,0.054066245
Hermitry,74.27636,6.7104373,70.00517,0.051943284
Forbore,74.892,0.26570994,70.00197,0.05182284
Hammaid,76.69432,-1.2700405,69.99347,0.05150338
Feticides,73.59179,0.26332122,69.980835,0.051028486
Bacillar,81.319115,0.21047994,69.97697,0.050883096
Doughbellies,71.62461,-0.85238105,69.955376,0.050071534
Haulmiest,75.77829,1.3265347,69.877914,0.047159955
Forelocks,72.600044,-1.3318963,69.870186,0.046869457
Enwisen,71.26444,7.5756,69.838486,0.045677926
Diactine,75.58219,1.9613527,69.774574,0.04327565
Arianists,74.55947,-1.0655558,69.69311,0.040213518
Unblade,75.00392,-2.7635527,69.69052,0.040116303
Furunculus,82.19208,-3.8157961,69.688805,0.04005178
Nonsupervision,77.93435,4.9521956,69.66022,0.03897725
Outsift,78.85953,1.3104278,69.645004,0.03840543
Nonsubsistent,73.26188,1.684618,69.64461,0.038390517
Rolamites,73.971565,0.19900256,69.622086,0.03754397
Tyleberry,73.0096,-3.6631634,69.61176,0.03715597
Unstricken,70.19355,-0.8589347,69.59844,0.03665527
Ravenry,71.35798,-2.5079753,69.58915,0.036305986
Chetrum,79.23711,1.8044038,69.575424,0.035790086
Pawnors,76.99583,1.820937,69.56678,0.035465173
Unconversion,79.991165,-3.950169,69.54073,0.03448614
Fluemen,76.084984,2.522034,69.5242,0.03386471
Phalanges,83.98337,-2.5162203,69.5102,0.033338487
Subpulverizer,84.266235,-4.006624,69.50189,0.033026192
Smellie,74.79941,-2.4524262,69.49639,0.03281943
Waggish,78.414604,4.635467,69.49514,0.0327724
Evident,71.06404,8.457958,69.45456,0.03124707
Mandorla,78.24624,-5.9238315,69.45227,0.031161038
Orthostati,78.837364,-6.115368,69.43362,0.030459885
Canapina,79.58851,-5.7412496,69.413925,0.02971973
Circaetus,73.81884,3.5401511,69.384705,0.0286214
Volost,68.15848,-3.998722,69.35544,0.02752135
Unvicious,75.722916,-1.6224074,69.35178,0.027383987
Kaffraria,75.91377,-2.8056588,69.34179,0.027008317
Unclamorous,74.11108,-1.500763,69.30828,0.025748821
Noegenesis,75.41992,-1.8210407,69.28166,0.02474828
Fugacious,70.50573,3.816214,69.240234,0.023191117
Friandise,73.39683,-1.7691379,69.236824,0.023062931
Squillitic,74.86801,1.9497416,69.21707,0.022320483
Koeksotenok,77.22653,-9.169647,69.21093,0.022089632
Aurums,65.89303,2.7913284,69.19516,0.021496879
Puristical,72.35036,-4.054091,69.18437,0.021091385
Renomee,73.551285,-3.450925,69.13411,0.019202141
Erethizontidae,73.06482,-0.78087264,69.01438,0.014701855
Unpropellent,77.15595,3.3304093,68.940414,0.011921616
Epithalamy,76.87012,-2.5192337,68.90891,0.010737542
Expatriations,79.06348,3.063599,68.898285,0.010338071
Nontherapeutic,75.77802,-1.2650244,68.86743,0.009178371
Coruscate,71.08558,-1.4739752,68.86514,0.00909234
Preoppressor,72.174805,-2.07423,68.86032,0.008911101
Mariticidal,74.14266,-2.062879,68.853836,0.008667347
Portunidae,78.288574,2.196823,68.83886,0.008104417
Novatianist,78.18833,-2.5309393,68.817,0.0072828196
Scabrous,76.679214,-2.6354153,68.80668,0.0068948194
Xanthogenamide,73.81571,-3.671928,68.7852,0.0060875607
Nonguard,75.23605,-0.2923839,68.77315,0.0056344634
Juggins,67.16035,2.0304203,68.77069,0.0055421237
Calles,74.354904,1.1928825,68.75942,0.005118564
Semaphorist,74.66456,-0.014901489,68.73956,0.0043721003
Imposthumate,75.34462,-3.1088707,68.705696,0.003099127
Aplacophora,73.64208,-2.6290567,68.69255,0.0026050217
Spinets,72.76684,-0.091367126,68.65831,0.0013179964
Grundyist,80.075195,-6.3569255,68.65395,0.0011542506
Kitharas,82.056175,-1.0122287,68.65309,0.0011218456
Squamipinnate,72.67761,-2.760029,68.62015,-0.00011642876
Allomerous,74.15347,1.2332065,68.612915,-0.00038828704
Carate,75.7659,-2.169519,68.56269,-0.0022760963
Peaces,74.98923,-3.1864247,68.55623,-0.0025189905
Spermatoxin,78.90133,0.043893576,68.526344,-0.00364227
Muscovadite,79.24323,-3.1509504,68.517914,-0.0039591515
Esoterist,71.74339,-3.0623727,68.51211,-0.0041773836
Dzungar,80.851524,-0.8095972,68.50265,-0.004532979
Outlets,74.2414,3.041386,68.47985,-0.0053898487
Chloropsia,77.371254,-1.0341454,68.447174,-0.006618086
Quixotry,71.77557,3.5241187,68.44571,-0.0066731456
Zinckenite,70.806946,4.6995244,68.42116,-0.0075959726
Nestings,75.009315,1.8349893,68.36966,-0.009531672
Photoglyph,75.3144,2.5306184,68.35277,-0.010166582
Contestate,73.168,-1.7772806,68.34554,-0.0104381535
Torula,72.769035,-1.4385159,68.34106,-0.010606774
Vyrnwy,77.90628,-1.3101007,68.32866,-0.011072776
Wenchman,77.30087,-3.2747264,68.3275,-0.011116365
Qualmiest,77.113,0.86495936,68.32567,-0.011185191
Abaxile,76.75466,1.3606156,68.31347,-0.011643736
Waferwoman,79.0559,-3.5000718,68.308044,-0.01184763
Otoneurology,78.99682,-2.108563,68.30582,-0.011931366
Supersatisfy,77.139755,-2.776192,68.22256,-0.015060891
Forams,76.46015,0.030238986,68.18558,-0.016450867
Beguard,75.55387,-4.216423,68.17455,-0.01686525
Cavalierish,77.5981,0.5920533,68.15349,-0.017657023
Nonpossessive,74.07775,-0.03198573,68.13537,-0.018338103
Honourless,72.78085,3.367884,68.064255,-0.02101109
Rencontre,69.04366,1.2966335,68.02161,-0.022614134
Aletocyte,70.43523,0.5957272,68.01554,-0.022842119
Carryings,75.362656,1.7875494,68.01532,-0.022850433
Gunfires,72.87601,2.6141756,67.9846,-0.024005258
Grinner,74.41664,2.6854436,67.97944,-0.024199115
Dekametre,81.04379,1.4462795,67.97896,-0.02421718
Peckhamite,71.313614,0.30184707,67.95148,-0.025250128
Priestianity,69.14845,-2.5399191,67.94708,-0.025415309
Desidious,71.66146,4.298403,67.90807,-0.026881564
Consute,76.546776,-5.6767654,67.89686,-0.027303116
Pettah,79.58826,0.3410924,67.8856,-0.02772639
Apoquinine,72.36402,-3.556691,67.82988,-0.029820673
Laccin,78.97944,-1.2947056,67.810524,-0.03054821
Inkhornizer,78.582855,-3.580431,67.80417,-0.03078709
Paratomium,73.480095,-7.547055,67.790054,-0.031317614
Oftwhiles,76.811195,-0.24773227,67.780975,-0.031658873
Kristen,72.17658,6.0295043,67.76689,-0.03218825
Radiobicipital,76.36231,-1.8256435,67.71737,-0.034049675
Postlaryngal,79.86146,-9.27151,67.71592,-0.03410416
Mediofrontal,77.03605,-5.2052517,67.694145,-0.034922604
Intertissue,71.46673,3.1707604,67.65969,-0.03621766
Awrong,69.232735,4.553711,67.65584,-0.03636248
Schnitz,73.37793,0.87753916,67.61885,-0.03775274
Haoles,72.86939,3.5133543,67.59177,-0.038770776
Indicter,77.69308,0.22541821,67.57947,-0.03923305
Simpletons,68.4343,0.05301127,67.56054,-0.039944526
Wakeless,72.531624,3.9900427,67.555016,-0.040152147
Hussies,73.27705,-0.7766065,67.55047,-0.040323064
Affettuoso,78.16128,-0.35354072,67.49854,-0.04227482
Schooler,65.99028,3.9793565,67.4612,-0.043678563
Teamwise,75.07429,3.6142402,67.43223,-0.044767432
Babeldom,68.50236,6.226413,67.42935,-0.044875544
Harrycane,68.43631,1.186902,67.42283,-0.04512073
Insomnolency,79.81042,-5.0989223,67.416565,-0.04535617
Nonbachelor,71.28656,5.4319124,67.413536,-0.045470018
Aiolis,73.63185,-6.577397,67.3877,-0.046441022
Carmine,74.77557,-1.3407332,67.37334,-0.04698101
Uprest,72.95675,0.072993994,67.302605,-0.049639657
Seamew,75.25426,-6.63611,67.30215,-0.049656864
Studerite,72.3373,4.5101585,67.29536,-0.04991209
Dilaniate,74.37411,-0.7312019,67.28057,-0.050467853
Rephael,72.59695,-4.073306,67.27654,-0.050619267
Catechistical,73.59642,1.9345384,67.25482,-0.0514357
Prefixion,72.31432,-1.9691887,67.24809,-0.051688634
Recepts,74.753914,-0.01978004,67.21026,-0.053110726
Cosset,78.12811,-1.4209338,67.20603,-0.0532696
Disunify,78.37036,0.36963162,67.18174,-0.054182675
Conquinamine,79.40611,-2.7241442,67.142105,-0.055672448
Laryngorrhea,77.35702,-2.8780074,67.13737,-0.055850532
Pargana,69.92725,2.9705377,67.12112,-0.056461353
Kaoliang,78.45741,-2.474892,67.10111,-0.05721326
Atomician,76.17456,-0.93566084,67.09508,-0.0574401
Diatessaron,75.22549,-0.18717068,67.083916,-0.057859644
Fuseboard,72.07418,3.0187583,67.06307,-0.0586431
Causus,74.728676,-2.0774925,67.059044,-0.058794513
Lobeless,71.868706,-3.22912,67.039215,-0.059539832
Predriller,72.40911,-2.4919174,66.988014,-0.061464347
Inheritrice,68.60723,7.553537,66.97098,-0.062104706
Septate,68.79665,2.8892138,66.96926,-0.062169228
Kinsman,70.21721,2.1505988,66.94374,-0.06312848
Borophenylic,74.03683,2.1056116,66.9426,-0.06317149
Rubificative,73.69013,-0.19681703,66.93826,-0.063334376
Kilocycles,77.1036,0.17388065,66.92502,-0.06383221
Illuminatism,77.57206,-5.789668,66.92396,-0.06387207
Chopstick,72.48245,6.5943055,66.9186,-0.064073384
Uninterruptive,72.1433,1.8588005,66.86474,-0.06609798
Cabiritic,73.42677,-1.7880183,66.81238,-0.06806609
Excepter,73.11877,0.81740826,66.79328,-0.06878387
Tetrasporic,72.91276,1.6850756,66.78139,-0.06923095
Overgrows,71.67006,0.26408035,66.74198,-0.07071212
Caulomic,75.51677,-5.279866,66.74192,-0.070714414
Antivirotic,73.058014,1.4933144,66.73885,-0.07082969
Gedunk,75.14562,-4.4642572,66.72438,-0.07137369
Proctodeum,72.99659,-1.689471,66.72422,-0.07137972
Hormogonous,77.819824,-2.4840522,66.69902,-0.07232692
Overprominent,72.21133,-1.673724,66.68454,-0.07287121
Overjust,69.14172,1.1625725,66.64919,-0.07419982
Lochiocyte,75.03438,-2.0393138,66.640396,-0.07453047
Ectozoa,68.67349,-1.2407159,66.61939,-0.075319946
Barratries,74.03776,-3.2880232,66.61816,-0.0753664
Bumkins,70.894,2.8350856,66.60542,-0.07584502
Breakerman,64.64128,-1.0932893,66.588524,-0.07648022
Satinfin,76.5648,-4.3215446,66.588356,-0.07648653
Medusas,74.5803,-5.4186397,66.58549,-0.07659435
Chuprassie,68.059166,-1.9870174,66.562004,-0.07747703
Towheads,70.948524,1.926176,66.54147,-0.078248724
Zendician,74.48821,-3.1320367,66.538315,-0.07836745
Twiglet,69.58333,4.836575,66.526405,-0.0788151
Wellstrand,78.60226,-6.2935004,66.51768,-0.07914317
Ventrine,69.93084,0.53837,66.514755,-0.079252996
Bannerfish,69.21418,4.5171866,66.49718,-0.07991371
Anteluminary,71.446526,-0.8501648,66.39298,-0.08383014
Underform,77.218376,-1.2563763,66.37441,-0.08452814
Eximidus,70.50612,-1.4519322,66.35082,-0.085414834
Quiddit,73.39668,-1.2481391,66.33505,-0.08600759
Unegoist,71.99182,-3.5863929,66.30739,-0.08704741
Oblata,74.94537,1.2446296,66.30149,-0.08726909
Momental,76.4666,-0.073377095,66.27364,-0.0883158
Sulfanilic,74.51479,-0.2728813,66.201225,-0.091037825
Sciolisms,67.36123,0.3199306,66.19045,-0.09144274
Cutwal,70.30764,1.4610353,66.18875,-0.0915067
Unthinkables,71.072044,0.28789288,66.1659,-0.09236557
Regalty,69.64798,4.179591,66.160576,-0.09256574
Indoctrine,78.270584,0.7452642,66.11124,-0.094420284
Alberich,78.7743,-3.7918136,66.09924,-0.09487108
Peavine,67.3727,1.6831144,66.088974,-0.09525707
Fruticulture,74.98352,-0.8965301,66.05661,-0.09647356
Miscredit,71.47496,-1.5607088,66.030205,-0.09746607
Ordain,72.89179,1.0505868,66.028175,-0.09754235
Mortress,70.183426,-0.045868017,66.018654,-0.09790024
Podargidae,73.47262,2.3142328,66.00406,-0.09844883
Bunkery,77.61788,-3.8010635,65.990364,-0.09896358
Captivates,76.495056,0.9941916,65.98285,-0.099246055
Darren,72.81371,4.342436,65.939224,-0.10088581
Latebricole,72.356674,-4.7364597,65.88725,-0.10283928
Dromical,74.77251,1.5823596,65.87422,-0.103329085
Brideknot,65.65039,0.68440837,65.86751,-0.10358144
Caecotomy,75.19396,1.5938895,65.832405,-0.104900874
Dhunchee,70.36077,2.5044236,65.82637,-0.105127715
Surrenderer,65.82016,-0.604782,65.80787,-0.10582313
Pomatoes,80.07993,-1.2639351,65.76784,-0.10732781
Pyroline,70.134796,-3.1623595,65.75667,-0.107747644
Theaterlike,70.697975,2.1900587,65.75141,-0.10794523
Postmuscular,74.91,-4.05458,65.74206,-0.10829681
Plotton,74.596375,-2.4354913,65.73216,-0.10866875
Arianizer,72.11586,2.330206,65.72397,-0.108976744
Palaeocyclic,73.44517,0.84334785,65.72091,-0.10909174
Vaccinias,71.82681,2.6434464,65.649605,-0.1117719
Uninuclear,66.279396,8.038323,65.63773,-0.11221811
Berberidaceae,76.83904,-3.5966759,65.61214,-0.11318022
Timbreller,69.6433,-0.708913,65.56497,-0.11495303
Mandoline,75.40252,-3.3245568,65.56317,-0.115020715
Deuterostome,74.584526,0.03031534,65.51501,-0.116831094
Unfalsity,69.689095,-0.9670079,65.49676,-0.117517054
Trajectile,69.282555,-1.2252687,65.49626,-0.11753569
Broguish,74.48908,-2.4527671,65.47279,-0.1184178
Multigerm,73.33675,0.8965564,65.47058,-0.11850096
Phlyctenule,75.00051,-2.581543,65.4517,-0.11921071
Kendir,71.73379,1.3197143,65.44862,-0.119326286
Unriddles,76.8145,1.5872831,65.42315,-0.12028381
Overspreads,73.64931,0.57250893,65.373886,-0.12213549
Fringehead,73.5293,-2.8383956,65.37098,-0.122244745
Ajowan,71.69001,-1.9082689,65.3594,-0.12268006
Sciurus,66.48227,1.656176,65.355034,-0.1228441
Uranalysis,73.982834,0.51438934,65.339485,-0.12342853
Septemberist,70.00737,-4.556239,65.31189,-0.124465786
Ichthyotic,72.75941,0.7216323,65.3042,-0.124754846
Quatrocento,69.000755,1.5042534,65.28796,-0.12536538
Remargin,77.213356,-0.8999964,65.2799,-0.12566821
Mulish,76.46508,-0.9731597,65.26552,-0.12620877
Redemptible,68.47494,10.883147,65.26433,-0.12625352
Tallnesses,71.671074,1.2152439,65.23328,-0.12742066
Stereotype,70.52883,0.2201398,65.19238,-0.12895775
Reassume,70.44239,2.98067,65.1719,-0.12972774
Fictionize,67.881935,3.106193,65.16906,-0.12983441
Unidigitate,72.15755,-1.1241679,65.15501,-0.13036264
Knucklier,73.78092,-1.0135481,65.15294,-0.13044035
Achlamydeae,74.809135,-5.951865,65.14119,-0.13088198
Lutrinae,76.79567,-0.6005752,65.13818,-0.13099498
Rankish,70.916405,-2.5640063,65.13515,-0.1311091
Nontensile,67.95045,5.263773,65.13293,-0.13119255
Fakeer,69.87652,-0.30359966,65.12914,-0.1313348
Smokestack,73.34372,5.1656184,65.124756,-0.1314997
Metrostaxis,73.48124,-1.5615742,65.08893,-0.13284636
Ossianize,73.36993,-4.5526714,65.08042,-0.1331661
Graunt,70.57822,-1.6521828,65.05503,-0.13412048
Ornithopoda,68.25316,5.647412,64.99381,-0.13642153
Calenturish,74.19699,-0.48393035,64.978455,-0.13699879
Ampulliform,73.64856,-1.3708096,64.94805,-0.13814157
Modifies,69.331436,3.2561872,64.894615,-0.14015011
Thunderers,71.61646,-2.937145,64.89139,-0.14027141
Dislocator,72.15816,1.625134,64.87404,-0.14092353
Ampelidaceae,74.78508,0.36749157,64.86114,-0.14140846
Fricti,71.165955,-3.6541753,64.82207,-0.14287701
Warniss,70.402916,-4.6667476,64.78586,-0.14423802
Traitorwise,70.92542,3.3685749,64.78053,-0.14443819
Precontrives,76.79993,-5.305974,64.73284,-0.14623079
Bilharzial,71.33925,-0.8534999,64.732285,-0.14625172
Boxinesses,70.98849,-0.74531955,64.69589,-0.14761962
Uronology,73.14904,-3.1621237,64.69195,-0.14776789
Enkernel,73.36804,1.7018821,64.684425,-0.14805064
Amphodarch,71.86942,0.4041793,64.66483,-0.14878707
Unstill,78.63908,-6.7751527,64.624825,-0.15029089
Inphase,67.206474,0.33262333,64.59464,-0.15142535
Trapezium,70.89676,0.8140838,64.57489,-0.1521678
Burler,72.91488,6.7782054,64.54632,-0.15324175
Egeria,73.47982,-4.0195265,64.54557,-0.15326986
Pyloroscirrhus,72.913536,-5.512796,64.51049,-0.15458843
Piculs,68.87731,-0.95447713,64.5089,-0.15464808
Bareges,66.8831,-1.3601611,64.47903,-0.15577106
Tippiest,68.4286,-0.031634048,64.47452,-0.15594055
Sharkful,67.59482,2.5706952,64.45266,-0.15676214
Acutorsion,66.14178,-1.3536191,64.42584,-0.15777014
Excambion,72.00757,-4.0677743,64.38999,-0.15911768
Biosystematy,73.50584,-2.5611463,64.379295,-0.15951973
Dignitarial,68.881386,6.535337,64.37862,-0.15954526
Japanner,70.15889,5.3099313,64.376884,-0.15961035
Epiceratodus,61.148785,-0.2924059,64.37593,-0.1596462
Slotbacks,61.892647,0.8524426,64.36789,-0.15994845
Cowtail,71.77858,0.10010688,64.33547,-0.16116694
Rebite,63.971684,0.70241,64.33071,-0.16134588
Zymometer,69.32912,-3.2850447,64.32986,-0.161378
Pallial,75.05309,1.0740496,64.31936,-0.1617726
Waterbrose,72.61962,-2.5392478,64.290855,-0.16284397
Peronium,66.66736,-2.8126907,64.2717,-0.16356406
Quadrumvirate,67.90081,-1.9893571,64.26315,-0.16388524
Warrand,63.311195,4.6923447,64.253265,-0.16425689
Diaphoresis,71.620056,1.5592883,64.2216,-0.16544698
Timpanums,65.11109,-1.6739999,64.20428,-0.16609824
Phragmidium,67.34081,2.616015,64.18551,-0.16680369
Casper,72.65855,0.83240986,64.16581,-0.16754414
Cogman,72.33223,0.76338464,64.16248,-0.16766916
Kieserite,73.79966,1.2072816,64.159546,-0.16777958
Ectoparasitica,68.97963,2.7095835,64.1542,-0.1679806
Apaesthesia,74.69806,-5.9257975,64.1136,-0.1695065
Nonfighter,74.35532,1.2535248,64.08315,-0.170651
Phanerozonia,73.92207,0.06141025,64.07089,-0.17111185
Contraire,70.3446,0.50312644,64.046165,-0.17204127
Scovel,75.54251,-0.18736134,64.00568,-0.17356315
Epitrichium,69.92842,-1.4387898,63.972057,-0.17482682
Barbuts,73.20826,-1.1750591,63.96659,-0.17503229
Benefactorship,68.636505,4.7217298,63.957592,-0.17537053
Amenta,70.07387,-3.1903174,63.947754,-0.17574032
Metronomical,69.27251,-0.9456827,63.944195,-0.1758741
Gelatinigerous,68.08019,-0.5079379,63.94066,-0.17600702
Kailyards,65.191734,5.9089227,63.91623,-0.17692526
Queller,73.92757,1.9435538,63.899456,-0.17755572
Polymorphous,72.24784,0.7244154,63.891975,-0.1778369
Sherardize,71.93336,-1.3801944,63.88414,-0.17813142
Checkrows,72.4232,-1.9170264,63.816406,-0.18067735
Bespin,74.85475,0.34819987,63.780655,-0.18202116
Consignatary,72.480606,-0.18162535,63.763927,-0.18264991
Stanjen,69.82873,-2.6255457,63.714928,-0.1844917
Boltonia,72.59839,0.36069465,63.673386,-0.18605316
Diggings,64.494736,0.2843327,63.652924,-0.18682227
Cantatory,70.35782,-4.3050666,63.64957,-0.18694831
Hypophyseal,74.06848,0.52068645,63.627537,-0.1877765
Laminarite,69.58609,2.68845,63.61087,-0.18840295
Hemoplastic,69.503426,2.286837,63.606754,-0.18855767
Pleuronect,66.09007,-0.90932566,63.604057,-0.18865904
Cosmism,71.35276,-1.5921689,63.593258,-0.18906496
Mahjongg,67.30138,5.371427,63.57462,-0.18976554
Nanosomus,69.739395,-4.823778,63.525257,-0.19162095
Manchets,73.27227,-0.030303799,63.479237,-0.19335075
Drepaniform,72.35051,2.0596628,63.432213,-0.19511825
Cymbocephalic,69.36143,-0.95495844,63.40177,-0.19626246
Sudoriparous,70.19967,-2.493088,63.37889,-0.19712248
Jasperite,74.57725,-3.266066,63.34038,-0.19856997
Spirulas,65.00365,0.8624695,63.329967,-0.1989614
Chiavetta,72.27161,-0.57905006,63.31855,-0.19939056
Beamman,69.37007,-2.041643,63.30223,-0.20000395
Ericineous,70.25436,-3.9377544,63.27384,-0.20107102
Stonegale,70.806465,-1.254744,63.261036,-0.20155238
Plowwise,75.29008,1.37814,63.24971,-0.20197809
Pentameran,66.11561,-1.4143876,63.206676,-0.20359561
Prespinous,69.72435,-0.6492718,63.20643,-0.20360494
Brassies,72.05396,0.21475312,63.189896,-0.20422636
Hexamethonium,72.41446,0.08813048,63.189808,-0.20422967
Enwood,72.05268,-1.5561103,63.18601,-0.20437248
Introspector,65.48041,0.8252316,63.16041,-0.20533459
Scleroses,77.77222,-5.529002,63.1514,-0.20567326
Intermingledom,68.456245,1.6818691,63.144844,-0.20591974
Snapwood,66.833885,-4.337477,63.14294,-0.2059913
Bhisties,78.37683,-3.8367472,63.14233,-0.20601423
Aeromarine,71.31607,0.77595484,63.12433,-0.20669086
Emeril,70.52424,4.8193183,63.099052,-0.20764093
Priestshire,74.25074,-5.9790325,63.09349,-0.20785
Coolen,75.67033,-0.0041022897,63.087154,-0.20808816
Nannander,65.5585,-3.7089462,63.042557,-0.20976447
Transcendible,73.188286,2.0205824,63.041378,-0.20980878
Nonmalarial,71.94462,2.4881673,63.039894,-0.20986456
Curran,66.97105,-0.59702253,63.02984,-0.21024252
Epiperipheral,69.48879,1.7678874,63.02055,-0.21059166
Puinavi,63.81354,4.5255356,62.995583,-0.21153012
Junefish,68.88503,1.6430825,62.987434,-0.21183638
Epibole,70.01736,-1.010143,62.982315,-0.21202882
Nabatean,74.37902,-4.9702134,62.96703,-0.21260336
Tiglinic,66.18886,2.0107572,62.948685,-0.2132929
Becalm,74.18955,2.262305,62.9393,-0.21364562
Haulages,59.423016,2.0653117,62.910343,-0.21473406
Galleyworm,63.55042,3.3754573,62.907063,-0.21485737
Hutukhtu,69.23992,-0.14093195,62.873013,-0.21613723
Factual,66.16751,7.3924975,62.86619,-0.2163936
Ceteosaur,69.068085,-1.3222268,62.8478,-0.21708485
Phlegmless,71.6229,-5.3091493,62.83186,-0.21768406
Childes,68.10732,-1.446969,62.827026,-0.21786574
Tectosphere,66.14206,-0.063370906,62.82697,-0.21786788
Shuddersome,69.749825,-3.1812124,62.783062,-0.21951824
Nonspill,72.668846,-4.009981,62.769745,-0.2200188
Evanescence,73.54809,3.8728516,62.76702,-0.22012119
Gymnoconia,67.97634,-3.103342,62.7096,-0.22227956
Trehala,70.07408,-4.3664255,62.66,-0.22414385
Basiphobia,66.42397,-2.4860723,62.63385,-0.22512676
Underkingdom,65.88505,0.20056161,62.62617,-0.2254154
Oilfishes,70.036644,0.5751051,62.617607,-0.22573729
Beautifier,67.85811,-1.6670045,62.61405,-0.22587092
Bunglesome,71.9088,0.52652514,62.581142,-0.22710791
Panegyrist,68.068665,2.5316212,62.580124,-0.2271462
Zibethone,67.42084,2.4947865,62.577393,-0.22724886
Fidejussionary,70.56571,-6.310272,62.57672,-0.22727409
Toiler,67.34634,4.8098664,62.528458,-0.2290882
Sarcomata,75.94772,-1.2284557,62.527805,-0.22911273
Clubability,67.80203,0.8103574,62.522285,-0.2293202
Fizzer,65.00141,4.0120573,62.515804,-0.22956382
Cotillon,65.91653,-1.461504,62.514797,-0.22960167
Manipulability,69.45076,0.063600406,62.49764,-0.23024662
Aquarid,67.178085,4.0469794,62.47785,-0.23099035
Prerich,74.3941,-5.958111,62.469505,-0.23130408
Plattnerite,73.23344,-6.3225994,62.46813,-0.23135585
Preclaimant,66.64257,3.3928883,62.463852,-0.23151657
Premies,71.74644,1.2345072,62.4444,-0.2322477
Furnacemen,70.53576,0.14179471,62.44089,-0.23237962
Ichthyal,63.86536,4.4967256,62.421326,-0.23311503
Tesack,69.81139,3.940573,62.360355,-0.23540676
Skatikas,71.13375,-2.7077322,62.315556,-0.23709068
Haemacytometer,63.781605,2.728088,62.236584,-0.24005903
Egracias,62.722412,-1.3209785,62.234146,-0.24015066
Stronghand,72.64187,3.5182343,62.213146,-0.24093999
Laccoliths,60.62588,1.3047639,62.17658,-0.24231449
Scoopfuls,66.28958,1.2550753,62.169632,-0.24257559
Togger,73.629234,-0.9041239,62.16846,-0.2426196
Palmus,68.52588,-2.8044834,62.129528,-0.244083
Platinotype,69.2684,-4.2524242,62.088615,-0.2456208
Neurhypnotist,68.834404,-1.460476,62.068264,-0.24638577
Taluche,72.17966,-4.4488444,62.06106,-0.24665648
Leukosis,75.22591,-2.7337308,62.025333,-0.24799941
Engrosses,72.69659,-3.5166962,62.014854,-0.2483933
Postdiastolic,66.528656,3.5174572,62.01474,-0.2483976
Dovens,72.02284,1.9958032,62.007664,-0.24866357
Trestlework,65.861534,5.4869237,62.00647,-0.24870846
Spleetnew,63.568207,-4.113282,62.005447,-0.24874689
Nondesignate,64.45156,-5.2411838,61.972553,-0.2499833
Trophobiosis,74.580505,-0.29639176,61.966312,-0.25021788
Overspun,69.52679,-0.033433795,61.95474,-0.2506529
Automobilist,72.6199,0.0153044015,61.93211,-0.25150347
Populator,64.80977,2.413655,61.922527,-0.25186366
Jujuisms,63.418804,-1.4791515,61.909378,-0.2523579
Perfects,66.37723,1.3560941,61.87979,-0.25347
Swertia,69.88546,1.1101542,61.874363,-0.25367403
Maledict,71.129105,0.12527445,61.861515,-0.25415695
Mustachio,69.02937,-2.7668796,61.859127,-0.2542467
Quattrino,71.85271,-1.9961507,61.840054,-0.25496364
Interclash,65.477684,2.599009,61.8307,-0.2553152
Fleuronnee,69.810074,-0.4234821,61.82024,-0.25570837
Tribuna,68.376854,0.436361,61.81127,-0.2560455
Penduline,70.47734,-0.7712456,61.81025,-0.2560839
Newcomer,68.853035,1.9050531,61.80415,-0.25631317
Cookey,71.91786,-2.911308,61.794933,-0.2566596
Alburnums,74.7687,-0.5932553,61.790222,-0.25683668
Epicardial,67.26316,2.038002,61.777195,-0.25732633
Cisplatine,70.81552,-3.011382,61.749573,-0.2583646
Nonsurrender,68.81049,7.137073,61.745007,-0.25853622
Sintsink,71.30286,-4.2425876,61.710667,-0.259827
Jucuna,69.76103,2.5882168,61.705147,-0.26003444
Neutrophile,64.8282,-0.37990996,61.704327,-0.2600653
Capita,74.807816,0.68641233,61.671284,-0.26130727
Briarberry,68.049095,-0.43970603,61.63604,-0.262632
Ectocarpus,67.92825,1.6328862,61.62583,-0.26301572
Nonorthodox,67.642334,-2.604306,61.602226,-0.263903
Reenter,70.36362,1.6116178,61.595078,-0.2641717
Joggler,67.38229,4.5392194,61.566822,-0.26523376
Presses,74.49874,-2.1909966,61.52726,-0.2667208
Prevaricator,72.708595,1.8898811,61.517067,-0.2671039
Tettigoniidae,73.070366,0.830251,61.461273,-0.26920107
Polypi,62.61532,1.0996675,61.436634,-0.27012718
Naturize,73.45495,-2.0569632,61.423916,-0.27060524
Sickroom,64.27215,1.0569401,61.401363,-0.27145293
Ganowanian,68.31564,-2.5707295,61.352047,-0.2733066
Negritize,64.18498,1.9371042,61.351307,-0.27333444
Technics,66.96383,1.5743886,61.345287,-0.2735607
Reforbid,68.83818,2.7346509,61.330326,-0.27412304
Anabiotic,69.548874,-2.77653,61.31602,-0.27466074
Euryalida,67.4509,0.54414856,61.29529,-0.2754399
Appointees,57.21038,5.0909424,61.292755,-0.27553526
Compunct,61.72353,6.4682894,61.272076,-0.27631253
Primogenial,65.21473,3.3149245,61.26285,-0.27665925
Churchwoman,65.62176,-1.8098279,61.20458,-0.2788496
Pollenite,66.24084,2.2396464,61.19764,-0.2791104
Enclitic,64.915436,3.3955507,61.192303,-0.279311
Smallnesses,57.73625,2.5051324,61.189987,-0.27939805
Aspace,70.49628,0.063073486,61.184544,-0.27960265
Cladophorales,72.522514,-2.5136101,61.17956,-0.27978992
Rebathe,61.022995,1.75936,61.148365,-0.28096253
Physiatrics,68.66038,1.7862699,61.13754,-0.28136945
Ophian,69.113075,-3.0082152,61.12312,-0.28191143
Uromere,71.5539,1.476434,61.12011,-0.28202456
Brachyurous,69.70243,-2.0977929,61.11055,-0.2823839
Phalangerinae,70.65198,-1.6340514,61.10867,-0.28245458
Cembalo,65.9943,-2.2938762,61.108044,-0.2824781
Breird,63.203827,-2.4423335,61.107117,-0.28251293
Tholeiitic,67.57604,0.44137508,61.104103,-0.2826262
Trichinous,67.86212,-0.4041937,61.096737,-0.2829031
Stylelike,65.833466,-1.8225986,61.094883,-0.28297278
Stealers,68.704475,1.3969718,61.05419,-0.28450227
Rallyings,68.10911,-1.8774916,61.019337,-0.28581238
Tawneys,73.4335,-5.61468,61.013947,-0.28601497
Conatural,66.6878,1.3097916,60.991817,-0.28684676
Membranous,65.49308,3.2216554,60.982796,-0.28718588
Glossoscopy,74.532326,-3.8494093,60.971565,-0.287608
Subversives,57.800823,1.9320927,60.9705,-0.287648
Anthomedusan,66.37094,-0.702999,60.94527,-0.28859636
Azophenylene,71.89655,-1.6719491,60.937965,-0.28887093
Nondemand,68.782845,2.5352914,60.915085,-0.28973097
Unsensible,64.07365,0.40688837,60.90845,-0.2899803
Dahabiahs,72.53948,-3.467751,60.892265,-0.29058868
Collyria,67.681244,3.3986168,60.878403,-0.29110974
Cephaline,73.48356,-0.15171364,60.875004,-0.2912375
Galvanist,65.180466,2.4511228,60.874004,-0.29127508
Chitimacha,68.52312,1.1284058,60.868927,-0.2914659
Parapophysis,68.257,0.8825559,60.83515,-0.29273546
Superimposure,59.977383,-0.4720851,60.83037,-0.2929151
Musicophysical,61.256096,6.4796767,60.805676,-0.2938434
Mauler,67.642044,2.5063412,60.797096,-0.29416585
Rudimentary,62.824238,2.2293098,60.790604,-0.2944099
Caimacam,65.446266,0.33684835,60.76192,-0.295488
Disprofess,64.64205,1.461386,60.73472,-0.2965105
Trisyllabical,67.88813,-3.3763926,60.725426,-0.29685977
Gaultheria,67.47596,3.937249,60.71768,-0.29715085
Undealt,66.06783,4.200471,60.690456,-0.2981742
Backcasts,67.08775,1.6517687,60.683636,-0.29843056
Enswathe,68.79214,1.5093443,60.660473,-0.2993012
Chugalugs,67.010124,1.7965101,60.648464,-0.29975256
Epimyocardium,71.04982,-6.5191126,60.61012,-0.3011939
Totery,66.605316,1.3354216,60.59419,-0.30179265
Hardfist,67.52092,-1.6010457,60.583775,-0.3021841
Bowsie,68.281364,-5.1719093,60.551052,-0.30341405
Collectivize,61.08546,2.9967213,60.54749,-0.30354798
Maddock,67.85224,-0.4364946,60.54556,-0.30362055
Relubricate,64.8928,0.9850588,60.51396,-0.3048082
Intrado,71.947395,0.48484352,60.49691,-0.30544913
Sermonish,65.32263,1.0528438,60.48161,-0.30602425
Depasture,71.151985,0.92250025,60.471077,-0.30642012
Nordicism,60.84377,-0.68549526,60.466805,-0.30658072
Opiumism,66.147385,-4.2072306,60.463234,-0.30671492
Corvinas,69.053925,-3.7190633,60.45439,-0.3070473
Declines,59.14045,-0.5009389,60.434227,-0.30780524
Disorganic,62.766975,-0.37191975,60.420486,-0.3083217
Overbrutality,71.19034,1.0720798,60.41619,-0.30848315
Semibiologic,70.05966,0.4432243,60.407722,-0.30880147
Sesbania,66.415665,4.164441,60.39124,-0.30942103
Heterocaryosis,65.94995,-8.431767,60.386402,-0.30960286
Quipster,70.81146,-0.518676,60.38261,-0.30974537
Orguil,64.178055,0.24264757,60.331074,-0.3116825
Radicle,65.41923,-0.70513487,60.32151,-0.31204197
Gratias,64.92932,1.1921817,60.31307,-0.31235927
Supersafe,68.78651,1.5106599,60.31094,-0.3124393
Gemmate,67.161835,3.4170446,60.300034,-0.31284922
Chiffre,67.7206,-1.7672901,60.298126,-0.31292093
Matajuelo,69.55145,-3.379346,60.294716,-0.3130491
Permeates,72.69894,-1.9429567,60.28246,-0.31350982
Uncompass,67.929016,5.3031397,60.260963,-0.3143178
Wernerite,62.245564,2.6784902,60.25282,-0.31462392
Amaranthoid,63.69137,-2.8601646,60.218742,-0.31590477
Sanghs,68.8084,-1.2420272,60.206852,-0.3163517
Empiric,68.60303,5.7961297,60.188972,-0.31702375
Aubrieta,71.57516,-0.760863,60.18884,-0.31702876
Brunonism,65.33272,-3.7303987,60.186848,-0.31710362
Scutch,69.27838,3.2711356,60.17424,-0.3175775
Homicidious,68.95861,-0.56298,60.172985,-0.3176247
Shoggie,69.41549,-1.2579795,60.156853,-0.31823105
Polyglottonic,68.12094,3.2753286,60.151302,-0.31843966
Deviler,63.96586,-0.36296684,60.126434,-0.3193744
Moderant,66.50175,4.446999,60.117172,-0.31972253
Maizenic,72.04155,-2.8123095,60.105927,-0.32014525
Perreia,63.045563,2.986864,60.075085,-0.3213045
Backboards,64.7303,0.03060512,60.061337,-0.32182127
Operette,64.70938,5.1813073,60.041195,-0.32257834
Iodoprotein,67.656075,-1.3762833,59.997814,-0.32420892
Hinderlins,67.22744,2.1911373,59.98749,-0.3245969
Oxtongue,64.98431,1.1882346,59.976616,-0.3250057
Hetaery,66.96818,-3.0723174,59.97507,-0.3250638
Houvari,68.588326,0.11202497,59.97439,-0.32508945
Literalist,66.81115,0.409577,59.92728,-0.3268601
Coggie,63.691357,3.0229425,59.904682,-0.32770953
Genioglossus,63.727837,5.3741474,59.896492,-0.32801738
Hooven,69.957726,1.2157062,59.89375,-0.32812047
Thicky,67.29928,-0.12797835,59.88977,-0.32827002
Mosquitoproof,68.07077,-0.4267213,59.8752,-0.32881775
Aunthoods,61.20867,-3.3078697,59.8669,-0.3291296
Tenenda,63.945026,-0.14810959,59.82558,-0.33068275
Jacobinism,57.89124,1.5217239,59.823463,-0.33076236
Sphacelate,71.098335,1.6881717,59.80766,-0.33135638
Remagnify,71.08227,4.1018295,59.802956,-0.3315332
Wangtooth,72.77316,-1.9303435,59.789,-0.33205768
Procathedrals,65.85944,-0.24896675,59.77252,-0.33267725
Elfhood,60.98571,-1.3080631,59.72875,-0.33432245
Saintdoms,66.209045,-3.7326558,59.68865,-0.3358297
Salvator,69.5227,4.0957794,59.67392,-0.3363833
Whipstaves,60.776733,4.269501,59.671455,-0.33647597
Thermoses,73.11685,-0.96337926,59.664814,-0.3367256
Dibstones,67.508194,1.8514985,59.648598,-0.3373351
Mucolytic,70.0397,2.3484488,59.62275,-0.3383067
Lendee,67.66526,-0.9723555,59.61014,-0.33878058
Noncarbonate,69.16354,-4.4847717,59.609516,-0.3388041
Anabaptistic,63.988167,-1.5356878,59.572483,-0.34019607
Stemple,66.03139,0.74059355,59.569195,-0.3403197
Dichotomous,73.21467,0.1342293,59.557625,-0.34075457
Kronur,62.867413,-0.9722817,59.54732,-0.34114185
Archdevil,64.09008,-1.2363503,59.545113,-0.34122488
Ostreidae,70.27931,-4.315026,59.53282,-0.34168684
Submarinism,68.02974,-1.7532622,59.483902,-0.34352562
Dobies,70.48411,-2.0831852,59.483105,-0.3435556
Sideroxylon,61.695065,1.4254191,59.480095,-0.34366873
Hemispasm,70.90134,-2.6411097,59.467083,-0.34415781
Justifier,61.74388,-1.1227658,59.450157,-0.344794
Shatan,66.87207,1.353973,59.432426,-0.34546047
Laryngoscopies,59.559696,-1.1624857,59.40552,-0.34647176
Pycnanthemum,68.22939,2.7107399,59.3901,-0.34705147
Whippertail,65.030014,0.72641647,59.38268,-0.34733036
Vocalistic,68.4385,1.5985798,59.358932,-0.34822294
Coxankylometer,66.12341,1.6067737,59.348797,-0.3486039
Hypertensinase,69.22338,0.49791387,59.308186,-0.35013038
Wapper,68.35741,-0.22106501,59.295406,-0.35061073
Xenophoridae,68.57954,1.5949379,59.29199,-0.35073918
Atreptic,65.90239,1.3485043,59.28707,-0.35092402
Notholaena,61.893154,-2.2378435,59.277138,-0.35129738
Bloodstones,63.732414,-0.007015854,59.26781,-0.35164797
Amentaceous,68.322014,-4.754438,59.245865,-0.35247287
Photodermatism,65.324524,-1.2616508,59.23697,-0.35280722
Maclurin,60.776142,0.3171539,59.225185,-0.35325015
Precursors,53.482365,1.7079246,59.218483,-0.3535021
Netherlandic,67.48465,-0.83670634,59.217407,-0.3535425
Diaporesis,67.41295,-2.2653496,59.19515,-0.35437918
Stammel,66.31112,-0.75585157,59.19372,-0.3544328
Goeduck,69.341324,-2.7956688,59.170418,-0.35530874
Doings,58.25551,-1.4908514,59.158665,-0.3557505
Adaxial,59.91376,1.6372406,59.15824,-0.35576642
Periodicalism,59.561146,2.4787827,59.13225,-0.3567433
Aviatrix,68.20291,1.6870699,59.087254,-0.35843468
Carcinologist,63.83873,3.6959321,59.08564,-0.35849532
Beakiest,64.65574,0.5426992,59.080994,-0.35866997
Trainability,68.05474,0.52671725,59.073006,-0.35897022
Prowarden,60.909744,3.693547,59.06885,-0.35912636
Batteuse,59.57877,-0.03634657,59.01917,-0.3609938
Libral,65.16576,-4.9510922,59.01626,-0.3611032
Nigritudinous,65.65123,-0.290043,59.006363,-0.36147517
Tamulic,65.47552,1.9586433,58.9915,-0.36203378
Ziggurat,67.5779,0.038253024,58.98884,-0.36213386
Perigenital,63.180946,1.7802238,58.962234,-0.36313385
Plotties,71.23945,-4.2600617,58.94206,-0.3638922
Lentoid,69.33567,-1.328595,58.93947,-0.36398956
Caesural,61.51776,1.8936003,58.932583,-0.36424837
Potamogalidae,69.21509,-1.3828893,58.91879,-0.36476687
Hexacorallia,68.6107,-5.2678022,58.91718,-0.36482736
Machaira,62.73632,2.3475661,58.91444,-0.3649303
Opsins,61.283653,1.0466295,58.844807,-0.36754766
Replial,68.54526,-1.260761,58.84388,-0.3675825
Empathizes,56.87722,2.8838422,58.842144,-0.36764774
Breechesflower,69.75332,-0.5794246,58.819553,-0.36849687
Beqwete,69.79222,3.3607545,58.79072,-0.36958057
Avanturine,60.98471,1.4973845,58.790005,-0.36960754
Shittim,70.74133,-1.8254331,58.775177,-0.37016487
Pylethrombosis,70.902336,-6.7094545,58.763496,-0.37060392
Mossiest,65.52301,-2.3149726,58.75832,-0.3707985
Arthroempyema,70.86593,0.19909333,58.73678,-0.3716082
Otectomy,64.80378,3.4839082,58.70431,-0.37282854
Lamentory,65.00356,-0.04294815,58.69812,-0.37306124
Nakeder,70.4744,1.9992633,58.69798,-0.37306654
Preimpose,65.33566,0.68876654,58.694027,-0.3732151
Slavism,64.25645,-1.3959969,58.683697,-0.3736034
Excarnate,67.49168,1.449005,58.677433,-0.37383884
Epistemologist,61.632717,3.494314,58.67723,-0.37384644
Augmentor,63.489162,0.6758143,58.676056,-0.37389058
Kindlier,65.06649,2.0016594,58.67456,-0.3739468
Nematognathous,69.169174,0.44204444,58.670258,-0.37410855
Unvoluminous,62.020824,3.128085,58.66561,-0.3742832
Tetragon,65.34178,-0.004665673,58.657784,-0.3745774
Soilages,64.28175,0.7909036,58.607964,-0.37645003
Lichenicolous,65.14818,2.4695666,58.59668,-0.37687415
Kodaker,66.85709,1.947633,58.585663,-0.37728825
Counterparadox,66.56889,-1.1480433,58.549164,-0.37866017
Uncolloquial,69.333466,2.2036395,58.505386,-0.38030565
Unneural,65.36223,2.8415215,58.50365,-0.3803709
Pupilability,70.6851,-1.6268506,58.494186,-0.38072664
Sickener,64.59448,-2.1643083,58.484936,-0.38107434
Shapiest,62.95857,2.6114633,58.479664,-0.3812725
Freemartin,67.83174,-0.06204535,58.463398,-0.3818839
Ostensory,63.30979,-0.10909593,58.446953,-0.38250202
Ultrasubtle,62.08723,3.956811,58.398266,-0.38433203
Naturelike,62.25555,1.1259692,58.380745,-0.3849906
Kiters,60.510777,2.7636056,58.364845,-0.38558823
Bilithon,59.354908,0.2746026,58.364468,-0.38560244
Alphosises,67.692,1.4838061,58.30274,-0.3879227
Autarkist,62.834267,0.6099679,58.285828,-0.38855833
Parabiotic,69.60841,-0.08777979,58.277424,-0.3888742
Polymixiid,65.22459,-1.7438334,58.237675,-0.39036828
Supercelestial,64.63337,2.935289,58.232033,-0.39058033
Carrocci,64.28021,0.33488834,58.226486,-0.39078882
Indoctrinate,68.406395,1.1667517,58.22492,-0.39084774
Alkylates,66.40832,-3.3187854,58.21865,-0.39108333
Gunter,67.71567,3.952835,58.20254,-0.39168885
Skilfish,68.267784,0.9708568,58.188644,-0.3922112
Guesdist,65.68458,0.80727524,58.16345,-0.39315826
Semipros,59.573345,-1.0317285,58.16315,-0.39316943
Emphases,72.51835,-0.016297534,58.14998,-0.39366457
Helicopts,73.54537,-3.3705573,58.133514,-0.3942834
Dardani,63.56893,0.7373414,58.12833,-0.39447826
Peridiniaceae,68.01237,-1.1583853,58.10173,-0.3954781
Denervate,66.81637,5.873883,58.051907,-0.39735085
Lipopoda,61.304226,-0.09392947,58.04546,-0.39759317
Secularize,70.03931,1.8024334,58.002827,-0.39919564
Deresinate,62.56621,-0.08032745,58.002632,-0.39920294
Parchmentize,65.2132,-2.3603177,57.998783,-0.39934763
Psychobiology,61.47113,1.4751894,57.989975,-0.3996787
Platydactylous,70.33357,-5.987794,57.979218,-0.40008304
Gladdens,64.63028,0.66082525,57.974953,-0.40024334
Sceloporus,62.92777,-1.1622016,57.925,-0.40212098
Unitarist,62.074425,-0.868112,57.89857,-0.40311435
Panurgic,69.27588,-1.9635926,57.887703,-0.40352285
Peracid,66.53487,0.3680111,57.865074,-0.4043734
Scurvies,64.67765,-0.84564394,57.863644,-0.4044272
Effuse,64.73834,3.934281,57.85225,-0.4048555
Humiture,62.04046,2.887539,57.846577,-0.4050687
Retwists,70.40667,1.9545752,57.82912,-0.40572482
Thoughtsick,64.71657,-2.2106028,57.813137,-0.4063256
Hulverhead,71.60025,-6.544047,57.788326,-0.40725818
Homonomy,63.897434,3.4714808,57.738914,-0.40911546
Ithomiidae,64.92092,-0.23897536,57.73081,-0.40942013
Viduate,59.565063,0.89038473,57.73003,-0.4094494
Squawkiest,65.08583,1.9477704,57.723488,-0.4096953
Poloniums,64.323235,1.5023837,57.698174,-0.4106468
Clumsiest,66.112854,1.2323138,57.696255,-0.41071892
Burion,59.608273,0.8416307,57.66319,-0.4119618
Inworn,62.851303,0.55160177,57.661934,-0.41200897
Muckamuck,69.32381,-1.1782354,57.661865,-0.41201153
Ichthyomorphic,66.54466,1.3493953,57.601494,-0.41428077
Snecks,62.426144,0.1071772,57.585968,-0.41486433
Canopid,65.87843,-1.0127454,57.572613,-0.41536632
Metricates,70.59189,-0.19774535,57.549316,-0.41624197
Thrushel,64.22034,1.7160684,57.537773,-0.41667587
Ricrac,62.288147,2.1922054,57.511177,-0.41767555
Thesmothetae,64.59964,-4.3289385,57.508053,-0.41779298
Bittiest,64.38444,1.7462654,57.490875,-0.41843864
Seccotine,68.74062,-1.4867303,57.46962,-0.41923758
Detailist,62.106712,0.7924921,57.46933,-0.4192485
Asphodel,64.67762,2.9218526,57.41734,-0.4212027
Bolsterwork,58.255062,4.8037863,57.412315,-0.42139152
Squamomastoid,61.62388,0.34060997,57.397137,-0.42196205
Clavichordists,64.10619,2.4071846,57.393337,-0.42210487
Hereticate,65.82581,1.8596488,57.352978,-0.42362186
Roncos,66.54469,-3.7076385,57.352154,-0.42365286
Tiglon,61.658993,1.8076502,57.30104,-0.42557406
Houtou,67.27234,1.1391978,57.218445,-0.42867863
Mondego,65.02931,-1.0846647,57.215897,-0.42877442
Smalls,63.79696,0.8992796,57.204823,-0.42919067
Cosmosophy,61.264053,-3.6944983,57.19747,-0.42946696
Fenner,69.73002,-0.9381444,57.191822,-0.42967933
Punatoo,63.434593,0.38824105,57.17133,-0.43044958
Bearcoot,62.552025,-3.1997464,57.15652,-0.43100622
Varieties,53.151276,1.608716,57.146957,-0.43136567
Berkeleyism,61.01553,-2.0798461,57.142628,-0.43152842
Interminister,59.325134,4.7576733,57.134544,-0.43183225
Leaderette,63.72482,1.7172921,57.131313,-0.4319537
Numskull,64.07344,2.1112282,57.124443,-0.43221194
Intercentral,67.497215,-1.4617503,57.09694,-0.43324575
Sonatine,59.673103,1.2649287,57.093765,-0.43336505
Dadupanthi,64.27364,-4.2425914,57.08698,-0.43362013
Filthless,63.5802,1.6266354,57.031353,-0.43571097
Waterlandian,66.30761,-1.8657107,57.029682,-0.43577376
Cassegrain,60.229485,0.4768949,57.020554,-0.43611687
Mastabas,64.768715,0.30606428,57.01554,-0.43630528
Porterage,68.91599,2.645324,57.00208,-0.4368113
Apteria,56.26029,-2.3829372,56.978226,-0.4377079
Semitextural,61.696384,-1.2128818,56.975513,-0.43780982
Theatricalise,62.116184,-0.58399963,56.967045,-0.43812814
Mercify,68.11866,-0.68715316,56.96005,-0.43839112
Nematogene,64.90028,-0.4430592,56.948124,-0.43883935
Pranava,66.29719,-1.5493468,56.94623,-0.43891045
Meager,60.589134,2.8898764,56.9302,-0.43951312
Interscendent,61.277695,-0.24380209,56.928696,-0.4395696
Undignify,66.03896,4.085887,56.92302,-0.43978295
Wapitis,68.33713,-3.4363725,56.912907,-0.44016308
Treacle,62.56527,2.2679396,56.88977,-0.4410327
Chattelship,62.16609,2.6240768,56.88154,-0.44134215
Botchiest,62.92589,-2.639031,56.855682,-0.442314
Rubythroat,62.02216,0.5729942,56.85313,-0.44240993
Disavaunce,60.89555,5.4634995,56.827377,-0.4433779
Gastrophilism,59.810375,-3.6148093,56.81677,-0.44377667
Unmonarchical,58.395008,3.148053,56.81117,-0.44398716
Pinecones,66.58581,-4.2173467,56.810646,-0.4440068
Chingma,69.34906,-4.9487925,56.80007,-0.44440427
Amylolytic,63.33932,-1.2386595,56.772026,-0.44545844
Cubanize,57.45569,3.803418,56.76854,-0.44558948
Nonevocative,64.69403,-0.61295736,56.762974,-0.4457987
Xylidines,67.26531,-1.5701468,56.759594,-0.4459257
Kumbuk,61.88908,-1.7694508,56.75897,-0.44594923
Nonspecial,59.96183,-0.6049179,56.757153,-0.4460175
Caimitillo,65.80472,-5.4935784,56.74233,-0.4465747
Cathedras,64.58358,-1.9893914,56.74143,-0.4466085
Unknowability,59.291756,-1.7927747,56.73535,-0.44683695
Strass,63.481503,-3.8263378,56.708904,-0.44783103
Pentadicity,61.181908,1.4537914,56.708794,-0.44783518
Expropriate,64.03216,5.1677127,56.688786,-0.44858724
Cobeliever,63.71581,-0.7679894,56.68682,-0.4486611
Semiclose,63.960743,1.5568225,56.67113,-0.44925082
Overwrest,55.163822,4.344981,56.667366,-0.44939235
Sulfourea,65.52741,-0.9600597,56.646454,-0.45017838
Recock,64.70275,-1.9694355,56.63112,-0.4507548
Chitarrone,71.82863,2.1600835,56.629185,-0.45082748
Yeshiva,60.001743,4.5167065,56.614563,-0.4513771
Hingers,65.57417,-1.4207811,56.60734,-0.4516485
Diphenyls,65.850624,0.52607524,56.603058,-0.45180953
Overregulate,54.450855,5.0276465,56.58731,-0.45240143
Subregularity,62.067184,0.38258207,56.576927,-0.45279172
Panties,71.73035,-2.100635,56.56344,-0.45329875
Dissimulators,61.033123,2.3424401,56.559998,-0.45342806
Tyrannophobia,61.20077,0.84748703,56.545788,-0.45396218
Basaltes,66.59509,-0.63949215,56.528915,-0.45459637
Walkingstick,70.00419,2.1814325,56.528854,-0.45459867
Consummates,58.920223,0.83734405,56.527287,-0.45465758
Landwrack,62.040485,-3.733693,56.525608,-0.45472068
Novelise,66.65297,-4.245919,56.506634,-0.45543388
Semiannular,62.394314,-1.0815837,56.502613,-0.455585
Albuminise,62.12217,-4.6874537,56.499714,-0.455694
Overwoman,58.456398,-0.21563184,56.447834,-0.45764402
Lenaeus,65.09629,-0.55990255,56.400955,-0.45940608
Myxolipoma,66.71867,-2.8423784,56.387733,-0.45990306
Ultraservile,63.394814,0.23887447,56.38671,-0.45994148
Kniphofia,62.73394,0.3256788,56.33556,-0.46186414
Autograft,61.19257,5.0888357,56.335342,-0.4618723
Hopple,64.15573,0.6077627,56.289536,-0.46359408
Edemata,64.10562,-0.079069555,56.266136,-0.4644736
Inhumanism,63.115562,0.012699917,56.233555,-0.46569824
Scoliotic,64.71105,-3.2947583,56.219692,-0.4662193
Lollup,62.455498,1.5305537,56.20669,-0.46670797
Decream,61.763416,-2.2202246,56.169197,-0.4681173
Tracheole,65.415504,-1.195608,56.130775,-0.4695615
Furfuramid,65.94633,-3.5979981,56.130577,-0.46956894
Prognathous,60.4006,3.936392,56.110943,-0.47030693
Eyedroppers,61.859272,2.578986,56.101852,-0.47064862
Dawson,68.34867,3.176163,56.08895,-0.47113356
Guidecraft,62.998653,5.2070727,56.08119,-0.47142535
Ernest,65.39756,3.6737657,56.039375,-0.47299698
Fathogram,64.40265,0.6962811,56.035378,-0.47314724
Reposit,57.4477,4.102245,56.00788,-0.4741808
Curvifoliate,64.19946,0.824577,55.996304,-0.47461596
Equiarticulate,60.227467,1.7378606,55.99104,-0.47481382
Woundworth,63.208096,0.40346885,55.98358,-0.47509414
Practicianism,62.24773,-2.7373695,55.981663,-0.47516626
Pyrologies,62.54346,-0.6577601,55.97295,-0.47549376
Lavehr,63.64279,-2.496071,55.96645,-0.47573808
Spiraeas,62.363308,-1.4262719,55.949924,-0.47635922
Chokies,59.356655,-2.1527011,55.9464,-0.47649172
Thoron,60.630157,2.7727199,55.905567,-0.4780265
Squasher,65.793884,-0.9937251,55.895657,-0.47839904
Rantism,68.53876,-3.1676261,55.895527,-0.4784039
Ovaliform,63.584263,-0.6726628,55.858463,-0.47979704
Postauditory,63.550304,-2.9265726,55.852657,-0.48001525
Indicia,57.75065,-1.2169962,55.832157,-0.48078582
Sphenopsid,66.54452,0.8572016,55.813175,-0.48149928
Antidemocracy,53.691105,4.9014554,55.779915,-0.48274946
Overwarms,58.022266,0.6212435,55.77853,-0.48280153
Prongbuck,63.553635,2.282109,55.775856,-0.48290205
Chalcidica,61.96622,-5.610328,55.73694,-0.48436484
Iterances,60.22493,-1.7317601,55.718887,-0.48504335
Undresses,64.983154,0.62491083,55.71202,-0.48530143
Postliterate,65.37883,1.9102526,55.68706,-0.4862396
Fistularioid,66.83908,-0.4174875,55.684856,-0.4863225
Dorsispinal,63.512318,2.2713077,55.67746,-0.48660052
Nonembryonal,62.813004,-0.6600682,55.634644,-0.48820987
Multiframe,63.276047,4.0762706,55.608715,-0.48918447
Grifters,65.14861,3.9182675,55.606457,-0.48926935
Vingtieme,59.429512,-2.2534068,55.58328,-0.49014056
Lacerate,61.09362,2.3243542,55.546925,-0.49150702
Messianism,58.20092,1.090621,55.542896,-0.49165842
Jerque,58.480423,4.2565284,55.526604,-0.49227083
Truckle,63.13506,0.39428312,55.524734,-0.49234107
Abstain,58.841537,9.472658,55.50778,-0.49297842
Topmost,58.000523,-0.52343047,55.49625,-0.49341175
Theatrograph,63.14147,1.1359396,55.468796,-0.49444368
Whalemen,57.176437,5.381572,55.425488,-0.49607155
Dethroner,61.469833,-0.53529865,55.422783,-0.4961732
Enclog,63.187286,-0.5919777,55.420876,-0.49624488
Inducteous,67.34364,0.65805066,55.419075,-0.49631256
Dermatotherapy,69.29434,-1.5024453,55.40131,-0.4969803
Wither,63.461967,2.9700904,55.37515,-0.49796364
Pyropuncture,63.022324,1.6347913,55.363106,-0.4984163
Pretechnical,61.110996,2.277093,55.347446,-0.4990049
Erosional,61.263313,3.0894847,55.319534,-0.50005406
Hyenia,64.05177,-1.2648457,55.31456,-0.50024104
Sketchers,62.194923,-0.57566965,55.313473,-0.5002819
Discide,59.384716,2.3506413,55.307804,-0.50049496
Hesitance,60.11834,-1.3871589,55.30728,-0.5005146
Narine,61.522472,1.0896976,55.305927,-0.5005655
Alchemic,60.661064,2.501549,55.30354,-0.5006553
Prolongs,68.00353,2.772826,55.303406,-0.5006603
Husbandship,58.57372,2.149472,55.295128,-0.50097144
Britannian,62.400177,-1.2270097,55.278877,-0.50158226
Papuan,58.833065,4.466697,55.270725,-0.5018887
Heterocaryotic,60.309273,0.22489898,55.265545,-0.50208336
Meringues,68.44381,-1.0171994,55.263382,-0.50216466
Vizard,55.22276,0.21872273,55.248505,-0.5027239
Terrorless,62.582832,0.9478316,55.244194,-0.50288594
Naissant,60.789066,-0.025214478,55.2411,-0.5030022
Kukang,66.32184,-1.8887826,55.203938,-0.50439906
Unabsolute,60.36963,-3.5654957,55.20325,-0.50442487
Lamasary,62.068394,-1.8475266,55.20001,-0.50454676
Noninjurious,56.628117,4.449928,55.18935,-0.50494736
Myomorphic,66.141754,0.44113153,55.16273,-0.5059479
Araucano,64.5733,-5.6382475,55.145714,-0.50658756
Comourn,62.731934,-3.0645738,55.136414,-0.50693715
Ringgit,66.63961,-2.7876697,55.12238,-0.50746465
Immask,63.93767,-2.8290207,55.1222,-0.5074714
Temporalty,57.66854,0.3393941,55.10177,-0.5082393
Morticians,64.22936,0.28837806,55.09555,-0.50847304
Unillusory,59.86652,4.101299,55.074825,-0.5092521
Degummer,62.01926,3.3390985,55.07127,-0.5093857
Quinanarii,59.83664,-1.5664346,55.042854,-0.51045376
Disconsonancy,57.387157,2.955481,55.038376,-0.51062214
Tresis,60.515522,-5.8867655,55.03663,-0.51068777
Slivery,64.383545,-0.27296627,55.03426,-0.5107768
Buhrstone,63.407257,2.2154994,55.01311,-0.51157176
Sibyls,63.86845,-5.296505,54.992905,-0.51233125
Overhip,57.813694,2.5330038,54.98603,-0.51258963
Headreach,61.93036,2.4606986,54.982044,-0.5127395
Hyaloplasm,56.01531,-0.114129856,54.97568,-0.5129787
Limace,59.100906,3.2372086,54.96229,-0.5134819
Ontologise,57.276848,-1.2040275,54.94323,-0.5141984
Bawlers,60.008232,2.989878,54.926426,-0.51483005
Sauceplate,59.669308,-1.7076994,54.9192,-0.5151016
Fullery,61.728584,0.17151934,54.91521,-0.5152516
Frowst,61.522873,0.21555749,54.903557,-0.5156896
Hickish,66.27744,-1.8350564,54.88998,-0.51619995
Petrogenetic,59.321774,3.4878154,54.889324,-0.5162246
Unpenitential,56.45481,1.434927,54.886868,-0.51631695
Precis,58.642097,1.2715446,54.868122,-0.51702154
Ethmoid,67.22986,-0.37950724,54.860584,-0.5173049
Syllabe,66.573875,-2.1527572,54.826366,-0.51859105
Friezes,61.58585,-1.382438,54.79261,-0.51985985
Unmagisterial,60.641792,-0.42687935,54.72643,-0.52234745
Suboxid,62.13476,0.24966753,54.72201,-0.52251345
Customizer,60.78668,-0.382939,54.70072,-0.5233137
Tyrannidae,64.01609,-1.4545643,54.67809,-0.52416444
Chelem,57.200367,-2.676947,54.665825,-0.5246254
Tolerators,57.764946,2.556286,54.65968,-0.5248564
Bookwright,58.05808,0.5697269,54.65529,-0.52502143
Archdeaconship,62.428665,-0.6868231,54.65481,-0.5250394
Toolstock,68.91496,0.037567303,54.64892,-0.52526087
Calcitrant,61.50953,1.0633924,54.63143,-0.5259182
Unexonerative,64.87659,-2.2794046,54.607426,-0.5268205
Philologastry,66.4013,-2.5642068,54.605442,-0.52689505
Aviatrice,58.76843,-0.2598564,54.60057,-0.52707815
Yeomen,58.3052,3.2552109,54.57256,-0.528131
Tangipahoa,63.805378,-3.449276,54.538784,-0.5294005
Engleim,59.662716,0.30436498,54.494553,-0.5310631
Lifeleaf,59.715275,1.2015059,54.492783,-0.53112966
Annellata,57.168777,-2.0392547,54.491867,-0.53116405
Atheriogaea,56.40141,-3.323377,54.490864,-0.5312018
Demulsion,58.869164,4.1242137,54.48972,-0.53124475
Gothicism,61.191544,0.24238086,54.45478,-0.532558
Kippen,64.91813,0.9492896,54.444443,-0.5329466
Fieldleft,63.69709,-3.9422562,54.411953,-0.5341678
Smirchless,59.719364,-1.7523165,54.377693,-0.5354556
Plighters,60.136353,-5.660274,54.366768,-0.5358662
Foreknower,64.72503,-0.7757047,54.36255,-0.5360248
Goyana,64.45947,-4.4508824,54.34052,-0.53685284
Emperil,62.53802,2.3356752,54.310417,-0.5379843
Acromial,63.78393,0.23350269,54.29769,-0.53846264
Stratojet,64.84092,-0.3006431,54.281948,-0.5390544
Zoopathologies,60.61732,-0.48309895,54.269924,-0.5395063
Imbrue,63.13932,1.7303399,54.265278,-0.53968096
Bridgings,59.485985,1.3960141,54.252766,-0.5401513
Tetrole,55.34302,3.1494133,54.2498,-0.5402627
Distills,65.71225,4.193532,54.24932,-0.54028076
Petrogram,61.7941,-6.7605605,54.249184,-0.54028594
Sageer,62.468967,-2.728329,54.224968,-0.5411961
Unalaska,62.57812,0.8338043,54.20635,-0.541896
Fiberizer,60.81273,2.0261629,54.168213,-0.5433294
Paruria,61.19144,-3.1246037,54.130604,-0.54474306
Cherry,62.397526,1.445594,54.118237,-0.5452079
Interenjoy,56.793667,-0.24917558,54.106064,-0.54566544
Sextans,65.1694,-0.5554104,54.07744,-0.5467414
Vomicine,62.99839,-2.7674093,54.046276,-0.5479127
Innumerability,56.596535,2.2443793,54.033424,-0.5483958
Dollhouse,61.746006,1.2308068,54.02123,-0.5488542
Transmuscle,64.83465,2.9158704,54.000633,-0.5496283
Lysine,64.94238,3.120148,53.994778,-0.54984844
Cancellous,65.423874,-0.7140884,53.976124,-0.55054957
Acaricidal,62.635754,-0.94134563,53.95776,-0.55123985
Mispassion,64.12334,0.4195957,53.894226,-0.5536279
Untune,62.746975,0.99144346,53.881527,-0.5541052
Curarizes,59.105434,-1.7969044,53.876625,-0.5542895
Shiraz,64.65457,-1.4812899,53.863842,-0.55477
Backfires,51.946697,-0.7756733,53.852257,-0.55520546
Trademaster,64.03671,1.2700121,53.838577,-0.5557196
Dinitrile,63.2983,-0.59329605,53.832462,-0.55594945
Chitarrino,62.543816,2.0705948,53.817867,-0.55649805
Strives,56.616684,0.75889695,53.750465,-0.55903155
Doornails,56.180645,2.5629573,53.738274,-0.5594898
Cunnings,60.124542,0.6151928,53.735302,-0.5596015
Frasier,65.58147,-5.506607,53.73033,-0.55978835
Conormal,59.78131,1.310654,53.715736,-0.5603369
Blackfishes,59.31771,-1.5379874,53.70024,-0.56091934
Tenfold,58.279377,0.27573496,53.699013,-0.56096554
Enravish,66.274055,2.5551605,53.658722,-0.56248
Endolaryngeal,61.172348,-0.42083615,53.621502,-0.56387895
Postulance,58.401054,2.4227667,53.606056,-0.5644595
Arrowworm,61.76056,0.33869553,53.59763,-0.56477624
Babool,67.31492,-3.326102,53.59544,-0.56485856
Monodist,57.813824,5.3969035,53.58522,-0.5652427
Uninceptive,63.143776,-1.771036,53.550606,-0.56654376
Scance,60.783524,0.56816393,53.53696,-0.56705666
Pocketcase,59.633278,0.2923123,53.510418,-0.5680543
Radishlike,58.428486,-1.3032756,53.492382,-0.56873226
Subcircular,57.66537,4.0522738,53.492096,-0.568743
Uroptysis,51.37707,-0.35751662,53.49165,-0.5687598
Animus,59.24899,-1.1916927,53.47974,-0.56920743
Unspatial,62.554523,1.265637,53.472023,-0.5694975
Aldamin,66.25915,-2.2471128,53.46936,-0.5695976
Jarvies,63.37206,1.6162043,53.465397,-0.56974655
Benjamin,60.58918,2.1186044,53.44551,-0.57049406
Heavenliest,60.787624,0.48991573,53.425022,-0.57126415
Flavory,59.947548,1.2838879,53.412777,-0.5717244
Muscarine,65.3289,-0.67613685,53.40681,-0.57194865
Deaden,58.45186,3.834353,53.394184,-0.5724233
Pseudoparesis,64.63778,0.14208525,53.380497,-0.5729377
Nonreversion,65.42386,-0.3269056,53.379704,-0.5729676
Alogism,58.98553,-2.2036304,53.360634,-0.57368433
Lodgeful,59.42831,2.5302534,53.350918,-0.57404953
Bumbles,61.472237,-0.111291185,53.33511,-0.57464373
Inability,57.439713,0.9915712,53.316593,-0.57533973
Pawnbroker,59.341686,2.705132,53.295555,-0.5761305
Cultivars,55.538467,0.26219323,53.271706,-0.57702696
Forthgaze,59.517353,4.449005,53.265392,-0.57726425
Subungulata,65.280876,-5.3808227,53.260834,-0.5774356
Lissotrichy,58.623657,1.5166966,53.25523,-0.5776462
Potsies,57.096077,2.8521008,53.2355,-0.5783878
Pileous,64.6975,-1.7399454,53.23541,-0.57839125
Suprahyoid,57.255997,1.6959827,53.188786,-0.5801437
Ascomata,62.679173,1.344699,53.186806,-0.58021814
Photoradio,55.717037,-2.3171353,53.17932,-0.5804995
Trunnions,65.03639,-1.3699046,53.172977,-0.5807379
Vaginectomies,54.33478,-1.1082205,53.16779,-0.5809329
Bisnagas,57.927757,-1.5590892,53.14433,-0.5818147
Tachisms,56.026245,0.20131408,53.113754,-0.58296394
Unblindfold,64.104904,2.708568,53.10526,-0.58328325
Delphinium,61.290413,-0.40898535,53.08616,-0.5840012
Unsight,55.252316,2.237582,53.080723,-0.5842055
Explosive,60.118168,-1.4358218,53.066032,-0.5847577
Erotomania,58.379143,0.37325433,53.06217,-0.58490294
Megatheriidae,64.77319,-0.7423663,53.03138,-0.5860602
Salvors,54.950695,1.0806634,53.02725,-0.5862155
Tetrachlorides,60.52249,3.383387,53.012974,-0.58675206
Unintegrative,59.120266,0.33028567,53.001984,-0.5871651
Gralloch,61.277153,-2.8747067,52.988403,-0.5876756
Loomfixer,64.79997,-1.3430551,52.98173,-0.5879264
Underclay,62.293396,-2.032135,52.97707,-0.58810157
Rorqual,59.436638,-1.9935597,52.97259,-0.5882699
Kibitz,62.12466,1.8154233,52.95885,-0.58878636
Baidak,63.774265,-1.7350518,52.9369,-0.5896114
Diabetogenic,58.727497,4.498256,52.921,-0.59020907
Semiacetic,64.59943,0.52966076,52.908024,-0.5906969
Antidogmatism,64.59344,0.07784653,52.904415,-0.5908325
Oenophilist,60.919502,2.351239,52.888138,-0.5914443
Summerhouse,62.880253,4.8905864,52.887764,-0.5914584
Allosaurus,61.264423,4.343153,52.8858,-0.59153223
Fidepromission,58.106567,-0.82953566,52.882603,-0.5916524
Paracorolla,54.561985,-2.0259552,52.85674,-0.59262455
Upgrades,57.54565,-1.6428797,52.8421,-0.5931748
Sulphamide,66.14924,-4.19581,52.835686,-0.59341586
Clinocephalus,57.33238,-3.3876326,52.81357,-0.5942472
Slingshot,62.020477,2.438382,52.804035,-0.5946055
Sulfion,62.523357,-2.3989794,52.769806,-0.59589213
Subtepidity,60.884815,-2.3208175,52.757366,-0.5963597
Hammam,64.28687,-2.232141,52.747963,-0.5967131
Detenus,57.53191,3.0422525,52.72308,-0.59764844
Sugann,58.87179,-2.077901,52.704777,-0.5983364
Lightplane,57.084045,-0.7887474,52.695927,-0.59866905
Auxographic,59.12449,-0.8400528,52.695404,-0.5986887
Subtersurface,58.21633,0.1095472,52.693996,-0.59874165
Synoecious,63.424187,-0.53889924,52.69031,-0.5988801
Troves,55.747757,-3.2671561,52.67335,-0.59951764
Perineoscrotal,63.428337,-3.239869,52.654373,-0.600231
Gadger,63.56554,1.1633013,52.64982,-0.6004022
Leaseback,61.107,-4.1846075,52.648033,-0.6004693
Pothos,62.02285,0.16872498,52.62275,-0.6014196
Stallinger,61.07719,-1.0374914,52.59993,-0.60227734
Overvalue,62.668453,2.2859724,52.59564,-0.6024387
Balances,61.327065,-0.70701116,52.585167,-0.60283226
Fanons,63.112762,1.2469932,52.5799,-0.60303026
Menshevist,62.71441,-1.0855458,52.564598,-0.6036054
Vasospasm,65.675125,1.3589842,52.561428,-0.60372454
Barony,57.311375,1.4216897,52.529167,-0.60493714
Omadhaun,53.38746,6.165915,52.51969,-0.60529333
Sauceman,56.760403,4.072299,52.517994,-0.6053571
Bimetallism,62.649742,3.2057207,52.51428,-0.60549676
Cymbaler,58.48231,-0.25256562,52.51143,-0.6056039
Oviparous,56.05999,2.0495892,52.51056,-0.6056366
Psephitic,54.553673,2.7027485,52.50881,-0.6057024
Caccias,61.652027,-2.0894353,52.498085,-0.60610545
Dynamophone,60.82012,-1.0764014,52.48456,-0.6066139
Haftaroth,63.90811,-3.3902721,52.421547,-0.6089823
Solidus,58.23375,1.9508293,52.40223,-0.6097084
Puppyfish,63.656292,-1.6047461,52.392014,-0.6100924
Sanzen,59.748775,-0.4241363,52.377644,-0.61063254
Microeutaxitic,58.802708,2.3650534,52.366283,-0.61105955
Lashkar,62.343742,-0.8402606,52.329605,-0.6124382
Subnotational,57.012012,0.003223598,52.328842,-0.6124669
Reprints,53.97395,0.17958938,52.31406,-0.6130225
Chevrolet,60.47927,1.024893,52.29471,-0.6137499
Plateiasmus,55.13932,-1.2918488,52.282993,-0.6141902
Anomoeanism,50.29624,3.323295,52.264076,-0.6149013
Halteres,58.224915,2.23927,52.255383,-0.61522806
Swordman,54.26191,1.9910464,52.228443,-0.6162406
Scaphion,57.70976,3.5085192,52.22316,-0.6164392
Auditual,59.609417,1.222634,52.208996,-0.6169716
Hostiles,59.964344,-0.9277078,52.192093,-0.61760694
Potties,61.49931,-5.8627615,52.135178,-0.61974627
Procacious,59.55743,0.7451545,52.113148,-0.6205743
Abnormalise,54.773117,3.767785,52.09382,-0.6213008
Lowder,63.2071,1.1991646,52.071697,-0.62213236
Outscold,62.663395,-2.0672688,52.051853,-0.6228782
Subpunch,58.314503,0.539417,52.03917,-0.623355
Gentil,59.66448,0.39822638,52.01942,-0.6240973
Laurelwood,63.37957,-7.5810823,52.017796,-0.6241584
Blenniiform,55.09299,4.376164,51.96864,-0.626006
Doubts,49.359623,2.1970923,51.946552,-0.62683624
Tottlish,56.46987,0.06860162,51.942093,-0.62700385
Lotuslike,55.18277,2.099073,51.941265,-0.62703496
Deaneries,52.19705,1.0007046,51.939484,-0.6271019
Blasties,60.41851,3.9708147,51.927338,-0.62755847
Southbound,55.197964,0.82579625,51.91778,-0.62791765
Radiatoporous,57.754513,-2.340525,51.899906,-0.6285895
Xanthinuria,60.94778,1.3406063,51.88216,-0.62925655
Guajira,64.700714,-3.7651422,51.85293,-0.63035536
Waterproofer,60.67806,0.46364164,51.82737,-0.631316
Wasatch,65.502914,-2.5571754,51.825764,-0.6313764
Caiman,64.616875,-3.58213,51.792168,-0.63263917
Weathergleam,62.961052,0.23743367,51.78487,-0.6329135
Beshade,59.870895,-1.6757239,51.783413,-0.63296825
Milliphot,60.438023,-0.14185844,51.77582,-0.6332536
Decoat,59.56675,1.418957,51.755478,-0.63401824
Fantasias,59.130444,6.9155636,51.747818,-0.6343062
Antipass,60.643764,1.8217298,51.745373,-0.6343981
Skiffs,53.239845,4.61418,51.74099,-0.63456285
Overfit,57.033764,1.0427676,51.68343,-0.6367264
Objector,57.034325,4.48583,51.6822,-0.6367725
Redarken,60.558506,-2.1264908,51.65501,-0.63779455
Carcinogeneses,63.17186,-1.6800671,51.64523,-0.6381622
Overdebilitate,66.334435,3.3235993,51.642574,-0.63826203
Artifex,63.63724,1.545232,51.64101,-0.6383208
Airiferous,61.909748,1.4336046,51.620335,-0.6390979
Miliary,62.34635,3.5703886,51.59247,-0.64014536
Enchannel,59.166313,1.1730111,51.5904,-0.6402231
Psychorealist,55.487885,2.2826538,51.575592,-0.64077973
Redelivery,59.215794,1.3807163,51.564026,-0.6412145
Euaster,55.1065,3.8780582,51.535778,-0.6422762
Shandy,57.08115,1.0182331,51.50701,-0.6433575
Theropoda,59.013905,0.2923798,51.495594,-0.64378667
Masuriums,57.964603,-1.8313397,51.49209,-0.6439184
Dyestuffs,63.976337,2.6912186,51.471855,-0.64467895
Disloyalties,58.13103,2.552405,51.466457,-0.64488184
Decameronic,58.838406,2.9943566,51.462082,-0.6450463
Fetishize,63.96819,0.761425,51.428402,-0.64631224
Mellific,62.07026,-2.145644,51.39677,-0.6475012
Safflowers,65.00082,-2.2495718,51.378887,-0.6481734
Insectine,61.10494,-1.2807077,51.36956,-0.6485239
Fitchew,58.400917,-1.2658443,51.3452,-0.64943963
Salivous,60.06452,-1.2307627,51.332157,-0.6499298
Blunnen,57.762463,-4.0429363,51.30406,-0.6509859
Popeless,54.688972,-0.38566035,51.293278,-0.6513912
Outpush,64.75848,0.22058083,51.2687,-0.6523151
Benzonitrile,58.395874,-1.4741564,51.261845,-0.6525727
Cuneiform,53.61673,5.081991,51.25557,-0.6528086
Succulence,63.452656,-0.5991131,51.234825,-0.6535883
Tarcel,55.327625,1.6439251,51.234306,-0.6536078
Anauxite,58.321766,-1.6571087,51.23372,-0.6536299
Bridelace,61.58154,-0.26983035,51.228565,-0.6538236
Omnivision,55.8297,1.2093468,51.208572,-0.6545751
Unrestful,56.875523,0.25150654,51.208508,-0.65457755
Jetsam,57.882435,3.8706439,51.16813,-0.65609527
Deitate,59.867466,0.7391001,51.123802,-0.6577614
Achene,58.419262,2.672753,51.10466,-0.6584809
Summarizations,62.945976,4.151244,51.100254,-0.6586465
Coalsack,62.158115,-1.9345461,51.091824,-0.6589634
Substantives,63.100853,0.074003175,51.088608,-0.65908426
Sulfureous,61.146343,-2.6546772,51.086174,-0.65917575
Tackleless,57.162697,1.0207272,51.084015,-0.6592569
Cabook,61.817635,-0.6855973,51.076057,-0.65955603
Refrigerative,61.632954,-2.068762,51.074078,-0.6596304
Rabble,55.697323,4.602727,51.062946,-0.66004884
Microgauss,59.028175,2.8788037,51.008842,-0.66208243
Unoecumenic,57.531372,0.412256,50.99995,-0.6624167
Whitestone,57.457138,1.7433904,50.995686,-0.662577
Ichthyosaurid,57.466774,2.224183,50.99014,-0.6627855
Vishnu,60.120953,2.4243617,50.986553,-0.66292024
Photophysical,55.669964,2.521014,50.95613,-0.66406375
Obovate,55.53481,2.312625,50.95342,-0.6641657
Nomina,64.09796,1.1163018,50.948723,-0.6643422
Condemnatory,55.960567,2.8114216,50.936012,-0.66481996
Peritoneopexy,55.8952,1.7777196,50.921246,-0.665375
Assigns,42.984177,3.3201106,50.898384,-0.6662343
Checkups,55.588326,1.3774291,50.85205,-0.66797584
Debaucheries,54.65636,-1.3255551,50.837605,-0.66851884
Discontinuer,55.81823,2.8160517,50.836716,-0.6685523
Disboard,52.774757,-0.7343663,50.82482,-0.6689994
Wourari,55.4895,-4.5568814,50.810974,-0.66951984
Splashier,58.094616,-5.3645277,50.790195,-0.67030084
Bodywise,56.229126,3.6848469,50.787167,-0.6704147
Deathful,53.090183,2.0738318,50.779724,-0.6706945
Embolectomies,56.149025,0.82635546,50.746437,-0.67194563
Pseudoform,56.35028,1.4757736,50.713554,-0.6731816
Topographics,58.663013,3.073118,50.69976,-0.6737001
Evovae,53.349148,0.6352398,50.653,-0.6754577
Metropolises,63.57882,-0.15367402,50.6499,-0.6755743
Purkinje,56.13654,-0.2154594,50.64859,-0.6756235
Diamondize,57.859882,2.9697568,50.63212,-0.6762426
Iliadist,54.32382,0.6270907,50.620144,-0.67669266
Facund,58.44742,-0.15684593,50.598927,-0.6774902
Neuropodium,55.500996,-0.3177386,50.573532,-0.6784447
Whangdoodle,58.90705,-2.2381165,50.568527,-0.67863286
Guttee,57.808502,0.772509,50.56662,-0.6787045
Enlistees,61.26515,1.3994449,50.564537,-0.6787828
Mayvin,53.96271,4.134321,50.556522,-0.67908406
Glover,62.849064,2.5734022,50.553894,-0.6791828
Econometrician,55.998466,3.0626297,50.544846,-0.679523
Digitals,58.64065,-0.5707804,50.511864,-0.68076265
Forkbeard,61.772892,-2.609377,50.511673,-0.68076986
Pterodactylus,57.844418,1.2472138,50.473778,-0.68219423
Inoculability,52.469437,-0.12699836,50.46447,-0.6825441
Divertor,57.898888,-0.41440606,50.46102,-0.6826737
Stimulations,63.75189,1.2728415,50.443024,-0.6833502
Whippings,56.414124,0.28866813,50.438305,-0.6835276
Keyster,57.434464,-1.8087977,50.397305,-0.68506867
Bangtails,58.283936,-2.7232156,50.393093,-0.685227
Hairwood,57.18958,2.1950827,50.392666,-0.685243
Instructors,55.840393,-3.5444326,50.36346,-0.6863408
Admiral,58.58532,-0.3513259,50.362965,-0.6863594
Submerse,56.306244,1.957684,50.35471,-0.6866697
Natalian,55.555397,0.060042083,50.351532,-0.68678916
Startler,62.45586,-1.920699,50.34694,-0.68696177
Underlease,57.430653,-3.2181437,50.337955,-0.68729943
Gandhian,55.655895,-0.38523105,50.31882,-0.6880187
Pneumococcous,57.948734,-1.0268219,50.318806,-0.6880193
Heterotypic,57.022266,0.1516026,50.31732,-0.688075
Leatherboard,58.429607,-0.519345,50.31261,-0.6882521
Podiatries,56.834892,-1.7888209,50.305893,-0.68850464
Abstrusity,57.11969,-1.8600326,50.283615,-0.68934196
Areola,61.830616,-1.174393,50.25941,-0.69025177
Tabulare,54.88266,-0.41522703,50.22263,-0.6916343
Predeposit,58.284245,-0.45826286,50.20964,-0.6921225
Ruckus,61.915382,-1.970554,50.20192,-0.69241273
Predoctorate,57.34885,1.5525616,50.17452,-0.69344264
Hedgebreaker,56.59983,1.3894986,50.166656,-0.69373816
Ectoparasitic,57.34387,2.5764437,50.158165,-0.69405735
Resort,51.815937,2.5855255,50.157368,-0.6940873
Divertise,59.46869,-0.21857479,50.15224,-0.69428
Domiciliary,60.932163,4.20631,50.141876,-0.6946696
Serfism,56.431362,-1.3198833,50.10387,-0.69609815
Affinity,58.750214,5.1875687,50.081745,-0.69692975
Lungworm,60.060677,0.121790834,50.076077,-0.69714284
Rudbeckia,55.768528,1.1377099,50.051186,-0.69807845
Yellowman,56.216095,3.5574803,50.043102,-0.69838226
Crimpier,54.55505,-1.4446765,50.04105,-0.6984594
Formicariae,53.09239,-1.9542546,50.040966,-0.69846255
Rhodospermeae,61.639145,-4.373268,50.02169,-0.6991871
Negqtiator,62.141438,4.1163783,50.004032,-0.6998508
Tetragram,51.991936,-0.08647712,49.988895,-0.7004198
Oxyamine,59.079277,0.6439393,49.955368,-0.70168
Caroigne,61.13926,-4.1804905,49.936882,-0.7023748
Jageer,57.58415,-2.514196,49.92729,-0.7027353
Tolualdehyde,61.828552,-2.966794,49.920757,-0.70298094
Silvex,61.86521,-2.5650187,49.90892,-0.7034258
Makutas,58.041237,-2.5024786,49.89371,-0.7039975
Betatrons,52.81246,1.9541243,49.863777,-0.70512265
Midlatitude,54.944057,3.222942,49.8419,-0.70594496
Honorarium,50.09018,0.49948788,49.83875,-0.7060634
Kialkee,56.23545,-0.3210159,49.82241,-0.70667756
Betain,56.561016,0.51221466,49.80992,-0.707147
Samani,54.48497,0.64433026,49.785835,-0.70805234
Desecrations,48.97217,3.288297,49.76611,-0.70879376
Rohilla,62.86773,-3.7877722,49.764404,-0.70885783
Chromograph,53.119114,2.4098668,49.762886,-0.70891494
Ampelidae,57.226364,-1.6379874,49.727646,-0.7102395
Tigerlike,56.99398,-1.6784518,49.708645,-0.7109537
Balers,60.297558,-0.5548778,49.681942,-0.7119574
Anthography,55.79196,2.2694788,49.676857,-0.71214855
Catnip,63.209934,-0.6818686,49.67319,-0.71228635
Outwall,56.330395,2.5930648,49.668316,-0.7124696
Supervisionary,58.978054,4.8215456,49.660706,-0.7127556
Microbe,60.09342,-0.0037161373,49.660294,-0.7127711
Oxychloric,54.992725,0.9638513,49.655716,-0.7129432
Monoxime,58.451702,-0.7872557,49.64877,-0.71320426
Firebases,56.15482,-1.5760415,49.646862,-0.71327597
Steads,52.67458,0.48448598,49.63445,-0.71374255
Duodenum,57.630272,-1.3768144,49.628265,-0.71397495
Deificatory,58.99437,0.78065455,49.606205,-0.7148042
Prelect,57.006687,-3.3713794,49.604088,-0.71488374
Odontocele,59.32802,-2.9619095,49.596653,-0.71516323
Metallize,56.061832,1.1589661,49.582428,-0.7156979
Subinternal,58.54661,-2.5265062,49.55156,-0.71685815
Nonmorality,56.42685,0.80241156,49.546593,-0.71704483
Dispersonalize,60.135647,-2.7302284,49.534435,-0.7175018
Rosular,59.203148,-0.08135417,49.523094,-0.7179281
Briers,53.199673,-1.1570778,49.4852,-0.7193525
Ocypete,54.324028,-2.4278238,49.464504,-0.7201304
Barkstone,56.383133,3.637854,49.462086,-0.7202213
Skilts,57.859947,1.6640317,49.418774,-0.72184926
Viniferous,57.750847,1.9635451,49.416996,-0.7219161
Jukebox,54.87415,0.81395984,49.388496,-0.7229873
Plasmolysis,51.802395,2.297578,49.374203,-0.7235246
Soffits,59.029247,1.6568083,49.37326,-0.72356
Pantarchy,56.027534,-0.19575357,49.36214,-0.723978
Polarographic,55.41706,3.9416633,49.345146,-0.72461677
Chough,58.65536,-0.6023086,49.33795,-0.7248872
Softie,50.25661,3.153194,49.328716,-0.72523427
Beatific,59.966263,-2.331327,49.324543,-0.72539115
Nationless,52.310387,3.723696,49.322876,-0.7254538
Nondiagonal,58.00253,2.132091,49.317883,-0.7256415
Acetocinnamene,59.366528,-1.645069,49.31046,-0.72592056
Quantimeter,55.615658,3.5736384,49.291,-0.72665197
Maintenances,58.721577,1.7577556,49.287983,-0.7267654
Crossline,59.140434,1.038326,49.286724,-0.72681266
Gymnoglossa,57.707695,-5.4360313,49.276592,-0.72719353
Utible,54.07371,-1.6426121,49.275845,-0.7272216
Nonenunciatory,58.14905,-0.77925175,49.271313,-0.72739196
Glauke,54.00698,1.0728136,49.264824,-0.72763586
Aerosats,50.62766,-0.50758755,49.22904,-0.72898096
Eleuin,56.859085,-0.12604931,49.22644,-0.7290786
Bursters,54.4654,-1.2447788,49.169865,-0.73120517
Pashaship,58.48199,-4.4058576,49.136448,-0.7324612
Apollonian,55.12761,-1.6931474,49.136177,-0.7324714
Goitrogen,49.519447,1.7467787,49.091915,-0.7341351
Mesopelagic,56.95526,3.3920121,49.091484,-0.7341513
Carryovers,51.719463,1.262918,49.08846,-0.73426497
Vaginicoline,61.39479,-2.0836515,49.018047,-0.7369116
Ralstonite,58.866016,-4.7761526,49.008152,-0.7372835
Titres,56.358734,-1.9268427,48.999996,-0.7375901
Lignicolous,56.40952,2.379796,48.987656,-0.7380539
Reoccur,56.28349,-0.5370756,48.965645,-0.7388813
Strainproof,56.757347,-0.70884824,48.935707,-0.74000657
Perpetualist,59.64484,1.399694,48.928516,-0.7402768
Despond,47.018196,3.8855534,48.915977,-0.74074817
Flajolotite,56.45009,-1.139534,48.909832,-0.74097914
Palaeocene,58.398724,0.16129039,48.9085,-0.7410292
Shibahs,57.103863,-3.251659,48.873817,-0.7423328
Paella,59.05557,0.49494398,48.82585,-0.74413574
Godmotherhood,51.421833,2.6089654,48.81251,-0.7446372
Foiler,57.11921,0.3475575,48.80802,-0.74480593
Involutory,58.26925,2.0800648,48.797813,-0.74518967
Diuretics,49.92408,-0.7851364,48.796192,-0.7452506
Sholom,56.12095,0.73002213,48.789944,-0.7454854
Welshlike,55.008873,-1.8404037,48.73688,-0.7474799
Antiquary,56.21674,2.9630604,48.72452,-0.7479445
Snarlers,57.57435,-0.68533295,48.72164,-0.7480528
Bottine,54.400146,-1.6310937,48.720528,-0.7480946
Revolute,54.482273,1.8826461,48.707275,-0.74859273
Secreta,51.89068,-3.0283244,48.7,-0.7488662
Chaconne,56.29348,3.708583,48.690033,-0.7492409
Rosarians,54.876278,1.6426884,48.66262,-0.7502712
Madship,47.58094,2.318933,48.658413,-0.7504294
Cachot,55.123074,0.22087887,48.654625,-0.7505717
Faradizer,57.484512,0.25263742,48.637165,-0.75122803
Clubhands,54.02942,1.3878845,48.634422,-0.7513311
Amnion,56.197613,0.8078747,48.587315,-0.75310177
Maharajah,58.620735,-1.1687546,48.570393,-0.7537378
Hydrosilicate,59.991917,-2.1453986,48.541718,-0.75481564
Oxalacetic,61.422474,1.3328053,48.511734,-0.75594264
Yugoslavia,58.533066,0.35832673,48.510284,-0.7559972
Spadefish,57.92227,-1.1020632,48.502163,-0.7563024
Stoolball,59.57957,0.33292335,48.495193,-0.7565644
Lionisers,58.276073,-1.8337591,48.478863,-0.75717825
Foretooth,51.26099,6.7881126,48.476,-0.7572858
Spaghetti,57.562725,3.8833578,48.473427,-0.7573826
Griots,56.93461,-0.055989563,48.46976,-0.7575203
Nonambitious,59.504974,1.8755898,48.4643,-0.75772566
Baculites,62.291374,-1.267681,48.464176,-0.75773025
Unmilitant,54.639458,0.49393168,48.461315,-0.7578378
Kabbala,56.924744,-3.2285566,48.44421,-0.7584807
Ecumenic,50.906887,2.8963957,48.42748,-0.7591096
Nonconsent,58.04135,1.0558507,48.382885,-0.7607858
Alumite,52.790382,3.4260864,48.36196,-0.76157224
Elaphrium,50.85876,-2.7657444,48.355667,-0.7618089
Zootomist,54.46858,-1.929973,48.338364,-0.7624592
Badiaga,57.23405,-3.2157621,48.32538,-0.7629473
Spoonfuls,54.200348,-0.2262086,48.319378,-0.76317286
Chewiest,51.174507,1.4198867,48.3156,-0.76331484
Isolates,60.6188,-1.6835146,48.315536,-0.7633172
Trematosaurus,51.85946,-2.709989,48.30793,-0.76360315
Narwhale,61.05289,-0.45344707,48.295113,-0.76408494
Enlight,49.937183,2.9080398,48.27261,-0.7649308
Foreheads,55.889427,0.97922814,48.243813,-0.7660132
Guittonian,51.909325,-0.59599805,48.242653,-0.7660568
Replacer,52.44829,0.24524555,48.23664,-0.76628274
Expressional,49.85043,1.3470852,48.21303,-0.76717013
Knobby,57.313538,2.1780136,48.19866,-0.76771027
Lacerta,54.20744,-1.6852064,48.192295,-0.7679496
Stereography,54.760548,2.0595098,48.168976,-0.7688261
Multiengine,50.77606,3.266719,48.167446,-0.7688836
Disarmer,58.55107,1.9817003,48.132626,-0.77019244
Progressor,52.056206,-1.2031115,48.131996,-0.7702161
Proteiform,55.578552,-0.82660687,48.089855,-0.77180004
Onondaga,60.468895,-1.9346884,48.089096,-0.7718286
Breech,50.158924,1.3705848,48.08455,-0.77199954
Placaters,52.19674,2.0172896,48.08003,-0.7721694
Annuitant,56.22996,4.975449,48.066544,-0.7726763
Organise,55.98342,1.6665602,48.05248,-0.773205
Conoidic,54.898666,1.5879635,48.030773,-0.7740208
Judaize,54.265182,2.6709747,48.027058,-0.77416044
Ceroline,56.776978,-3.259891,48.00965,-0.7748147
Garancine,54.905254,-0.8232451,47.997234,-0.7752814
Umpirages,55.188763,-2.0834205,47.982784,-0.7758246
Mishit,58.52881,-4.453834,47.957745,-0.77676576
Cyclamate,57.493755,0.73831695,47.89375,-0.7791712
Cheekish,51.949383,0.74269694,47.89062,-0.77928877
Conditione,61.188076,1.7123789,47.855354,-0.7806144
Tacheometric,56.60997,-0.9440071,47.797398,-0.7827928
Dispersible,51.252182,5.9787283,47.791885,-0.78300005
Horticulturist,57.47446,4.264307,47.78014,-0.7834415
Amphiploid,55.836136,5.826726,47.76879,-0.7838681
Neolalia,55.66242,1.2178563,47.764797,-0.7840182
Samucu,57.63068,-0.8315834,47.762035,-0.784122
Unpoignant,55.354115,0.5906496,47.759975,-0.7841994
Fibrine,58.701866,-2.1583424,47.715546,-0.7858694
Homeric,55.148952,2.8311257,47.715206,-0.78588223
Stippler,54.818935,3.9503212,47.696217,-0.786596
Animisms,49.675434,-0.049589366,47.68053,-0.7871856
Normandy,60.56369,-1.9269078,47.678047,-0.78727895
Autoloaders,50.70562,-0.87442845,47.67664,-0.7873318
Interrenalism,54.10149,0.58492494,47.640472,-0.7886913
Psychometry,57.545227,-3.1673968,47.630756,-0.7890565
Upcasts,48.42484,2.142099,47.616165,-0.7896049
Parage,54.88957,-1.258492,47.604935,-0.790027
Chestnutty,55.687973,3.153313,47.60377,-0.7900708
Paedometrical,56.65094,-0.8306156,47.597385,-0.7903108
Stowaway,49.622498,6.136706,47.589676,-0.7906006
Magnetosphere,59.057358,0.8920551,47.578533,-0.79101944
Bengali,61.28751,-0.8069988,47.5497,-0.7921031
Planetaries,51.591934,-1.8667307,47.54782,-0.7921738
Larderful,57.09173,-2.3156521,47.514904,-0.7934111
Macrodontism,50.668423,-1.1699346,47.501038,-0.79393226
Castra,54.841087,0.38829076,47.478928,-0.7947633
Quiets,58.265175,2.9621472,47.332825,-0.800255
Lavatories,54.76303,-1.6380616,47.31996,-0.8007385
Pectunculus,48.38889,-1.041004,47.262405,-0.80290186
Bovids,52.99198,-1.664127,47.226986,-0.8042332
Inique,58.835728,-2.9248486,47.214405,-0.8047061
Peppershrike,54.950417,-1.7813442,47.20998,-0.80487245
Portas,50.84604,0.737223,47.205006,-0.8050594
Scrubwoman,54.83487,-0.53764653,47.203636,-0.8051109
Enleaf,53.49763,-0.6222132,47.1901,-0.8056196
Sarmenta,58.22326,-5.3156304,47.186672,-0.8057485
Calaboose,56.22614,0.37050027,47.18172,-0.8059346
Hyperploidy,47.518646,-0.0996805,47.170177,-0.8063685
Hubbub,54.555786,3.5207298,47.108955,-0.8086697
Kulturkampf,57.642033,1.0563871,47.0398,-0.8112691
Distain,58.091118,-1.0395722,47.028946,-0.81167704
Flamelike,54.318577,-0.5586221,47.01616,-0.8121577
Lipoblastoma,57.668102,0.4538018,47.010834,-0.81235784
Hypobaric,56.961403,0.9035645,46.993214,-0.81302017
Australianize,55.02987,2.136115,46.98621,-0.8132834
Dracaena,52.923332,5.0883584,46.97623,-0.8136585
Spirituel,53.3086,-1.0659295,46.96317,-0.81414944
Monoflagellate,54.724762,-1.8694903,46.94833,-0.8147072
Mastiffs,53.812626,0.06701793,46.94505,-0.81483054
Cornet,56.573196,0.006254442,46.9227,-0.8156706
Jockstraps,60.201855,-1.3364288,46.92067,-0.8157469
Brassie,57.03719,-2.3698373,46.91156,-0.81608933
Standup,59.22428,2.3393602,46.906593,-0.816276
Turnipwood,56.8,-0.48241505,46.881603,-0.8172153
Rockbird,53.42744,-1.4017874,46.8758,-0.8174334
Stileman,53.26618,-1.5722075,46.86958,-0.81766725
Internuncios,49.093357,1.8110876,46.856518,-0.8181582
Diocese,52.103203,0.8044481,46.834667,-0.8189795
Puritanizer,52.617004,-0.1912795,46.812355,-0.8198182
Rushland,53.51634,-1.0680153,46.782394,-0.8209443
Hawksbill,50.034874,1.6582249,46.777725,-0.82111984
Synergic,56.11304,0.883173,46.76713,-0.821518
Polystomata,60.63883,-1.7767348,46.7536,-0.8220266
Feteritas,60.366585,-1.1386126,46.7075,-0.82375944
Formulators,46.970066,1.6291337,46.70103,-0.82400256
Noninductive,53.64086,-3.3035529,46.69622,-0.8241834
Cancerite,52.42859,-0.5583985,46.66619,-0.82531214
Updive,54.76026,2.3055978,46.637386,-0.82639486
Tropospheric,52.784027,-1.1153711,46.62856,-0.8267266
Farley,50.719414,4.0900984,46.622887,-0.8269398
Eccrinology,58.619915,-3.3728843,46.618996,-0.8270861
Lidgate,57.098476,-1.6113424,46.61345,-0.8272946
Betula,49.08092,0.061791502,46.6045,-0.82763094
Thanatosis,53.645668,-0.23741126,46.590622,-0.8281526
Phosphatidic,54.773045,5.417062,46.567223,-0.8290321
Zarnec,58.398823,-1.3384084,46.56143,-0.8292498
Radiotracer,53.196594,1.5975839,46.55436,-0.82951564
Sepoys,54.619007,-1.2386281,46.53365,-0.8302941
Puberal,55.464245,1.2672243,46.523003,-0.83069426
Choriocele,55.7909,1.6770229,46.521767,-0.8307407
Andvari,54.978764,-1.5840913,46.504383,-0.8313941
Mothproof,57.362766,-1.3629751,46.46681,-0.83280647
Sarongs,54.807083,0.16362053,46.449673,-0.83345056
Selenite,57.65306,-0.13315302,46.41619,-0.834709
Marauders,53.830296,-0.44938552,46.415062,-0.8347515
Reticle,46.771687,1.5866004,46.387867,-0.83577365
Broomwood,54.194622,0.69416857,46.38766,-0.8357814
Oscillometer,54.4319,0.51156116,46.367268,-0.8365479
Spiritualiser,51.931103,-1.8865197,46.33796,-0.8376496
Lepidophyte,55.066902,-2.0330768,46.331436,-0.83789474
Dosimetrist,54.75377,-1.4623668,46.303753,-0.8389353
Brazilite,53.848797,2.5436027,46.28826,-0.8395176
Phosphamic,56.770187,2.048473,46.26757,-0.8402953
Concipiency,58.015083,0.9574342,46.26491,-0.8403953
Rockfishes,53.827976,1.2740444,46.260586,-0.8405578
Penscript,55.75975,-1.7666042,46.24358,-0.8411971
Inaudibility,55.496788,2.646947,46.23534,-0.8415068
Sorbian,55.444103,-1.6621982,46.22004,-0.8420819
Tillman,54.87518,3.173907,46.201073,-0.8427948
Scatophagidae,57.82726,0.7723164,46.17206,-0.84388536
Cuboctahedron,54.913387,0.19728926,46.170982,-0.84392583
Columbines,57.34786,-2.355048,46.164883,-0.8441551
Heaters,48.51034,2.171628,46.143436,-0.8449612
Scientism,50.100742,-1.0925828,46.13918,-0.8451212
Junkyards,51.91278,1.8271357,46.080406,-0.84733033
Cerolite,54.702263,0.5842458,46.05487,-0.84829015
Calvous,58.48538,-2.685512,45.949722,-0.85224247
Proletarianism,49.517826,-2.6264875,45.939674,-0.8526201
Connecters,54.90687,1.0991533,45.91653,-0.85349005
Heterophaga,52.74122,-6.114823,45.90468,-0.85393554
Outback,59.331135,-1.6105945,45.832504,-0.8566484
Sartorius,52.114994,2.0059423,45.829247,-0.8567708
Hypogastric,52.06041,0.9212882,45.792503,-0.8581519
Urbaner,52.181824,1.2179288,45.78787,-0.85832614
Tropistic,57.563892,0.8012343,45.768276,-0.85906255
Resourceful,49.671673,4.6951647,45.76398,-0.859224
Nybble,47.74805,1.4394822,45.74783,-0.8598311
Blennies,54.988667,0.76591444,45.74243,-0.860034
Horsebane,57.97576,-1.1842743,45.724865,-0.8606943
Jackboot,56.616077,2.4446437,45.704662,-0.86145365
Blackboard,56.906445,0.13285214,45.70215,-0.8615481
Emirates,60.381714,-0.10845116,45.69319,-0.86188483
Valuta,53.51401,0.9794062,45.681465,-0.86232555
Lancelets,52.801697,-1.6506827,45.675877,-0.86253566
Adversarial,49.957935,2.9523458,45.663734,-0.86299205
Cornmeal,50.73536,3.4394956,45.66051,-0.86311316
Paralogism,49.414005,-2.5029213,45.6353,-0.8640608
Thymoma,55.801884,0.11008032,45.626827,-0.8643793
Naturalistic,54.238396,2.7151804,45.619553,-0.8646527
Imides,47.93857,-0.8169116,45.615524,-0.86480415
Thicken,56.363136,0.011921145,45.60325,-0.86526555
Pregame,49.91106,0.50029325,45.593494,-0.8656322
Greyhound,49.397102,5.056344,45.585888,-0.8659181
Taxameter,50.42922,1.8635734,45.55714,-0.8669986
Omnipotent,55.64185,1.4463967,45.552464,-0.86717445
Narcissistic,53.948723,1.3194368,45.475178,-0.8700794
Outthruster,53.313416,0.9100872,45.46034,-0.8706372
Intarsias,47.640137,-0.6636434,45.436596,-0.87152964
Archiheretical,49.87857,0.5989734,45.434734,-0.8715996
Disconnections,44.51677,1.0325788,45.343422,-0.87503177
Chaptrel,49.680664,0.17325282,45.312347,-0.8761998
Biospeleology,51.12624,-1.2496682,45.30654,-0.87641805
Oxidises,52.233883,-1.2601725,45.29579,-0.8768221
Cinnamate,52.000607,2.4262471,45.29074,-0.87701195
Tidings,55.980434,-1.287908,45.237225,-0.8790235
Demulsifier,52.415985,2.029586,45.234825,-0.8791137
Nonprofession,48.246964,3.6796148,45.2188,-0.87971604
Fructoses,56.24105,-3.504543,45.185104,-0.8809826
Flandan,55.62492,-2.0136433,45.14062,-0.8826546
Gazogene,53.546417,2.313981,45.12988,-0.88305837
Hemadynamics,50.595093,0.25356945,45.100456,-0.8841643
Keraunophone,55.977776,-2.7745101,45.098846,-0.8842248
Leipzig,53.104267,-0.44011694,45.094677,-0.88438153
Geoglossum,50.276352,-1.2309667,45.061295,-0.88563627
Coalmonger,53.00706,-1.574345,45.04791,-0.8861394
Pastoral,50.768276,6.1639104,45.020973,-0.88715184
Antipolitics,55.615242,0.2603315,45.002266,-0.887855
Escambio,48.957317,1.7116199,44.976284,-0.8888316
Acidifiers,53.300426,-1.2056338,44.96836,-0.8891294
Waxflower,53.119274,0.752032,44.962105,-0.8893646
Remould,59.15525,0.37761787,44.952988,-0.88970727
Arriero,52.660244,2.913799,44.92203,-0.8908708
Pyelometry,50.492844,2.090741,44.91656,-0.89107645
Eclogic,51.547512,1.5620492,44.892014,-0.8919991
Almsgiver,51.87902,3.2362225,44.88055,-0.89243
Chamade,50.668995,0.5762217,44.866978,-0.89294016
Burgages,54.96679,-0.7826893,44.854454,-0.8934109
Fumier,56.52112,-2.7465672,44.84182,-0.8938858
Quaresma,48.456177,-3.0577734,44.828773,-0.89437616
Mediumism,50.91586,2.4910896,44.80361,-0.89532197
Chignons,50.223114,-0.6297512,44.787415,-0.89593077
Abolitionism,49.263485,-1.4060925,44.782307,-0.89612275
Chemotropic,54.346413,0.039299633,44.778435,-0.8962683
Kingship,52.526115,0.30293775,44.773094,-0.896469
Subprior,44.879635,4.0415125,44.706825,-0.89895993
Lawsuits,49.71976,3.5308435,44.699795,-0.89922416
Inefficiencies,46.464447,0.8031522,44.69766,-0.89930445
Pronouncer,49.447876,3.5854874,44.688404,-0.8996523
Metrectasia,48.14616,0.028292358,44.682384,-0.89987856
Buggymen,50.435688,0.60226214,44.651142,-0.9010529
Apothems,51.41338,-0.63970405,44.622257,-0.9021386
Brills,49.178013,2.6671422,44.612152,-0.90251845
Heterosis,54.776546,0.16006595,44.610382,-0.90258497
Liroth,47.738346,0.05637279,44.583908,-0.90358007
Nasality,53.683174,1.2226831,44.581394,-0.90367454
Lifeward,57.907116,1.4661272,44.578594,-0.9037798
Jointers,50.39769,6.4552164,44.536587,-0.9053588
Kinaesthesia,48.012794,1.4604464,44.53474,-0.9054282
Unresidential,50.00838,1.0616232,44.529118,-0.9056395
Afrikaans,58.636833,-0.15161878,44.527298,-0.9057079
Chrosperma,46.84197,2.1192384,44.524994,-0.9057945
Wiseacreism,49.96416,0.49094263,44.514946,-0.9061722
Fulminant,49.364563,2.659343,44.467827,-0.9079433
Reliabilities,49.894413,2.197467,44.449394,-0.9086361
Unconvenience,52.83509,1.0754973,44.4434,-0.9088614
Dinaric,53.479084,-0.74231595,44.43898,-0.9090276
Pencilwood,52.446354,1.2751021,44.43877,-0.90903544
Methoxy,50.128105,0.5776269,44.37775,-0.91132903
Distressful,49.4581,2.678054,44.36786,-0.91170084
Bloodsuck,45.309933,2.0148165,44.362713,-0.91189426
Stratography,44.89084,-0.8051159,44.330395,-0.913109
Neopaleozoic,51.307777,1.2385507,44.318027,-0.91357386
Guelph,51.999905,0.10713022,44.26309,-0.9156389
Innate,46.67855,0.55287945,44.225414,-0.91705495
Encephalocele,53.931034,1.2198529,44.22511,-0.91706645
Rehash,50.60484,0.43990636,44.206585,-0.91776276
Impotent,51.907623,-0.34751362,44.194324,-0.91822356
Acetamidine,55.529175,-2.119595,44.193653,-0.91824883
Voices,47.25468,0.6612808,44.175385,-0.9189355
Devalue,46.016945,5.4326143,44.14281,-0.9201598
Cultivations,50.081917,-0.7381792,44.1258,-0.9207992
Treponemiasis,55.516487,0.6816063,44.12475,-0.9208388
Febricide,50.50317,2.0526812,44.124104,-0.920863
Lambdas,53.000706,0.5893138,44.084156,-0.92236453
Shotguns,45.56829,3.9154327,44.05963,-0.9232864
Sulphurous,53.36277,-0.5960698,44.048023,-0.9237227
Bajocco,54.635883,-3.6324477,44.043037,-0.9239101
Firebreaks,43.05488,-1.4693562,44.03091,-0.9243659
Billionaire,45.519394,4.189031,44.019547,-0.92479306
Guider,48.631737,2.863737,43.99734,-0.9256277
Cystoidea,51.137688,2.9441576,43.976192,-0.9264226
Waiver,56.269104,0.36926675,43.9578,-0.9271139
Rivell,52.143635,2.806851,43.915764,-0.928694
Armories,50.51173,1.0247617,43.89683,-0.9294056
Nontheoretical,51.463085,0.3054576,43.88212,-0.92995864
Cyperaceous,54.88577,0.20946808,43.839756,-0.9315509
Badger,56.231853,-1.2656928,43.799946,-0.9330473
Percussion,51.476795,2.2140975,43.79931,-0.93307126
Sadducees,51.912804,-3.1026886,43.775536,-0.93396485
Curtain,54.37929,1.7378168,43.775208,-0.9339771
Antiglobulin,53.898544,1.2633362,43.76019,-0.93454164
Viscoid,54.02001,5.132322,43.697838,-0.9368853
Anosmic,48.904354,-0.2884768,43.6815,-0.9374994
Hellholes,52.634495,3.1115468,43.660297,-0.9382963
Fortunize,49.535454,0.068364576,43.648964,-0.9387223
Eurasian,53.979942,2.9409013,43.647503,-0.93877727
Syriacism,50.166832,-1.2374456,43.64743,-0.93878
Saponine,50.387905,1.9063883,43.599136,-0.9405952
Dispassion,47.969868,3.4897592,43.56838,-0.94175136
Goatsbeard,56.27932,-2.8958483,43.559803,-0.9420737
Avenue,52.60958,0.5538355,43.551357,-0.94239116
Chytrid,48.365532,3.2189357,43.54874,-0.9424895
Rooflike,49.401703,4.991246,43.54277,-0.9427139
Synapticulate,57.074432,-3.0612552,43.529335,-0.9432189
Dishwares,54.903408,-0.48141846,43.52102,-0.94353145
Pumice,56.656384,-1.5769991,43.49642,-0.94445604
Herbaceous,51.407978,3.2439234,43.482655,-0.9449735
Phyllodia,51.76475,-2.677184,43.481846,-0.9450039
Equidiurnal,51.190536,0.31826743,43.48158,-0.94501394
Nitrator,55.9984,4.1312575,43.466965,-0.94556326
Anomalies,43.383213,0.44601333,43.40749,-0.9477988
Poultice,55.930202,2.4260614,43.40465,-0.9479054
Oriolidae,53.80289,0.32498077,43.34456,-0.9501642
Bengal,51.10575,-1.5949681,43.30045,-0.95182216
Preexecutor,50.91087,1.3074105,43.29815,-0.9519086
Zongora,57.236446,-3.0071435,43.294064,-0.9520622
Birdfarms,52.16223,0.34708244,43.29334,-0.9520894
Magnetimeter,49.25816,1.7004126,43.27444,-0.95279974
Inexpensive,44.78348,3.4981189,43.26264,-0.95324326
Enologies,52.300144,-1.8234942,43.252678,-0.95361775
Eclampsia,50.894043,2.2023525,43.248466,-0.95377606
Rebound,50.34232,4.8184414,43.242043,-0.9540175
Pincheck,53.342487,-0.14147474,43.223846,-0.9547015
Tribromide,53.41007,-1.777401,43.184505,-0.9561802
Chaldaism,50.46482,-2.1462843,43.177937,-0.9564271
Squirreltail,50.248295,1.3767581,43.173077,-0.9566098
Declivity,54.79681,0.66441417,43.129395,-0.9582517
Nebraskans,45.388462,0.8691444,43.128113,-0.9582999
Nomadism,46.84433,4.468427,43.115726,-0.95876545
Extensor,47.166687,3.5133219,43.09705,-0.9594675
Bloodlettings,48.30747,1.7505827,43.087654,-0.9598206
Undeductive,47.150444,-0.20576069,43.071144,-0.9604412
Pictographic,52.80843,1.958016,43.039375,-0.9616353
Bandits,50.325138,-3.0466764,42.971954,-0.9641695
Chondrectomy,52.2072,3.5780458,42.96925,-0.9642711
Colonial,51.235973,3.2107964,42.959255,-0.9646468
Demineralizer,48.211754,-1.8092523,42.95804,-0.96469253
Lamblike,49.122036,-2.8430002,42.937916,-0.9654489
Connexity,51.452885,2.9990933,42.89788,-0.96695375
Ghibli,52.67214,0.72750473,42.81419,-0.97009945
Garter,49.682228,2.1923604,42.78036,-0.971371
Proven,48.5171,2.3030155,42.774746,-0.97158206
Lacings,55.34042,2.5134265,42.76893,-0.97180074
Tampons,52.983185,-0.14679895,42.739376,-0.97291154
Amorphous,50.519756,4.255984,42.730663,-0.973239
Sabbathaic,55.33389,-4.0446725,42.721085,-0.9735991
Haemolytic,47.162968,5.2591133,42.67452,-0.97534937
Intentions,49.333523,0.46040738,42.66112,-0.9758529
Carolina,48.915,4.4933043,42.654423,-0.97610474
Recommender,49.900227,2.792357,42.632076,-0.9769447
Merwoman,54.97091,-2.9332607,42.61844,-0.9774573
Technonomic,52.465458,1.709335,42.604603,-0.97797734
Salesmanship,46.293053,1.9138942,42.59462,-0.97835255
Thermogenesis,54.492466,-1.8031042,42.591972,-0.9784521
Muscovy,50.92513,-1.6906329,42.55854,-0.97970873
Midterms,50.430458,-0.61131585,42.536373,-0.98054194
Aptnesses,46.61698,3.613863,42.496536,-0.9820393
Delthyria,47.959114,-1.5659889,42.47459,-0.9828642
Oversprung,49.47912,-1.1987904,42.4492,-0.98381853
Ramekin,53.313553,3.0901906,42.432644,-0.98444086
Cryptococcus,50.874844,2.5081987,42.40387,-0.9855224
Pignon,49.503166,-1.6127417,42.380486,-0.9864014
Planigraphy,53.979755,1.1888067,42.34801,-0.98762196
Doctoral,51.33454,3.324708,42.335014,-0.9881105
Sparrowwort,51.375206,0.7979001,42.334858,-0.9881164
Motilities,47.11861,0.7077845,42.321808,-0.9886069
Wisdom,48.513794,2.214713,42.31781,-0.9887572
Mammoths,47.189457,-0.85559636,42.299774,-0.9894351
Applicative,46.632557,3.287248,42.284786,-0.98999846
Neurology,44.919724,3.1971362,42.28221,-0.99009526
Gestura,49.45154,-1.7946457,42.26899,-0.99059224
Trafficability,49.779274,2.7161112,42.22866,-0.9921081
Durban,48.64055,3.7052124,42.220997,-0.9923961
Sprain,52.162086,2.0720716,42.187424,-0.99365807
Subpools,47.684963,0.40145168,42.182446,-0.99384516
Schemas,48.106003,3.1369417,42.179066,-0.99397224
Tachyon,51.672585,2.7620153,42.153778,-0.99492276
Ascendent,46.709637,4.8572288,42.1271,-0.9959254
Transits,43.083145,-1.345088,42.106575,-0.996697
Abiogenetical,52.380543,-2.2719162,42.10439,-0.99677914
Hydrogens,51.461502,1.5730057,42.076767,-0.9978174
Ninebark,45.756084,0.76302046,42.06837,-0.998133
Lymphatic,51.40118,3.1743085,42.01923,-0.9999801
Nucleophilic,46.19913,2.9176574,42.017338,-1.0000511
Cosmologygy,44.63408,0.8733764,41.95682,-1.0023259
Precisionism,50.54326,0.9747814,41.923534,-1.003577
Pyuria,45.527283,1.1607531,41.879406,-1.0052357
Chirographic,49.558426,3.1143098,41.87504,-1.0054
Cobleskill,55.6724,0.20502569,41.84813,-1.0064113
Caldera,49.556366,2.9039378,41.81592,-1.0076219
Phoneme,52.328896,2.6282597,41.814564,-1.007673
Canoeist,50.54629,3.5134537,41.7151,-1.0114115
Poundkeeper,48.519886,-0.40760154,41.69612,-1.0121249
Mortality,46.375504,2.681481,41.680683,-1.0127052
Sonship,51.617172,-1.2721562,41.66013,-1.0134778
Codebooks,43.744244,1.9676404,41.618504,-1.0150424
Duffels,57.876858,1.3049753,41.615314,-1.0151622
Pilotages,48.488384,2.5042863,41.600967,-1.0157015
Chaffinch,53.579327,0.1481459,41.579197,-1.0165198
Cerulein,49.583202,0.49211287,41.56905,-1.0169013
Relationals,46.556046,1.2580656,41.561058,-1.0172017
Catalogers,45.734013,1.3610923,41.543816,-1.0178497
Astigmometer,53.84171,-3.0303197,41.537132,-1.018101
Caricaturists,50.50533,2.098724,41.518307,-1.0188086
Unshackle,49.051296,2.6624088,41.510445,-1.0191041
Flexion,45.813545,3.2461674,41.42754,-1.0222203
Shrubland,49.593422,1.5501679,41.427464,-1.0222231
Birdbaths,47.035183,-1.0410919,41.418945,-1.0225433
Authorizer,48.460026,0.87324125,41.390507,-1.0236123
Hildebrandism,50.08988,-0.81563604,41.38135,-1.0239564
Craton,49.517002,0.18951431,41.37957,-1.0240233
Reclusery,51.705124,-1.653462,41.280003,-1.0277659
Bryophyte,50.134815,0.43459222,41.252697,-1.0287921
Bandpass,45.110073,2.5504913,41.239967,-1.0292706
Thatchwork,45.954414,0.18121552,41.23191,-1.0295734
Hornworm,47.963615,0.22886936,41.231247,-1.0295985
Bootlaces,49.081955,1.8669095,41.110283,-1.0341451
Prodigy,45.72766,-0.84451896,41.10722,-1.0342603
Monolithic,51.601376,1.1880543,41.060387,-1.0360206
Swordtail,45.97127,2.911132,41.04622,-1.0365531
Fieldmice,44.686077,0.68028283,41.040184,-1.03678
Spermosphere,50.467087,-0.68439543,41.0362,-1.0369297
Expediential,49.468838,1.6662079,41.004765,-1.0381113
Crowns,39.56645,2.8934314,40.979992,-1.0390425
Sandstone,48.162704,-0.19991617,40.95535,-1.0399687
Juggernauts,46.354874,0.8403422,40.90762,-1.0417628
Banish,42.11952,3.6869133,40.89975,-1.0420586
Postscripts,46.478584,3.4594834,40.899334,-1.0420742
Epochs,47.82755,1.3337545,40.87287,-1.0430689
Melanics,52.70713,-2.485276,40.86264,-1.0434535
Verandas,48.106964,1.2156202,40.784058,-1.0464072
Erbium,52.459496,0.0019124597,40.7752,-1.0467402
Coinmaker,49.219402,-0.7656956,40.732872,-1.0483311
Sporotrichosis,48.873947,0.40671468,40.726776,-1.0485603
Consent,45.334732,1.4142354,40.69438,-1.0497779
Foreteeth,47.60302,1.146256,40.565624,-1.0546175
Mercantilistic,51.6291,0.134108,40.51835,-1.0563946
Zombies,49.16779,1.3812675,40.514835,-1.0565265
Hideout,47.38665,4.338339,40.504208,-1.056926
Hymenopter,45.289497,2.87139,40.504044,-1.0569322
Porphyrin,45.059273,1.6649133,40.481655,-1.0577737
Corroborations,51.905293,-2.4091883,40.4597,-1.058599
Relativistic,48.298744,2.7353854,40.417995,-1.0601666
Shofars,50.09382,-0.9297991,40.39004,-1.0612173
Omnivorous,43.840694,-0.7806188,40.374054,-1.0618182
Mycobacterial,46.840332,2.145863,40.364082,-1.062193
Confounders,43.41519,0.8271129,40.361202,-1.0623013
Sideshake,47.956078,0.47930622,40.360374,-1.0623324
Gastrotricha,50.585804,0.30183798,40.360325,-1.0623343
Mastmen,48.359653,0.5710422,40.30507,-1.0644112
Postlude,45.061234,2.8026288,40.30156,-1.0645431
Corporalities,41.500008,3.7937512,40.27197,-1.0656554
Mucocele,46.553017,1.6620086,40.26291,-1.0659959
Wiretaps,48.52887,0.7428706,40.23359,-1.0670979
Problematic,49.121975,0.96530116,40.22758,-1.0673238
Gastrin,44.38299,2.6578422,40.189125,-1.0687692
Halifax,50.001743,-1.0953256,40.17321,-1.0693674
Sudatorium,51.174496,-0.61902124,40.158775,-1.06991
Caulicule,46.751675,-2.9465399,40.03671,-1.0744982
Producers,45.08872,1.1638106,40.03564,-1.0745384
Morales,48.317738,-0.59199566,40.033,-1.0746375
Budgies,43.718533,1.1756146,39.977554,-1.0767217
Termites,41.861053,2.1006532,39.953983,-1.0776076
Ouzels,46.916046,-3.2062178,39.934555,-1.0783379
Coyotes,43.79052,1.5622993,39.866653,-1.0808902
Glitterance,47.52636,1.0625743,39.821278,-1.0825957
Fractureproof,45.441746,-0.21078286,39.81361,-1.082884
Genesiology,46.776176,-1.9274313,39.6767,-1.08803
Nuthatches,43.486427,0.26479632,39.649467,-1.0890536
Extrasolar,43.167233,2.3771253,39.634254,-1.0896255
Dublin,49.977116,2.5634835,39.630882,-1.0897522
Tanneries,42.504543,1.2997204,39.616024,-1.0903107
Orotherapy,46.88731,-0.68989456,39.611458,-1.0904824
Resinous,45.743443,0.93539435,39.60656,-1.0906664
Serpette,45.631588,-1.9599696,39.602604,-1.0908152
Intune,43.591373,-1.731077,39.58867,-1.091339
Breakouts,42.625645,-1.1474098,39.584816,-1.0914837
Reluct,36.421764,2.4084604,39.551792,-1.092725
Aquarius,49.67779,-0.20132,39.5502,-1.0927849
Embryologies,50.37099,-1.5901408,39.542824,-1.0930622
Acupuncturists,45.155045,3.5021129,39.515892,-1.0940745
Ecstatic,49.249035,1.1068302,39.51351,-1.0941639
Formolite,46.97104,0.080047995,39.45458,-1.096379
Pellmell,47.885082,0.23744243,39.436737,-1.0970497
Sarcolite,50.288002,-1.5497355,39.423412,-1.0975505
Rattlertree,45.51021,-1.3982949,39.422165,-1.0975974
Oxytocin,50.44843,-2.4460056,39.383984,-1.0990325
Bacteriology,47.48539,-0.9013638,39.331005,-1.1010239
Phaenogenesis,47.94216,-1.9923055,39.325817,-1.1012189
Micronutrient,46.002674,5.6368275,39.30622,-1.1019554
Singles,48.30018,2.7939131,39.301987,-1.1021146
Arbours,50.58539,1.0571318,39.16255,-1.1073556
Tallowberry,47.671234,0.2146376,39.109013,-1.1093681
Malayalam,51.361534,-2.0362368,38.99306,-1.1137264
Colinearity,44.53225,0.21144241,38.94522,-1.1155245
Disability,47.393677,3.1569576,38.88755,-1.1176922
Playfield,43.668358,1.1864835,38.851376,-1.1190519
Scandinavians,49.150105,1.2429894,38.81299,-1.1204948
Forebode,46.907402,1.4324911,38.761707,-1.1224225
Unprolific,46.544994,0.022398278,38.691742,-1.1250522
Parody,45.4953,3.4675431,38.555477,-1.130174
Perceivability,47.86821,0.42933863,38.55311,-1.1302631
Filefish,42.019016,2.665126,38.496655,-1.1323851
Handlooms,45.331272,3.1590586,38.49061,-1.1326123
Radiochemistry,48.07939,0.7121016,38.48632,-1.1327735
Dimmer,46.332752,2.8366175,38.462772,-1.1336586
Immigrations,48.206497,2.363674,38.417397,-1.1353642
Mecodonta,44.30573,-2.1014552,38.395443,-1.1361893
Cosines,46.887062,-1.1828413,38.322178,-1.1389432
Irrelevant,49.225933,-2.4559913,38.314083,-1.1392475
Substyle,46.29768,1.2058628,38.292126,-1.1400728
Abroad,47.072124,-2.7859478,38.221645,-1.142722
Endosymbiosis,44.168045,2.281011,38.220524,-1.1427642
Flavours,50.42729,1.5338072,38.208324,-1.1432227
Azeotrope,46.195564,-1.6539205,38.19418,-1.1437544
Battlements,44.15999,0.292668,38.11411,-1.146764
Houndsbane,48.356655,0.23195612,38.097847,-1.1473753
Guitar,42.08398,4.751163,37.96621,-1.1523232
Colonizers,47.632244,-0.30145943,37.95618,-1.1527002
Bloomage,51.490612,0.43272352,37.75395,-1.1603016
Carotenoid,47.17764,-1.8833871,37.734577,-1.1610297
Checkpoints,43.630905,1.6557709,37.716408,-1.1617126
Prisms,44.472202,2.845675,37.634865,-1.1647776
Forelimbs,42.26911,1.6329601,37.624138,-1.1651808
Gynecologic,45.288074,4.654841,37.585335,-1.1666393
Bequest,44.24546,2.0222034,37.552433,-1.1678761
Postface,45.698982,3.386003,37.51303,-1.1693571
Eurodollar,48.43108,-0.7529907,37.366898,-1.1748499
Guyana,48.96969,0.6052856,37.244507,-1.1794503
Presets,38.853313,1.8332156,37.224274,-1.1802108
Platings,43.18866,1.0407083,37.13205,-1.1836773
Docudrama,44.351116,1.9180337,37.08846,-1.1853157
Memorial,42.26134,4.913792,36.983196,-1.1892723
Winegrower,42.25412,4.7497644,36.939835,-1.1909021
Gemmologists,42.78334,3.5528576,36.906956,-1.192138
Tarsier,47.237865,-0.77768666,36.869675,-1.1935393
Loyalties,42.00604,0.52975184,36.84741,-1.1943762
Hohokam,45.74964,0.7448145,36.716637,-1.1992916
Sindhi,47.132206,-0.5256231,36.71004,-1.1995395
Selfsame,44.858772,0.09942298,36.571716,-1.2047389
Yorker,45.419125,1.4170746,36.568703,-1.2048521
Pterodactyls,40.093025,1.3054305,36.451828,-1.2092451
Lenticle,46.23736,-0.13274315,36.37031,-1.2123091
Dielectric,45.347237,1.8253951,36.33441,-1.2136586
Erectile,40.16911,3.4194674,36.32836,-1.2138859
Tinctures,40.34474,1.2283535,36.306202,-1.2147188
Methodizer,45.242954,-0.038576916,36.27901,-1.2157409
Bogota,48.384613,-1.3762788,36.272038,-1.2160031
Padcloth,42.535637,2.5848045,36.152725,-1.2204877
Formulations,40.369244,0.6142091,36.126812,-1.2214617
Gradientia,48.67788,-1.0140783,36.117947,-1.221795
Oregonians,37.725494,2.336359,35.898476,-1.2300442
Warmth,39.877098,0.94110173,35.832794,-1.2325131
Unicef,47.40256,-2.2676432,35.735493,-1.2361704
Camouflage,49.381935,0.73972374,35.647556,-1.2394757
Semeiotic,47.85602,-1.8553535,35.609627,-1.2409015
Kvarner,46.68727,0.7108207,35.536587,-1.2436469
Impressionists,41.782585,0.9825222,35.502792,-1.244917
Metabolic,41.145973,3.4767885,35.479424,-1.2457955
Theatres,38.41558,3.1347883,35.400925,-1.248746
Collard,45.07725,1.3985924,35.29991,-1.2525429
Bollards,41.83789,0.62424296,35.271526,-1.2536098
Steelhead,43.281265,1.1700208,35.235252,-1.2549733
Celiac,44.100937,1.3490311,35.20401,-1.2561476
Wingers,37.061512,5.5243807,35.179047,-1.2570859
Thyreoid,42.156487,2.7199578,34.752506,-1.2731185
Ireland,38.865868,1.5827212,34.41591,-1.2857704
Glomeruli,42.05622,-0.9425506,34.40567,-1.2861552
Syrian,44.797413,2.2634337,34.367256,-1.2875991
Narrators,40.632706,4.9352303,34.343525,-1.2884911
Ferries,43.526855,1.0789919,34.190807,-1.2942314
Slovak,41.005188,1.6485151,33.881657,-1.3058516
Colosseum,45.918713,-1.6799215,33.842445,-1.3073255
Landmarks,43.7555,0.2917255,33.655327,-1.3143588
Cervical,40.670227,3.0197666,33.390694,-1.3243057
Marshlands,41.838726,3.5812342,32.907585,-1.3424646
Tornado,42.614483,3.0334332,32.866814,-1.3439971
Euclidean,38.658337,3.1486003,32.48714,-1.358268
Easter,37.131283,2.8809223,32.244976,-1.3673705
Sensory,42.645813,2.3198352,32.10949,-1.3724631
Wavelet,39.78779,3.2826333,31.95377,-1.3783162
Watercolourist,31.625021,4.1249332,30.018738,-1.4510493
